rel.group,area,year,season,program,length,lendist
1,2,1990,2,RTTP,10,0
1,2,1990,2,RTTP,12,0
1,2,1990,2,RTTP,14,0
1,2,1990,2,RTTP,16,0
1,2,1990,2,RTTP,18,0
1,2,1990,2,RTTP,20,0
1,2,1990,2,RTTP,22,0
1,2,1990,2,RTTP,24,0
1,2,1990,2,RTTP,26,0
1,2,1990,2,RTTP,28,0
1,2,1990,2,RTTP,30,0
1,2,1990,2,RTTP,32,0
1,2,1990,2,RTTP,34,0
1,2,1990,2,RTTP,36,2.62266331660708
1,2,1990,2,RTTP,38,1.57359798996425
1,2,1990,2,RTTP,40,1.04906532664283
1,2,1990,2,RTTP,42,1.04906532664283
1,2,1990,2,RTTP,44,4.19626130657132
1,2,1990,2,RTTP,46,5.76985929653557
1,2,1990,2,RTTP,48,4.19626130657132
1,2,1990,2,RTTP,50,6.29439195985698
1,2,1990,2,RTTP,52,8.91705527646406
1,2,1990,2,RTTP,54,9.96612060310689
1,2,1990,2,RTTP,56,2.62266331660708
1,2,1990,2,RTTP,58,1.04906532664283
1,2,1990,2,RTTP,60,0.524532663321415
1,2,1990,2,RTTP,62,0
1,2,1990,2,RTTP,64,0
1,2,1990,2,RTTP,66,0
1,2,1990,2,RTTP,68,0
1,2,1990,2,RTTP,70,0
1,2,1990,2,RTTP,72,0
1,2,1990,2,RTTP,74,0
1,2,1990,2,RTTP,76,0
1,2,1990,2,RTTP,78,0
1,2,1990,2,RTTP,80,0
1,2,1990,2,RTTP,82,0
1,2,1990,2,RTTP,84,0
1,2,1990,2,RTTP,86,0
1,2,1990,2,RTTP,88,0
1,2,1990,2,RTTP,90,0
1,2,1990,2,RTTP,92,0
1,2,1990,2,RTTP,94,0
1,2,1990,2,RTTP,96,0
1,2,1990,2,RTTP,98,0
1,2,1990,2,RTTP,100,0
1,2,1990,2,RTTP,102,0
1,2,1990,2,RTTP,104,0
1,2,1990,2,RTTP,106,0
1,2,1990,2,RTTP,108,0
1,2,1990,2,RTTP,110,0
1,2,1990,2,RTTP,112,0
1,2,1990,2,RTTP,114,0
1,2,1990,2,RTTP,116,0
1,2,1990,2,RTTP,118,0
1,2,1990,2,RTTP,120,0
1,2,1990,2,RTTP,122,0
1,2,1990,2,RTTP,124,0
1,2,1990,2,RTTP,126,0
1,2,1990,2,RTTP,128,0
1,2,1990,2,RTTP,130,0
1,2,1990,2,RTTP,132,0
1,2,1990,2,RTTP,134,0
1,2,1990,2,RTTP,136,0
1,2,1990,2,RTTP,138,0
1,2,1990,2,RTTP,140,0
1,2,1990,2,RTTP,142,0
1,2,1990,2,RTTP,144,0
1,2,1990,2,RTTP,146,0
1,2,1990,2,RTTP,148,0
1,2,1990,2,RTTP,150,0
1,2,1990,2,RTTP,152,0
1,2,1990,2,RTTP,154,0
1,2,1990,2,RTTP,156,0
1,2,1990,2,RTTP,158,0
1,2,1990,2,RTTP,160,0
1,2,1990,2,RTTP,162,0
1,2,1990,2,RTTP,164,0
1,2,1990,2,RTTP,166,0
1,2,1990,2,RTTP,168,0
1,2,1990,2,RTTP,170,0
1,2,1990,2,RTTP,172,0
1,2,1990,2,RTTP,174,0
1,2,1990,2,RTTP,176,0
1,2,1990,2,RTTP,178,0
1,2,1990,2,RTTP,180,0
1,2,1990,2,RTTP,182,0
1,2,1990,2,RTTP,184,0
1,2,1990,2,RTTP,186,0
1,2,1990,2,RTTP,188,0
1,2,1990,2,RTTP,190,0
1,2,1990,2,RTTP,192,0
1,2,1990,2,RTTP,194,0
1,2,1990,2,RTTP,196,0
1,2,1990,2,RTTP,198,0
2,2,1990,3,RTTP,10,0
2,2,1990,3,RTTP,12,0
2,2,1990,3,RTTP,14,0
2,2,1990,3,RTTP,16,0
2,2,1990,3,RTTP,18,0
2,2,1990,3,RTTP,20,0
2,2,1990,3,RTTP,22,0
2,2,1990,3,RTTP,24,0
2,2,1990,3,RTTP,26,0
2,2,1990,3,RTTP,28,1.43229214647495
2,2,1990,3,RTTP,30,1.43229214647495
2,2,1990,3,RTTP,32,3.34201500844155
2,2,1990,3,RTTP,34,35.3298729463821
2,2,1990,3,RTTP,36,72.0920380392392
2,2,1990,3,RTTP,38,61.1111315829312
2,2,1990,3,RTTP,40,83.5503752110388
2,2,1990,3,RTTP,42,116.970525295454
2,2,1990,3,RTTP,44,143.706645362987
2,2,1990,3,RTTP,46,105.512188123655
2,2,1990,3,RTTP,48,70.6597458927642
2,2,1990,3,RTTP,50,54.4271015660481
2,2,1990,3,RTTP,52,46.7882101181817
2,2,1990,3,RTTP,54,26.7361200675324
2,2,1990,3,RTTP,56,6.20659930139145
2,2,1990,3,RTTP,58,2.8645842929499
2,2,1990,3,RTTP,60,1.9097228619666
2,2,1990,3,RTTP,62,2
2,2,1990,3,RTTP,64,0
2,2,1990,3,RTTP,66,0
2,2,1990,3,RTTP,68,0
2,2,1990,3,RTTP,70,0
2,2,1990,3,RTTP,72,0
2,2,1990,3,RTTP,74,0
2,2,1990,3,RTTP,76,0
2,2,1990,3,RTTP,78,0
2,2,1990,3,RTTP,80,0
2,2,1990,3,RTTP,82,0
2,2,1990,3,RTTP,84,0
2,2,1990,3,RTTP,86,0
2,2,1990,3,RTTP,88,0
2,2,1990,3,RTTP,90,0
2,2,1990,3,RTTP,92,0
2,2,1990,3,RTTP,94,0
2,2,1990,3,RTTP,96,0
2,2,1990,3,RTTP,98,0
2,2,1990,3,RTTP,100,0
2,2,1990,3,RTTP,102,0
2,2,1990,3,RTTP,104,0
2,2,1990,3,RTTP,106,0
2,2,1990,3,RTTP,108,0
2,2,1990,3,RTTP,110,0
2,2,1990,3,RTTP,112,0
2,2,1990,3,RTTP,114,0
2,2,1990,3,RTTP,116,0
2,2,1990,3,RTTP,118,0
2,2,1990,3,RTTP,120,0
2,2,1990,3,RTTP,122,0
2,2,1990,3,RTTP,124,0
2,2,1990,3,RTTP,126,0
2,2,1990,3,RTTP,128,0
2,2,1990,3,RTTP,130,0
2,2,1990,3,RTTP,132,0
2,2,1990,3,RTTP,134,0
2,2,1990,3,RTTP,136,0
2,2,1990,3,RTTP,138,0
2,2,1990,3,RTTP,140,0
2,2,1990,3,RTTP,142,0
2,2,1990,3,RTTP,144,0
2,2,1990,3,RTTP,146,0
2,2,1990,3,RTTP,148,0
2,2,1990,3,RTTP,150,0
2,2,1990,3,RTTP,152,0
2,2,1990,3,RTTP,154,0
2,2,1990,3,RTTP,156,0
2,2,1990,3,RTTP,158,0
2,2,1990,3,RTTP,160,0
2,2,1990,3,RTTP,162,0
2,2,1990,3,RTTP,164,0
2,2,1990,3,RTTP,166,0
2,2,1990,3,RTTP,168,0
2,2,1990,3,RTTP,170,0
2,2,1990,3,RTTP,172,0
2,2,1990,3,RTTP,174,0
2,2,1990,3,RTTP,176,0
2,2,1990,3,RTTP,178,0
2,2,1990,3,RTTP,180,0
2,2,1990,3,RTTP,182,0
2,2,1990,3,RTTP,184,0
2,2,1990,3,RTTP,186,0
2,2,1990,3,RTTP,188,0
2,2,1990,3,RTTP,190,0
2,2,1990,3,RTTP,192,0
2,2,1990,3,RTTP,194,0
2,2,1990,3,RTTP,196,0
2,2,1990,3,RTTP,198,0
3,2,1991,1,RTTP,10,0
3,2,1991,1,RTTP,12,0
3,2,1991,1,RTTP,14,0
3,2,1991,1,RTTP,16,0
3,2,1991,1,RTTP,18,0
3,2,1991,1,RTTP,20,0.600785784397261
3,2,1991,1,RTTP,22,3.0039289219863
3,2,1991,1,RTTP,24,13.818073041137
3,2,1991,1,RTTP,26,148.994874530521
3,2,1991,1,RTTP,28,284.772461804302
3,2,1991,1,RTTP,30,131.572086783
3,2,1991,1,RTTP,32,125.564228939027
3,2,1991,1,RTTP,34,170.623162768822
3,2,1991,1,RTTP,36,161.611376002863
3,2,1991,1,RTTP,38,194.654594144712
3,2,1991,1,RTTP,40,161.010590218466
3,2,1991,1,RTTP,42,61.8809357929179
3,2,1991,1,RTTP,44,21.6282882383014
3,2,1991,1,RTTP,46,6.60864362836987
3,2,1991,1,RTTP,48,9.01178676595891
3,2,1991,1,RTTP,50,13.818073041137
3,2,1991,1,RTTP,52,29.4385034354658
3,2,1991,1,RTTP,54,47.4620769673836
3,2,1991,1,RTTP,56,13.818073041137
3,2,1991,1,RTTP,58,0.600785784397261
3,2,1991,1,RTTP,60,1.80235735319178
3,2,1991,1,RTTP,62,3.0039289219863
3,2,1991,1,RTTP,64,0.600785784397261
3,2,1991,1,RTTP,66,1.80235735319178
3,2,1991,1,RTTP,68,3.60471470638356
3,2,1991,1,RTTP,70,1.80235735319178
3,2,1991,1,RTTP,72,1.20157156879452
3,2,1991,1,RTTP,74,2.40314313758904
3,2,1991,1,RTTP,76,2.40314313758904
3,2,1991,1,RTTP,78,0
3,2,1991,1,RTTP,80,0
3,2,1991,1,RTTP,82,0
3,2,1991,1,RTTP,84,0
3,2,1991,1,RTTP,86,0
3,2,1991,1,RTTP,88,0
3,2,1991,1,RTTP,90,0
3,2,1991,1,RTTP,92,0
3,2,1991,1,RTTP,94,0
3,2,1991,1,RTTP,96,0.600785784397261
3,2,1991,1,RTTP,98,0
3,2,1991,1,RTTP,100,0
3,2,1991,1,RTTP,102,0
3,2,1991,1,RTTP,104,0
3,2,1991,1,RTTP,106,0
3,2,1991,1,RTTP,108,0
3,2,1991,1,RTTP,110,0
3,2,1991,1,RTTP,112,0
3,2,1991,1,RTTP,114,0
3,2,1991,1,RTTP,116,0
3,2,1991,1,RTTP,118,0
3,2,1991,1,RTTP,120,0
3,2,1991,1,RTTP,122,0
3,2,1991,1,RTTP,124,0
3,2,1991,1,RTTP,126,0
3,2,1991,1,RTTP,128,0
3,2,1991,1,RTTP,130,0
3,2,1991,1,RTTP,132,0
3,2,1991,1,RTTP,134,0
3,2,1991,1,RTTP,136,0
3,2,1991,1,RTTP,138,0
3,2,1991,1,RTTP,140,0
3,2,1991,1,RTTP,142,0
3,2,1991,1,RTTP,144,0
3,2,1991,1,RTTP,146,0
3,2,1991,1,RTTP,148,0
3,2,1991,1,RTTP,150,0
3,2,1991,1,RTTP,152,0
3,2,1991,1,RTTP,154,0
3,2,1991,1,RTTP,156,0
3,2,1991,1,RTTP,158,0
3,2,1991,1,RTTP,160,0
3,2,1991,1,RTTP,162,0
3,2,1991,1,RTTP,164,0
3,2,1991,1,RTTP,166,0
3,2,1991,1,RTTP,168,0
3,2,1991,1,RTTP,170,0
3,2,1991,1,RTTP,172,0
3,2,1991,1,RTTP,174,0
3,2,1991,1,RTTP,176,0
3,2,1991,1,RTTP,178,0
3,2,1991,1,RTTP,180,0
3,2,1991,1,RTTP,182,0
3,2,1991,1,RTTP,184,0
3,2,1991,1,RTTP,186,0
3,2,1991,1,RTTP,188,0
3,2,1991,1,RTTP,190,0
3,2,1991,1,RTTP,192,0
3,2,1991,1,RTTP,194,0
3,2,1991,1,RTTP,196,0
3,2,1991,1,RTTP,198,0
4,2,1991,2,RTTP,10,0
4,2,1991,2,RTTP,12,0
4,2,1991,2,RTTP,14,0
4,2,1991,2,RTTP,16,0
4,2,1991,2,RTTP,18,0
4,2,1991,2,RTTP,20,0
4,2,1991,2,RTTP,22,0
4,2,1991,2,RTTP,24,12.9130823290371
4,2,1991,2,RTTP,26,44.2734251281272
4,2,1991,2,RTTP,28,22.1367125640636
4,2,1991,2,RTTP,30,29.5156167520848
4,2,1991,2,RTTP,32,112.528288867323
4,2,1991,2,RTTP,34,99.6152065382861
4,2,1991,2,RTTP,36,186.317330747535
4,2,1991,2,RTTP,38,188.776965476876
4,2,1991,2,RTTP,40,97.7704804912808
4,2,1991,2,RTTP,42,44.2734251281272
4,2,1991,2,RTTP,44,30.745434116755
4,2,1991,2,RTTP,46,17.8323517877179
4,2,1991,2,RTTP,48,9.83853891736159
4,2,1991,2,RTTP,50,19.6770778347232
4,2,1991,2,RTTP,52,22.7516212463987
4,2,1991,2,RTTP,54,14.7578083760424
4,2,1991,2,RTTP,56,7.3789041880212
4,2,1991,2,RTTP,58,8.6087215526914
4,2,1991,2,RTTP,60,3.0745434116755
4,2,1991,2,RTTP,62,6.149086823351
4,2,1991,2,RTTP,64,3.0745434116755
4,2,1991,2,RTTP,66,1.8447260470053
4,2,1991,2,RTTP,68,4.9192694586808
4,2,1991,2,RTTP,70,3.6894520940106
4,2,1991,2,RTTP,72,1.8447260470053
4,2,1991,2,RTTP,74,1.2298173646702
4,2,1991,2,RTTP,76,1.2298173646702
4,2,1991,2,RTTP,78,0.6149086823351
4,2,1991,2,RTTP,80,1.8447260470053
4,2,1991,2,RTTP,82,0.6149086823351
4,2,1991,2,RTTP,84,1.2298173646702
4,2,1991,2,RTTP,86,1.2298173646702
4,2,1991,2,RTTP,88,0
4,2,1991,2,RTTP,90,0
4,2,1991,2,RTTP,92,0.6149086823351
4,2,1991,2,RTTP,94,0
4,2,1991,2,RTTP,96,0.6149086823351
4,2,1991,2,RTTP,98,0
4,2,1991,2,RTTP,100,0
4,2,1991,2,RTTP,102,0
4,2,1991,2,RTTP,104,0
4,2,1991,2,RTTP,106,0
4,2,1991,2,RTTP,108,0
4,2,1991,2,RTTP,110,0
4,2,1991,2,RTTP,112,0
4,2,1991,2,RTTP,114,0
4,2,1991,2,RTTP,116,0
4,2,1991,2,RTTP,118,0
4,2,1991,2,RTTP,120,0
4,2,1991,2,RTTP,122,0
4,2,1991,2,RTTP,124,0
4,2,1991,2,RTTP,126,0
4,2,1991,2,RTTP,128,0
4,2,1991,2,RTTP,130,0
4,2,1991,2,RTTP,132,0
4,2,1991,2,RTTP,134,0
4,2,1991,2,RTTP,136,0
4,2,1991,2,RTTP,138,0
4,2,1991,2,RTTP,140,0
4,2,1991,2,RTTP,142,0
4,2,1991,2,RTTP,144,0
4,2,1991,2,RTTP,146,0
4,2,1991,2,RTTP,148,0
4,2,1991,2,RTTP,150,0
4,2,1991,2,RTTP,152,0
4,2,1991,2,RTTP,154,0
4,2,1991,2,RTTP,156,0
4,2,1991,2,RTTP,158,0
4,2,1991,2,RTTP,160,0
4,2,1991,2,RTTP,162,0
4,2,1991,2,RTTP,164,0
4,2,1991,2,RTTP,166,0
4,2,1991,2,RTTP,168,0
4,2,1991,2,RTTP,170,0
4,2,1991,2,RTTP,172,0
4,2,1991,2,RTTP,174,0
4,2,1991,2,RTTP,176,0
4,2,1991,2,RTTP,178,0
4,2,1991,2,RTTP,180,0
4,2,1991,2,RTTP,182,0
4,2,1991,2,RTTP,184,0
4,2,1991,2,RTTP,186,0
4,2,1991,2,RTTP,188,0
4,2,1991,2,RTTP,190,0
4,2,1991,2,RTTP,192,0
4,2,1991,2,RTTP,194,0
4,2,1991,2,RTTP,196,0
4,2,1991,2,RTTP,198,0
5,2,1992,2,RTTP,10,0
5,2,1992,2,RTTP,12,0
5,2,1992,2,RTTP,14,0
5,2,1992,2,RTTP,16,0
5,2,1992,2,RTTP,18,0.599234673979647
5,2,1992,2,RTTP,20,4.19464271785753
5,2,1992,2,RTTP,22,6.59158141377612
5,2,1992,2,RTTP,24,3.59540804387788
5,2,1992,2,RTTP,26,0.599234673979647
5,2,1992,2,RTTP,28,2.99617336989823
5,2,1992,2,RTTP,30,9.58775478367435
5,2,1992,2,RTTP,32,0
5,2,1992,2,RTTP,34,0
5,2,1992,2,RTTP,36,0
5,2,1992,2,RTTP,38,0
5,2,1992,2,RTTP,40,0
5,2,1992,2,RTTP,42,0
5,2,1992,2,RTTP,44,0
5,2,1992,2,RTTP,46,0
5,2,1992,2,RTTP,48,0
5,2,1992,2,RTTP,50,0
5,2,1992,2,RTTP,52,0
5,2,1992,2,RTTP,54,0
5,2,1992,2,RTTP,56,0
5,2,1992,2,RTTP,58,0
5,2,1992,2,RTTP,60,0
5,2,1992,2,RTTP,62,0
5,2,1992,2,RTTP,64,0
5,2,1992,2,RTTP,66,0
5,2,1992,2,RTTP,68,0
5,2,1992,2,RTTP,70,0
5,2,1992,2,RTTP,72,0
5,2,1992,2,RTTP,74,0
5,2,1992,2,RTTP,76,0
5,2,1992,2,RTTP,78,0
5,2,1992,2,RTTP,80,0
5,2,1992,2,RTTP,82,0
5,2,1992,2,RTTP,84,0
5,2,1992,2,RTTP,86,0
5,2,1992,2,RTTP,88,0
5,2,1992,2,RTTP,90,0
5,2,1992,2,RTTP,92,0
5,2,1992,2,RTTP,94,0
5,2,1992,2,RTTP,96,0
5,2,1992,2,RTTP,98,0
5,2,1992,2,RTTP,100,0
5,2,1992,2,RTTP,102,0
5,2,1992,2,RTTP,104,0
5,2,1992,2,RTTP,106,0
5,2,1992,2,RTTP,108,0
5,2,1992,2,RTTP,110,0
5,2,1992,2,RTTP,112,0
5,2,1992,2,RTTP,114,0
5,2,1992,2,RTTP,116,0
5,2,1992,2,RTTP,118,0
5,2,1992,2,RTTP,120,0
5,2,1992,2,RTTP,122,0
5,2,1992,2,RTTP,124,0
5,2,1992,2,RTTP,126,0
5,2,1992,2,RTTP,128,0
5,2,1992,2,RTTP,130,0
5,2,1992,2,RTTP,132,0
5,2,1992,2,RTTP,134,0
5,2,1992,2,RTTP,136,0
5,2,1992,2,RTTP,138,0
5,2,1992,2,RTTP,140,0
5,2,1992,2,RTTP,142,0
5,2,1992,2,RTTP,144,0
5,2,1992,2,RTTP,146,0
5,2,1992,2,RTTP,148,0
5,2,1992,2,RTTP,150,0
5,2,1992,2,RTTP,152,0
5,2,1992,2,RTTP,154,0
5,2,1992,2,RTTP,156,0
5,2,1992,2,RTTP,158,0
5,2,1992,2,RTTP,160,0
5,2,1992,2,RTTP,162,0
5,2,1992,2,RTTP,164,0
5,2,1992,2,RTTP,166,0
5,2,1992,2,RTTP,168,0
5,2,1992,2,RTTP,170,0
5,2,1992,2,RTTP,172,0
5,2,1992,2,RTTP,174,0
5,2,1992,2,RTTP,176,0
5,2,1992,2,RTTP,178,0
5,2,1992,2,RTTP,180,0
5,2,1992,2,RTTP,182,0
5,2,1992,2,RTTP,184,0
5,2,1992,2,RTTP,186,0
5,2,1992,2,RTTP,188,0
5,2,1992,2,RTTP,190,0
5,2,1992,2,RTTP,192,0
5,2,1992,2,RTTP,194,0
5,2,1992,2,RTTP,196,0
5,2,1992,2,RTTP,198,0
6,2,1992,3,RTTP,10,0
6,2,1992,3,RTTP,12,0
6,2,1992,3,RTTP,14,0.689642148689112
6,2,1992,3,RTTP,16,2.06892644606734
6,2,1992,3,RTTP,18,4.82749504082378
6,2,1992,3,RTTP,20,4.82749504082378
6,2,1992,3,RTTP,22,35.1717495831447
6,2,1992,3,RTTP,24,118.618449574527
6,2,1992,3,RTTP,26,153.790199157672
6,2,1992,3,RTTP,28,85.5156264374499
6,2,1992,3,RTTP,30,204.134076011977
6,2,1992,3,RTTP,32,334.476442114219
6,2,1992,3,RTTP,34,440.681333012343
6,2,1992,3,RTTP,36,295.856481787629
6,2,1992,3,RTTP,38,107.584175195501
6,2,1992,3,RTTP,40,93.7913322217192
6,2,1992,3,RTTP,42,75.1709942071132
6,2,1992,3,RTTP,44,46.2060239621705
6,2,1992,3,RTTP,46,16.5514115685387
6,2,1992,3,RTTP,48,13.1032008250931
6,2,1992,3,RTTP,50,5.5171371895129
6,2,1992,3,RTTP,52,1.37928429737822
6,2,1992,3,RTTP,54,0.689642148689112
6,2,1992,3,RTTP,56,1.37928429737822
6,2,1992,3,RTTP,58,0
6,2,1992,3,RTTP,60,0
6,2,1992,3,RTTP,62,0
6,2,1992,3,RTTP,64,0
6,2,1992,3,RTTP,66,0
6,2,1992,3,RTTP,68,0
6,2,1992,3,RTTP,70,0
6,2,1992,3,RTTP,72,0
6,2,1992,3,RTTP,74,0
6,2,1992,3,RTTP,76,0
6,2,1992,3,RTTP,78,0
6,2,1992,3,RTTP,80,0
6,2,1992,3,RTTP,82,0
6,2,1992,3,RTTP,84,0
6,2,1992,3,RTTP,86,0
6,2,1992,3,RTTP,88,0
6,2,1992,3,RTTP,90,0
6,2,1992,3,RTTP,92,0
6,2,1992,3,RTTP,94,0
6,2,1992,3,RTTP,96,0
6,2,1992,3,RTTP,98,0
6,2,1992,3,RTTP,100,0
6,2,1992,3,RTTP,102,0
6,2,1992,3,RTTP,104,0
6,2,1992,3,RTTP,106,0
6,2,1992,3,RTTP,108,0
6,2,1992,3,RTTP,110,0
6,2,1992,3,RTTP,112,0
6,2,1992,3,RTTP,114,0
6,2,1992,3,RTTP,116,0
6,2,1992,3,RTTP,118,0
6,2,1992,3,RTTP,120,0
6,2,1992,3,RTTP,122,0
6,2,1992,3,RTTP,124,0
6,2,1992,3,RTTP,126,0
6,2,1992,3,RTTP,128,0
6,2,1992,3,RTTP,130,0
6,2,1992,3,RTTP,132,0
6,2,1992,3,RTTP,134,0
6,2,1992,3,RTTP,136,0
6,2,1992,3,RTTP,138,0
6,2,1992,3,RTTP,140,0
6,2,1992,3,RTTP,142,0
6,2,1992,3,RTTP,144,0
6,2,1992,3,RTTP,146,0
6,2,1992,3,RTTP,148,0
6,2,1992,3,RTTP,150,0
6,2,1992,3,RTTP,152,0
6,2,1992,3,RTTP,154,0
6,2,1992,3,RTTP,156,0
6,2,1992,3,RTTP,158,0
6,2,1992,3,RTTP,160,0
6,2,1992,3,RTTP,162,0
6,2,1992,3,RTTP,164,0
6,2,1992,3,RTTP,166,0
6,2,1992,3,RTTP,168,0
6,2,1992,3,RTTP,170,0
6,2,1992,3,RTTP,172,0
6,2,1992,3,RTTP,174,0
6,2,1992,3,RTTP,176,0
6,2,1992,3,RTTP,178,0
6,2,1992,3,RTTP,180,0
6,2,1992,3,RTTP,182,0
6,2,1992,3,RTTP,184,0
6,2,1992,3,RTTP,186,0
6,2,1992,3,RTTP,188,0
6,2,1992,3,RTTP,190,0
6,2,1992,3,RTTP,192,0
6,2,1992,3,RTTP,194,0
6,2,1992,3,RTTP,196,0
6,2,1992,3,RTTP,198,0
7,2,1992,4,RTTP,10,0
7,2,1992,4,RTTP,12,0
7,2,1992,4,RTTP,14,0
7,2,1992,4,RTTP,16,0
7,2,1992,4,RTTP,18,0
7,2,1992,4,RTTP,20,10.7363558089518
7,2,1992,4,RTTP,22,63.7471126156513
7,2,1992,4,RTTP,24,229.489605416345
7,2,1992,4,RTTP,26,403.955387311811
7,2,1992,4,RTTP,28,379.12756450361
7,2,1992,4,RTTP,30,283.171384461104
7,2,1992,4,RTTP,32,245.594139129772
7,2,1992,4,RTTP,34,179.833959799943
7,2,1992,4,RTTP,36,113.402758232053
7,2,1992,4,RTTP,38,120.112980612648
7,2,1992,4,RTTP,40,153.664092515623
7,2,1992,4,RTTP,42,75.1544906626625
7,2,1992,4,RTTP,44,32.8800896649149
7,2,1992,4,RTTP,46,28.1829339984985
7,2,1992,4,RTTP,48,14.7624892373087
7,2,1992,4,RTTP,50,17.4465781895467
7,2,1992,4,RTTP,52,10.0653335708923
7,2,1992,4,RTTP,54,2.01306671417846
7,2,1992,4,RTTP,56,1.34204447611897
7,2,1992,4,RTTP,58,0.671022238059487
7,2,1992,4,RTTP,60,0
7,2,1992,4,RTTP,62,0
7,2,1992,4,RTTP,64,0
7,2,1992,4,RTTP,66,0
7,2,1992,4,RTTP,68,0
7,2,1992,4,RTTP,70,0
7,2,1992,4,RTTP,72,0
7,2,1992,4,RTTP,74,0
7,2,1992,4,RTTP,76,0
7,2,1992,4,RTTP,78,0
7,2,1992,4,RTTP,80,0
7,2,1992,4,RTTP,82,0
7,2,1992,4,RTTP,84,0
7,2,1992,4,RTTP,86,0
7,2,1992,4,RTTP,88,0
7,2,1992,4,RTTP,90,0
7,2,1992,4,RTTP,92,0
7,2,1992,4,RTTP,94,0
7,2,1992,4,RTTP,96,0
7,2,1992,4,RTTP,98,0
7,2,1992,4,RTTP,100,0
7,2,1992,4,RTTP,102,0
7,2,1992,4,RTTP,104,0
7,2,1992,4,RTTP,106,0
7,2,1992,4,RTTP,108,0
7,2,1992,4,RTTP,110,0
7,2,1992,4,RTTP,112,0
7,2,1992,4,RTTP,114,0
7,2,1992,4,RTTP,116,0
7,2,1992,4,RTTP,118,0
7,2,1992,4,RTTP,120,0
7,2,1992,4,RTTP,122,0
7,2,1992,4,RTTP,124,0
7,2,1992,4,RTTP,126,0
7,2,1992,4,RTTP,128,0
7,2,1992,4,RTTP,130,0
7,2,1992,4,RTTP,132,0
7,2,1992,4,RTTP,134,0
7,2,1992,4,RTTP,136,0
7,2,1992,4,RTTP,138,0
7,2,1992,4,RTTP,140,0
7,2,1992,4,RTTP,142,0
7,2,1992,4,RTTP,144,0
7,2,1992,4,RTTP,146,0
7,2,1992,4,RTTP,148,0
7,2,1992,4,RTTP,150,0
7,2,1992,4,RTTP,152,0
7,2,1992,4,RTTP,154,0
7,2,1992,4,RTTP,156,0
7,2,1992,4,RTTP,158,0
7,2,1992,4,RTTP,160,0
7,2,1992,4,RTTP,162,0
7,2,1992,4,RTTP,164,0
7,2,1992,4,RTTP,166,0
7,2,1992,4,RTTP,168,0
7,2,1992,4,RTTP,170,0
7,2,1992,4,RTTP,172,0
7,2,1992,4,RTTP,174,0
7,2,1992,4,RTTP,176,0
7,2,1992,4,RTTP,178,0
7,2,1992,4,RTTP,180,0
7,2,1992,4,RTTP,182,0
7,2,1992,4,RTTP,184,0
7,2,1992,4,RTTP,186,0
7,2,1992,4,RTTP,188,0
7,2,1992,4,RTTP,190,0
7,2,1992,4,RTTP,192,0
7,2,1992,4,RTTP,194,0
7,2,1992,4,RTTP,196,0
7,2,1992,4,RTTP,198,0
8,3,1989,3,RTTP,10,0
8,3,1989,3,RTTP,12,0
8,3,1989,3,RTTP,14,0
8,3,1989,3,RTTP,16,0
8,3,1989,3,RTTP,18,0
8,3,1989,3,RTTP,20,0
8,3,1989,3,RTTP,22,0
8,3,1989,3,RTTP,24,0
8,3,1989,3,RTTP,26,0
8,3,1989,3,RTTP,28,0
8,3,1989,3,RTTP,30,0
8,3,1989,3,RTTP,32,0
8,3,1989,3,RTTP,34,0
8,3,1989,3,RTTP,36,0.627238578582911
8,3,1989,3,RTTP,38,0
8,3,1989,3,RTTP,40,0
8,3,1989,3,RTTP,42,1.25447715716582
8,3,1989,3,RTTP,44,2.50895431433164
8,3,1989,3,RTTP,46,5.6451472072462
8,3,1989,3,RTTP,48,16.3082030431557
8,3,1989,3,RTTP,50,15.6809644645728
8,3,1989,3,RTTP,52,16.9354416217386
8,3,1989,3,RTTP,54,11.2902944144924
8,3,1989,3,RTTP,56,14.426487307407
8,3,1989,3,RTTP,58,8.78134010016075
8,3,1989,3,RTTP,60,5.01790862866329
8,3,1989,3,RTTP,62,3.13619289291456
8,3,1989,3,RTTP,64,4.39067005008038
8,3,1989,3,RTTP,66,1.88171573574873
8,3,1989,3,RTTP,68,1.25447715716582
8,3,1989,3,RTTP,70,1.25447715716582
8,3,1989,3,RTTP,72,0
8,3,1989,3,RTTP,74,0
8,3,1989,3,RTTP,76,0
8,3,1989,3,RTTP,78,0
8,3,1989,3,RTTP,80,0
8,3,1989,3,RTTP,82,0
8,3,1989,3,RTTP,84,0
8,3,1989,3,RTTP,86,0
8,3,1989,3,RTTP,88,0
8,3,1989,3,RTTP,90,0
8,3,1989,3,RTTP,92,0
8,3,1989,3,RTTP,94,0
8,3,1989,3,RTTP,96,0
8,3,1989,3,RTTP,98,0
8,3,1989,3,RTTP,100,0
8,3,1989,3,RTTP,102,0
8,3,1989,3,RTTP,104,0
8,3,1989,3,RTTP,106,0
8,3,1989,3,RTTP,108,0
8,3,1989,3,RTTP,110,0
8,3,1989,3,RTTP,112,0
8,3,1989,3,RTTP,114,0
8,3,1989,3,RTTP,116,0
8,3,1989,3,RTTP,118,0
8,3,1989,3,RTTP,120,0
8,3,1989,3,RTTP,122,0
8,3,1989,3,RTTP,124,0
8,3,1989,3,RTTP,126,0
8,3,1989,3,RTTP,128,0
8,3,1989,3,RTTP,130,0
8,3,1989,3,RTTP,132,0
8,3,1989,3,RTTP,134,0
8,3,1989,3,RTTP,136,0
8,3,1989,3,RTTP,138,0
8,3,1989,3,RTTP,140,0
8,3,1989,3,RTTP,142,0
8,3,1989,3,RTTP,144,0
8,3,1989,3,RTTP,146,0
8,3,1989,3,RTTP,148,0
8,3,1989,3,RTTP,150,0
8,3,1989,3,RTTP,152,0
8,3,1989,3,RTTP,154,0
8,3,1989,3,RTTP,156,0
8,3,1989,3,RTTP,158,0
8,3,1989,3,RTTP,160,0
8,3,1989,3,RTTP,162,0
8,3,1989,3,RTTP,164,0
8,3,1989,3,RTTP,166,0
8,3,1989,3,RTTP,168,0
8,3,1989,3,RTTP,170,0
8,3,1989,3,RTTP,172,0
8,3,1989,3,RTTP,174,0
8,3,1989,3,RTTP,176,0
8,3,1989,3,RTTP,178,0
8,3,1989,3,RTTP,180,0
8,3,1989,3,RTTP,182,0
8,3,1989,3,RTTP,184,0
8,3,1989,3,RTTP,186,0
8,3,1989,3,RTTP,188,0
8,3,1989,3,RTTP,190,0
8,3,1989,3,RTTP,192,0
8,3,1989,3,RTTP,194,0
8,3,1989,3,RTTP,196,0
8,3,1989,3,RTTP,198,0
9,3,1989,4,RTTP,10,0
9,3,1989,4,RTTP,12,0
9,3,1989,4,RTTP,14,0
9,3,1989,4,RTTP,16,0
9,3,1989,4,RTTP,18,0
9,3,1989,4,RTTP,20,0
9,3,1989,4,RTTP,22,0
9,3,1989,4,RTTP,24,0
9,3,1989,4,RTTP,26,2.63482884659476
9,3,1989,4,RTTP,28,60.6010634716795
9,3,1989,4,RTTP,30,54.6726985668413
9,3,1989,4,RTTP,32,11.8567298096764
9,3,1989,4,RTTP,34,11.8567298096764
9,3,1989,4,RTTP,36,46.768212027057
9,3,1989,4,RTTP,38,52.6965769318953
9,3,1989,4,RTTP,40,11.1980225980277
9,3,1989,4,RTTP,42,3.29353605824345
9,3,1989,4,RTTP,44,1.31741442329738
9,3,1989,4,RTTP,46,1.31741442329738
9,3,1989,4,RTTP,48,2.63482884659476
9,3,1989,4,RTTP,50,1.97612163494607
9,3,1989,4,RTTP,52,0.658707211648691
9,3,1989,4,RTTP,54,0
9,3,1989,4,RTTP,56,0
9,3,1989,4,RTTP,58,0
9,3,1989,4,RTTP,60,0
9,3,1989,4,RTTP,62,0.658707211648691
9,3,1989,4,RTTP,64,0
9,3,1989,4,RTTP,66,0
9,3,1989,4,RTTP,68,0
9,3,1989,4,RTTP,70,0
9,3,1989,4,RTTP,72,0
9,3,1989,4,RTTP,74,0
9,3,1989,4,RTTP,76,0
9,3,1989,4,RTTP,78,0
9,3,1989,4,RTTP,80,0
9,3,1989,4,RTTP,82,0
9,3,1989,4,RTTP,84,0
9,3,1989,4,RTTP,86,0
9,3,1989,4,RTTP,88,0
9,3,1989,4,RTTP,90,0
9,3,1989,4,RTTP,92,0
9,3,1989,4,RTTP,94,0
9,3,1989,4,RTTP,96,0
9,3,1989,4,RTTP,98,0
9,3,1989,4,RTTP,100,0
9,3,1989,4,RTTP,102,0
9,3,1989,4,RTTP,104,0
9,3,1989,4,RTTP,106,0
9,3,1989,4,RTTP,108,0
9,3,1989,4,RTTP,110,0
9,3,1989,4,RTTP,112,0
9,3,1989,4,RTTP,114,0
9,3,1989,4,RTTP,116,0
9,3,1989,4,RTTP,118,0
9,3,1989,4,RTTP,120,0
9,3,1989,4,RTTP,122,0
9,3,1989,4,RTTP,124,0
9,3,1989,4,RTTP,126,0
9,3,1989,4,RTTP,128,0
9,3,1989,4,RTTP,130,0
9,3,1989,4,RTTP,132,0
9,3,1989,4,RTTP,134,0
9,3,1989,4,RTTP,136,0
9,3,1989,4,RTTP,138,0
9,3,1989,4,RTTP,140,0
9,3,1989,4,RTTP,142,0
9,3,1989,4,RTTP,144,0
9,3,1989,4,RTTP,146,0
9,3,1989,4,RTTP,148,0
9,3,1989,4,RTTP,150,0
9,3,1989,4,RTTP,152,0
9,3,1989,4,RTTP,154,0
9,3,1989,4,RTTP,156,0
9,3,1989,4,RTTP,158,0
9,3,1989,4,RTTP,160,0
9,3,1989,4,RTTP,162,0
9,3,1989,4,RTTP,164,0
9,3,1989,4,RTTP,166,0
9,3,1989,4,RTTP,168,0
9,3,1989,4,RTTP,170,0
9,3,1989,4,RTTP,172,0
9,3,1989,4,RTTP,174,0
9,3,1989,4,RTTP,176,0
9,3,1989,4,RTTP,178,0
9,3,1989,4,RTTP,180,0
9,3,1989,4,RTTP,182,0
9,3,1989,4,RTTP,184,0
9,3,1989,4,RTTP,186,0
9,3,1989,4,RTTP,188,0
9,3,1989,4,RTTP,190,0
9,3,1989,4,RTTP,192,0
9,3,1989,4,RTTP,194,0
9,3,1989,4,RTTP,196,0
9,3,1989,4,RTTP,198,0
10,3,1990,1,RTTP,10,0
10,3,1990,1,RTTP,12,0
10,3,1990,1,RTTP,14,0
10,3,1990,1,RTTP,16,0
10,3,1990,1,RTTP,18,0
10,3,1990,1,RTTP,20,0
10,3,1990,1,RTTP,22,0
10,3,1990,1,RTTP,24,0
10,3,1990,1,RTTP,26,1
10,3,1990,1,RTTP,28,6.97737747537474
10,3,1990,1,RTTP,30,13.9547549507495
10,3,1990,1,RTTP,32,86.2204502314165
10,3,1990,1,RTTP,34,259.658118905017
10,3,1990,1,RTTP,36,196.363337521261
10,3,1990,1,RTTP,38,126.589562767513
10,3,1990,1,RTTP,40,180.415046148975
10,3,1990,1,RTTP,42,188.389191835118
10,3,1990,1,RTTP,44,220.784158685072
10,3,1990,1,RTTP,46,386.746065777914
10,3,1990,1,RTTP,48,790.437191138882
10,3,1990,1,RTTP,50,686.773297219028
10,3,1990,1,RTTP,52,209.819708366626
10,3,1990,1,RTTP,54,73.2624634914348
10,3,1990,1,RTTP,56,22.427284742276
10,3,1990,1,RTTP,58,16.446675477669
10,3,1990,1,RTTP,60,8.47252979152647
10,3,1990,1,RTTP,62,3.48868873768737
10,3,1990,1,RTTP,64,3.98707284307128
10,3,1990,1,RTTP,66,2.49192052691955
10,3,1990,1,RTTP,68,5.48222515922301
10,3,1990,1,RTTP,70,4.48545694845519
10,3,1990,1,RTTP,72,4.48545694845519
10,3,1990,1,RTTP,74,7.47576158075865
10,3,1990,1,RTTP,76,5.98060926460692
10,3,1990,1,RTTP,78,1.99353642153564
10,3,1990,1,RTTP,80,1.49515231615173
10,3,1990,1,RTTP,82,0.49838410538391
10,3,1990,1,RTTP,84,0
10,3,1990,1,RTTP,86,0
10,3,1990,1,RTTP,88,0.49838410538391
10,3,1990,1,RTTP,90,0
10,3,1990,1,RTTP,92,0
10,3,1990,1,RTTP,94,0
10,3,1990,1,RTTP,96,0
10,3,1990,1,RTTP,98,0
10,3,1990,1,RTTP,100,0
10,3,1990,1,RTTP,102,0
10,3,1990,1,RTTP,104,0
10,3,1990,1,RTTP,106,0
10,3,1990,1,RTTP,108,0
10,3,1990,1,RTTP,110,0
10,3,1990,1,RTTP,112,0
10,3,1990,1,RTTP,114,0
10,3,1990,1,RTTP,116,0
10,3,1990,1,RTTP,118,0
10,3,1990,1,RTTP,120,0
10,3,1990,1,RTTP,122,0
10,3,1990,1,RTTP,124,0
10,3,1990,1,RTTP,126,0
10,3,1990,1,RTTP,128,0
10,3,1990,1,RTTP,130,0
10,3,1990,1,RTTP,132,0
10,3,1990,1,RTTP,134,0
10,3,1990,1,RTTP,136,0
10,3,1990,1,RTTP,138,0
10,3,1990,1,RTTP,140,0
10,3,1990,1,RTTP,142,0
10,3,1990,1,RTTP,144,0
10,3,1990,1,RTTP,146,0
10,3,1990,1,RTTP,148,0
10,3,1990,1,RTTP,150,0
10,3,1990,1,RTTP,152,0
10,3,1990,1,RTTP,154,0
10,3,1990,1,RTTP,156,0
10,3,1990,1,RTTP,158,0
10,3,1990,1,RTTP,160,0
10,3,1990,1,RTTP,162,0
10,3,1990,1,RTTP,164,0
10,3,1990,1,RTTP,166,0
10,3,1990,1,RTTP,168,0
10,3,1990,1,RTTP,170,0
10,3,1990,1,RTTP,172,0
10,3,1990,1,RTTP,174,0
10,3,1990,1,RTTP,176,0
10,3,1990,1,RTTP,178,0
10,3,1990,1,RTTP,180,0
10,3,1990,1,RTTP,182,0
10,3,1990,1,RTTP,184,0
10,3,1990,1,RTTP,186,0
10,3,1990,1,RTTP,188,0
10,3,1990,1,RTTP,190,0
10,3,1990,1,RTTP,192,0
10,3,1990,1,RTTP,194,0
10,3,1990,1,RTTP,196,0
10,3,1990,1,RTTP,198,0
11,3,1990,2,RTTP,10,0
11,3,1990,2,RTTP,12,0
11,3,1990,2,RTTP,14,0
11,3,1990,2,RTTP,16,0
11,3,1990,2,RTTP,18,0
11,3,1990,2,RTTP,20,0
11,3,1990,2,RTTP,22,0
11,3,1990,2,RTTP,24,0
11,3,1990,2,RTTP,26,0
11,3,1990,2,RTTP,28,0
11,3,1990,2,RTTP,30,3.33390230184754
11,3,1990,2,RTTP,32,21.9085008407124
11,3,1990,2,RTTP,34,64.7729590073236
11,3,1990,2,RTTP,36,118.115395836884
11,3,1990,2,RTTP,38,150.501875340546
11,3,1990,2,RTTP,40,171.457832666445
11,3,1990,2,RTTP,42,146.691701281292
11,3,1990,2,RTTP,44,191.46124647753
11,3,1990,2,RTTP,46,180.030724299767
11,3,1990,2,RTTP,48,212.893475560836
11,3,1990,2,RTTP,50,300.051207166279
11,3,1990,2,RTTP,52,293.85967431999
11,3,1990,2,RTTP,54,355.775002782873
11,3,1990,2,RTTP,56,164.79002806275
11,3,1990,2,RTTP,58,60.0102414332557
11,3,1990,2,RTTP,60,14.2881527222037
11,3,1990,2,RTTP,62,0.952543514813583
11,3,1990,2,RTTP,64,0.952543514813583
11,3,1990,2,RTTP,66,0
11,3,1990,2,RTTP,68,0
11,3,1990,2,RTTP,70,0
11,3,1990,2,RTTP,72,0
11,3,1990,2,RTTP,74,0.476271757406791
11,3,1990,2,RTTP,76,0
11,3,1990,2,RTTP,78,0
11,3,1990,2,RTTP,80,0
11,3,1990,2,RTTP,82,0
11,3,1990,2,RTTP,84,0
11,3,1990,2,RTTP,86,0.476271757406791
11,3,1990,2,RTTP,88,0.476271757406791
11,3,1990,2,RTTP,90,0
11,3,1990,2,RTTP,92,0
11,3,1990,2,RTTP,94,0.952543514813583
11,3,1990,2,RTTP,96,0
11,3,1990,2,RTTP,98,0
11,3,1990,2,RTTP,100,0.476271757406791
11,3,1990,2,RTTP,102,0
11,3,1990,2,RTTP,104,0
11,3,1990,2,RTTP,106,0
11,3,1990,2,RTTP,108,0
11,3,1990,2,RTTP,110,0.476271757406791
11,3,1990,2,RTTP,112,0
11,3,1990,2,RTTP,114,0
11,3,1990,2,RTTP,116,0
11,3,1990,2,RTTP,118,0
11,3,1990,2,RTTP,120,0
11,3,1990,2,RTTP,122,0
11,3,1990,2,RTTP,124,0
11,3,1990,2,RTTP,126,0
11,3,1990,2,RTTP,128,0
11,3,1990,2,RTTP,130,0
11,3,1990,2,RTTP,132,0
11,3,1990,2,RTTP,134,0
11,3,1990,2,RTTP,136,0
11,3,1990,2,RTTP,138,0
11,3,1990,2,RTTP,140,0
11,3,1990,2,RTTP,142,0
11,3,1990,2,RTTP,144,0
11,3,1990,2,RTTP,146,0
11,3,1990,2,RTTP,148,0
11,3,1990,2,RTTP,150,0
11,3,1990,2,RTTP,152,0
11,3,1990,2,RTTP,154,0
11,3,1990,2,RTTP,156,0
11,3,1990,2,RTTP,158,0
11,3,1990,2,RTTP,160,0
11,3,1990,2,RTTP,162,0
11,3,1990,2,RTTP,164,0
11,3,1990,2,RTTP,166,0
11,3,1990,2,RTTP,168,0
11,3,1990,2,RTTP,170,0
11,3,1990,2,RTTP,172,0
11,3,1990,2,RTTP,174,0
11,3,1990,2,RTTP,176,0
11,3,1990,2,RTTP,178,0
11,3,1990,2,RTTP,180,0
11,3,1990,2,RTTP,182,0
11,3,1990,2,RTTP,184,0
11,3,1990,2,RTTP,186,0
11,3,1990,2,RTTP,188,0
11,3,1990,2,RTTP,190,0
11,3,1990,2,RTTP,192,0
11,3,1990,2,RTTP,194,0
11,3,1990,2,RTTP,196,0
11,3,1990,2,RTTP,198,0
12,3,1991,1,RTTP,10,0
12,3,1991,1,RTTP,12,0
12,3,1991,1,RTTP,14,0
12,3,1991,1,RTTP,16,0
12,3,1991,1,RTTP,18,0
12,3,1991,1,RTTP,20,0
12,3,1991,1,RTTP,22,0
12,3,1991,1,RTTP,24,0
12,3,1991,1,RTTP,26,1.20287229733153
12,3,1991,1,RTTP,28,3.00718074332883
12,3,1991,1,RTTP,30,9.62297837865225
12,3,1991,1,RTTP,32,18.6445206086387
12,3,1991,1,RTTP,34,7.21723378398918
12,3,1991,1,RTTP,36,11.4272868246495
12,3,1991,1,RTTP,38,30.673243581954
12,3,1991,1,RTTP,40,82.9981885158756
12,3,1991,1,RTTP,42,40.8976581092721
12,3,1991,1,RTTP,44,25.2603182439621
12,3,1991,1,RTTP,46,67.3608486505657
12,3,1991,1,RTTP,48,66.7594125019
12,3,1991,1,RTTP,50,62.5493594612396
12,3,1991,1,RTTP,52,27.6660628386252
12,3,1991,1,RTTP,54,37.2890412172775
12,3,1991,1,RTTP,56,36.0861689199459
12,3,1991,1,RTTP,58,22.8545736492991
12,3,1991,1,RTTP,60,22.8545736492991
12,3,1991,1,RTTP,62,6.61579763532342
12,3,1991,1,RTTP,64,3.60861689199459
12,3,1991,1,RTTP,66,1.20287229733153
12,3,1991,1,RTTP,68,0.601436148665765
12,3,1991,1,RTTP,70,0.601436148665765
12,3,1991,1,RTTP,72,1.20287229733153
12,3,1991,1,RTTP,74,0
12,3,1991,1,RTTP,76,0
12,3,1991,1,RTTP,78,0
12,3,1991,1,RTTP,80,0
12,3,1991,1,RTTP,82,0
12,3,1991,1,RTTP,84,0
12,3,1991,1,RTTP,86,0
12,3,1991,1,RTTP,88,0
12,3,1991,1,RTTP,90,0
12,3,1991,1,RTTP,92,0
12,3,1991,1,RTTP,94,0
12,3,1991,1,RTTP,96,0
12,3,1991,1,RTTP,98,0
12,3,1991,1,RTTP,100,0
12,3,1991,1,RTTP,102,0
12,3,1991,1,RTTP,104,0
12,3,1991,1,RTTP,106,0
12,3,1991,1,RTTP,108,0
12,3,1991,1,RTTP,110,0
12,3,1991,1,RTTP,112,0
12,3,1991,1,RTTP,114,0
12,3,1991,1,RTTP,116,0
12,3,1991,1,RTTP,118,0
12,3,1991,1,RTTP,120,0
12,3,1991,1,RTTP,122,0
12,3,1991,1,RTTP,124,0
12,3,1991,1,RTTP,126,0
12,3,1991,1,RTTP,128,0
12,3,1991,1,RTTP,130,0
12,3,1991,1,RTTP,132,0
12,3,1991,1,RTTP,134,0
12,3,1991,1,RTTP,136,0
12,3,1991,1,RTTP,138,0
12,3,1991,1,RTTP,140,0
12,3,1991,1,RTTP,142,0
12,3,1991,1,RTTP,144,0
12,3,1991,1,RTTP,146,0
12,3,1991,1,RTTP,148,0
12,3,1991,1,RTTP,150,0
12,3,1991,1,RTTP,152,0
12,3,1991,1,RTTP,154,0
12,3,1991,1,RTTP,156,0
12,3,1991,1,RTTP,158,0
12,3,1991,1,RTTP,160,0
12,3,1991,1,RTTP,162,0
12,3,1991,1,RTTP,164,0
12,3,1991,1,RTTP,166,0
12,3,1991,1,RTTP,168,0
12,3,1991,1,RTTP,170,0
12,3,1991,1,RTTP,172,0
12,3,1991,1,RTTP,174,0
12,3,1991,1,RTTP,176,0
12,3,1991,1,RTTP,178,0
12,3,1991,1,RTTP,180,0
12,3,1991,1,RTTP,182,0
12,3,1991,1,RTTP,184,0
12,3,1991,1,RTTP,186,0
12,3,1991,1,RTTP,188,0
12,3,1991,1,RTTP,190,0
12,3,1991,1,RTTP,192,0
12,3,1991,1,RTTP,194,0
12,3,1991,1,RTTP,196,0
12,3,1991,1,RTTP,198,0
13,3,1991,2,RTTP,10,0
13,3,1991,2,RTTP,12,0
13,3,1991,2,RTTP,14,0
13,3,1991,2,RTTP,16,0
13,3,1991,2,RTTP,18,0
13,3,1991,2,RTTP,20,0
13,3,1991,2,RTTP,22,0
13,3,1991,2,RTTP,24,0
13,3,1991,2,RTTP,26,0
13,3,1991,2,RTTP,28,0
13,3,1991,2,RTTP,30,1.10976130438775
13,3,1991,2,RTTP,32,1.66464195658162
13,3,1991,2,RTTP,34,3.32928391316324
13,3,1991,2,RTTP,36,0
13,3,1991,2,RTTP,38,0.554880652193874
13,3,1991,2,RTTP,40,0.554880652193874
13,3,1991,2,RTTP,42,0
13,3,1991,2,RTTP,44,0.554880652193874
13,3,1991,2,RTTP,46,0.554880652193874
13,3,1991,2,RTTP,48,0.554880652193874
13,3,1991,2,RTTP,50,1.66464195658162
13,3,1991,2,RTTP,52,1.66464195658162
13,3,1991,2,RTTP,54,7.76832913071423
13,3,1991,2,RTTP,56,4.43904521755099
13,3,1991,2,RTTP,58,2.21952260877549
13,3,1991,2,RTTP,60,0
13,3,1991,2,RTTP,62,0.554880652193874
13,3,1991,2,RTTP,64,0
13,3,1991,2,RTTP,66,0
13,3,1991,2,RTTP,68,0
13,3,1991,2,RTTP,70,0
13,3,1991,2,RTTP,72,0
13,3,1991,2,RTTP,74,0
13,3,1991,2,RTTP,76,0
13,3,1991,2,RTTP,78,0
13,3,1991,2,RTTP,80,0
13,3,1991,2,RTTP,82,0
13,3,1991,2,RTTP,84,0
13,3,1991,2,RTTP,86,0
13,3,1991,2,RTTP,88,0
13,3,1991,2,RTTP,90,0
13,3,1991,2,RTTP,92,0
13,3,1991,2,RTTP,94,0
13,3,1991,2,RTTP,96,0
13,3,1991,2,RTTP,98,0
13,3,1991,2,RTTP,100,0
13,3,1991,2,RTTP,102,0
13,3,1991,2,RTTP,104,0
13,3,1991,2,RTTP,106,0
13,3,1991,2,RTTP,108,0
13,3,1991,2,RTTP,110,0
13,3,1991,2,RTTP,112,0
13,3,1991,2,RTTP,114,0
13,3,1991,2,RTTP,116,0
13,3,1991,2,RTTP,118,0
13,3,1991,2,RTTP,120,0
13,3,1991,2,RTTP,122,0
13,3,1991,2,RTTP,124,0
13,3,1991,2,RTTP,126,0
13,3,1991,2,RTTP,128,0
13,3,1991,2,RTTP,130,0
13,3,1991,2,RTTP,132,0
13,3,1991,2,RTTP,134,0
13,3,1991,2,RTTP,136,0
13,3,1991,2,RTTP,138,0
13,3,1991,2,RTTP,140,0
13,3,1991,2,RTTP,142,0
13,3,1991,2,RTTP,144,0
13,3,1991,2,RTTP,146,0
13,3,1991,2,RTTP,148,0
13,3,1991,2,RTTP,150,0
13,3,1991,2,RTTP,152,0
13,3,1991,2,RTTP,154,0
13,3,1991,2,RTTP,156,0
13,3,1991,2,RTTP,158,0
13,3,1991,2,RTTP,160,0
13,3,1991,2,RTTP,162,0
13,3,1991,2,RTTP,164,0
13,3,1991,2,RTTP,166,0
13,3,1991,2,RTTP,168,0
13,3,1991,2,RTTP,170,0
13,3,1991,2,RTTP,172,0
13,3,1991,2,RTTP,174,0
13,3,1991,2,RTTP,176,0
13,3,1991,2,RTTP,178,0
13,3,1991,2,RTTP,180,0
13,3,1991,2,RTTP,182,0
13,3,1991,2,RTTP,184,0
13,3,1991,2,RTTP,186,0
13,3,1991,2,RTTP,188,0
13,3,1991,2,RTTP,190,0
13,3,1991,2,RTTP,192,0
13,3,1991,2,RTTP,194,0
13,3,1991,2,RTTP,196,0
13,3,1991,2,RTTP,198,0
14,3,1991,3,RTTP,10,0
14,3,1991,3,RTTP,12,0
14,3,1991,3,RTTP,14,0
14,3,1991,3,RTTP,16,0
14,3,1991,3,RTTP,18,0
14,3,1991,3,RTTP,20,0
14,3,1991,3,RTTP,22,0
14,3,1991,3,RTTP,24,0
14,3,1991,3,RTTP,26,0
14,3,1991,3,RTTP,28,0.588896429294741
14,3,1991,3,RTTP,30,4.71117143435793
14,3,1991,3,RTTP,32,4.71117143435793
14,3,1991,3,RTTP,34,2.35558571717896
14,3,1991,3,RTTP,36,1.76668928788422
14,3,1991,3,RTTP,38,2.35558571717896
14,3,1991,3,RTTP,40,1.76668928788422
14,3,1991,3,RTTP,42,2
14,3,1991,3,RTTP,44,0.588896429294741
14,3,1991,3,RTTP,46,1.17779285858948
14,3,1991,3,RTTP,48,0.588896429294741
14,3,1991,3,RTTP,50,7.65565358083164
14,3,1991,3,RTTP,52,4.71117143435793
14,3,1991,3,RTTP,54,7.65565358083164
14,3,1991,3,RTTP,56,9.42234286871586
14,3,1991,3,RTTP,58,12.9557214444843
14,3,1991,3,RTTP,60,11.1890321566001
14,3,1991,3,RTTP,62,7.06675715153689
14,3,1991,3,RTTP,64,0.588896429294741
14,3,1991,3,RTTP,66,1.17779285858948
14,3,1991,3,RTTP,68,1
14,3,1991,3,RTTP,70,1.17779285858948
14,3,1991,3,RTTP,72,0.588896429294741
14,3,1991,3,RTTP,74,1
14,3,1991,3,RTTP,76,0.588896429294741
14,3,1991,3,RTTP,78,1.17779285858948
14,3,1991,3,RTTP,80,2
14,3,1991,3,RTTP,82,2.94448214647371
14,3,1991,3,RTTP,84,0
14,3,1991,3,RTTP,86,1.76668928788422
14,3,1991,3,RTTP,88,0
14,3,1991,3,RTTP,90,0
14,3,1991,3,RTTP,92,0
14,3,1991,3,RTTP,94,0
14,3,1991,3,RTTP,96,0
14,3,1991,3,RTTP,98,0
14,3,1991,3,RTTP,100,0
14,3,1991,3,RTTP,102,0
14,3,1991,3,RTTP,104,0
14,3,1991,3,RTTP,106,0
14,3,1991,3,RTTP,108,0
14,3,1991,3,RTTP,110,0
14,3,1991,3,RTTP,112,0
14,3,1991,3,RTTP,114,0
14,3,1991,3,RTTP,116,0
14,3,1991,3,RTTP,118,0
14,3,1991,3,RTTP,120,0
14,3,1991,3,RTTP,122,0
14,3,1991,3,RTTP,124,0
14,3,1991,3,RTTP,126,0
14,3,1991,3,RTTP,128,0
14,3,1991,3,RTTP,130,0
14,3,1991,3,RTTP,132,0
14,3,1991,3,RTTP,134,0
14,3,1991,3,RTTP,136,0
14,3,1991,3,RTTP,138,0
14,3,1991,3,RTTP,140,0
14,3,1991,3,RTTP,142,0
14,3,1991,3,RTTP,144,0
14,3,1991,3,RTTP,146,0
14,3,1991,3,RTTP,148,0
14,3,1991,3,RTTP,150,0
14,3,1991,3,RTTP,152,0
14,3,1991,3,RTTP,154,0
14,3,1991,3,RTTP,156,0
14,3,1991,3,RTTP,158,0
14,3,1991,3,RTTP,160,0
14,3,1991,3,RTTP,162,0
14,3,1991,3,RTTP,164,0
14,3,1991,3,RTTP,166,0
14,3,1991,3,RTTP,168,0
14,3,1991,3,RTTP,170,0
14,3,1991,3,RTTP,172,0
14,3,1991,3,RTTP,174,0
14,3,1991,3,RTTP,176,0
14,3,1991,3,RTTP,178,0
14,3,1991,3,RTTP,180,0
14,3,1991,3,RTTP,182,0
14,3,1991,3,RTTP,184,0
14,3,1991,3,RTTP,186,0
14,3,1991,3,RTTP,188,0
14,3,1991,3,RTTP,190,0
14,3,1991,3,RTTP,192,0
14,3,1991,3,RTTP,194,0
14,3,1991,3,RTTP,196,0
14,3,1991,3,RTTP,198,0
15,3,1991,4,RTTP,10,0
15,3,1991,4,RTTP,12,0
15,3,1991,4,RTTP,14,0
15,3,1991,4,RTTP,16,0
15,3,1991,4,RTTP,18,0
15,3,1991,4,RTTP,20,0.53771158173105
15,3,1991,4,RTTP,22,0
15,3,1991,4,RTTP,24,0
15,3,1991,4,RTTP,26,0
15,3,1991,4,RTTP,28,0.53771158173105
15,3,1991,4,RTTP,30,1.0754231634621
15,3,1991,4,RTTP,32,2.68855790865525
15,3,1991,4,RTTP,34,2.68855790865525
15,3,1991,4,RTTP,36,1.0754231634621
15,3,1991,4,RTTP,38,0
15,3,1991,4,RTTP,40,1.61313474519315
15,3,1991,4,RTTP,42,0.53771158173105
15,3,1991,4,RTTP,44,4.3016926538484
15,3,1991,4,RTTP,46,9.14109688942785
15,3,1991,4,RTTP,48,4.3016926538484
15,3,1991,4,RTTP,50,15.0559242884694
15,3,1991,4,RTTP,52,19.8953285240488
15,3,1991,4,RTTP,54,9.6788084711589
15,3,1991,4,RTTP,56,11.8296547980831
15,3,1991,4,RTTP,58,8.6033853076968
15,3,1991,4,RTTP,60,12.9050779615452
15,3,1991,4,RTTP,62,4.3016926538484
15,3,1991,4,RTTP,64,5.3771158173105
15,3,1991,4,RTTP,66,1.0754231634621
15,3,1991,4,RTTP,68,1.0754231634621
15,3,1991,4,RTTP,70,1.61313474519315
15,3,1991,4,RTTP,72,0.53771158173105
15,3,1991,4,RTTP,74,0
15,3,1991,4,RTTP,76,0
15,3,1991,4,RTTP,78,0
15,3,1991,4,RTTP,80,0.53771158173105
15,3,1991,4,RTTP,82,1.61313474519315
15,3,1991,4,RTTP,84,1.0754231634621
15,3,1991,4,RTTP,86,0
15,3,1991,4,RTTP,88,0.53771158173105
15,3,1991,4,RTTP,90,0
15,3,1991,4,RTTP,92,0
15,3,1991,4,RTTP,94,0
15,3,1991,4,RTTP,96,0
15,3,1991,4,RTTP,98,0
15,3,1991,4,RTTP,100,0
15,3,1991,4,RTTP,102,0
15,3,1991,4,RTTP,104,0
15,3,1991,4,RTTP,106,0
15,3,1991,4,RTTP,108,0
15,3,1991,4,RTTP,110,0
15,3,1991,4,RTTP,112,0
15,3,1991,4,RTTP,114,0
15,3,1991,4,RTTP,116,0
15,3,1991,4,RTTP,118,0
15,3,1991,4,RTTP,120,0
15,3,1991,4,RTTP,122,0
15,3,1991,4,RTTP,124,0
15,3,1991,4,RTTP,126,0
15,3,1991,4,RTTP,128,0
15,3,1991,4,RTTP,130,0
15,3,1991,4,RTTP,132,0
15,3,1991,4,RTTP,134,0
15,3,1991,4,RTTP,136,0
15,3,1991,4,RTTP,138,0
15,3,1991,4,RTTP,140,0
15,3,1991,4,RTTP,142,0
15,3,1991,4,RTTP,144,0
15,3,1991,4,RTTP,146,0
15,3,1991,4,RTTP,148,0
15,3,1991,4,RTTP,150,0
15,3,1991,4,RTTP,152,0
15,3,1991,4,RTTP,154,0
15,3,1991,4,RTTP,156,0
15,3,1991,4,RTTP,158,0
15,3,1991,4,RTTP,160,0
15,3,1991,4,RTTP,162,0
15,3,1991,4,RTTP,164,0
15,3,1991,4,RTTP,166,0
15,3,1991,4,RTTP,168,0
15,3,1991,4,RTTP,170,0
15,3,1991,4,RTTP,172,0
15,3,1991,4,RTTP,174,0
15,3,1991,4,RTTP,176,0
15,3,1991,4,RTTP,178,0
15,3,1991,4,RTTP,180,0
15,3,1991,4,RTTP,182,0
15,3,1991,4,RTTP,184,0
15,3,1991,4,RTTP,186,0
15,3,1991,4,RTTP,188,0
15,3,1991,4,RTTP,190,0
15,3,1991,4,RTTP,192,0
15,3,1991,4,RTTP,194,0
15,3,1991,4,RTTP,196,0
15,3,1991,4,RTTP,198,0
16,3,1992,3,RTTP,10,0
16,3,1992,3,RTTP,12,0
16,3,1992,3,RTTP,14,0
16,3,1992,3,RTTP,16,0
16,3,1992,3,RTTP,18,0
16,3,1992,3,RTTP,20,0
16,3,1992,3,RTTP,22,0
16,3,1992,3,RTTP,24,0
16,3,1992,3,RTTP,26,0
16,3,1992,3,RTTP,28,0
16,3,1992,3,RTTP,30,0
16,3,1992,3,RTTP,32,0.624676004775757
16,3,1992,3,RTTP,34,0
16,3,1992,3,RTTP,36,0.624676004775757
16,3,1992,3,RTTP,38,1.24935200955151
16,3,1992,3,RTTP,40,0.624676004775757
16,3,1992,3,RTTP,42,1.87402801432727
16,3,1992,3,RTTP,44,4.99740803820605
16,3,1992,3,RTTP,46,2.49870401910303
16,3,1992,3,RTTP,48,1.87402801432727
16,3,1992,3,RTTP,50,3.74805602865454
16,3,1992,3,RTTP,52,1.87402801432727
16,3,1992,3,RTTP,54,0.624676004775757
16,3,1992,3,RTTP,56,0.624676004775757
16,3,1992,3,RTTP,58,1.24935200955151
16,3,1992,3,RTTP,60,1.24935200955151
16,3,1992,3,RTTP,62,1.24935200955151
16,3,1992,3,RTTP,64,0.624676004775757
16,3,1992,3,RTTP,66,0
16,3,1992,3,RTTP,68,0
16,3,1992,3,RTTP,70,0
16,3,1992,3,RTTP,72,0
16,3,1992,3,RTTP,74,0
16,3,1992,3,RTTP,76,0
16,3,1992,3,RTTP,78,0
16,3,1992,3,RTTP,80,0
16,3,1992,3,RTTP,82,0
16,3,1992,3,RTTP,84,0
16,3,1992,3,RTTP,86,0
16,3,1992,3,RTTP,88,0
16,3,1992,3,RTTP,90,0
16,3,1992,3,RTTP,92,0
16,3,1992,3,RTTP,94,0
16,3,1992,3,RTTP,96,0
16,3,1992,3,RTTP,98,0
16,3,1992,3,RTTP,100,0
16,3,1992,3,RTTP,102,0
16,3,1992,3,RTTP,104,0
16,3,1992,3,RTTP,106,0
16,3,1992,3,RTTP,108,0
16,3,1992,3,RTTP,110,0
16,3,1992,3,RTTP,112,0
16,3,1992,3,RTTP,114,0
16,3,1992,3,RTTP,116,0
16,3,1992,3,RTTP,118,0
16,3,1992,3,RTTP,120,0
16,3,1992,3,RTTP,122,0
16,3,1992,3,RTTP,124,0
16,3,1992,3,RTTP,126,0
16,3,1992,3,RTTP,128,0
16,3,1992,3,RTTP,130,0
16,3,1992,3,RTTP,132,0
16,3,1992,3,RTTP,134,0
16,3,1992,3,RTTP,136,0
16,3,1992,3,RTTP,138,0
16,3,1992,3,RTTP,140,0
16,3,1992,3,RTTP,142,0
16,3,1992,3,RTTP,144,0
16,3,1992,3,RTTP,146,0
16,3,1992,3,RTTP,148,0
16,3,1992,3,RTTP,150,0
16,3,1992,3,RTTP,152,0
16,3,1992,3,RTTP,154,0
16,3,1992,3,RTTP,156,0
16,3,1992,3,RTTP,158,0
16,3,1992,3,RTTP,160,0
16,3,1992,3,RTTP,162,0
16,3,1992,3,RTTP,164,0
16,3,1992,3,RTTP,166,0
16,3,1992,3,RTTP,168,0
16,3,1992,3,RTTP,170,0
16,3,1992,3,RTTP,172,0
16,3,1992,3,RTTP,174,0
16,3,1992,3,RTTP,176,0
16,3,1992,3,RTTP,178,0
16,3,1992,3,RTTP,180,0
16,3,1992,3,RTTP,182,0
16,3,1992,3,RTTP,184,0
16,3,1992,3,RTTP,186,0
16,3,1992,3,RTTP,188,0
16,3,1992,3,RTTP,190,0
16,3,1992,3,RTTP,192,0
16,3,1992,3,RTTP,194,0
16,3,1992,3,RTTP,196,0
16,3,1992,3,RTTP,198,0
17,4,1990,2,RTTP,10,0
17,4,1990,2,RTTP,12,0
17,4,1990,2,RTTP,14,0
17,4,1990,2,RTTP,16,0
17,4,1990,2,RTTP,18,0
17,4,1990,2,RTTP,20,0
17,4,1990,2,RTTP,22,0
17,4,1990,2,RTTP,24,0
17,4,1990,2,RTTP,26,0
17,4,1990,2,RTTP,28,0
17,4,1990,2,RTTP,30,0
17,4,1990,2,RTTP,32,0
17,4,1990,2,RTTP,34,0.395258773528129
17,4,1990,2,RTTP,36,0.395258773528129
17,4,1990,2,RTTP,38,0.395258773528129
17,4,1990,2,RTTP,40,1.18577632058439
17,4,1990,2,RTTP,42,5.13836405586568
17,4,1990,2,RTTP,44,11.4625044323157
17,4,1990,2,RTTP,46,15.8103509411252
17,4,1990,2,RTTP,48,13.8340570734845
17,4,1990,2,RTTP,50,13.4387982999564
17,4,1990,2,RTTP,52,5.53362282939381
17,4,1990,2,RTTP,54,12.253021979372
17,4,1990,2,RTTP,56,8.30043424409071
17,4,1990,2,RTTP,58,4.34784650880942
17,4,1990,2,RTTP,60,3.55732896175316
17,4,1990,2,RTTP,62,0
17,4,1990,2,RTTP,64,0.395258773528129
17,4,1990,2,RTTP,66,0
17,4,1990,2,RTTP,68,0
17,4,1990,2,RTTP,70,0
17,4,1990,2,RTTP,72,0
17,4,1990,2,RTTP,74,0
17,4,1990,2,RTTP,76,0
17,4,1990,2,RTTP,78,0
17,4,1990,2,RTTP,80,0
17,4,1990,2,RTTP,82,0
17,4,1990,2,RTTP,84,0
17,4,1990,2,RTTP,86,0
17,4,1990,2,RTTP,88,0
17,4,1990,2,RTTP,90,0
17,4,1990,2,RTTP,92,0
17,4,1990,2,RTTP,94,0
17,4,1990,2,RTTP,96,0
17,4,1990,2,RTTP,98,0
17,4,1990,2,RTTP,100,0
17,4,1990,2,RTTP,102,0
17,4,1990,2,RTTP,104,0
17,4,1990,2,RTTP,106,0
17,4,1990,2,RTTP,108,0
17,4,1990,2,RTTP,110,0
17,4,1990,2,RTTP,112,0
17,4,1990,2,RTTP,114,0
17,4,1990,2,RTTP,116,0.790517547056258
17,4,1990,2,RTTP,118,0
17,4,1990,2,RTTP,120,0.790517547056258
17,4,1990,2,RTTP,122,0
17,4,1990,2,RTTP,124,0.395258773528129
17,4,1990,2,RTTP,126,1.58103509411252
17,4,1990,2,RTTP,128,0.395258773528129
17,4,1990,2,RTTP,130,0.790517547056258
17,4,1990,2,RTTP,132,0.395258773528129
17,4,1990,2,RTTP,134,1.18577632058439
17,4,1990,2,RTTP,136,0.395258773528129
17,4,1990,2,RTTP,138,0
17,4,1990,2,RTTP,140,0
17,4,1990,2,RTTP,142,0
17,4,1990,2,RTTP,144,0
17,4,1990,2,RTTP,146,0
17,4,1990,2,RTTP,148,0
17,4,1990,2,RTTP,150,0
17,4,1990,2,RTTP,152,0
17,4,1990,2,RTTP,154,0
17,4,1990,2,RTTP,156,0
17,4,1990,2,RTTP,158,0
17,4,1990,2,RTTP,160,0
17,4,1990,2,RTTP,162,0
17,4,1990,2,RTTP,164,0
17,4,1990,2,RTTP,166,0
17,4,1990,2,RTTP,168,0
17,4,1990,2,RTTP,170,0
17,4,1990,2,RTTP,172,0
17,4,1990,2,RTTP,174,0
17,4,1990,2,RTTP,176,0
17,4,1990,2,RTTP,178,0
17,4,1990,2,RTTP,180,0
17,4,1990,2,RTTP,182,0
17,4,1990,2,RTTP,184,0
17,4,1990,2,RTTP,186,0
17,4,1990,2,RTTP,188,0
17,4,1990,2,RTTP,190,0
17,4,1990,2,RTTP,192,0
17,4,1990,2,RTTP,194,0
17,4,1990,2,RTTP,196,0
17,4,1990,2,RTTP,198,0
18,4,1990,3,RTTP,10,0
18,4,1990,3,RTTP,12,0
18,4,1990,3,RTTP,14,0
18,4,1990,3,RTTP,16,0
18,4,1990,3,RTTP,18,0
18,4,1990,3,RTTP,20,0
18,4,1990,3,RTTP,22,0
18,4,1990,3,RTTP,24,2.49252698098167
18,4,1990,3,RTTP,26,10.9671187163193
18,4,1990,3,RTTP,28,31.9043453565653
18,4,1990,3,RTTP,30,34.396872337547
18,4,1990,3,RTTP,32,34.396872337547
18,4,1990,3,RTTP,34,39.8804316957067
18,4,1990,3,RTTP,36,58.325131354971
18,4,1990,3,RTTP,38,113.160724936568
18,4,1990,3,RTTP,40,91.7249929001254
18,4,1990,3,RTTP,42,22.9312482250313
18,4,1990,3,RTTP,44,14.95516188589
18,4,1990,3,RTTP,46,11.4656241125157
18,4,1990,3,RTTP,48,11.4656241125157
18,4,1990,3,RTTP,50,3.48953777337433
18,4,1990,3,RTTP,52,7.477580942945
18,4,1990,3,RTTP,54,9.97010792392667
18,4,1990,3,RTTP,56,11.4656241125157
18,4,1990,3,RTTP,58,12.4626349049083
18,4,1990,3,RTTP,60,17.946194263068
18,4,1990,3,RTTP,62,15.9521726782827
18,4,1990,3,RTTP,64,12.9611403011047
18,4,1990,3,RTTP,66,4.486548565767
18,4,1990,3,RTTP,68,1.495516188589
18,4,1990,3,RTTP,70,1.495516188589
18,4,1990,3,RTTP,72,0
18,4,1990,3,RTTP,74,0
18,4,1990,3,RTTP,76,0
18,4,1990,3,RTTP,78,0
18,4,1990,3,RTTP,80,0
18,4,1990,3,RTTP,82,0
18,4,1990,3,RTTP,84,0
18,4,1990,3,RTTP,86,0
18,4,1990,3,RTTP,88,0
18,4,1990,3,RTTP,90,0
18,4,1990,3,RTTP,92,0
18,4,1990,3,RTTP,94,0
18,4,1990,3,RTTP,96,0
18,4,1990,3,RTTP,98,0
18,4,1990,3,RTTP,100,0
18,4,1990,3,RTTP,102,0
18,4,1990,3,RTTP,104,0
18,4,1990,3,RTTP,106,0
18,4,1990,3,RTTP,108,0
18,4,1990,3,RTTP,110,0
18,4,1990,3,RTTP,112,0
18,4,1990,3,RTTP,114,0
18,4,1990,3,RTTP,116,0
18,4,1990,3,RTTP,118,0
18,4,1990,3,RTTP,120,0
18,4,1990,3,RTTP,122,0
18,4,1990,3,RTTP,124,0
18,4,1990,3,RTTP,126,0
18,4,1990,3,RTTP,128,0
18,4,1990,3,RTTP,130,0
18,4,1990,3,RTTP,132,0
18,4,1990,3,RTTP,134,0
18,4,1990,3,RTTP,136,0
18,4,1990,3,RTTP,138,0
18,4,1990,3,RTTP,140,0
18,4,1990,3,RTTP,142,0
18,4,1990,3,RTTP,144,0
18,4,1990,3,RTTP,146,0
18,4,1990,3,RTTP,148,0
18,4,1990,3,RTTP,150,0
18,4,1990,3,RTTP,152,0
18,4,1990,3,RTTP,154,0
18,4,1990,3,RTTP,156,0
18,4,1990,3,RTTP,158,0
18,4,1990,3,RTTP,160,0
18,4,1990,3,RTTP,162,0
18,4,1990,3,RTTP,164,0
18,4,1990,3,RTTP,166,0
18,4,1990,3,RTTP,168,0
18,4,1990,3,RTTP,170,0
18,4,1990,3,RTTP,172,0
18,4,1990,3,RTTP,174,0
18,4,1990,3,RTTP,176,0
18,4,1990,3,RTTP,178,0
18,4,1990,3,RTTP,180,0
18,4,1990,3,RTTP,182,0
18,4,1990,3,RTTP,184,0
18,4,1990,3,RTTP,186,0
18,4,1990,3,RTTP,188,0
18,4,1990,3,RTTP,190,0
18,4,1990,3,RTTP,192,0
18,4,1990,3,RTTP,194,0
18,4,1990,3,RTTP,196,0
18,4,1990,3,RTTP,198,0
19,4,1990,4,RTTP,10,0
19,4,1990,4,RTTP,12,0
19,4,1990,4,RTTP,14,0
19,4,1990,4,RTTP,16,0
19,4,1990,4,RTTP,18,0
19,4,1990,4,RTTP,20,0
19,4,1990,4,RTTP,22,0
19,4,1990,4,RTTP,24,0
19,4,1990,4,RTTP,26,0
19,4,1990,4,RTTP,28,0
19,4,1990,4,RTTP,30,0
19,4,1990,4,RTTP,32,0
19,4,1990,4,RTTP,34,0.379059884527756
19,4,1990,4,RTTP,36,1.89529942263878
19,4,1990,4,RTTP,38,0.758119769055512
19,4,1990,4,RTTP,40,1.13717965358327
19,4,1990,4,RTTP,42,2.65341919169429
19,4,1990,4,RTTP,44,14.025215727527
19,4,1990,4,RTTP,46,4.54871861433307
19,4,1990,4,RTTP,48,5.30683838338858
19,4,1990,4,RTTP,50,6.06495815244409
19,4,1990,4,RTTP,52,3.03247907622205
19,4,1990,4,RTTP,54,3.4115389607498
19,4,1990,4,RTTP,56,4.16965872980531
19,4,1990,4,RTTP,58,4.16965872980531
19,4,1990,4,RTTP,60,4.16965872980531
19,4,1990,4,RTTP,62,2.27435930716653
19,4,1990,4,RTTP,64,6.8230779214996
19,4,1990,4,RTTP,66,0.758119769055512
19,4,1990,4,RTTP,68,1.89529942263878
19,4,1990,4,RTTP,70,2.65341919169429
19,4,1990,4,RTTP,72,1.13717965358327
19,4,1990,4,RTTP,74,0.379059884527756
19,4,1990,4,RTTP,76,0
19,4,1990,4,RTTP,78,0.379059884527756
19,4,1990,4,RTTP,80,0
19,4,1990,4,RTTP,82,0
19,4,1990,4,RTTP,84,0
19,4,1990,4,RTTP,86,0
19,4,1990,4,RTTP,88,0
19,4,1990,4,RTTP,90,0
19,4,1990,4,RTTP,92,0
19,4,1990,4,RTTP,94,0
19,4,1990,4,RTTP,96,0
19,4,1990,4,RTTP,98,0.379059884527756
19,4,1990,4,RTTP,100,0.379059884527756
19,4,1990,4,RTTP,102,0
19,4,1990,4,RTTP,104,0
19,4,1990,4,RTTP,106,0
19,4,1990,4,RTTP,108,0
19,4,1990,4,RTTP,110,0
19,4,1990,4,RTTP,112,0
19,4,1990,4,RTTP,114,0
19,4,1990,4,RTTP,116,0
19,4,1990,4,RTTP,118,0
19,4,1990,4,RTTP,120,0
19,4,1990,4,RTTP,122,0
19,4,1990,4,RTTP,124,0
19,4,1990,4,RTTP,126,0
19,4,1990,4,RTTP,128,0
19,4,1990,4,RTTP,130,0
19,4,1990,4,RTTP,132,0
19,4,1990,4,RTTP,134,0
19,4,1990,4,RTTP,136,0
19,4,1990,4,RTTP,138,0
19,4,1990,4,RTTP,140,0
19,4,1990,4,RTTP,142,0
19,4,1990,4,RTTP,144,0
19,4,1990,4,RTTP,146,0
19,4,1990,4,RTTP,148,0
19,4,1990,4,RTTP,150,0
19,4,1990,4,RTTP,152,0
19,4,1990,4,RTTP,154,0
19,4,1990,4,RTTP,156,0
19,4,1990,4,RTTP,158,0
19,4,1990,4,RTTP,160,0
19,4,1990,4,RTTP,162,0
19,4,1990,4,RTTP,164,0
19,4,1990,4,RTTP,166,0
19,4,1990,4,RTTP,168,0
19,4,1990,4,RTTP,170,0
19,4,1990,4,RTTP,172,0
19,4,1990,4,RTTP,174,0
19,4,1990,4,RTTP,176,0
19,4,1990,4,RTTP,178,0
19,4,1990,4,RTTP,180,0
19,4,1990,4,RTTP,182,0
19,4,1990,4,RTTP,184,0
19,4,1990,4,RTTP,186,0
19,4,1990,4,RTTP,188,0
19,4,1990,4,RTTP,190,0
19,4,1990,4,RTTP,192,0
19,4,1990,4,RTTP,194,0
19,4,1990,4,RTTP,196,0
19,4,1990,4,RTTP,198,0
20,4,1991,2,RTTP,10,0
20,4,1991,2,RTTP,12,0
20,4,1991,2,RTTP,14,0
20,4,1991,2,RTTP,16,0
20,4,1991,2,RTTP,18,0
20,4,1991,2,RTTP,20,0
20,4,1991,2,RTTP,22,0
20,4,1991,2,RTTP,24,0
20,4,1991,2,RTTP,26,0
20,4,1991,2,RTTP,28,0
20,4,1991,2,RTTP,30,0
20,4,1991,2,RTTP,32,0
20,4,1991,2,RTTP,34,0
20,4,1991,2,RTTP,36,0
20,4,1991,2,RTTP,38,1.84541328425223
20,4,1991,2,RTTP,40,0.61513776141741
20,4,1991,2,RTTP,42,0.61513776141741
20,4,1991,2,RTTP,44,0
20,4,1991,2,RTTP,46,0.61513776141741
20,4,1991,2,RTTP,48,0
20,4,1991,2,RTTP,50,2.46055104566964
20,4,1991,2,RTTP,52,3.07568880708705
20,4,1991,2,RTTP,54,7.38165313700892
20,4,1991,2,RTTP,56,1.23027552283482
20,4,1991,2,RTTP,58,1.23027552283482
20,4,1991,2,RTTP,60,0.61513776141741
20,4,1991,2,RTTP,62,0
20,4,1991,2,RTTP,64,0
20,4,1991,2,RTTP,66,0
20,4,1991,2,RTTP,68,0
20,4,1991,2,RTTP,70,0
20,4,1991,2,RTTP,72,0
20,4,1991,2,RTTP,74,0
20,4,1991,2,RTTP,76,0
20,4,1991,2,RTTP,78,0
20,4,1991,2,RTTP,80,0
20,4,1991,2,RTTP,82,0
20,4,1991,2,RTTP,84,0
20,4,1991,2,RTTP,86,0
20,4,1991,2,RTTP,88,0
20,4,1991,2,RTTP,90,0
20,4,1991,2,RTTP,92,0
20,4,1991,2,RTTP,94,0
20,4,1991,2,RTTP,96,0
20,4,1991,2,RTTP,98,0
20,4,1991,2,RTTP,100,0
20,4,1991,2,RTTP,102,0
20,4,1991,2,RTTP,104,0
20,4,1991,2,RTTP,106,0
20,4,1991,2,RTTP,108,0
20,4,1991,2,RTTP,110,0
20,4,1991,2,RTTP,112,0
20,4,1991,2,RTTP,114,0
20,4,1991,2,RTTP,116,0
20,4,1991,2,RTTP,118,0
20,4,1991,2,RTTP,120,0
20,4,1991,2,RTTP,122,0
20,4,1991,2,RTTP,124,0
20,4,1991,2,RTTP,126,0
20,4,1991,2,RTTP,128,0
20,4,1991,2,RTTP,130,0
20,4,1991,2,RTTP,132,0
20,4,1991,2,RTTP,134,0
20,4,1991,2,RTTP,136,0
20,4,1991,2,RTTP,138,0
20,4,1991,2,RTTP,140,0
20,4,1991,2,RTTP,142,0
20,4,1991,2,RTTP,144,0
20,4,1991,2,RTTP,146,0
20,4,1991,2,RTTP,148,0
20,4,1991,2,RTTP,150,0
20,4,1991,2,RTTP,152,0
20,4,1991,2,RTTP,154,0
20,4,1991,2,RTTP,156,0
20,4,1991,2,RTTP,158,0
20,4,1991,2,RTTP,160,0
20,4,1991,2,RTTP,162,0
20,4,1991,2,RTTP,164,0
20,4,1991,2,RTTP,166,0
20,4,1991,2,RTTP,168,0
20,4,1991,2,RTTP,170,0
20,4,1991,2,RTTP,172,0
20,4,1991,2,RTTP,174,0
20,4,1991,2,RTTP,176,0
20,4,1991,2,RTTP,178,0
20,4,1991,2,RTTP,180,0
20,4,1991,2,RTTP,182,0
20,4,1991,2,RTTP,184,0
20,4,1991,2,RTTP,186,0
20,4,1991,2,RTTP,188,0
20,4,1991,2,RTTP,190,0
20,4,1991,2,RTTP,192,0
20,4,1991,2,RTTP,194,0
20,4,1991,2,RTTP,196,0
20,4,1991,2,RTTP,198,0
21,4,1991,3,RTTP,10,0
21,4,1991,3,RTTP,12,0
21,4,1991,3,RTTP,14,0
21,4,1991,3,RTTP,16,0
21,4,1991,3,RTTP,18,0
21,4,1991,3,RTTP,20,0
21,4,1991,3,RTTP,22,0
21,4,1991,3,RTTP,24,1.20367341974227
21,4,1991,3,RTTP,26,1.80551012961341
21,4,1991,3,RTTP,28,6.01836709871136
21,4,1991,3,RTTP,30,33.7028557527836
21,4,1991,3,RTTP,32,89.6736697707993
21,4,1991,3,RTTP,34,60.7855076969848
21,4,1991,3,RTTP,36,43.9340798205929
21,4,1991,3,RTTP,38,34.3046924626548
21,4,1991,3,RTTP,40,33.1010190429125
21,4,1991,3,RTTP,42,94.4883634497684
21,4,1991,3,RTTP,44,100.50673054848
21,4,1991,3,RTTP,46,21.0642848454898
21,4,1991,3,RTTP,48,18.0551012961341
21,4,1991,3,RTTP,50,42.7304064008507
21,4,1991,3,RTTP,52,38.5175494317527
21,4,1991,3,RTTP,54,51.1561203390466
21,4,1991,3,RTTP,56,108.932444486676
21,4,1991,3,RTTP,58,213.652032004253
21,4,1991,3,RTTP,60,220.272235812836
21,4,1991,3,RTTP,62,145.042647078944
21,4,1991,3,RTTP,64,116.756321715
21,4,1991,3,RTTP,66,82.4516292523457
21,4,1991,3,RTTP,68,33.1010190429125
21,4,1991,3,RTTP,70,19.2587747158764
21,4,1991,3,RTTP,72,20.4624481356186
21,4,1991,3,RTTP,74,15.0459177467784
21,4,1991,3,RTTP,76,8.42571393819591
21,4,1991,3,RTTP,78,7.22204051845364
21,4,1991,3,RTTP,80,9.02755064806704
21,4,1991,3,RTTP,82,5.41653038884023
21,4,1991,3,RTTP,84,4.21285696909795
21,4,1991,3,RTTP,86,1.80551012961341
21,4,1991,3,RTTP,88,4.81469367896909
21,4,1991,3,RTTP,90,1.80551012961341
21,4,1991,3,RTTP,92,0
21,4,1991,3,RTTP,94,1.80551012961341
21,4,1991,3,RTTP,96,0
21,4,1991,3,RTTP,98,0.601836709871136
21,4,1991,3,RTTP,100,2.40734683948454
21,4,1991,3,RTTP,102,0.601836709871136
21,4,1991,3,RTTP,104,0.601836709871136
21,4,1991,3,RTTP,106,0
21,4,1991,3,RTTP,108,0
21,4,1991,3,RTTP,110,0
21,4,1991,3,RTTP,112,0
21,4,1991,3,RTTP,114,0
21,4,1991,3,RTTP,116,0
21,4,1991,3,RTTP,118,0
21,4,1991,3,RTTP,120,0
21,4,1991,3,RTTP,122,0
21,4,1991,3,RTTP,124,0
21,4,1991,3,RTTP,126,0
21,4,1991,3,RTTP,128,0
21,4,1991,3,RTTP,130,0
21,4,1991,3,RTTP,132,0
21,4,1991,3,RTTP,134,0
21,4,1991,3,RTTP,136,0
21,4,1991,3,RTTP,138,0
21,4,1991,3,RTTP,140,0
21,4,1991,3,RTTP,142,0
21,4,1991,3,RTTP,144,0
21,4,1991,3,RTTP,146,0
21,4,1991,3,RTTP,148,0
21,4,1991,3,RTTP,150,0
21,4,1991,3,RTTP,152,0
21,4,1991,3,RTTP,154,0
21,4,1991,3,RTTP,156,0
21,4,1991,3,RTTP,158,0
21,4,1991,3,RTTP,160,0
21,4,1991,3,RTTP,162,0
21,4,1991,3,RTTP,164,0
21,4,1991,3,RTTP,166,0
21,4,1991,3,RTTP,168,0
21,4,1991,3,RTTP,170,0
21,4,1991,3,RTTP,172,0
21,4,1991,3,RTTP,174,0
21,4,1991,3,RTTP,176,0
21,4,1991,3,RTTP,178,0
21,4,1991,3,RTTP,180,0
21,4,1991,3,RTTP,182,0
21,4,1991,3,RTTP,184,0
21,4,1991,3,RTTP,186,0
21,4,1991,3,RTTP,188,0
21,4,1991,3,RTTP,190,0
21,4,1991,3,RTTP,192,0
21,4,1991,3,RTTP,194,0
21,4,1991,3,RTTP,196,0
21,4,1991,3,RTTP,198,0
22,4,1992,1,RTTP,10,0
22,4,1992,1,RTTP,12,0
22,4,1992,1,RTTP,14,0
22,4,1992,1,RTTP,16,0
22,4,1992,1,RTTP,18,0
22,4,1992,1,RTTP,20,0
22,4,1992,1,RTTP,22,0
22,4,1992,1,RTTP,24,0
22,4,1992,1,RTTP,26,0
22,4,1992,1,RTTP,28,0
22,4,1992,1,RTTP,30,0
22,4,1992,1,RTTP,32,1.14863381661116
22,4,1992,1,RTTP,34,20.1010917906953
22,4,1992,1,RTTP,36,16.0808734325563
22,4,1992,1,RTTP,38,19.5267748823897
22,4,1992,1,RTTP,40,17.2295072491674
22,4,1992,1,RTTP,42,6.89180289966697
22,4,1992,1,RTTP,44,13.2092888910284
22,4,1992,1,RTTP,46,14.3579227076395
22,4,1992,1,RTTP,48,25.2699439654455
22,4,1992,1,RTTP,50,17.803824157473
22,4,1992,1,RTTP,52,11.4863381661116
22,4,1992,1,RTTP,54,10.3377043495005
22,4,1992,1,RTTP,56,5.74316908305581
22,4,1992,1,RTTP,58,4.02021835813906
22,4,1992,1,RTTP,60,4.59453526644465
22,4,1992,1,RTTP,62,0.574316908305581
22,4,1992,1,RTTP,64,1.14863381661116
22,4,1992,1,RTTP,66,0.574316908305581
22,4,1992,1,RTTP,68,0
22,4,1992,1,RTTP,70,1.14863381661116
22,4,1992,1,RTTP,72,0.574316908305581
22,4,1992,1,RTTP,74,0
22,4,1992,1,RTTP,76,0
22,4,1992,1,RTTP,78,0
22,4,1992,1,RTTP,80,1.72295072491674
22,4,1992,1,RTTP,82,0.574316908305581
22,4,1992,1,RTTP,84,1.72295072491674
22,4,1992,1,RTTP,86,1
22,4,1992,1,RTTP,88,0.574316908305581
22,4,1992,1,RTTP,90,0
22,4,1992,1,RTTP,92,0
22,4,1992,1,RTTP,94,0
22,4,1992,1,RTTP,96,0
22,4,1992,1,RTTP,98,0
22,4,1992,1,RTTP,100,0
22,4,1992,1,RTTP,102,0
22,4,1992,1,RTTP,104,0
22,4,1992,1,RTTP,106,0
22,4,1992,1,RTTP,108,0
22,4,1992,1,RTTP,110,0
22,4,1992,1,RTTP,112,0
22,4,1992,1,RTTP,114,0
22,4,1992,1,RTTP,116,0
22,4,1992,1,RTTP,118,0
22,4,1992,1,RTTP,120,0
22,4,1992,1,RTTP,122,0
22,4,1992,1,RTTP,124,0
22,4,1992,1,RTTP,126,0
22,4,1992,1,RTTP,128,0
22,4,1992,1,RTTP,130,0
22,4,1992,1,RTTP,132,0
22,4,1992,1,RTTP,134,0
22,4,1992,1,RTTP,136,0
22,4,1992,1,RTTP,138,0
22,4,1992,1,RTTP,140,0
22,4,1992,1,RTTP,142,0
22,4,1992,1,RTTP,144,0
22,4,1992,1,RTTP,146,0
22,4,1992,1,RTTP,148,0
22,4,1992,1,RTTP,150,0
22,4,1992,1,RTTP,152,0
22,4,1992,1,RTTP,154,0
22,4,1992,1,RTTP,156,0
22,4,1992,1,RTTP,158,0
22,4,1992,1,RTTP,160,0
22,4,1992,1,RTTP,162,0
22,4,1992,1,RTTP,164,0
22,4,1992,1,RTTP,166,0
22,4,1992,1,RTTP,168,0
22,4,1992,1,RTTP,170,0
22,4,1992,1,RTTP,172,0
22,4,1992,1,RTTP,174,0
22,4,1992,1,RTTP,176,0
22,4,1992,1,RTTP,178,0
22,4,1992,1,RTTP,180,0
22,4,1992,1,RTTP,182,0
22,4,1992,1,RTTP,184,0
22,4,1992,1,RTTP,186,0
22,4,1992,1,RTTP,188,0
22,4,1992,1,RTTP,190,0
22,4,1992,1,RTTP,192,0
22,4,1992,1,RTTP,194,0
22,4,1992,1,RTTP,196,0
22,4,1992,1,RTTP,198,0
23,4,1992,2,RTTP,10,0
23,4,1992,2,RTTP,12,0
23,4,1992,2,RTTP,14,0
23,4,1992,2,RTTP,16,0
23,4,1992,2,RTTP,18,0
23,4,1992,2,RTTP,20,0
23,4,1992,2,RTTP,22,0
23,4,1992,2,RTTP,24,0
23,4,1992,2,RTTP,26,0
23,4,1992,2,RTTP,28,0
23,4,1992,2,RTTP,30,0
23,4,1992,2,RTTP,32,0
23,4,1992,2,RTTP,34,0
23,4,1992,2,RTTP,36,0
23,4,1992,2,RTTP,38,0.554257195241627
23,4,1992,2,RTTP,40,3.87980036669139
23,4,1992,2,RTTP,42,2.77128597620813
23,4,1992,2,RTTP,44,2.21702878096651
23,4,1992,2,RTTP,46,4
23,4,1992,2,RTTP,48,7.75960073338278
23,4,1992,2,RTTP,50,44.3405756193302
23,4,1992,2,RTTP,52,77.5960073338278
23,4,1992,2,RTTP,54,54.8714623289211
23,4,1992,2,RTTP,56,19.9532590286986
23,4,1992,2,RTTP,58,7.20534353814115
23,4,1992,2,RTTP,60,4.43405756193302
23,4,1992,2,RTTP,62,0.554257195241627
23,4,1992,2,RTTP,64,0
23,4,1992,2,RTTP,66,0
23,4,1992,2,RTTP,68,0
23,4,1992,2,RTTP,70,0
23,4,1992,2,RTTP,72,0
23,4,1992,2,RTTP,74,0
23,4,1992,2,RTTP,76,0
23,4,1992,2,RTTP,78,0
23,4,1992,2,RTTP,80,0
23,4,1992,2,RTTP,82,0
23,4,1992,2,RTTP,84,0
23,4,1992,2,RTTP,86,0.554257195241627
23,4,1992,2,RTTP,88,0
23,4,1992,2,RTTP,90,0
23,4,1992,2,RTTP,92,1.10851439048325
23,4,1992,2,RTTP,94,0.554257195241627
23,4,1992,2,RTTP,96,0.554257195241627
23,4,1992,2,RTTP,98,0
23,4,1992,2,RTTP,100,1
23,4,1992,2,RTTP,102,0.554257195241627
23,4,1992,2,RTTP,104,0
23,4,1992,2,RTTP,106,0.554257195241627
23,4,1992,2,RTTP,108,0
23,4,1992,2,RTTP,110,0
23,4,1992,2,RTTP,112,0
23,4,1992,2,RTTP,114,0
23,4,1992,2,RTTP,116,0
23,4,1992,2,RTTP,118,0
23,4,1992,2,RTTP,120,0
23,4,1992,2,RTTP,122,0
23,4,1992,2,RTTP,124,0
23,4,1992,2,RTTP,126,0
23,4,1992,2,RTTP,128,0
23,4,1992,2,RTTP,130,0
23,4,1992,2,RTTP,132,0
23,4,1992,2,RTTP,134,0
23,4,1992,2,RTTP,136,0
23,4,1992,2,RTTP,138,0
23,4,1992,2,RTTP,140,0
23,4,1992,2,RTTP,142,0
23,4,1992,2,RTTP,144,0
23,4,1992,2,RTTP,146,0
23,4,1992,2,RTTP,148,0
23,4,1992,2,RTTP,150,0
23,4,1992,2,RTTP,152,0
23,4,1992,2,RTTP,154,0
23,4,1992,2,RTTP,156,0
23,4,1992,2,RTTP,158,0
23,4,1992,2,RTTP,160,0
23,4,1992,2,RTTP,162,0
23,4,1992,2,RTTP,164,0
23,4,1992,2,RTTP,166,0
23,4,1992,2,RTTP,168,0
23,4,1992,2,RTTP,170,0
23,4,1992,2,RTTP,172,0
23,4,1992,2,RTTP,174,0
23,4,1992,2,RTTP,176,0
23,4,1992,2,RTTP,178,0
23,4,1992,2,RTTP,180,0
23,4,1992,2,RTTP,182,0
23,4,1992,2,RTTP,184,0
23,4,1992,2,RTTP,186,0
23,4,1992,2,RTTP,188,0
23,4,1992,2,RTTP,190,0
23,4,1992,2,RTTP,192,0
23,4,1992,2,RTTP,194,0
23,4,1992,2,RTTP,196,0
23,4,1992,2,RTTP,198,0
24,4,1992,3,RTTP,10,0
24,4,1992,3,RTTP,12,0
24,4,1992,3,RTTP,14,0
24,4,1992,3,RTTP,16,0
24,4,1992,3,RTTP,18,0
24,4,1992,3,RTTP,20,0
24,4,1992,3,RTTP,22,0
24,4,1992,3,RTTP,24,0
24,4,1992,3,RTTP,26,0
24,4,1992,3,RTTP,28,1.77665559794182
24,4,1992,3,RTTP,30,5.77413069331091
24,4,1992,3,RTTP,32,2.22081949742727
24,4,1992,3,RTTP,34,4.44163899485455
24,4,1992,3,RTTP,36,6.21829459279637
24,4,1992,3,RTTP,38,7.10662239176728
24,4,1992,3,RTTP,40,3.99747509536909
24,4,1992,3,RTTP,42,23.0965227732436
24,4,1992,3,RTTP,44,22.6523588737582
24,4,1992,3,RTTP,46,11.9924252861073
24,4,1992,3,RTTP,48,6.21829459279637
24,4,1992,3,RTTP,50,2.66498339691273
24,4,1992,3,RTTP,52,2.66498339691273
24,4,1992,3,RTTP,54,2.66498339691273
24,4,1992,3,RTTP,56,1.77665559794182
24,4,1992,3,RTTP,58,0.444163899485455
24,4,1992,3,RTTP,60,0
24,4,1992,3,RTTP,62,0
24,4,1992,3,RTTP,64,0
24,4,1992,3,RTTP,66,0
24,4,1992,3,RTTP,68,0
24,4,1992,3,RTTP,70,0
24,4,1992,3,RTTP,72,0
24,4,1992,3,RTTP,74,0
24,4,1992,3,RTTP,76,0
24,4,1992,3,RTTP,78,0
24,4,1992,3,RTTP,80,0
24,4,1992,3,RTTP,82,0
24,4,1992,3,RTTP,84,0
24,4,1992,3,RTTP,86,0
24,4,1992,3,RTTP,88,0
24,4,1992,3,RTTP,90,0
24,4,1992,3,RTTP,92,0
24,4,1992,3,RTTP,94,0
24,4,1992,3,RTTP,96,0
24,4,1992,3,RTTP,98,0
24,4,1992,3,RTTP,100,0
24,4,1992,3,RTTP,102,0
24,4,1992,3,RTTP,104,0
24,4,1992,3,RTTP,106,0
24,4,1992,3,RTTP,108,0
24,4,1992,3,RTTP,110,0
24,4,1992,3,RTTP,112,0
24,4,1992,3,RTTP,114,0
24,4,1992,3,RTTP,116,0
24,4,1992,3,RTTP,118,0
24,4,1992,3,RTTP,120,0
24,4,1992,3,RTTP,122,0
24,4,1992,3,RTTP,124,0
24,4,1992,3,RTTP,126,0
24,4,1992,3,RTTP,128,0
24,4,1992,3,RTTP,130,0
24,4,1992,3,RTTP,132,0
24,4,1992,3,RTTP,134,0
24,4,1992,3,RTTP,136,0
24,4,1992,3,RTTP,138,0
24,4,1992,3,RTTP,140,0
24,4,1992,3,RTTP,142,0
24,4,1992,3,RTTP,144,0
24,4,1992,3,RTTP,146,0
24,4,1992,3,RTTP,148,0
24,4,1992,3,RTTP,150,0
24,4,1992,3,RTTP,152,0
24,4,1992,3,RTTP,154,0
24,4,1992,3,RTTP,156,0
24,4,1992,3,RTTP,158,0
24,4,1992,3,RTTP,160,0
24,4,1992,3,RTTP,162,0
24,4,1992,3,RTTP,164,0
24,4,1992,3,RTTP,166,0
24,4,1992,3,RTTP,168,0
24,4,1992,3,RTTP,170,0
24,4,1992,3,RTTP,172,0
24,4,1992,3,RTTP,174,0
24,4,1992,3,RTTP,176,0
24,4,1992,3,RTTP,178,0
24,4,1992,3,RTTP,180,0
24,4,1992,3,RTTP,182,0
24,4,1992,3,RTTP,184,0
24,4,1992,3,RTTP,186,0
24,4,1992,3,RTTP,188,0
24,4,1992,3,RTTP,190,0
24,4,1992,3,RTTP,192,0
24,4,1992,3,RTTP,194,0
24,4,1992,3,RTTP,196,0
24,4,1992,3,RTTP,198,0
25,5,1991,1,RTTP,10,0
25,5,1991,1,RTTP,12,0
25,5,1991,1,RTTP,14,0
25,5,1991,1,RTTP,16,0
25,5,1991,1,RTTP,18,0
25,5,1991,1,RTTP,20,0
25,5,1991,1,RTTP,22,0
25,5,1991,1,RTTP,24,0
25,5,1991,1,RTTP,26,0
25,5,1991,1,RTTP,28,0.620610901903937
25,5,1991,1,RTTP,30,0
25,5,1991,1,RTTP,32,1.24122180380787
25,5,1991,1,RTTP,34,0.620610901903937
25,5,1991,1,RTTP,36,1
25,5,1991,1,RTTP,38,8.68855262665512
25,5,1991,1,RTTP,40,7.44733082284725
25,5,1991,1,RTTP,42,14.2740507437906
25,5,1991,1,RTTP,44,6.20610901903937
25,5,1991,1,RTTP,46,3.10305450951969
25,5,1991,1,RTTP,48,5.58549811713543
25,5,1991,1,RTTP,50,19.2389379590221
25,5,1991,1,RTTP,52,50.2694830542189
25,5,1991,1,RTTP,54,100.538966108438
25,5,1991,1,RTTP,56,98.677133402726
25,5,1991,1,RTTP,58,86.2649153646473
25,5,1991,1,RTTP,60,76.3351409341843
25,5,1991,1,RTTP,62,37.2366541142362
25,5,1991,1,RTTP,64,27.3068796837732
25,5,1991,1,RTTP,66,11.1709962342709
25,5,1991,1,RTTP,68,14.2740507437906
25,5,1991,1,RTTP,70,6.82671992094331
25,5,1991,1,RTTP,72,3.10305450951969
25,5,1991,1,RTTP,74,0.620610901903937
25,5,1991,1,RTTP,76,0
25,5,1991,1,RTTP,78,0
25,5,1991,1,RTTP,80,0
25,5,1991,1,RTTP,82,0
25,5,1991,1,RTTP,84,0
25,5,1991,1,RTTP,86,0
25,5,1991,1,RTTP,88,0
25,5,1991,1,RTTP,90,0
25,5,1991,1,RTTP,92,0
25,5,1991,1,RTTP,94,0
25,5,1991,1,RTTP,96,0
25,5,1991,1,RTTP,98,0
25,5,1991,1,RTTP,100,0
25,5,1991,1,RTTP,102,0
25,5,1991,1,RTTP,104,0
25,5,1991,1,RTTP,106,0
25,5,1991,1,RTTP,108,0
25,5,1991,1,RTTP,110,0
25,5,1991,1,RTTP,112,0
25,5,1991,1,RTTP,114,0
25,5,1991,1,RTTP,116,0
25,5,1991,1,RTTP,118,0
25,5,1991,1,RTTP,120,0
25,5,1991,1,RTTP,122,0
25,5,1991,1,RTTP,124,0
25,5,1991,1,RTTP,126,0
25,5,1991,1,RTTP,128,0
25,5,1991,1,RTTP,130,0
25,5,1991,1,RTTP,132,0
25,5,1991,1,RTTP,134,0
25,5,1991,1,RTTP,136,0
25,5,1991,1,RTTP,138,0
25,5,1991,1,RTTP,140,0
25,5,1991,1,RTTP,142,0
25,5,1991,1,RTTP,144,0
25,5,1991,1,RTTP,146,0
25,5,1991,1,RTTP,148,0
25,5,1991,1,RTTP,150,0
25,5,1991,1,RTTP,152,0
25,5,1991,1,RTTP,154,0
25,5,1991,1,RTTP,156,0
25,5,1991,1,RTTP,158,0
25,5,1991,1,RTTP,160,0
25,5,1991,1,RTTP,162,0
25,5,1991,1,RTTP,164,0
25,5,1991,1,RTTP,166,0
25,5,1991,1,RTTP,168,0
25,5,1991,1,RTTP,170,0
25,5,1991,1,RTTP,172,0
25,5,1991,1,RTTP,174,0
25,5,1991,1,RTTP,176,0
25,5,1991,1,RTTP,178,0
25,5,1991,1,RTTP,180,0
25,5,1991,1,RTTP,182,0
25,5,1991,1,RTTP,184,0
25,5,1991,1,RTTP,186,0
25,5,1991,1,RTTP,188,0
25,5,1991,1,RTTP,190,0
25,5,1991,1,RTTP,192,0
25,5,1991,1,RTTP,194,0
25,5,1991,1,RTTP,196,0
25,5,1991,1,RTTP,198,0
26,5,1991,4,RTTP,10,0
26,5,1991,4,RTTP,12,0
26,5,1991,4,RTTP,14,0
26,5,1991,4,RTTP,16,0
26,5,1991,4,RTTP,18,0
26,5,1991,4,RTTP,20,0
26,5,1991,4,RTTP,22,0
26,5,1991,4,RTTP,24,0
26,5,1991,4,RTTP,26,0
26,5,1991,4,RTTP,28,0
26,5,1991,4,RTTP,30,0
26,5,1991,4,RTTP,32,0
26,5,1991,4,RTTP,34,0
26,5,1991,4,RTTP,36,0
26,5,1991,4,RTTP,38,0
26,5,1991,4,RTTP,40,0
26,5,1991,4,RTTP,42,0
26,5,1991,4,RTTP,44,0
26,5,1991,4,RTTP,46,0
26,5,1991,4,RTTP,48,0.267167019275423
26,5,1991,4,RTTP,50,0
26,5,1991,4,RTTP,52,0
26,5,1991,4,RTTP,54,1.60300211565254
26,5,1991,4,RTTP,56,2.4045031734788
26,5,1991,4,RTTP,58,2.93883721202965
26,5,1991,4,RTTP,60,1.87016913492796
26,5,1991,4,RTTP,62,1.06866807710169
26,5,1991,4,RTTP,64,1.33583509637711
26,5,1991,4,RTTP,66,0.534334038550845
26,5,1991,4,RTTP,68,0.534334038550845
26,5,1991,4,RTTP,70,0.801501057826268
26,5,1991,4,RTTP,72,0.534334038550845
26,5,1991,4,RTTP,74,0.267167019275423
26,5,1991,4,RTTP,76,0.267167019275423
26,5,1991,4,RTTP,78,0
26,5,1991,4,RTTP,80,0.267167019275423
26,5,1991,4,RTTP,82,0.267167019275423
26,5,1991,4,RTTP,84,0.267167019275423
26,5,1991,4,RTTP,86,0.267167019275423
26,5,1991,4,RTTP,88,0
26,5,1991,4,RTTP,90,0
26,5,1991,4,RTTP,92,0.534334038550845
26,5,1991,4,RTTP,94,0.267167019275423
26,5,1991,4,RTTP,96,0
26,5,1991,4,RTTP,98,0.267167019275423
26,5,1991,4,RTTP,100,0
26,5,1991,4,RTTP,102,0
26,5,1991,4,RTTP,104,0
26,5,1991,4,RTTP,106,0
26,5,1991,4,RTTP,108,0
26,5,1991,4,RTTP,110,0
26,5,1991,4,RTTP,112,0
26,5,1991,4,RTTP,114,0
26,5,1991,4,RTTP,116,0
26,5,1991,4,RTTP,118,0
26,5,1991,4,RTTP,120,0
26,5,1991,4,RTTP,122,0
26,5,1991,4,RTTP,124,0
26,5,1991,4,RTTP,126,0
26,5,1991,4,RTTP,128,0
26,5,1991,4,RTTP,130,0
26,5,1991,4,RTTP,132,0
26,5,1991,4,RTTP,134,0
26,5,1991,4,RTTP,136,0
26,5,1991,4,RTTP,138,0
26,5,1991,4,RTTP,140,0
26,5,1991,4,RTTP,142,0
26,5,1991,4,RTTP,144,0
26,5,1991,4,RTTP,146,0
26,5,1991,4,RTTP,148,0
26,5,1991,4,RTTP,150,0
26,5,1991,4,RTTP,152,0
26,5,1991,4,RTTP,154,0
26,5,1991,4,RTTP,156,0
26,5,1991,4,RTTP,158,0
26,5,1991,4,RTTP,160,0
26,5,1991,4,RTTP,162,0
26,5,1991,4,RTTP,164,0
26,5,1991,4,RTTP,166,0
26,5,1991,4,RTTP,168,0
26,5,1991,4,RTTP,170,0
26,5,1991,4,RTTP,172,0
26,5,1991,4,RTTP,174,0
26,5,1991,4,RTTP,176,0
26,5,1991,4,RTTP,178,0
26,5,1991,4,RTTP,180,0
26,5,1991,4,RTTP,182,0
26,5,1991,4,RTTP,184,0
26,5,1991,4,RTTP,186,0
26,5,1991,4,RTTP,188,0
26,5,1991,4,RTTP,190,0
26,5,1991,4,RTTP,192,0
26,5,1991,4,RTTP,194,0
26,5,1991,4,RTTP,196,0
26,5,1991,4,RTTP,198,0
27,5,1992,1,RTTP,10,0
27,5,1992,1,RTTP,12,0
27,5,1992,1,RTTP,14,0
27,5,1992,1,RTTP,16,0
27,5,1992,1,RTTP,18,0
27,5,1992,1,RTTP,20,0
27,5,1992,1,RTTP,22,0
27,5,1992,1,RTTP,24,0
27,5,1992,1,RTTP,26,0
27,5,1992,1,RTTP,28,0
27,5,1992,1,RTTP,30,0
27,5,1992,1,RTTP,32,0
27,5,1992,1,RTTP,34,0
27,5,1992,1,RTTP,36,0
27,5,1992,1,RTTP,38,0
27,5,1992,1,RTTP,40,0.575223717409471
27,5,1992,1,RTTP,42,1.15044743481894
27,5,1992,1,RTTP,44,1.15044743481894
27,5,1992,1,RTTP,46,30.486857022702
27,5,1992,1,RTTP,48,117.920862068942
27,5,1992,1,RTTP,50,183.496365853621
27,5,1992,1,RTTP,52,95.4871370899722
27,5,1992,1,RTTP,54,69.602069806546
27,5,1992,1,RTTP,56,22.4337249789694
27,5,1992,1,RTTP,58,15.5310403700557
27,5,1992,1,RTTP,60,10.3540269133705
27,5,1992,1,RTTP,62,8.05313204373259
27,5,1992,1,RTTP,64,5.17701345668524
27,5,1992,1,RTTP,66,9.77880319596101
27,5,1992,1,RTTP,68,12.6549217830084
27,5,1992,1,RTTP,70,20.1328301093315
27,5,1992,1,RTTP,72,8.62835576114206
27,5,1992,1,RTTP,74,8.62835576114206
27,5,1992,1,RTTP,76,4.60178973927577
27,5,1992,1,RTTP,78,3.45134230445683
27,5,1992,1,RTTP,80,0.575223717409471
27,5,1992,1,RTTP,82,1.72567115222841
27,5,1992,1,RTTP,84,0
27,5,1992,1,RTTP,86,0
27,5,1992,1,RTTP,88,0
27,5,1992,1,RTTP,90,1.72567115222841
27,5,1992,1,RTTP,92,0
27,5,1992,1,RTTP,94,0
27,5,1992,1,RTTP,96,0.575223717409471
27,5,1992,1,RTTP,98,0.575223717409471
27,5,1992,1,RTTP,100,0
27,5,1992,1,RTTP,102,0
27,5,1992,1,RTTP,104,0
27,5,1992,1,RTTP,106,0
27,5,1992,1,RTTP,108,0
27,5,1992,1,RTTP,110,0
27,5,1992,1,RTTP,112,0
27,5,1992,1,RTTP,114,0
27,5,1992,1,RTTP,116,0
27,5,1992,1,RTTP,118,0
27,5,1992,1,RTTP,120,0
27,5,1992,1,RTTP,122,0
27,5,1992,1,RTTP,124,0
27,5,1992,1,RTTP,126,0
27,5,1992,1,RTTP,128,0
27,5,1992,1,RTTP,130,0
27,5,1992,1,RTTP,132,0
27,5,1992,1,RTTP,134,0
27,5,1992,1,RTTP,136,0
27,5,1992,1,RTTP,138,0
27,5,1992,1,RTTP,140,0
27,5,1992,1,RTTP,142,0
27,5,1992,1,RTTP,144,0
27,5,1992,1,RTTP,146,0
27,5,1992,1,RTTP,148,0
27,5,1992,1,RTTP,150,0
27,5,1992,1,RTTP,152,0
27,5,1992,1,RTTP,154,0
27,5,1992,1,RTTP,156,0
27,5,1992,1,RTTP,158,0
27,5,1992,1,RTTP,160,0
27,5,1992,1,RTTP,162,0
27,5,1992,1,RTTP,164,0
27,5,1992,1,RTTP,166,0
27,5,1992,1,RTTP,168,0
27,5,1992,1,RTTP,170,0
27,5,1992,1,RTTP,172,0
27,5,1992,1,RTTP,174,0
27,5,1992,1,RTTP,176,0
27,5,1992,1,RTTP,178,0
27,5,1992,1,RTTP,180,0
27,5,1992,1,RTTP,182,0
27,5,1992,1,RTTP,184,0
27,5,1992,1,RTTP,186,0
27,5,1992,1,RTTP,188,0
27,5,1992,1,RTTP,190,0
27,5,1992,1,RTTP,192,0
27,5,1992,1,RTTP,194,0
27,5,1992,1,RTTP,196,0
27,5,1992,1,RTTP,198,0
28,5,1992,3,RTTP,10,0
28,5,1992,3,RTTP,12,0
28,5,1992,3,RTTP,14,0
28,5,1992,3,RTTP,16,0
28,5,1992,3,RTTP,18,0
28,5,1992,3,RTTP,20,0
28,5,1992,3,RTTP,22,0
28,5,1992,3,RTTP,24,0
28,5,1992,3,RTTP,26,0
28,5,1992,3,RTTP,28,0
28,5,1992,3,RTTP,30,0
28,5,1992,3,RTTP,32,0
28,5,1992,3,RTTP,34,0
28,5,1992,3,RTTP,36,0
28,5,1992,3,RTTP,38,0
28,5,1992,3,RTTP,40,0
28,5,1992,3,RTTP,42,0
28,5,1992,3,RTTP,44,0
28,5,1992,3,RTTP,46,0
28,5,1992,3,RTTP,48,0
28,5,1992,3,RTTP,50,0
28,5,1992,3,RTTP,52,0
28,5,1992,3,RTTP,54,0.517271234393458
28,5,1992,3,RTTP,56,0
28,5,1992,3,RTTP,58,0
28,5,1992,3,RTTP,60,0
28,5,1992,3,RTTP,62,0
28,5,1992,3,RTTP,64,0
28,5,1992,3,RTTP,66,0
28,5,1992,3,RTTP,68,0
28,5,1992,3,RTTP,70,0
28,5,1992,3,RTTP,72,0
28,5,1992,3,RTTP,74,0.517271234393458
28,5,1992,3,RTTP,76,0
28,5,1992,3,RTTP,78,0
28,5,1992,3,RTTP,80,0
28,5,1992,3,RTTP,82,3.10362740636075
28,5,1992,3,RTTP,84,1.03454246878692
28,5,1992,3,RTTP,86,2.58635617196729
28,5,1992,3,RTTP,88,1.55181370318037
28,5,1992,3,RTTP,90,0.517271234393458
28,5,1992,3,RTTP,92,0
28,5,1992,3,RTTP,94,0
28,5,1992,3,RTTP,96,0.517271234393458
28,5,1992,3,RTTP,98,0
28,5,1992,3,RTTP,100,0
28,5,1992,3,RTTP,102,0
28,5,1992,3,RTTP,104,0
28,5,1992,3,RTTP,106,0
28,5,1992,3,RTTP,108,0
28,5,1992,3,RTTP,110,0
28,5,1992,3,RTTP,112,0
28,5,1992,3,RTTP,114,0
28,5,1992,3,RTTP,116,0
28,5,1992,3,RTTP,118,0
28,5,1992,3,RTTP,120,0
28,5,1992,3,RTTP,122,0
28,5,1992,3,RTTP,124,0
28,5,1992,3,RTTP,126,0
28,5,1992,3,RTTP,128,0
28,5,1992,3,RTTP,130,0
28,5,1992,3,RTTP,132,0
28,5,1992,3,RTTP,134,0
28,5,1992,3,RTTP,136,0
28,5,1992,3,RTTP,138,0
28,5,1992,3,RTTP,140,0
28,5,1992,3,RTTP,142,0
28,5,1992,3,RTTP,144,0
28,5,1992,3,RTTP,146,0
28,5,1992,3,RTTP,148,0
28,5,1992,3,RTTP,150,0
28,5,1992,3,RTTP,152,0
28,5,1992,3,RTTP,154,0
28,5,1992,3,RTTP,156,0
28,5,1992,3,RTTP,158,0
28,5,1992,3,RTTP,160,0
28,5,1992,3,RTTP,162,0
28,5,1992,3,RTTP,164,0
28,5,1992,3,RTTP,166,0
28,5,1992,3,RTTP,168,0
28,5,1992,3,RTTP,170,0
28,5,1992,3,RTTP,172,0
28,5,1992,3,RTTP,174,0
28,5,1992,3,RTTP,176,0
28,5,1992,3,RTTP,178,0
28,5,1992,3,RTTP,180,0
28,5,1992,3,RTTP,182,0
28,5,1992,3,RTTP,184,0
28,5,1992,3,RTTP,186,0
28,5,1992,3,RTTP,188,0
28,5,1992,3,RTTP,190,0
28,5,1992,3,RTTP,192,0
28,5,1992,3,RTTP,194,0
28,5,1992,3,RTTP,196,0
28,5,1992,3,RTTP,198,0
29,5,1992,4,RTTP,10,0
29,5,1992,4,RTTP,12,0
29,5,1992,4,RTTP,14,0
29,5,1992,4,RTTP,16,0
29,5,1992,4,RTTP,18,0
29,5,1992,4,RTTP,20,0
29,5,1992,4,RTTP,22,0
29,5,1992,4,RTTP,24,0
29,5,1992,4,RTTP,26,0
29,5,1992,4,RTTP,28,0
29,5,1992,4,RTTP,30,0
29,5,1992,4,RTTP,32,0
29,5,1992,4,RTTP,34,0
29,5,1992,4,RTTP,36,0
29,5,1992,4,RTTP,38,0
29,5,1992,4,RTTP,40,0
29,5,1992,4,RTTP,42,0
29,5,1992,4,RTTP,44,0.870946567248835
29,5,1992,4,RTTP,46,4.35473283624418
29,5,1992,4,RTTP,48,18.72535119585
29,5,1992,4,RTTP,50,47.9020611986859
29,5,1992,4,RTTP,52,66.6274123945359
29,5,1992,4,RTTP,54,81.8689773213905
29,5,1992,4,RTTP,56,32.6604962718313
29,5,1992,4,RTTP,58,12.1932519414837
29,5,1992,4,RTTP,60,8.27399238886394
29,5,1992,4,RTTP,62,6.09662597074185
29,5,1992,4,RTTP,64,1.74189313449767
29,5,1992,4,RTTP,66,0
29,5,1992,4,RTTP,68,0
29,5,1992,4,RTTP,70,0
29,5,1992,4,RTTP,72,0
29,5,1992,4,RTTP,74,0
29,5,1992,4,RTTP,76,0
29,5,1992,4,RTTP,78,0.435473283624418
29,5,1992,4,RTTP,80,0
29,5,1992,4,RTTP,82,0.435473283624418
29,5,1992,4,RTTP,84,0
29,5,1992,4,RTTP,86,0
29,5,1992,4,RTTP,88,0.435473283624418
29,5,1992,4,RTTP,90,0.870946567248835
29,5,1992,4,RTTP,92,0.435473283624418
29,5,1992,4,RTTP,94,1.30641985087325
29,5,1992,4,RTTP,96,0.435473283624418
29,5,1992,4,RTTP,98,1.30641985087325
29,5,1992,4,RTTP,100,0.870946567248835
29,5,1992,4,RTTP,102,0.870946567248835
29,5,1992,4,RTTP,104,0
29,5,1992,4,RTTP,106,0
29,5,1992,4,RTTP,108,0.870946567248835
29,5,1992,4,RTTP,110,0.870946567248835
29,5,1992,4,RTTP,112,0
29,5,1992,4,RTTP,114,0
29,5,1992,4,RTTP,116,0
29,5,1992,4,RTTP,118,0
29,5,1992,4,RTTP,120,0
29,5,1992,4,RTTP,122,0
29,5,1992,4,RTTP,124,0
29,5,1992,4,RTTP,126,0
29,5,1992,4,RTTP,128,0
29,5,1992,4,RTTP,130,0
29,5,1992,4,RTTP,132,0
29,5,1992,4,RTTP,134,0
29,5,1992,4,RTTP,136,0
29,5,1992,4,RTTP,138,0
29,5,1992,4,RTTP,140,0
29,5,1992,4,RTTP,142,0
29,5,1992,4,RTTP,144,0
29,5,1992,4,RTTP,146,0
29,5,1992,4,RTTP,148,0
29,5,1992,4,RTTP,150,0
29,5,1992,4,RTTP,152,0
29,5,1992,4,RTTP,154,0
29,5,1992,4,RTTP,156,0
29,5,1992,4,RTTP,158,0
29,5,1992,4,RTTP,160,0
29,5,1992,4,RTTP,162,0
29,5,1992,4,RTTP,164,0
29,5,1992,4,RTTP,166,0
29,5,1992,4,RTTP,168,0
29,5,1992,4,RTTP,170,0
29,5,1992,4,RTTP,172,0
29,5,1992,4,RTTP,174,0
29,5,1992,4,RTTP,176,0
29,5,1992,4,RTTP,178,0
29,5,1992,4,RTTP,180,0
29,5,1992,4,RTTP,182,0
29,5,1992,4,RTTP,184,0
29,5,1992,4,RTTP,186,0
29,5,1992,4,RTTP,188,0
29,5,1992,4,RTTP,190,0
29,5,1992,4,RTTP,192,0
29,5,1992,4,RTTP,194,0
29,5,1992,4,RTTP,196,0
29,5,1992,4,RTTP,198,0
30,1,2020,3,PTTP,10,0
30,1,2020,3,PTTP,12,0
30,1,2020,3,PTTP,14,0
30,1,2020,3,PTTP,16,0
30,1,2020,3,PTTP,18,0
30,1,2020,3,PTTP,20,0
30,1,2020,3,PTTP,22,0
30,1,2020,3,PTTP,24,0
30,1,2020,3,PTTP,26,0
30,1,2020,3,PTTP,28,0
30,1,2020,3,PTTP,30,0
30,1,2020,3,PTTP,32,0.370287017245198
30,1,2020,3,PTTP,34,1.11086105173559
30,1,2020,3,PTTP,36,2.59200912071639
30,1,2020,3,PTTP,38,7.77602736214916
30,1,2020,3,PTTP,40,18.8846378795051
30,1,2020,3,PTTP,42,14.8114806898079
30,1,2020,3,PTTP,44,12.5897585863367
30,1,2020,3,PTTP,46,9.99774946562035
30,1,2020,3,PTTP,48,4.44344420694238
30,1,2020,3,PTTP,50,19.9954989312407
30,1,2020,3,PTTP,52,3.33258315520678
30,1,2020,3,PTTP,54,3.33258315520678
30,1,2020,3,PTTP,56,2.96229613796159
30,1,2020,3,PTTP,58,3.33258315520678
30,1,2020,3,PTTP,60,3.70287017245198
30,1,2020,3,PTTP,62,0.740574034490396
30,1,2020,3,PTTP,64,0.740574034490396
30,1,2020,3,PTTP,66,1.11086105173559
30,1,2020,3,PTTP,68,0
30,1,2020,3,PTTP,70,0
30,1,2020,3,PTTP,72,0
30,1,2020,3,PTTP,74,0
30,1,2020,3,PTTP,76,0
30,1,2020,3,PTTP,78,0
30,1,2020,3,PTTP,80,0
30,1,2020,3,PTTP,82,0
30,1,2020,3,PTTP,84,0
30,1,2020,3,PTTP,86,0
30,1,2020,3,PTTP,88,0
30,1,2020,3,PTTP,90,0
30,1,2020,3,PTTP,92,0
30,1,2020,3,PTTP,94,0
30,1,2020,3,PTTP,96,0
30,1,2020,3,PTTP,98,0
30,1,2020,3,PTTP,100,0
30,1,2020,3,PTTP,102,0
30,1,2020,3,PTTP,104,0
30,1,2020,3,PTTP,106,0
30,1,2020,3,PTTP,108,0
30,1,2020,3,PTTP,110,0
30,1,2020,3,PTTP,112,0
30,1,2020,3,PTTP,114,0
30,1,2020,3,PTTP,116,0
30,1,2020,3,PTTP,118,0
30,1,2020,3,PTTP,120,0
30,1,2020,3,PTTP,122,0
30,1,2020,3,PTTP,124,0
30,1,2020,3,PTTP,126,0
30,1,2020,3,PTTP,128,0
30,1,2020,3,PTTP,130,0
30,1,2020,3,PTTP,132,0
30,1,2020,3,PTTP,134,0
30,1,2020,3,PTTP,136,0
30,1,2020,3,PTTP,138,0
30,1,2020,3,PTTP,140,0
30,1,2020,3,PTTP,142,0
30,1,2020,3,PTTP,144,0
30,1,2020,3,PTTP,146,0
30,1,2020,3,PTTP,148,0
30,1,2020,3,PTTP,150,0
30,1,2020,3,PTTP,152,0
30,1,2020,3,PTTP,154,0
30,1,2020,3,PTTP,156,0
30,1,2020,3,PTTP,158,0
30,1,2020,3,PTTP,160,0
30,1,2020,3,PTTP,162,0
30,1,2020,3,PTTP,164,0
30,1,2020,3,PTTP,166,0
30,1,2020,3,PTTP,168,0
30,1,2020,3,PTTP,170,0
30,1,2020,3,PTTP,172,0
30,1,2020,3,PTTP,174,0
30,1,2020,3,PTTP,176,0
30,1,2020,3,PTTP,178,0
30,1,2020,3,PTTP,180,0
30,1,2020,3,PTTP,182,0
30,1,2020,3,PTTP,184,0
30,1,2020,3,PTTP,186,0
30,1,2020,3,PTTP,188,0
30,1,2020,3,PTTP,190,0
30,1,2020,3,PTTP,192,0
30,1,2020,3,PTTP,194,0
30,1,2020,3,PTTP,196,0
30,1,2020,3,PTTP,198,0
31,1,2021,3,PTTP,10,0
31,1,2021,3,PTTP,12,0
31,1,2021,3,PTTP,14,0
31,1,2021,3,PTTP,16,0
31,1,2021,3,PTTP,18,0
31,1,2021,3,PTTP,20,0
31,1,2021,3,PTTP,22,0
31,1,2021,3,PTTP,24,0
31,1,2021,3,PTTP,26,0
31,1,2021,3,PTTP,28,0
31,1,2021,3,PTTP,30,0
31,1,2021,3,PTTP,32,0
31,1,2021,3,PTTP,34,0
31,1,2021,3,PTTP,36,0
31,1,2021,3,PTTP,38,1
31,1,2021,3,PTTP,40,0.154580431953427
31,1,2021,3,PTTP,42,0.154580431953427
31,1,2021,3,PTTP,44,0.618321727813707
31,1,2021,3,PTTP,46,1
31,1,2021,3,PTTP,48,1.70038475148769
31,1,2021,3,PTTP,50,7.26528030181106
31,1,2021,3,PTTP,52,22.2595822012934
31,1,2021,3,PTTP,54,29.5248625031045
31,1,2021,3,PTTP,56,17.4675888107372
31,1,2021,3,PTTP,58,4.48283252664937
31,1,2021,3,PTTP,60,1.23664345562741
31,1,2021,3,PTTP,62,0.618321727813707
31,1,2021,3,PTTP,64,0.309160863906853
31,1,2021,3,PTTP,66,0
31,1,2021,3,PTTP,68,0
31,1,2021,3,PTTP,70,0
31,1,2021,3,PTTP,72,0.154580431953427
31,1,2021,3,PTTP,74,0
31,1,2021,3,PTTP,76,0.154580431953427
31,1,2021,3,PTTP,78,0
31,1,2021,3,PTTP,80,0.154580431953427
31,1,2021,3,PTTP,82,0
31,1,2021,3,PTTP,84,0
31,1,2021,3,PTTP,86,0
31,1,2021,3,PTTP,88,0
31,1,2021,3,PTTP,90,0
31,1,2021,3,PTTP,92,0
31,1,2021,3,PTTP,94,0
31,1,2021,3,PTTP,96,0
31,1,2021,3,PTTP,98,0
31,1,2021,3,PTTP,100,0
31,1,2021,3,PTTP,102,0
31,1,2021,3,PTTP,104,0
31,1,2021,3,PTTP,106,0
31,1,2021,3,PTTP,108,0
31,1,2021,3,PTTP,110,0
31,1,2021,3,PTTP,112,0
31,1,2021,3,PTTP,114,0
31,1,2021,3,PTTP,116,0
31,1,2021,3,PTTP,118,0
31,1,2021,3,PTTP,120,0
31,1,2021,3,PTTP,122,0
31,1,2021,3,PTTP,124,0
31,1,2021,3,PTTP,126,0
31,1,2021,3,PTTP,128,0
31,1,2021,3,PTTP,130,0
31,1,2021,3,PTTP,132,0
31,1,2021,3,PTTP,134,0
31,1,2021,3,PTTP,136,0
31,1,2021,3,PTTP,138,0
31,1,2021,3,PTTP,140,0
31,1,2021,3,PTTP,142,0
31,1,2021,3,PTTP,144,0
31,1,2021,3,PTTP,146,0
31,1,2021,3,PTTP,148,0
31,1,2021,3,PTTP,150,0
31,1,2021,3,PTTP,152,0
31,1,2021,3,PTTP,154,0
31,1,2021,3,PTTP,156,0
31,1,2021,3,PTTP,158,0
31,1,2021,3,PTTP,160,0
31,1,2021,3,PTTP,162,0
31,1,2021,3,PTTP,164,0
31,1,2021,3,PTTP,166,0
31,1,2021,3,PTTP,168,0
31,1,2021,3,PTTP,170,0
31,1,2021,3,PTTP,172,0
31,1,2021,3,PTTP,174,0
31,1,2021,3,PTTP,176,0
31,1,2021,3,PTTP,178,0
31,1,2021,3,PTTP,180,0
31,1,2021,3,PTTP,182,0
31,1,2021,3,PTTP,184,0
31,1,2021,3,PTTP,186,0
31,1,2021,3,PTTP,188,0
31,1,2021,3,PTTP,190,0
31,1,2021,3,PTTP,192,0
31,1,2021,3,PTTP,194,0
31,1,2021,3,PTTP,196,0
31,1,2021,3,PTTP,198,0
32,2,2008,3,PTTP,10,0
32,2,2008,3,PTTP,12,0
32,2,2008,3,PTTP,14,0
32,2,2008,3,PTTP,16,0
32,2,2008,3,PTTP,18,0
32,2,2008,3,PTTP,20,0
32,2,2008,3,PTTP,22,0
32,2,2008,3,PTTP,24,0.840704006140297
32,2,2008,3,PTTP,26,4.20352003070148
32,2,2008,3,PTTP,28,76.0837125556968
32,2,2008,3,PTTP,30,457.342979340321
32,2,2008,3,PTTP,32,347.631106539013
32,2,2008,3,PTTP,34,239.600641749985
32,2,2008,3,PTTP,36,98.3623687184147
32,2,2008,3,PTTP,38,99.203072724555
32,2,2008,3,PTTP,40,167.720449224989
32,2,2008,3,PTTP,42,103.826944758327
32,2,2008,3,PTTP,44,67.2563204912237
32,2,2008,3,PTTP,46,30.2653442210507
32,2,2008,3,PTTP,48,17.2344321258761
32,2,2008,3,PTTP,50,13.4512640982447
32,2,2008,3,PTTP,52,7.98668805833282
32,2,2008,3,PTTP,54,7.56633605526267
32,2,2008,3,PTTP,56,1.68140801228059
32,2,2008,3,PTTP,58,0.840704006140297
32,2,2008,3,PTTP,60,2.52211201842089
32,2,2008,3,PTTP,62,1.26105600921045
32,2,2008,3,PTTP,64,1.26105600921045
32,2,2008,3,PTTP,66,0.840704006140297
32,2,2008,3,PTTP,68,0.420352003070148
32,2,2008,3,PTTP,70,0
32,2,2008,3,PTTP,72,0
32,2,2008,3,PTTP,74,1.26105600921045
32,2,2008,3,PTTP,76,0.420352003070148
32,2,2008,3,PTTP,78,0
32,2,2008,3,PTTP,80,0
32,2,2008,3,PTTP,82,0
32,2,2008,3,PTTP,84,0
32,2,2008,3,PTTP,86,0
32,2,2008,3,PTTP,88,0
32,2,2008,3,PTTP,90,0
32,2,2008,3,PTTP,92,0
32,2,2008,3,PTTP,94,0
32,2,2008,3,PTTP,96,0
32,2,2008,3,PTTP,98,0
32,2,2008,3,PTTP,100,0
32,2,2008,3,PTTP,102,0
32,2,2008,3,PTTP,104,0
32,2,2008,3,PTTP,106,0
32,2,2008,3,PTTP,108,0
32,2,2008,3,PTTP,110,0
32,2,2008,3,PTTP,112,0
32,2,2008,3,PTTP,114,0
32,2,2008,3,PTTP,116,0
32,2,2008,3,PTTP,118,0
32,2,2008,3,PTTP,120,0
32,2,2008,3,PTTP,122,0
32,2,2008,3,PTTP,124,0
32,2,2008,3,PTTP,126,0
32,2,2008,3,PTTP,128,0
32,2,2008,3,PTTP,130,0
32,2,2008,3,PTTP,132,0
32,2,2008,3,PTTP,134,0
32,2,2008,3,PTTP,136,0
32,2,2008,3,PTTP,138,0
32,2,2008,3,PTTP,140,0
32,2,2008,3,PTTP,142,0
32,2,2008,3,PTTP,144,0
32,2,2008,3,PTTP,146,0
32,2,2008,3,PTTP,148,0
32,2,2008,3,PTTP,150,0
32,2,2008,3,PTTP,152,0
32,2,2008,3,PTTP,154,0
32,2,2008,3,PTTP,156,0
32,2,2008,3,PTTP,158,0
32,2,2008,3,PTTP,160,0
32,2,2008,3,PTTP,162,0
32,2,2008,3,PTTP,164,0
32,2,2008,3,PTTP,166,0
32,2,2008,3,PTTP,168,0
32,2,2008,3,PTTP,170,0
32,2,2008,3,PTTP,172,0
32,2,2008,3,PTTP,174,0
32,2,2008,3,PTTP,176,0
32,2,2008,3,PTTP,178,0
32,2,2008,3,PTTP,180,0
32,2,2008,3,PTTP,182,0
32,2,2008,3,PTTP,184,0
32,2,2008,3,PTTP,186,0
32,2,2008,3,PTTP,188,0
32,2,2008,3,PTTP,190,0
32,2,2008,3,PTTP,192,0
32,2,2008,3,PTTP,194,0
32,2,2008,3,PTTP,196,0
32,2,2008,3,PTTP,198,0
33,2,2008,4,PTTP,10,0
33,2,2008,4,PTTP,12,0
33,2,2008,4,PTTP,14,0
33,2,2008,4,PTTP,16,0
33,2,2008,4,PTTP,18,0
33,2,2008,4,PTTP,20,0
33,2,2008,4,PTTP,22,0
33,2,2008,4,PTTP,24,0
33,2,2008,4,PTTP,26,0
33,2,2008,4,PTTP,28,1.78084058340648
33,2,2008,4,PTTP,30,17.2147923062627
33,2,2008,4,PTTP,32,29.0870628623059
33,2,2008,4,PTTP,34,88.448415642522
33,2,2008,4,PTTP,36,324.11298617998
33,2,2008,4,PTTP,38,1214.53327788322
33,2,2008,4,PTTP,40,621.513363608863
33,2,2008,4,PTTP,42,280.18558512262
33,2,2008,4,PTTP,44,156.713971339771
33,2,2008,4,PTTP,46,113.380183810213
33,2,2008,4,PTTP,48,67.6719421694464
33,2,2008,4,PTTP,50,29.0870628623059
33,2,2008,4,PTTP,52,24.3381546398886
33,2,2008,4,PTTP,54,16.0275652506584
33,2,2008,4,PTTP,56,14.2467246672519
33,2,2008,4,PTTP,58,2.96806763901081
33,2,2008,4,PTTP,60,0.593613527802161
33,2,2008,4,PTTP,62,0
33,2,2008,4,PTTP,64,1.18722705560432
33,2,2008,4,PTTP,66,0
33,2,2008,4,PTTP,68,0
33,2,2008,4,PTTP,70,0
33,2,2008,4,PTTP,72,0
33,2,2008,4,PTTP,74,0
33,2,2008,4,PTTP,76,0
33,2,2008,4,PTTP,78,0
33,2,2008,4,PTTP,80,0
33,2,2008,4,PTTP,82,0
33,2,2008,4,PTTP,84,0
33,2,2008,4,PTTP,86,0
33,2,2008,4,PTTP,88,0
33,2,2008,4,PTTP,90,0
33,2,2008,4,PTTP,92,0
33,2,2008,4,PTTP,94,0
33,2,2008,4,PTTP,96,0
33,2,2008,4,PTTP,98,0
33,2,2008,4,PTTP,100,0
33,2,2008,4,PTTP,102,0
33,2,2008,4,PTTP,104,0
33,2,2008,4,PTTP,106,0
33,2,2008,4,PTTP,108,0
33,2,2008,4,PTTP,110,0
33,2,2008,4,PTTP,112,0
33,2,2008,4,PTTP,114,0
33,2,2008,4,PTTP,116,0
33,2,2008,4,PTTP,118,0
33,2,2008,4,PTTP,120,0
33,2,2008,4,PTTP,122,0
33,2,2008,4,PTTP,124,0
33,2,2008,4,PTTP,126,0
33,2,2008,4,PTTP,128,0
33,2,2008,4,PTTP,130,0
33,2,2008,4,PTTP,132,0
33,2,2008,4,PTTP,134,0
33,2,2008,4,PTTP,136,0
33,2,2008,4,PTTP,138,0
33,2,2008,4,PTTP,140,0
33,2,2008,4,PTTP,142,0
33,2,2008,4,PTTP,144,0
33,2,2008,4,PTTP,146,0
33,2,2008,4,PTTP,148,0
33,2,2008,4,PTTP,150,0
33,2,2008,4,PTTP,152,0
33,2,2008,4,PTTP,154,0
33,2,2008,4,PTTP,156,0
33,2,2008,4,PTTP,158,0
33,2,2008,4,PTTP,160,0
33,2,2008,4,PTTP,162,0
33,2,2008,4,PTTP,164,0
33,2,2008,4,PTTP,166,0
33,2,2008,4,PTTP,168,0
33,2,2008,4,PTTP,170,0
33,2,2008,4,PTTP,172,0
33,2,2008,4,PTTP,174,0
33,2,2008,4,PTTP,176,0
33,2,2008,4,PTTP,178,0
33,2,2008,4,PTTP,180,0
33,2,2008,4,PTTP,182,0
33,2,2008,4,PTTP,184,0
33,2,2008,4,PTTP,186,0
33,2,2008,4,PTTP,188,0
33,2,2008,4,PTTP,190,0
33,2,2008,4,PTTP,192,0
33,2,2008,4,PTTP,194,0
33,2,2008,4,PTTP,196,0
33,2,2008,4,PTTP,198,0
34,2,2009,3,PTTP,10,0
34,2,2009,3,PTTP,12,0
34,2,2009,3,PTTP,14,0
34,2,2009,3,PTTP,16,0
34,2,2009,3,PTTP,18,0
34,2,2009,3,PTTP,20,0
34,2,2009,3,PTTP,22,0
34,2,2009,3,PTTP,24,0
34,2,2009,3,PTTP,26,6.30520831465708
34,2,2009,3,PTTP,28,33.818844596797
34,2,2009,3,PTTP,30,127.250567804897
34,2,2009,3,PTTP,32,221.828692524753
34,2,2009,3,PTTP,34,283.16117340369
34,2,2009,3,PTTP,36,305.516002882929
34,2,2009,3,PTTP,38,284.880775671324
34,2,2009,3,PTTP,40,222.975094036509
34,2,2009,3,PTTP,42,132.409374607799
34,2,2009,3,PTTP,44,60.7592801230591
34,2,2009,3,PTTP,46,23.5012309909946
34,2,2009,3,PTTP,48,17.1960226763375
34,2,2009,3,PTTP,50,9.17121209404666
34,2,2009,3,PTTP,52,6.30520831465708
34,2,2009,3,PTTP,54,3.4392045352675
34,2,2009,3,PTTP,56,5.73200755877916
34,2,2009,3,PTTP,58,4.01240529114541
34,2,2009,3,PTTP,60,5.15880680290124
34,2,2009,3,PTTP,62,6.87840907053499
34,2,2009,3,PTTP,64,4.01240529114541
34,2,2009,3,PTTP,66,0.573200755877916
34,2,2009,3,PTTP,68,0.573200755877916
34,2,2009,3,PTTP,70,0
34,2,2009,3,PTTP,72,0
34,2,2009,3,PTTP,74,0.573200755877916
34,2,2009,3,PTTP,76,0
34,2,2009,3,PTTP,78,0
34,2,2009,3,PTTP,80,0
34,2,2009,3,PTTP,82,0
34,2,2009,3,PTTP,84,0
34,2,2009,3,PTTP,86,0
34,2,2009,3,PTTP,88,0
34,2,2009,3,PTTP,90,0
34,2,2009,3,PTTP,92,0
34,2,2009,3,PTTP,94,0
34,2,2009,3,PTTP,96,0
34,2,2009,3,PTTP,98,0
34,2,2009,3,PTTP,100,0
34,2,2009,3,PTTP,102,0
34,2,2009,3,PTTP,104,0
34,2,2009,3,PTTP,106,0
34,2,2009,3,PTTP,108,0
34,2,2009,3,PTTP,110,0
34,2,2009,3,PTTP,112,0
34,2,2009,3,PTTP,114,0
34,2,2009,3,PTTP,116,0
34,2,2009,3,PTTP,118,0
34,2,2009,3,PTTP,120,0
34,2,2009,3,PTTP,122,0
34,2,2009,3,PTTP,124,0
34,2,2009,3,PTTP,126,0
34,2,2009,3,PTTP,128,0
34,2,2009,3,PTTP,130,0
34,2,2009,3,PTTP,132,0
34,2,2009,3,PTTP,134,0
34,2,2009,3,PTTP,136,0
34,2,2009,3,PTTP,138,0
34,2,2009,3,PTTP,140,0
34,2,2009,3,PTTP,142,0
34,2,2009,3,PTTP,144,0
34,2,2009,3,PTTP,146,0
34,2,2009,3,PTTP,148,0
34,2,2009,3,PTTP,150,0
34,2,2009,3,PTTP,152,0
34,2,2009,3,PTTP,154,0
34,2,2009,3,PTTP,156,0
34,2,2009,3,PTTP,158,0
34,2,2009,3,PTTP,160,0
34,2,2009,3,PTTP,162,0
34,2,2009,3,PTTP,164,0
34,2,2009,3,PTTP,166,0
34,2,2009,3,PTTP,168,0
34,2,2009,3,PTTP,170,0
34,2,2009,3,PTTP,172,0
34,2,2009,3,PTTP,174,0
34,2,2009,3,PTTP,176,0
34,2,2009,3,PTTP,178,0
34,2,2009,3,PTTP,180,0
34,2,2009,3,PTTP,182,0
34,2,2009,3,PTTP,184,0
34,2,2009,3,PTTP,186,0
34,2,2009,3,PTTP,188,0
34,2,2009,3,PTTP,190,0
34,2,2009,3,PTTP,192,0
34,2,2009,3,PTTP,194,0
34,2,2009,3,PTTP,196,0
34,2,2009,3,PTTP,198,0
35,2,2019,3,PTTP,10,0
35,2,2019,3,PTTP,12,0
35,2,2019,3,PTTP,14,0
35,2,2019,3,PTTP,16,0
35,2,2019,3,PTTP,18,0
35,2,2019,3,PTTP,20,0
35,2,2019,3,PTTP,22,0
35,2,2019,3,PTTP,24,0
35,2,2019,3,PTTP,26,0
35,2,2019,3,PTTP,28,0.49170066226594
35,2,2019,3,PTTP,30,0.49170066226594
35,2,2019,3,PTTP,32,0.49170066226594
35,2,2019,3,PTTP,34,0.98340132453188
35,2,2019,3,PTTP,36,6.88380927172316
35,2,2019,3,PTTP,38,3.44190463586158
35,2,2019,3,PTTP,40,3.93360529812752
35,2,2019,3,PTTP,42,1.96680264906376
35,2,2019,3,PTTP,44,3.44190463586158
35,2,2019,3,PTTP,46,1.47510198679782
35,2,2019,3,PTTP,48,4.42530596039346
35,2,2019,3,PTTP,50,7.86721059625504
35,2,2019,3,PTTP,52,12.7842172189144
35,2,2019,3,PTTP,54,5.90040794719128
35,2,2019,3,PTTP,56,6.88380927172316
35,2,2019,3,PTTP,58,2.4585033113297
35,2,2019,3,PTTP,60,3.44190463586158
35,2,2019,3,PTTP,62,1.96680264906376
35,2,2019,3,PTTP,64,1.47510198679782
35,2,2019,3,PTTP,66,1
35,2,2019,3,PTTP,68,0
35,2,2019,3,PTTP,70,0
35,2,2019,3,PTTP,72,0.49170066226594
35,2,2019,3,PTTP,74,0
35,2,2019,3,PTTP,76,0
35,2,2019,3,PTTP,78,0
35,2,2019,3,PTTP,80,0
35,2,2019,3,PTTP,82,0
35,2,2019,3,PTTP,84,0
35,2,2019,3,PTTP,86,0
35,2,2019,3,PTTP,88,0
35,2,2019,3,PTTP,90,0
35,2,2019,3,PTTP,92,0
35,2,2019,3,PTTP,94,0
35,2,2019,3,PTTP,96,0
35,2,2019,3,PTTP,98,0
35,2,2019,3,PTTP,100,0
35,2,2019,3,PTTP,102,0
35,2,2019,3,PTTP,104,0
35,2,2019,3,PTTP,106,0
35,2,2019,3,PTTP,108,0
35,2,2019,3,PTTP,110,0
35,2,2019,3,PTTP,112,0
35,2,2019,3,PTTP,114,0
35,2,2019,3,PTTP,116,0
35,2,2019,3,PTTP,118,0
35,2,2019,3,PTTP,120,0
35,2,2019,3,PTTP,122,0
35,2,2019,3,PTTP,124,0
35,2,2019,3,PTTP,126,0
35,2,2019,3,PTTP,128,0
35,2,2019,3,PTTP,130,0
35,2,2019,3,PTTP,132,0
35,2,2019,3,PTTP,134,0
35,2,2019,3,PTTP,136,0
35,2,2019,3,PTTP,138,0
35,2,2019,3,PTTP,140,0
35,2,2019,3,PTTP,142,0
35,2,2019,3,PTTP,144,0
35,2,2019,3,PTTP,146,0
35,2,2019,3,PTTP,148,0
35,2,2019,3,PTTP,150,0
35,2,2019,3,PTTP,152,0
35,2,2019,3,PTTP,154,0
35,2,2019,3,PTTP,156,0
35,2,2019,3,PTTP,158,0
35,2,2019,3,PTTP,160,0
35,2,2019,3,PTTP,162,0
35,2,2019,3,PTTP,164,0
35,2,2019,3,PTTP,166,0
35,2,2019,3,PTTP,168,0
35,2,2019,3,PTTP,170,0
35,2,2019,3,PTTP,172,0
35,2,2019,3,PTTP,174,0
35,2,2019,3,PTTP,176,0
35,2,2019,3,PTTP,178,0
35,2,2019,3,PTTP,180,0
35,2,2019,3,PTTP,182,0
35,2,2019,3,PTTP,184,0
35,2,2019,3,PTTP,186,0
35,2,2019,3,PTTP,188,0
35,2,2019,3,PTTP,190,0
35,2,2019,3,PTTP,192,0
35,2,2019,3,PTTP,194,0
35,2,2019,3,PTTP,196,0
35,2,2019,3,PTTP,198,0
36,3,2006,3,PTTP,10,0
36,3,2006,3,PTTP,12,0
36,3,2006,3,PTTP,14,0
36,3,2006,3,PTTP,16,0
36,3,2006,3,PTTP,18,0
36,3,2006,3,PTTP,20,0
36,3,2006,3,PTTP,22,0
36,3,2006,3,PTTP,24,0
36,3,2006,3,PTTP,26,0.662475768343832
36,3,2006,3,PTTP,28,11.2620880618451
36,3,2006,3,PTTP,30,53.6605372358504
36,3,2006,3,PTTP,32,124.54544444864
36,3,2006,3,PTTP,34,182.180836294554
36,3,2006,3,PTTP,36,184.168263599585
36,3,2006,3,PTTP,38,182.843312062898
36,3,2006,3,PTTP,40,135.145056742142
36,3,2006,3,PTTP,42,170.918748232709
36,3,2006,3,PTTP,44,283.53962885116
36,3,2006,3,PTTP,46,325.275602256821
36,3,2006,3,PTTP,48,259.690501190782
36,3,2006,3,PTTP,50,258.365549654094
36,3,2006,3,PTTP,52,162.969039012583
36,3,2006,3,PTTP,54,137.794959815517
36,3,2006,3,PTTP,56,127.195347522016
36,3,2006,3,PTTP,58,78.834616432916
36,3,2006,3,PTTP,60,63.5976737610079
36,3,2006,3,PTTP,62,31.7988368805039
36,3,2006,3,PTTP,64,24.5116034287218
36,3,2006,3,PTTP,66,11.2620880618451
36,3,2006,3,PTTP,68,5.29980614675065
36,3,2006,3,PTTP,70,2.64990307337533
36,3,2006,3,PTTP,72,1.9874273050315
36,3,2006,3,PTTP,74,0.662475768343832
36,3,2006,3,PTTP,76,0
36,3,2006,3,PTTP,78,1
36,3,2006,3,PTTP,80,0
36,3,2006,3,PTTP,82,0
36,3,2006,3,PTTP,84,0
36,3,2006,3,PTTP,86,0
36,3,2006,3,PTTP,88,0.662475768343832
36,3,2006,3,PTTP,90,1
36,3,2006,3,PTTP,92,0
36,3,2006,3,PTTP,94,0
36,3,2006,3,PTTP,96,0
36,3,2006,3,PTTP,98,1.32495153668766
36,3,2006,3,PTTP,100,2
36,3,2006,3,PTTP,102,1.32495153668766
36,3,2006,3,PTTP,104,1.32495153668766
36,3,2006,3,PTTP,106,3.97485461006299
36,3,2006,3,PTTP,108,3.97485461006299
36,3,2006,3,PTTP,110,0
36,3,2006,3,PTTP,112,0
36,3,2006,3,PTTP,114,0.662475768343832
36,3,2006,3,PTTP,116,0
36,3,2006,3,PTTP,118,0
36,3,2006,3,PTTP,120,0
36,3,2006,3,PTTP,122,0
36,3,2006,3,PTTP,124,0
36,3,2006,3,PTTP,126,0
36,3,2006,3,PTTP,128,0
36,3,2006,3,PTTP,130,0
36,3,2006,3,PTTP,132,0
36,3,2006,3,PTTP,134,0
36,3,2006,3,PTTP,136,0
36,3,2006,3,PTTP,138,0
36,3,2006,3,PTTP,140,0
36,3,2006,3,PTTP,142,0
36,3,2006,3,PTTP,144,0
36,3,2006,3,PTTP,146,0
36,3,2006,3,PTTP,148,0
36,3,2006,3,PTTP,150,0
36,3,2006,3,PTTP,152,0
36,3,2006,3,PTTP,154,0
36,3,2006,3,PTTP,156,0
36,3,2006,3,PTTP,158,0
36,3,2006,3,PTTP,160,0
36,3,2006,3,PTTP,162,0
36,3,2006,3,PTTP,164,0
36,3,2006,3,PTTP,166,0
36,3,2006,3,PTTP,168,0
36,3,2006,3,PTTP,170,0
36,3,2006,3,PTTP,172,0
36,3,2006,3,PTTP,174,0
36,3,2006,3,PTTP,176,0
36,3,2006,3,PTTP,178,0
36,3,2006,3,PTTP,180,0
36,3,2006,3,PTTP,182,0
36,3,2006,3,PTTP,184,0
36,3,2006,3,PTTP,186,0
36,3,2006,3,PTTP,188,0
36,3,2006,3,PTTP,190,0
36,3,2006,3,PTTP,192,0
36,3,2006,3,PTTP,194,0
36,3,2006,3,PTTP,196,0
36,3,2006,3,PTTP,198,0
37,3,2006,4,PTTP,10,0
37,3,2006,4,PTTP,12,0
37,3,2006,4,PTTP,14,0
37,3,2006,4,PTTP,16,0
37,3,2006,4,PTTP,18,0
37,3,2006,4,PTTP,20,0
37,3,2006,4,PTTP,22,0
37,3,2006,4,PTTP,24,0
37,3,2006,4,PTTP,26,3.14488065858265
37,3,2006,4,PTTP,28,8.91049519931752
37,3,2006,4,PTTP,30,35.1178340208396
37,3,2006,4,PTTP,32,54.511264748766
37,3,2006,4,PTTP,34,44.5524759965876
37,3,2006,4,PTTP,36,26.7314855979525
37,3,2006,4,PTTP,38,58.7044389602095
37,3,2006,4,PTTP,40,91.7256858753274
37,3,2006,4,PTTP,42,136.802308648345
37,3,2006,4,PTTP,44,181.878931421363
37,3,2006,4,PTTP,46,197.603334714277
37,3,2006,4,PTTP,48,248.44557202803
37,3,2006,4,PTTP,50,266.266562426665
37,3,2006,4,PTTP,52,178.20990398635
37,3,2006,4,PTTP,54,128.940107001889
37,3,2006,4,PTTP,56,56.0837050780573
37,3,2006,4,PTTP,58,49.2697969844616
37,3,2006,4,PTTP,60,31.4488065858265
37,3,2006,4,PTTP,62,18.8692839514959
37,3,2006,4,PTTP,64,11.5312290814697
37,3,2006,4,PTTP,66,3.6690274350131
37,3,2006,4,PTTP,68,5.76561454073486
37,3,2006,4,PTTP,70,1.57244032929133
37,3,2006,4,PTTP,72,0.524146776430442
37,3,2006,4,PTTP,74,3.14488065858265
37,3,2006,4,PTTP,76,1.04829355286088
37,3,2006,4,PTTP,78,0.524146776430442
37,3,2006,4,PTTP,80,0
37,3,2006,4,PTTP,82,0
37,3,2006,4,PTTP,84,0
37,3,2006,4,PTTP,86,0
37,3,2006,4,PTTP,88,0
37,3,2006,4,PTTP,90,0
37,3,2006,4,PTTP,92,0
37,3,2006,4,PTTP,94,0
37,3,2006,4,PTTP,96,1
37,3,2006,4,PTTP,98,0
37,3,2006,4,PTTP,100,0
37,3,2006,4,PTTP,102,0
37,3,2006,4,PTTP,104,0
37,3,2006,4,PTTP,106,0.524146776430442
37,3,2006,4,PTTP,108,0
37,3,2006,4,PTTP,110,0
37,3,2006,4,PTTP,112,0
37,3,2006,4,PTTP,114,0
37,3,2006,4,PTTP,116,0
37,3,2006,4,PTTP,118,0
37,3,2006,4,PTTP,120,0
37,3,2006,4,PTTP,122,0.524146776430442
37,3,2006,4,PTTP,124,0
37,3,2006,4,PTTP,126,0
37,3,2006,4,PTTP,128,0
37,3,2006,4,PTTP,130,0
37,3,2006,4,PTTP,132,0
37,3,2006,4,PTTP,134,0
37,3,2006,4,PTTP,136,0
37,3,2006,4,PTTP,138,0
37,3,2006,4,PTTP,140,0
37,3,2006,4,PTTP,142,0
37,3,2006,4,PTTP,144,0
37,3,2006,4,PTTP,146,0
37,3,2006,4,PTTP,148,0
37,3,2006,4,PTTP,150,0
37,3,2006,4,PTTP,152,0
37,3,2006,4,PTTP,154,0
37,3,2006,4,PTTP,156,0
37,3,2006,4,PTTP,158,0
37,3,2006,4,PTTP,160,0
37,3,2006,4,PTTP,162,0
37,3,2006,4,PTTP,164,0
37,3,2006,4,PTTP,166,0
37,3,2006,4,PTTP,168,0
37,3,2006,4,PTTP,170,0
37,3,2006,4,PTTP,172,0
37,3,2006,4,PTTP,174,0
37,3,2006,4,PTTP,176,0
37,3,2006,4,PTTP,178,0
37,3,2006,4,PTTP,180,0
37,3,2006,4,PTTP,182,0
37,3,2006,4,PTTP,184,0
37,3,2006,4,PTTP,186,0
37,3,2006,4,PTTP,188,0
37,3,2006,4,PTTP,190,0
37,3,2006,4,PTTP,192,0
37,3,2006,4,PTTP,194,0
37,3,2006,4,PTTP,196,0
37,3,2006,4,PTTP,198,0
38,3,2007,1,PTTP,10,0
38,3,2007,1,PTTP,12,0
38,3,2007,1,PTTP,14,0
38,3,2007,1,PTTP,16,0
38,3,2007,1,PTTP,18,0
38,3,2007,1,PTTP,20,0
38,3,2007,1,PTTP,22,0
38,3,2007,1,PTTP,24,0
38,3,2007,1,PTTP,26,4.43693130078946
38,3,2007,1,PTTP,28,9.36685496833329
38,3,2007,1,PTTP,30,42.397343540877
38,3,2007,1,PTTP,32,73.4558626464032
38,3,2007,1,PTTP,34,236.636336042104
38,3,2007,1,PTTP,36,290.372504018332
38,3,2007,1,PTTP,38,326.853939158157
38,3,2007,1,PTTP,40,245.017206276929
38,3,2007,1,PTTP,42,106.979343585701
38,3,2007,1,PTTP,44,73.9488550131576
38,3,2007,1,PTTP,46,78.8787786807014
38,3,2007,1,PTTP,48,140.995816891754
38,3,2007,1,PTTP,50,258.820992546052
38,3,2007,1,PTTP,52,224.804519239999
38,3,2007,1,PTTP,54,169.096381796754
38,3,2007,1,PTTP,56,109.937297786228
38,3,2007,1,PTTP,58,105.007374118684
38,3,2007,1,PTTP,60,68.032946612105
38,3,2007,1,PTTP,62,32.044503839035
38,3,2007,1,PTTP,64,22.6776488707017
38,3,2007,1,PTTP,66,16.7617404696491
38,3,2007,1,PTTP,68,13.3107939023684
38,3,2007,1,PTTP,70,10.3528397018421
38,3,2007,1,PTTP,72,5.91590840105261
38,3,2007,1,PTTP,74,4.92992366754384
38,3,2007,1,PTTP,76,3.94393893403507
38,3,2007,1,PTTP,78,2.9579542005263
38,3,2007,1,PTTP,80,0.985984733508768
38,3,2007,1,PTTP,82,2.46496183377192
38,3,2007,1,PTTP,84,2.46496183377192
38,3,2007,1,PTTP,86,0
38,3,2007,1,PTTP,88,0
38,3,2007,1,PTTP,90,0
38,3,2007,1,PTTP,92,0
38,3,2007,1,PTTP,94,0
38,3,2007,1,PTTP,96,0
38,3,2007,1,PTTP,98,0
38,3,2007,1,PTTP,100,0
38,3,2007,1,PTTP,102,0
38,3,2007,1,PTTP,104,0
38,3,2007,1,PTTP,106,0
38,3,2007,1,PTTP,108,0
38,3,2007,1,PTTP,110,0
38,3,2007,1,PTTP,112,0
38,3,2007,1,PTTP,114,0
38,3,2007,1,PTTP,116,0
38,3,2007,1,PTTP,118,0
38,3,2007,1,PTTP,120,0
38,3,2007,1,PTTP,122,0
38,3,2007,1,PTTP,124,0
38,3,2007,1,PTTP,126,0
38,3,2007,1,PTTP,128,0
38,3,2007,1,PTTP,130,0
38,3,2007,1,PTTP,132,0
38,3,2007,1,PTTP,134,0
38,3,2007,1,PTTP,136,0
38,3,2007,1,PTTP,138,0
38,3,2007,1,PTTP,140,0
38,3,2007,1,PTTP,142,0
38,3,2007,1,PTTP,144,0
38,3,2007,1,PTTP,146,0
38,3,2007,1,PTTP,148,0
38,3,2007,1,PTTP,150,0
38,3,2007,1,PTTP,152,0
38,3,2007,1,PTTP,154,0
38,3,2007,1,PTTP,156,0
38,3,2007,1,PTTP,158,0
38,3,2007,1,PTTP,160,0
38,3,2007,1,PTTP,162,0
38,3,2007,1,PTTP,164,0
38,3,2007,1,PTTP,166,0
38,3,2007,1,PTTP,168,0
38,3,2007,1,PTTP,170,0
38,3,2007,1,PTTP,172,0
38,3,2007,1,PTTP,174,0
38,3,2007,1,PTTP,176,0
38,3,2007,1,PTTP,178,0
38,3,2007,1,PTTP,180,0
38,3,2007,1,PTTP,182,0
38,3,2007,1,PTTP,184,0
38,3,2007,1,PTTP,186,0
38,3,2007,1,PTTP,188,0
38,3,2007,1,PTTP,190,0
38,3,2007,1,PTTP,192,0
38,3,2007,1,PTTP,194,0
38,3,2007,1,PTTP,196,0
38,3,2007,1,PTTP,198,0
39,3,2007,2,PTTP,10,0
39,3,2007,2,PTTP,12,0
39,3,2007,2,PTTP,14,0
39,3,2007,2,PTTP,16,0
39,3,2007,2,PTTP,18,0
39,3,2007,2,PTTP,20,0
39,3,2007,2,PTTP,22,0
39,3,2007,2,PTTP,24,0
39,3,2007,2,PTTP,26,0.517099781655543
39,3,2007,2,PTTP,28,12.410394759733
39,3,2007,2,PTTP,30,71.8768696501204
39,3,2007,2,PTTP,32,118.932949780775
39,3,2007,2,PTTP,34,162.36933143984
39,3,2007,2,PTTP,36,336.114858076103
39,3,2007,2,PTTP,38,572.429458292686
39,3,2007,2,PTTP,40,650.511525322673
39,3,2007,2,PTTP,42,505.723586459121
39,3,2007,2,PTTP,44,341.802955674314
39,3,2007,2,PTTP,46,218.733207640295
39,3,2007,2,PTTP,48,168.057429038051
39,3,2007,2,PTTP,50,158.749632968252
39,3,2007,2,PTTP,52,160.818032094874
39,3,2007,2,PTTP,54,113.761951964219
39,3,2007,2,PTTP,56,50.6757786022432
39,3,2007,2,PTTP,58,44.4705812223767
39,3,2007,2,PTTP,60,14.9958936680107
39,3,2007,2,PTTP,62,17.5813925762885
39,3,2007,2,PTTP,64,10.8590954147664
39,3,2007,2,PTTP,66,15.5129934496663
39,3,2007,2,PTTP,68,9.82489585145531
39,3,2007,2,PTTP,70,5.68809759821097
39,3,2007,2,PTTP,72,10.8590954147664
39,3,2007,2,PTTP,74,16.0300932313218
39,3,2007,2,PTTP,76,6.20519737986651
39,3,2007,2,PTTP,78,8.27359650648868
39,3,2007,2,PTTP,80,5.68809759821097
39,3,2007,2,PTTP,82,3.6196984715888
39,3,2007,2,PTTP,84,2.58549890827771
39,3,2007,2,PTTP,86,2.06839912662217
39,3,2007,2,PTTP,88,0
39,3,2007,2,PTTP,90,1.55129934496663
39,3,2007,2,PTTP,92,0.517099781655543
39,3,2007,2,PTTP,94,0.517099781655543
39,3,2007,2,PTTP,96,0
39,3,2007,2,PTTP,98,0.517099781655543
39,3,2007,2,PTTP,100,0
39,3,2007,2,PTTP,102,0.517099781655543
39,3,2007,2,PTTP,104,0
39,3,2007,2,PTTP,106,0
39,3,2007,2,PTTP,108,0
39,3,2007,2,PTTP,110,0
39,3,2007,2,PTTP,112,0
39,3,2007,2,PTTP,114,0
39,3,2007,2,PTTP,116,0
39,3,2007,2,PTTP,118,0
39,3,2007,2,PTTP,120,0
39,3,2007,2,PTTP,122,0
39,3,2007,2,PTTP,124,0
39,3,2007,2,PTTP,126,0
39,3,2007,2,PTTP,128,0
39,3,2007,2,PTTP,130,0
39,3,2007,2,PTTP,132,0
39,3,2007,2,PTTP,134,0
39,3,2007,2,PTTP,136,0
39,3,2007,2,PTTP,138,0
39,3,2007,2,PTTP,140,0
39,3,2007,2,PTTP,142,0
39,3,2007,2,PTTP,144,0
39,3,2007,2,PTTP,146,0
39,3,2007,2,PTTP,148,0
39,3,2007,2,PTTP,150,0
39,3,2007,2,PTTP,152,0
39,3,2007,2,PTTP,154,0
39,3,2007,2,PTTP,156,0
39,3,2007,2,PTTP,158,0
39,3,2007,2,PTTP,160,0
39,3,2007,2,PTTP,162,0
39,3,2007,2,PTTP,164,0
39,3,2007,2,PTTP,166,0
39,3,2007,2,PTTP,168,0
39,3,2007,2,PTTP,170,0
39,3,2007,2,PTTP,172,0
39,3,2007,2,PTTP,174,0
39,3,2007,2,PTTP,176,0
39,3,2007,2,PTTP,178,0
39,3,2007,2,PTTP,180,0
39,3,2007,2,PTTP,182,0
39,3,2007,2,PTTP,184,0
39,3,2007,2,PTTP,186,0
39,3,2007,2,PTTP,188,0
39,3,2007,2,PTTP,190,0
39,3,2007,2,PTTP,192,0
39,3,2007,2,PTTP,194,0
39,3,2007,2,PTTP,196,0
39,3,2007,2,PTTP,198,0
40,3,2007,4,PTTP,10,0
40,3,2007,4,PTTP,12,0
40,3,2007,4,PTTP,14,0
40,3,2007,4,PTTP,16,0
40,3,2007,4,PTTP,18,0
40,3,2007,4,PTTP,20,0
40,3,2007,4,PTTP,22,0
40,3,2007,4,PTTP,24,0
40,3,2007,4,PTTP,26,1.81233798236225
40,3,2007,4,PTTP,28,15.7069291804729
40,3,2007,4,PTTP,30,45.9125622198438
40,3,2007,4,PTTP,32,227.146360456069
40,3,2007,4,PTTP,34,340.719540684104
40,3,2007,4,PTTP,36,401.130806762845
40,3,2007,4,PTTP,38,216.272332561896
40,3,2007,4,PTTP,40,77.9305332415769
40,3,2007,4,PTTP,42,28.3932950570086
40,3,2007,4,PTTP,44,41.0796609335444
40,3,2007,4,PTTP,46,80.951096545514
40,3,2007,4,PTTP,48,144.382925928193
40,3,2007,4,PTTP,50,234.395712385518
40,3,2007,4,PTTP,52,160.089855108666
40,3,2007,4,PTTP,54,80.951096545514
40,3,2007,4,PTTP,56,23.5603937707093
40,3,2007,4,PTTP,58,15.1028165196854
40,3,2007,4,PTTP,60,6.6452392686616
40,3,2007,4,PTTP,62,4.83290128629934
40,3,2007,4,PTTP,64,2.41645064314967
40,3,2007,4,PTTP,66,1
40,3,2007,4,PTTP,68,1.81233798236225
40,3,2007,4,PTTP,70,0
40,3,2007,4,PTTP,72,0
40,3,2007,4,PTTP,74,0.604112660787418
40,3,2007,4,PTTP,76,0
40,3,2007,4,PTTP,78,0
40,3,2007,4,PTTP,80,0
40,3,2007,4,PTTP,82,0
40,3,2007,4,PTTP,84,0
40,3,2007,4,PTTP,86,0
40,3,2007,4,PTTP,88,0
40,3,2007,4,PTTP,90,0
40,3,2007,4,PTTP,92,0
40,3,2007,4,PTTP,94,0
40,3,2007,4,PTTP,96,0
40,3,2007,4,PTTP,98,0
40,3,2007,4,PTTP,100,0
40,3,2007,4,PTTP,102,0
40,3,2007,4,PTTP,104,0
40,3,2007,4,PTTP,106,0
40,3,2007,4,PTTP,108,0
40,3,2007,4,PTTP,110,0
40,3,2007,4,PTTP,112,0
40,3,2007,4,PTTP,114,0
40,3,2007,4,PTTP,116,0
40,3,2007,4,PTTP,118,0
40,3,2007,4,PTTP,120,0
40,3,2007,4,PTTP,122,0
40,3,2007,4,PTTP,124,0
40,3,2007,4,PTTP,126,0
40,3,2007,4,PTTP,128,0
40,3,2007,4,PTTP,130,0
40,3,2007,4,PTTP,132,0
40,3,2007,4,PTTP,134,0
40,3,2007,4,PTTP,136,0
40,3,2007,4,PTTP,138,0
40,3,2007,4,PTTP,140,0
40,3,2007,4,PTTP,142,0
40,3,2007,4,PTTP,144,0
40,3,2007,4,PTTP,146,0
40,3,2007,4,PTTP,148,0
40,3,2007,4,PTTP,150,0
40,3,2007,4,PTTP,152,0
40,3,2007,4,PTTP,154,0
40,3,2007,4,PTTP,156,0
40,3,2007,4,PTTP,158,0
40,3,2007,4,PTTP,160,0
40,3,2007,4,PTTP,162,0
40,3,2007,4,PTTP,164,0
40,3,2007,4,PTTP,166,0
40,3,2007,4,PTTP,168,0
40,3,2007,4,PTTP,170,0
40,3,2007,4,PTTP,172,0
40,3,2007,4,PTTP,174,0
40,3,2007,4,PTTP,176,0
40,3,2007,4,PTTP,178,0
40,3,2007,4,PTTP,180,0
40,3,2007,4,PTTP,182,0
40,3,2007,4,PTTP,184,0
40,3,2007,4,PTTP,186,0
40,3,2007,4,PTTP,188,0
40,3,2007,4,PTTP,190,0
40,3,2007,4,PTTP,192,0
40,3,2007,4,PTTP,194,0
40,3,2007,4,PTTP,196,0
40,3,2007,4,PTTP,198,0
41,3,2008,1,PTTP,10,0
41,3,2008,1,PTTP,12,0
41,3,2008,1,PTTP,14,0
41,3,2008,1,PTTP,16,0
41,3,2008,1,PTTP,18,0
41,3,2008,1,PTTP,20,0
41,3,2008,1,PTTP,22,0
41,3,2008,1,PTTP,24,0
41,3,2008,1,PTTP,26,0
41,3,2008,1,PTTP,28,62.9354661285358
41,3,2008,1,PTTP,30,712.408841995966
41,3,2008,1,PTTP,32,994.58671062145
41,3,2008,1,PTTP,34,657.211343014382
41,3,2008,1,PTTP,36,882.644119228891
41,3,2008,1,PTTP,38,971.888673657061
41,3,2008,1,PTTP,40,686.615618172796
41,3,2008,1,PTTP,42,214.599622208778
41,3,2008,1,PTTP,44,60.8720082226821
41,3,2008,1,PTTP,46,33.0153264936581
41,3,2008,1,PTTP,48,33.0153264936581
41,3,2008,1,PTTP,50,31.4677330642679
41,3,2008,1,PTTP,52,23.7297659173168
41,3,2008,1,PTTP,54,21.6663080114631
41,3,2008,1,PTTP,56,27.856681729024
41,3,2008,1,PTTP,58,21.1504435349997
41,3,2008,1,PTTP,60,30.4360041113411
41,3,2008,1,PTTP,62,46.9436673581701
41,3,2008,1,PTTP,64,55.1974989815847
41,3,2008,1,PTTP,66,36.626377828902
41,3,2008,1,PTTP,68,21.6663080114631
41,3,2008,1,PTTP,70,8.76969609987793
41,3,2008,1,PTTP,72,1.54759342939022
41,3,2008,1,PTTP,74,2.06345790585363
41,3,2008,1,PTTP,76,0.515864476463408
41,3,2008,1,PTTP,78,1.03172895292682
41,3,2008,1,PTTP,80,1.03172895292682
41,3,2008,1,PTTP,82,1.54759342939022
41,3,2008,1,PTTP,84,0
41,3,2008,1,PTTP,86,1.03172895292682
41,3,2008,1,PTTP,88,0
41,3,2008,1,PTTP,90,0
41,3,2008,1,PTTP,92,0
41,3,2008,1,PTTP,94,0
41,3,2008,1,PTTP,96,0
41,3,2008,1,PTTP,98,0
41,3,2008,1,PTTP,100,0
41,3,2008,1,PTTP,102,0
41,3,2008,1,PTTP,104,0
41,3,2008,1,PTTP,106,0
41,3,2008,1,PTTP,108,0
41,3,2008,1,PTTP,110,0
41,3,2008,1,PTTP,112,0
41,3,2008,1,PTTP,114,0
41,3,2008,1,PTTP,116,0
41,3,2008,1,PTTP,118,0
41,3,2008,1,PTTP,120,0
41,3,2008,1,PTTP,122,0
41,3,2008,1,PTTP,124,0
41,3,2008,1,PTTP,126,0
41,3,2008,1,PTTP,128,0
41,3,2008,1,PTTP,130,0
41,3,2008,1,PTTP,132,0
41,3,2008,1,PTTP,134,0
41,3,2008,1,PTTP,136,0
41,3,2008,1,PTTP,138,0
41,3,2008,1,PTTP,140,0
41,3,2008,1,PTTP,142,0
41,3,2008,1,PTTP,144,0
41,3,2008,1,PTTP,146,0
41,3,2008,1,PTTP,148,0
41,3,2008,1,PTTP,150,0
41,3,2008,1,PTTP,152,0
41,3,2008,1,PTTP,154,0
41,3,2008,1,PTTP,156,0
41,3,2008,1,PTTP,158,0
41,3,2008,1,PTTP,160,0
41,3,2008,1,PTTP,162,0
41,3,2008,1,PTTP,164,0
41,3,2008,1,PTTP,166,0
41,3,2008,1,PTTP,168,0
41,3,2008,1,PTTP,170,0
41,3,2008,1,PTTP,172,0
41,3,2008,1,PTTP,174,0
41,3,2008,1,PTTP,176,0
41,3,2008,1,PTTP,178,0
41,3,2008,1,PTTP,180,0
41,3,2008,1,PTTP,182,0
41,3,2008,1,PTTP,184,0
41,3,2008,1,PTTP,186,0
41,3,2008,1,PTTP,188,0
41,3,2008,1,PTTP,190,0
41,3,2008,1,PTTP,192,0
41,3,2008,1,PTTP,194,0
41,3,2008,1,PTTP,196,0
41,3,2008,1,PTTP,198,0
42,3,2008,2,PTTP,10,0
42,3,2008,2,PTTP,12,0
42,3,2008,2,PTTP,14,0
42,3,2008,2,PTTP,16,0
42,3,2008,2,PTTP,18,0
42,3,2008,2,PTTP,20,0
42,3,2008,2,PTTP,22,0
42,3,2008,2,PTTP,24,0
42,3,2008,2,PTTP,26,0
42,3,2008,2,PTTP,28,1.66756894269671
42,3,2008,2,PTTP,30,20.5666836265927
42,3,2008,2,PTTP,32,52.2504935378301
42,3,2008,2,PTTP,34,79.4874529352096
42,3,2008,2,PTTP,36,314.614673855445
42,3,2008,2,PTTP,38,414.668810417247
42,3,2008,2,PTTP,40,294.603846543085
42,3,2008,2,PTTP,42,169.536175840832
42,3,2008,2,PTTP,44,38.3540856820242
42,3,2008,2,PTTP,46,8.89370102771576
42,3,2008,2,PTTP,48,5.55856314232235
42,3,2008,2,PTTP,50,4.44685051385788
42,3,2008,2,PTTP,52,3
42,3,2008,2,PTTP,54,2.22342525692894
42,3,2008,2,PTTP,56,2.22342525692894
42,3,2008,2,PTTP,58,2
42,3,2008,2,PTTP,60,3
42,3,2008,2,PTTP,62,0
42,3,2008,2,PTTP,64,0.555856314232235
42,3,2008,2,PTTP,66,1.11171262846447
42,3,2008,2,PTTP,68,1
42,3,2008,2,PTTP,70,1.66756894269671
42,3,2008,2,PTTP,72,2.22342525692894
42,3,2008,2,PTTP,74,0
42,3,2008,2,PTTP,76,0.555856314232235
42,3,2008,2,PTTP,78,0
42,3,2008,2,PTTP,80,1.11171262846447
42,3,2008,2,PTTP,82,0
42,3,2008,2,PTTP,84,0
42,3,2008,2,PTTP,86,0
42,3,2008,2,PTTP,88,0
42,3,2008,2,PTTP,90,0.555856314232235
42,3,2008,2,PTTP,92,0
42,3,2008,2,PTTP,94,0
42,3,2008,2,PTTP,96,0
42,3,2008,2,PTTP,98,0
42,3,2008,2,PTTP,100,0
42,3,2008,2,PTTP,102,0
42,3,2008,2,PTTP,104,0
42,3,2008,2,PTTP,106,0
42,3,2008,2,PTTP,108,0
42,3,2008,2,PTTP,110,0
42,3,2008,2,PTTP,112,0
42,3,2008,2,PTTP,114,0
42,3,2008,2,PTTP,116,0
42,3,2008,2,PTTP,118,0
42,3,2008,2,PTTP,120,0
42,3,2008,2,PTTP,122,0
42,3,2008,2,PTTP,124,0
42,3,2008,2,PTTP,126,0
42,3,2008,2,PTTP,128,0
42,3,2008,2,PTTP,130,0
42,3,2008,2,PTTP,132,0
42,3,2008,2,PTTP,134,0
42,3,2008,2,PTTP,136,0
42,3,2008,2,PTTP,138,0
42,3,2008,2,PTTP,140,0
42,3,2008,2,PTTP,142,0
42,3,2008,2,PTTP,144,0
42,3,2008,2,PTTP,146,0
42,3,2008,2,PTTP,148,0
42,3,2008,2,PTTP,150,0
42,3,2008,2,PTTP,152,0
42,3,2008,2,PTTP,154,0
42,3,2008,2,PTTP,156,0
42,3,2008,2,PTTP,158,0
42,3,2008,2,PTTP,160,0
42,3,2008,2,PTTP,162,0
42,3,2008,2,PTTP,164,0
42,3,2008,2,PTTP,166,0
42,3,2008,2,PTTP,168,0
42,3,2008,2,PTTP,170,0
42,3,2008,2,PTTP,172,0
42,3,2008,2,PTTP,174,0
42,3,2008,2,PTTP,176,0
42,3,2008,2,PTTP,178,0
42,3,2008,2,PTTP,180,0
42,3,2008,2,PTTP,182,0
42,3,2008,2,PTTP,184,0
42,3,2008,2,PTTP,186,0
42,3,2008,2,PTTP,188,0
42,3,2008,2,PTTP,190,0
42,3,2008,2,PTTP,192,0
42,3,2008,2,PTTP,194,0
42,3,2008,2,PTTP,196,0
42,3,2008,2,PTTP,198,0
43,3,2008,4,PTTP,10,0
43,3,2008,4,PTTP,12,0
43,3,2008,4,PTTP,14,0
43,3,2008,4,PTTP,16,0
43,3,2008,4,PTTP,18,0
43,3,2008,4,PTTP,20,0
43,3,2008,4,PTTP,22,0
43,3,2008,4,PTTP,24,0
43,3,2008,4,PTTP,26,0
43,3,2008,4,PTTP,28,2.13291898539454
43,3,2008,4,PTTP,30,319.511264012102
43,3,2008,4,PTTP,32,581.433715418552
43,3,2008,4,PTTP,34,339.98728627189
43,3,2008,4,PTTP,36,109.2054520522
43,3,2008,4,PTTP,38,43.9381310991275
43,3,2008,4,PTTP,40,38.3925417371017
43,3,2008,4,PTTP,42,169.353767440327
43,3,2008,4,PTTP,44,201.774136018324
43,3,2008,4,PTTP,46,95.9813543427543
43,3,2008,4,PTTP,48,61.4280667793628
43,3,2008,4,PTTP,50,23.8886926364189
43,3,2008,4,PTTP,52,16.6367680860774
43,3,2008,4,PTTP,54,19.1962708685509
43,3,2008,4,PTTP,56,21.3291898539454
43,3,2008,4,PTTP,58,11.9443463182094
43,3,2008,4,PTTP,60,12.7975139123672
43,3,2008,4,PTTP,62,5.1190055649469
43,3,2008,4,PTTP,64,4.26583797078908
43,3,2008,4,PTTP,66,2
43,3,2008,4,PTTP,68,0
43,3,2008,4,PTTP,70,0.426583797078908
43,3,2008,4,PTTP,72,0
43,3,2008,4,PTTP,74,0.426583797078908
43,3,2008,4,PTTP,76,0
43,3,2008,4,PTTP,78,0
43,3,2008,4,PTTP,80,0
43,3,2008,4,PTTP,82,0
43,3,2008,4,PTTP,84,1.70633518831563
43,3,2008,4,PTTP,86,0.853167594157816
43,3,2008,4,PTTP,88,0
43,3,2008,4,PTTP,90,0.426583797078908
43,3,2008,4,PTTP,92,0
43,3,2008,4,PTTP,94,0
43,3,2008,4,PTTP,96,0
43,3,2008,4,PTTP,98,0
43,3,2008,4,PTTP,100,0
43,3,2008,4,PTTP,102,0
43,3,2008,4,PTTP,104,0
43,3,2008,4,PTTP,106,0
43,3,2008,4,PTTP,108,0
43,3,2008,4,PTTP,110,0
43,3,2008,4,PTTP,112,0
43,3,2008,4,PTTP,114,0
43,3,2008,4,PTTP,116,0
43,3,2008,4,PTTP,118,0
43,3,2008,4,PTTP,120,0
43,3,2008,4,PTTP,122,0
43,3,2008,4,PTTP,124,0
43,3,2008,4,PTTP,126,0
43,3,2008,4,PTTP,128,0
43,3,2008,4,PTTP,130,0
43,3,2008,4,PTTP,132,0
43,3,2008,4,PTTP,134,0
43,3,2008,4,PTTP,136,0
43,3,2008,4,PTTP,138,0
43,3,2008,4,PTTP,140,0
43,3,2008,4,PTTP,142,0
43,3,2008,4,PTTP,144,0
43,3,2008,4,PTTP,146,0
43,3,2008,4,PTTP,148,0
43,3,2008,4,PTTP,150,0
43,3,2008,4,PTTP,152,0
43,3,2008,4,PTTP,154,0
43,3,2008,4,PTTP,156,0
43,3,2008,4,PTTP,158,0
43,3,2008,4,PTTP,160,0
43,3,2008,4,PTTP,162,0
43,3,2008,4,PTTP,164,0
43,3,2008,4,PTTP,166,0
43,3,2008,4,PTTP,168,0
43,3,2008,4,PTTP,170,0
43,3,2008,4,PTTP,172,0
43,3,2008,4,PTTP,174,0
43,3,2008,4,PTTP,176,0
43,3,2008,4,PTTP,178,0
43,3,2008,4,PTTP,180,0
43,3,2008,4,PTTP,182,0
43,3,2008,4,PTTP,184,0
43,3,2008,4,PTTP,186,0
43,3,2008,4,PTTP,188,0
43,3,2008,4,PTTP,190,0
43,3,2008,4,PTTP,192,0
43,3,2008,4,PTTP,194,0
43,3,2008,4,PTTP,196,0
43,3,2008,4,PTTP,198,0
44,3,2009,2,PTTP,10,0
44,3,2009,2,PTTP,12,0
44,3,2009,2,PTTP,14,0
44,3,2009,2,PTTP,16,0
44,3,2009,2,PTTP,18,0
44,3,2009,2,PTTP,20,0
44,3,2009,2,PTTP,22,0
44,3,2009,2,PTTP,24,0
44,3,2009,2,PTTP,26,0
44,3,2009,2,PTTP,28,0.657486150445152
44,3,2009,2,PTTP,30,136.099633142147
44,3,2009,2,PTTP,32,725.864710091448
44,3,2009,2,PTTP,34,794.900755888189
44,3,2009,2,PTTP,36,285.348989293196
44,3,2009,2,PTTP,38,55.8863227878379
44,3,2009,2,PTTP,40,57.8587812391734
44,3,2009,2,PTTP,42,159.769134558172
44,3,2009,2,PTTP,44,229.462666505358
44,3,2009,2,PTTP,46,136.099633142147
44,3,2009,2,PTTP,48,42.7365997789349
44,3,2009,2,PTTP,50,15.1221814602385
44,3,2009,2,PTTP,52,10.5197784071224
44,3,2009,2,PTTP,54,8.54731995578698
44,3,2009,2,PTTP,56,4.60240305311607
44,3,2009,2,PTTP,58,5.25988920356122
44,3,2009,2,PTTP,60,1.97245845133546
44,3,2009,2,PTTP,62,3
44,3,2009,2,PTTP,64,2.62994460178061
44,3,2009,2,PTTP,66,1
44,3,2009,2,PTTP,68,1.97245845133546
44,3,2009,2,PTTP,70,4
44,3,2009,2,PTTP,72,2
44,3,2009,2,PTTP,74,0
44,3,2009,2,PTTP,76,0.657486150445152
44,3,2009,2,PTTP,78,0
44,3,2009,2,PTTP,80,0
44,3,2009,2,PTTP,82,0
44,3,2009,2,PTTP,84,0
44,3,2009,2,PTTP,86,0
44,3,2009,2,PTTP,88,0
44,3,2009,2,PTTP,90,0
44,3,2009,2,PTTP,92,0
44,3,2009,2,PTTP,94,0
44,3,2009,2,PTTP,96,0
44,3,2009,2,PTTP,98,0
44,3,2009,2,PTTP,100,0
44,3,2009,2,PTTP,102,0
44,3,2009,2,PTTP,104,0
44,3,2009,2,PTTP,106,0
44,3,2009,2,PTTP,108,0
44,3,2009,2,PTTP,110,0
44,3,2009,2,PTTP,112,0
44,3,2009,2,PTTP,114,0
44,3,2009,2,PTTP,116,0
44,3,2009,2,PTTP,118,0
44,3,2009,2,PTTP,120,0
44,3,2009,2,PTTP,122,0
44,3,2009,2,PTTP,124,0
44,3,2009,2,PTTP,126,0
44,3,2009,2,PTTP,128,0
44,3,2009,2,PTTP,130,0
44,3,2009,2,PTTP,132,0
44,3,2009,2,PTTP,134,0
44,3,2009,2,PTTP,136,0
44,3,2009,2,PTTP,138,0
44,3,2009,2,PTTP,140,0
44,3,2009,2,PTTP,142,0
44,3,2009,2,PTTP,144,0
44,3,2009,2,PTTP,146,0
44,3,2009,2,PTTP,148,0
44,3,2009,2,PTTP,150,0
44,3,2009,2,PTTP,152,0
44,3,2009,2,PTTP,154,0
44,3,2009,2,PTTP,156,0
44,3,2009,2,PTTP,158,0
44,3,2009,2,PTTP,160,0
44,3,2009,2,PTTP,162,0
44,3,2009,2,PTTP,164,0
44,3,2009,2,PTTP,166,0
44,3,2009,2,PTTP,168,0
44,3,2009,2,PTTP,170,0
44,3,2009,2,PTTP,172,0
44,3,2009,2,PTTP,174,0
44,3,2009,2,PTTP,176,0
44,3,2009,2,PTTP,178,0
44,3,2009,2,PTTP,180,0
44,3,2009,2,PTTP,182,0
44,3,2009,2,PTTP,184,0
44,3,2009,2,PTTP,186,0
44,3,2009,2,PTTP,188,0
44,3,2009,2,PTTP,190,0
44,3,2009,2,PTTP,192,0
44,3,2009,2,PTTP,194,0
44,3,2009,2,PTTP,196,0
44,3,2009,2,PTTP,198,0
45,3,2009,3,PTTP,10,0
45,3,2009,3,PTTP,12,0
45,3,2009,3,PTTP,14,0
45,3,2009,3,PTTP,16,0
45,3,2009,3,PTTP,18,0
45,3,2009,3,PTTP,20,0
45,3,2009,3,PTTP,22,0
45,3,2009,3,PTTP,24,0
45,3,2009,3,PTTP,26,1.85652702216587
45,3,2009,3,PTTP,28,2.47536936288783
45,3,2009,3,PTTP,30,3.09421170360978
45,3,2009,3,PTTP,32,3.09421170360978
45,3,2009,3,PTTP,34,22.2783242659904
45,3,2009,3,PTTP,36,80.4495042938544
45,3,2009,3,PTTP,38,186.271544557309
45,3,2009,3,PTTP,40,157.804796884099
45,3,2009,3,PTTP,42,108.916251967064
45,3,2009,3,PTTP,44,84.1625583381861
45,3,2009,3,PTTP,46,89.7321394046837
45,3,2009,3,PTTP,48,87.2567700417959
45,3,2009,3,PTTP,50,124.387310485113
45,3,2009,3,PTTP,52,114.485833033562
45,3,2009,3,PTTP,54,69.3103421608592
45,3,2009,3,PTTP,56,49.5073872577565
45,3,2009,3,PTTP,58,29.085590013932
45,3,2009,3,PTTP,60,12.9956891551611
45,3,2009,3,PTTP,62,3.71305404433174
45,3,2009,3,PTTP,64,1.23768468144391
45,3,2009,3,PTTP,66,0
45,3,2009,3,PTTP,68,0.618842340721957
45,3,2009,3,PTTP,70,0.618842340721957
45,3,2009,3,PTTP,72,1
45,3,2009,3,PTTP,74,1
45,3,2009,3,PTTP,76,0
45,3,2009,3,PTTP,78,0.618842340721957
45,3,2009,3,PTTP,80,0
45,3,2009,3,PTTP,82,0
45,3,2009,3,PTTP,84,0
45,3,2009,3,PTTP,86,0
45,3,2009,3,PTTP,88,0
45,3,2009,3,PTTP,90,0
45,3,2009,3,PTTP,92,0
45,3,2009,3,PTTP,94,0
45,3,2009,3,PTTP,96,0
45,3,2009,3,PTTP,98,0
45,3,2009,3,PTTP,100,0
45,3,2009,3,PTTP,102,0
45,3,2009,3,PTTP,104,0
45,3,2009,3,PTTP,106,0
45,3,2009,3,PTTP,108,0
45,3,2009,3,PTTP,110,0
45,3,2009,3,PTTP,112,0
45,3,2009,3,PTTP,114,0
45,3,2009,3,PTTP,116,0
45,3,2009,3,PTTP,118,0
45,3,2009,3,PTTP,120,0
45,3,2009,3,PTTP,122,0
45,3,2009,3,PTTP,124,0
45,3,2009,3,PTTP,126,0
45,3,2009,3,PTTP,128,0
45,3,2009,3,PTTP,130,0
45,3,2009,3,PTTP,132,0
45,3,2009,3,PTTP,134,0
45,3,2009,3,PTTP,136,0
45,3,2009,3,PTTP,138,0
45,3,2009,3,PTTP,140,0
45,3,2009,3,PTTP,142,0
45,3,2009,3,PTTP,144,0
45,3,2009,3,PTTP,146,0
45,3,2009,3,PTTP,148,0
45,3,2009,3,PTTP,150,0
45,3,2009,3,PTTP,152,0
45,3,2009,3,PTTP,154,0
45,3,2009,3,PTTP,156,0
45,3,2009,3,PTTP,158,0
45,3,2009,3,PTTP,160,0
45,3,2009,3,PTTP,162,0
45,3,2009,3,PTTP,164,0
45,3,2009,3,PTTP,166,0
45,3,2009,3,PTTP,168,0
45,3,2009,3,PTTP,170,0
45,3,2009,3,PTTP,172,0
45,3,2009,3,PTTP,174,0
45,3,2009,3,PTTP,176,0
45,3,2009,3,PTTP,178,0
45,3,2009,3,PTTP,180,0
45,3,2009,3,PTTP,182,0
45,3,2009,3,PTTP,184,0
45,3,2009,3,PTTP,186,0
45,3,2009,3,PTTP,188,0
45,3,2009,3,PTTP,190,0
45,3,2009,3,PTTP,192,0
45,3,2009,3,PTTP,194,0
45,3,2009,3,PTTP,196,0
45,3,2009,3,PTTP,198,0
46,3,2009,4,PTTP,10,0
46,3,2009,4,PTTP,12,0
46,3,2009,4,PTTP,14,0
46,3,2009,4,PTTP,16,0
46,3,2009,4,PTTP,18,0
46,3,2009,4,PTTP,20,0
46,3,2009,4,PTTP,22,0
46,3,2009,4,PTTP,24,0
46,3,2009,4,PTTP,26,0
46,3,2009,4,PTTP,28,0
46,3,2009,4,PTTP,30,0
46,3,2009,4,PTTP,32,0
46,3,2009,4,PTTP,34,0
46,3,2009,4,PTTP,36,0.539432831626974
46,3,2009,4,PTTP,38,0.539432831626974
46,3,2009,4,PTTP,40,3.77602982138882
46,3,2009,4,PTTP,42,14.0252536223013
46,3,2009,4,PTTP,44,44.7729250250389
46,3,2009,4,PTTP,46,122.99068561095
46,3,2009,4,PTTP,48,146.18629737091
46,3,2009,4,PTTP,50,69.5868352798797
46,3,2009,4,PTTP,52,33.9842683924994
46,3,2009,4,PTTP,54,19.959014770198
46,3,2009,4,PTTP,56,20.498447601825
46,3,2009,4,PTTP,58,15.6435521171823
46,3,2009,4,PTTP,60,10.7886566325395
46,3,2009,4,PTTP,62,4.31546265301579
46,3,2009,4,PTTP,64,1.07886566325395
46,3,2009,4,PTTP,66,0
46,3,2009,4,PTTP,68,0.539432831626974
46,3,2009,4,PTTP,70,0
46,3,2009,4,PTTP,72,0
46,3,2009,4,PTTP,74,0
46,3,2009,4,PTTP,76,0
46,3,2009,4,PTTP,78,0
46,3,2009,4,PTTP,80,0
46,3,2009,4,PTTP,82,0
46,3,2009,4,PTTP,84,0
46,3,2009,4,PTTP,86,0
46,3,2009,4,PTTP,88,0
46,3,2009,4,PTTP,90,0
46,3,2009,4,PTTP,92,0
46,3,2009,4,PTTP,94,0
46,3,2009,4,PTTP,96,0
46,3,2009,4,PTTP,98,0
46,3,2009,4,PTTP,100,0
46,3,2009,4,PTTP,102,0
46,3,2009,4,PTTP,104,0
46,3,2009,4,PTTP,106,0
46,3,2009,4,PTTP,108,0
46,3,2009,4,PTTP,110,0
46,3,2009,4,PTTP,112,0
46,3,2009,4,PTTP,114,0
46,3,2009,4,PTTP,116,0
46,3,2009,4,PTTP,118,0
46,3,2009,4,PTTP,120,0
46,3,2009,4,PTTP,122,0
46,3,2009,4,PTTP,124,0
46,3,2009,4,PTTP,126,0
46,3,2009,4,PTTP,128,0
46,3,2009,4,PTTP,130,0
46,3,2009,4,PTTP,132,0
46,3,2009,4,PTTP,134,0
46,3,2009,4,PTTP,136,0
46,3,2009,4,PTTP,138,0
46,3,2009,4,PTTP,140,0
46,3,2009,4,PTTP,142,0
46,3,2009,4,PTTP,144,0
46,3,2009,4,PTTP,146,0
46,3,2009,4,PTTP,148,0
46,3,2009,4,PTTP,150,0
46,3,2009,4,PTTP,152,0
46,3,2009,4,PTTP,154,0
46,3,2009,4,PTTP,156,0
46,3,2009,4,PTTP,158,0
46,3,2009,4,PTTP,160,0
46,3,2009,4,PTTP,162,0
46,3,2009,4,PTTP,164,0
46,3,2009,4,PTTP,166,0
46,3,2009,4,PTTP,168,0
46,3,2009,4,PTTP,170,0
46,3,2009,4,PTTP,172,0
46,3,2009,4,PTTP,174,0
46,3,2009,4,PTTP,176,0
46,3,2009,4,PTTP,178,0
46,3,2009,4,PTTP,180,0
46,3,2009,4,PTTP,182,0
46,3,2009,4,PTTP,184,0
46,3,2009,4,PTTP,186,0
46,3,2009,4,PTTP,188,0
46,3,2009,4,PTTP,190,0
46,3,2009,4,PTTP,192,0
46,3,2009,4,PTTP,194,0
46,3,2009,4,PTTP,196,0
46,3,2009,4,PTTP,198,0
47,3,2011,2,PTTP,10,0
47,3,2011,2,PTTP,12,0
47,3,2011,2,PTTP,14,0
47,3,2011,2,PTTP,16,0
47,3,2011,2,PTTP,18,0
47,3,2011,2,PTTP,20,0
47,3,2011,2,PTTP,22,0
47,3,2011,2,PTTP,24,0
47,3,2011,2,PTTP,26,0
47,3,2011,2,PTTP,28,8.34057591924331
47,3,2011,2,PTTP,30,347.737857556144
47,3,2011,2,PTTP,32,654.41441827909
47,3,2011,2,PTTP,34,994.45328267901
47,3,2011,2,PTTP,36,778.881474304721
47,3,2011,2,PTTP,38,571.008659086657
47,3,2011,2,PTTP,40,527.381031201384
47,3,2011,2,PTTP,42,391.365485441417
47,3,2011,2,PTTP,44,532.513693305534
47,3,2011,2,PTTP,46,440.767358193858
47,3,2011,2,PTTP,48,293.844905462572
47,3,2011,2,PTTP,50,266.898429415786
47,3,2011,2,PTTP,52,218.138139426363
47,3,2011,2,PTTP,54,200.173822061839
47,3,2011,2,PTTP,56,116.768062869406
47,3,2011,2,PTTP,58,78.2730970882833
47,3,2011,2,PTTP,60,32.7207209139545
47,3,2011,2,PTTP,62,14.1148207864117
47,3,2011,2,PTTP,64,8.34057591924331
47,3,2011,2,PTTP,66,9.62374144528074
47,3,2011,2,PTTP,68,9.62374144528074
47,3,2011,2,PTTP,70,5.13266210414973
47,3,2011,2,PTTP,72,1.28316552603743
47,3,2011,2,PTTP,74,0.641582763018716
47,3,2011,2,PTTP,76,1.28316552603743
47,3,2011,2,PTTP,78,1.92474828905615
47,3,2011,2,PTTP,80,0
47,3,2011,2,PTTP,82,0
47,3,2011,2,PTTP,84,0
47,3,2011,2,PTTP,86,0
47,3,2011,2,PTTP,88,0
47,3,2011,2,PTTP,90,1
47,3,2011,2,PTTP,92,0
47,3,2011,2,PTTP,94,0
47,3,2011,2,PTTP,96,0
47,3,2011,2,PTTP,98,0
47,3,2011,2,PTTP,100,0
47,3,2011,2,PTTP,102,0
47,3,2011,2,PTTP,104,0
47,3,2011,2,PTTP,106,0
47,3,2011,2,PTTP,108,0
47,3,2011,2,PTTP,110,0
47,3,2011,2,PTTP,112,0
47,3,2011,2,PTTP,114,0
47,3,2011,2,PTTP,116,0
47,3,2011,2,PTTP,118,0
47,3,2011,2,PTTP,120,0
47,3,2011,2,PTTP,122,0
47,3,2011,2,PTTP,124,0
47,3,2011,2,PTTP,126,0
47,3,2011,2,PTTP,128,0
47,3,2011,2,PTTP,130,0
47,3,2011,2,PTTP,132,0
47,3,2011,2,PTTP,134,0
47,3,2011,2,PTTP,136,0
47,3,2011,2,PTTP,138,0
47,3,2011,2,PTTP,140,0
47,3,2011,2,PTTP,142,0
47,3,2011,2,PTTP,144,0
47,3,2011,2,PTTP,146,0
47,3,2011,2,PTTP,148,0
47,3,2011,2,PTTP,150,0
47,3,2011,2,PTTP,152,0
47,3,2011,2,PTTP,154,0
47,3,2011,2,PTTP,156,0
47,3,2011,2,PTTP,158,0
47,3,2011,2,PTTP,160,0
47,3,2011,2,PTTP,162,0
47,3,2011,2,PTTP,164,0
47,3,2011,2,PTTP,166,0
47,3,2011,2,PTTP,168,0
47,3,2011,2,PTTP,170,0
47,3,2011,2,PTTP,172,0
47,3,2011,2,PTTP,174,0
47,3,2011,2,PTTP,176,0
47,3,2011,2,PTTP,178,0
47,3,2011,2,PTTP,180,0
47,3,2011,2,PTTP,182,0
47,3,2011,2,PTTP,184,0
47,3,2011,2,PTTP,186,0
47,3,2011,2,PTTP,188,0
47,3,2011,2,PTTP,190,0
47,3,2011,2,PTTP,192,0
47,3,2011,2,PTTP,194,0
47,3,2011,2,PTTP,196,0
47,3,2011,2,PTTP,198,0
48,3,2011,3,PTTP,10,0
48,3,2011,3,PTTP,12,0
48,3,2011,3,PTTP,14,0
48,3,2011,3,PTTP,16,0
48,3,2011,3,PTTP,18,0
48,3,2011,3,PTTP,20,0
48,3,2011,3,PTTP,22,0
48,3,2011,3,PTTP,24,0
48,3,2011,3,PTTP,26,0
48,3,2011,3,PTTP,28,0
48,3,2011,3,PTTP,30,0
48,3,2011,3,PTTP,32,0
48,3,2011,3,PTTP,34,0
48,3,2011,3,PTTP,36,0
48,3,2011,3,PTTP,38,0
48,3,2011,3,PTTP,40,0
48,3,2011,3,PTTP,42,1.16520932956677
48,3,2011,3,PTTP,44,1.74781399435015
48,3,2011,3,PTTP,46,4.66083731826708
48,3,2011,3,PTTP,48,8.73906997175077
48,3,2011,3,PTTP,50,18.6433492730683
48,3,2011,3,PTTP,52,31.4606518983028
48,3,2011,3,PTTP,54,40.1997218700535
48,3,2011,3,PTTP,56,34.9562798870031
48,3,2011,3,PTTP,58,17.4781399435015
48,3,2011,3,PTTP,60,1.74781399435015
48,3,2011,3,PTTP,62,2
48,3,2011,3,PTTP,64,0
48,3,2011,3,PTTP,66,0
48,3,2011,3,PTTP,68,0
48,3,2011,3,PTTP,70,0
48,3,2011,3,PTTP,72,0
48,3,2011,3,PTTP,74,0.582604664783385
48,3,2011,3,PTTP,76,0
48,3,2011,3,PTTP,78,0
48,3,2011,3,PTTP,80,0
48,3,2011,3,PTTP,82,0
48,3,2011,3,PTTP,84,0
48,3,2011,3,PTTP,86,0
48,3,2011,3,PTTP,88,0
48,3,2011,3,PTTP,90,0
48,3,2011,3,PTTP,92,0
48,3,2011,3,PTTP,94,0
48,3,2011,3,PTTP,96,0
48,3,2011,3,PTTP,98,0
48,3,2011,3,PTTP,100,0
48,3,2011,3,PTTP,102,0
48,3,2011,3,PTTP,104,0
48,3,2011,3,PTTP,106,0
48,3,2011,3,PTTP,108,0
48,3,2011,3,PTTP,110,0
48,3,2011,3,PTTP,112,0
48,3,2011,3,PTTP,114,0
48,3,2011,3,PTTP,116,0
48,3,2011,3,PTTP,118,0
48,3,2011,3,PTTP,120,0
48,3,2011,3,PTTP,122,0
48,3,2011,3,PTTP,124,0
48,3,2011,3,PTTP,126,0
48,3,2011,3,PTTP,128,0
48,3,2011,3,PTTP,130,0
48,3,2011,3,PTTP,132,0
48,3,2011,3,PTTP,134,0
48,3,2011,3,PTTP,136,0
48,3,2011,3,PTTP,138,0
48,3,2011,3,PTTP,140,0
48,3,2011,3,PTTP,142,0
48,3,2011,3,PTTP,144,0
48,3,2011,3,PTTP,146,0
48,3,2011,3,PTTP,148,0
48,3,2011,3,PTTP,150,0
48,3,2011,3,PTTP,152,0
48,3,2011,3,PTTP,154,0
48,3,2011,3,PTTP,156,0
48,3,2011,3,PTTP,158,0
48,3,2011,3,PTTP,160,0
48,3,2011,3,PTTP,162,0
48,3,2011,3,PTTP,164,0
48,3,2011,3,PTTP,166,0
48,3,2011,3,PTTP,168,0
48,3,2011,3,PTTP,170,0
48,3,2011,3,PTTP,172,0
48,3,2011,3,PTTP,174,0
48,3,2011,3,PTTP,176,0
48,3,2011,3,PTTP,178,0
48,3,2011,3,PTTP,180,0
48,3,2011,3,PTTP,182,0
48,3,2011,3,PTTP,184,0
48,3,2011,3,PTTP,186,0
48,3,2011,3,PTTP,188,0
48,3,2011,3,PTTP,190,0
48,3,2011,3,PTTP,192,0
48,3,2011,3,PTTP,194,0
48,3,2011,3,PTTP,196,0
48,3,2011,3,PTTP,198,0
49,3,2012,1,PTTP,10,0
49,3,2012,1,PTTP,12,0
49,3,2012,1,PTTP,14,0
49,3,2012,1,PTTP,16,0
49,3,2012,1,PTTP,18,0
49,3,2012,1,PTTP,20,0
49,3,2012,1,PTTP,22,0
49,3,2012,1,PTTP,24,0
49,3,2012,1,PTTP,26,0
49,3,2012,1,PTTP,28,2.46662901515418
49,3,2012,1,PTTP,30,50.5658948106606
49,3,2012,1,PTTP,32,70.298926931894
49,3,2012,1,PTTP,34,247.279558769206
49,3,2012,1,PTTP,36,321.278429223831
49,3,2012,1,PTTP,38,264.545961875285
49,3,2012,1,PTTP,40,258.3793893374
49,3,2012,1,PTTP,42,221.996611363876
49,3,2012,1,PTTP,44,204.113551004008
49,3,2012,1,PTTP,46,246.662901515418
49,3,2012,1,PTTP,48,263.929304621497
49,3,2012,1,PTTP,50,426.726819621672
49,3,2012,1,PTTP,52,397.127271439822
49,3,2012,1,PTTP,54,268.862562651805
49,3,2012,1,PTTP,56,169.58074479185
49,3,2012,1,PTTP,58,137.514567594845
49,3,2012,1,PTTP,60,131.34799505696
49,3,2012,1,PTTP,62,199.796950227488
49,3,2012,1,PTTP,64,189.313776913083
49,3,2012,1,PTTP,66,83.865386515242
49,3,2012,1,PTTP,68,40.0827214962554
49,3,2012,1,PTTP,70,23.4329756439647
49,3,2012,1,PTTP,72,12.9498023295594
49,3,2012,1,PTTP,74,8.63320155303962
49,3,2012,1,PTTP,76,4.93325803030835
49,3,2012,1,PTTP,78,1.84997176136563
49,3,2012,1,PTTP,80,2.46662901515418
49,3,2012,1,PTTP,82,0.616657253788544
49,3,2012,1,PTTP,84,1.84997176136563
49,3,2012,1,PTTP,86,0.616657253788544
49,3,2012,1,PTTP,88,0.616657253788544
49,3,2012,1,PTTP,90,0
49,3,2012,1,PTTP,92,0
49,3,2012,1,PTTP,94,0
49,3,2012,1,PTTP,96,0
49,3,2012,1,PTTP,98,0
49,3,2012,1,PTTP,100,0
49,3,2012,1,PTTP,102,0
49,3,2012,1,PTTP,104,0
49,3,2012,1,PTTP,106,0
49,3,2012,1,PTTP,108,0
49,3,2012,1,PTTP,110,0
49,3,2012,1,PTTP,112,0.616657253788544
49,3,2012,1,PTTP,114,0
49,3,2012,1,PTTP,116,0
49,3,2012,1,PTTP,118,0
49,3,2012,1,PTTP,120,0
49,3,2012,1,PTTP,122,0
49,3,2012,1,PTTP,124,0
49,3,2012,1,PTTP,126,0
49,3,2012,1,PTTP,128,0
49,3,2012,1,PTTP,130,0
49,3,2012,1,PTTP,132,0
49,3,2012,1,PTTP,134,0
49,3,2012,1,PTTP,136,0
49,3,2012,1,PTTP,138,0
49,3,2012,1,PTTP,140,0
49,3,2012,1,PTTP,142,0
49,3,2012,1,PTTP,144,0
49,3,2012,1,PTTP,146,0
49,3,2012,1,PTTP,148,0
49,3,2012,1,PTTP,150,0
49,3,2012,1,PTTP,152,0
49,3,2012,1,PTTP,154,0
49,3,2012,1,PTTP,156,0
49,3,2012,1,PTTP,158,0
49,3,2012,1,PTTP,160,0
49,3,2012,1,PTTP,162,0
49,3,2012,1,PTTP,164,0
49,3,2012,1,PTTP,166,0
49,3,2012,1,PTTP,168,0
49,3,2012,1,PTTP,170,0
49,3,2012,1,PTTP,172,0
49,3,2012,1,PTTP,174,0
49,3,2012,1,PTTP,176,0
49,3,2012,1,PTTP,178,0
49,3,2012,1,PTTP,180,0
49,3,2012,1,PTTP,182,0
49,3,2012,1,PTTP,184,0
49,3,2012,1,PTTP,186,0
49,3,2012,1,PTTP,188,0
49,3,2012,1,PTTP,190,0
49,3,2012,1,PTTP,192,0
49,3,2012,1,PTTP,194,0
49,3,2012,1,PTTP,196,0
49,3,2012,1,PTTP,198,0
50,3,2013,2,PTTP,10,0
50,3,2013,2,PTTP,12,0
50,3,2013,2,PTTP,14,0
50,3,2013,2,PTTP,16,0
50,3,2013,2,PTTP,18,0
50,3,2013,2,PTTP,20,0
50,3,2013,2,PTTP,22,0
50,3,2013,2,PTTP,24,0
50,3,2013,2,PTTP,26,0
50,3,2013,2,PTTP,28,15.6792908603309
50,3,2013,2,PTTP,30,160.577565017872
50,3,2013,2,PTTP,32,302.23184796293
50,3,2013,2,PTTP,34,364.408346202174
50,3,2013,2,PTTP,36,355.757702968888
50,3,2013,2,PTTP,38,267.088609827706
50,3,2013,2,PTTP,40,240.596014925767
50,3,2013,2,PTTP,42,201.1274551739
50,3,2013,2,PTTP,44,161.118230219952
50,3,2013,2,PTTP,46,135.166300520094
50,3,2013,2,PTTP,48,120.568340063924
50,3,2013,2,PTTP,50,137.328961328416
50,3,2013,2,PTTP,52,90.2910887474229
50,3,2013,2,PTTP,54,125.974992084728
50,3,2013,2,PTTP,56,90.2910887474229
50,3,2013,2,PTTP,58,47.0378725809927
50,3,2013,2,PTTP,60,42.7125509643497
50,3,2013,2,PTTP,62,18.9232820728132
50,3,2013,2,PTTP,64,43.2532161664301
50,3,2013,2,PTTP,66,35.6839033373048
50,3,2013,2,PTTP,68,47.5785377830731
50,3,2013,2,PTTP,70,49.7411985913946
50,3,2013,2,PTTP,72,32.980577326903
50,3,2013,2,PTTP,74,22.1672732852954
50,3,2013,2,PTTP,76,9.1913084353664
50,3,2013,2,PTTP,78,3.24399121248226
50,3,2013,2,PTTP,80,3.78465641456263
50,3,2013,2,PTTP,82,1.08133040416075
50,3,2013,2,PTTP,84,0
50,3,2013,2,PTTP,86,0.540665202080376
50,3,2013,2,PTTP,88,0
50,3,2013,2,PTTP,90,1.08133040416075
50,3,2013,2,PTTP,92,0
50,3,2013,2,PTTP,94,0
50,3,2013,2,PTTP,96,0
50,3,2013,2,PTTP,98,0
50,3,2013,2,PTTP,100,0
50,3,2013,2,PTTP,102,0
50,3,2013,2,PTTP,104,0
50,3,2013,2,PTTP,106,0
50,3,2013,2,PTTP,108,0
50,3,2013,2,PTTP,110,0
50,3,2013,2,PTTP,112,0
50,3,2013,2,PTTP,114,0
50,3,2013,2,PTTP,116,0
50,3,2013,2,PTTP,118,0
50,3,2013,2,PTTP,120,0
50,3,2013,2,PTTP,122,0
50,3,2013,2,PTTP,124,0
50,3,2013,2,PTTP,126,0
50,3,2013,2,PTTP,128,0
50,3,2013,2,PTTP,130,0
50,3,2013,2,PTTP,132,0
50,3,2013,2,PTTP,134,0
50,3,2013,2,PTTP,136,0
50,3,2013,2,PTTP,138,0
50,3,2013,2,PTTP,140,0
50,3,2013,2,PTTP,142,0
50,3,2013,2,PTTP,144,0
50,3,2013,2,PTTP,146,0
50,3,2013,2,PTTP,148,0
50,3,2013,2,PTTP,150,0
50,3,2013,2,PTTP,152,0
50,3,2013,2,PTTP,154,0
50,3,2013,2,PTTP,156,0
50,3,2013,2,PTTP,158,0
50,3,2013,2,PTTP,160,0
50,3,2013,2,PTTP,162,0
50,3,2013,2,PTTP,164,0
50,3,2013,2,PTTP,166,0
50,3,2013,2,PTTP,168,0
50,3,2013,2,PTTP,170,0
50,3,2013,2,PTTP,172,0
50,3,2013,2,PTTP,174,0
50,3,2013,2,PTTP,176,0
50,3,2013,2,PTTP,178,0
50,3,2013,2,PTTP,180,0
50,3,2013,2,PTTP,182,0
50,3,2013,2,PTTP,184,0
50,3,2013,2,PTTP,186,0
50,3,2013,2,PTTP,188,0
50,3,2013,2,PTTP,190,0
50,3,2013,2,PTTP,192,0
50,3,2013,2,PTTP,194,0
50,3,2013,2,PTTP,196,0
50,3,2013,2,PTTP,198,0
51,3,2017,3,PTTP,10,0
51,3,2017,3,PTTP,12,0
51,3,2017,3,PTTP,14,0
51,3,2017,3,PTTP,16,0
51,3,2017,3,PTTP,18,0
51,3,2017,3,PTTP,20,0
51,3,2017,3,PTTP,22,0
51,3,2017,3,PTTP,24,0
51,3,2017,3,PTTP,26,0
51,3,2017,3,PTTP,28,0
51,3,2017,3,PTTP,30,1.81848409633545
51,3,2017,3,PTTP,32,13.9417114052385
51,3,2017,3,PTTP,34,9.09242048167725
51,3,2017,3,PTTP,36,37.5820046575993
51,3,2017,3,PTTP,38,40.0066501193799
51,3,2017,3,PTTP,40,38.7943273884896
51,3,2017,3,PTTP,42,37.5820046575993
51,3,2017,3,PTTP,44,52.7360387937281
51,3,2017,3,PTTP,46,59.4038138136247
51,3,2017,3,PTTP,48,48.492909235612
51,3,2017,3,PTTP,50,42.4312955811605
51,3,2017,3,PTTP,52,17.5786795979094
51,3,2017,3,PTTP,54,27.2772614450318
51,3,2017,3,PTTP,56,15.7601955015739
51,3,2017,3,PTTP,58,6.66777501989665
51,3,2017,3,PTTP,60,8.4862591162321
51,3,2017,3,PTTP,62,2.4246454617806
51,3,2017,3,PTTP,64,3.03080682722575
51,3,2017,3,PTTP,66,4.24312955811605
51,3,2017,3,PTTP,68,0
51,3,2017,3,PTTP,70,0
51,3,2017,3,PTTP,72,0
51,3,2017,3,PTTP,74,1.2123227308903
51,3,2017,3,PTTP,76,0
51,3,2017,3,PTTP,78,0
51,3,2017,3,PTTP,80,0
51,3,2017,3,PTTP,82,0
51,3,2017,3,PTTP,84,0
51,3,2017,3,PTTP,86,0
51,3,2017,3,PTTP,88,0
51,3,2017,3,PTTP,90,0
51,3,2017,3,PTTP,92,0
51,3,2017,3,PTTP,94,0
51,3,2017,3,PTTP,96,0
51,3,2017,3,PTTP,98,0
51,3,2017,3,PTTP,100,0
51,3,2017,3,PTTP,102,0
51,3,2017,3,PTTP,104,0
51,3,2017,3,PTTP,106,0
51,3,2017,3,PTTP,108,0
51,3,2017,3,PTTP,110,0
51,3,2017,3,PTTP,112,0
51,3,2017,3,PTTP,114,0
51,3,2017,3,PTTP,116,0
51,3,2017,3,PTTP,118,0
51,3,2017,3,PTTP,120,0
51,3,2017,3,PTTP,122,0
51,3,2017,3,PTTP,124,0
51,3,2017,3,PTTP,126,0
51,3,2017,3,PTTP,128,0
51,3,2017,3,PTTP,130,0
51,3,2017,3,PTTP,132,0
51,3,2017,3,PTTP,134,0
51,3,2017,3,PTTP,136,0
51,3,2017,3,PTTP,138,0
51,3,2017,3,PTTP,140,0
51,3,2017,3,PTTP,142,0
51,3,2017,3,PTTP,144,0
51,3,2017,3,PTTP,146,0
51,3,2017,3,PTTP,148,0
51,3,2017,3,PTTP,150,0
51,3,2017,3,PTTP,152,0
51,3,2017,3,PTTP,154,0
51,3,2017,3,PTTP,156,0
51,3,2017,3,PTTP,158,0
51,3,2017,3,PTTP,160,0
51,3,2017,3,PTTP,162,0
51,3,2017,3,PTTP,164,0
51,3,2017,3,PTTP,166,0
51,3,2017,3,PTTP,168,0
51,3,2017,3,PTTP,170,0
51,3,2017,3,PTTP,172,0
51,3,2017,3,PTTP,174,0
51,3,2017,3,PTTP,176,0
51,3,2017,3,PTTP,178,0
51,3,2017,3,PTTP,180,0
51,3,2017,3,PTTP,182,0
51,3,2017,3,PTTP,184,0
51,3,2017,3,PTTP,186,0
51,3,2017,3,PTTP,188,0
51,3,2017,3,PTTP,190,0
51,3,2017,3,PTTP,192,0
51,3,2017,3,PTTP,194,0
51,3,2017,3,PTTP,196,0
51,3,2017,3,PTTP,198,0
52,3,2017,4,PTTP,10,0
52,3,2017,4,PTTP,12,0
52,3,2017,4,PTTP,14,0
52,3,2017,4,PTTP,16,0
52,3,2017,4,PTTP,18,0
52,3,2017,4,PTTP,20,0
52,3,2017,4,PTTP,22,0
52,3,2017,4,PTTP,24,0
52,3,2017,4,PTTP,26,0
52,3,2017,4,PTTP,28,0.632854548031523
52,3,2017,4,PTTP,30,6.96140002834675
52,3,2017,4,PTTP,32,8.22710912440979
52,3,2017,4,PTTP,34,13.289945508662
52,3,2017,4,PTTP,36,7.59425457637827
52,3,2017,4,PTTP,38,5.6956909322837
52,3,2017,4,PTTP,40,8.85996367244132
52,3,2017,4,PTTP,42,39.8698365259859
52,3,2017,4,PTTP,44,91.1310549165392
52,3,2017,4,PTTP,46,154.416509719692
52,3,2017,4,PTTP,48,232.257619127569
52,3,2017,4,PTTP,50,151.885091527565
52,3,2017,4,PTTP,52,123.406636866147
52,3,2017,4,PTTP,54,60.7540366110262
52,3,2017,4,PTTP,56,29.7441637574816
52,3,2017,4,PTTP,58,10.1256727685044
52,3,2017,4,PTTP,60,5.06283638425218
52,3,2017,4,PTTP,62,3.16427274015761
52,3,2017,4,PTTP,64,2.53141819212609
52,3,2017,4,PTTP,66,1.26570909606305
52,3,2017,4,PTTP,68,0
52,3,2017,4,PTTP,70,1
52,3,2017,4,PTTP,72,1.26570909606305
52,3,2017,4,PTTP,74,0
52,3,2017,4,PTTP,76,0
52,3,2017,4,PTTP,78,0
52,3,2017,4,PTTP,80,0
52,3,2017,4,PTTP,82,0
52,3,2017,4,PTTP,84,0.632854548031523
52,3,2017,4,PTTP,86,0
52,3,2017,4,PTTP,88,0.632854548031523
52,3,2017,4,PTTP,90,0.632854548031523
52,3,2017,4,PTTP,92,0
52,3,2017,4,PTTP,94,0.632854548031523
52,3,2017,4,PTTP,96,0
52,3,2017,4,PTTP,98,0
52,3,2017,4,PTTP,100,0
52,3,2017,4,PTTP,102,0
52,3,2017,4,PTTP,104,0
52,3,2017,4,PTTP,106,0
52,3,2017,4,PTTP,108,0
52,3,2017,4,PTTP,110,0
52,3,2017,4,PTTP,112,0
52,3,2017,4,PTTP,114,0
52,3,2017,4,PTTP,116,0
52,3,2017,4,PTTP,118,0
52,3,2017,4,PTTP,120,0
52,3,2017,4,PTTP,122,0
52,3,2017,4,PTTP,124,0
52,3,2017,4,PTTP,126,0
52,3,2017,4,PTTP,128,0
52,3,2017,4,PTTP,130,0
52,3,2017,4,PTTP,132,0
52,3,2017,4,PTTP,134,0
52,3,2017,4,PTTP,136,0
52,3,2017,4,PTTP,138,0
52,3,2017,4,PTTP,140,0
52,3,2017,4,PTTP,142,0
52,3,2017,4,PTTP,144,0
52,3,2017,4,PTTP,146,0
52,3,2017,4,PTTP,148,0
52,3,2017,4,PTTP,150,0
52,3,2017,4,PTTP,152,0
52,3,2017,4,PTTP,154,0
52,3,2017,4,PTTP,156,0
52,3,2017,4,PTTP,158,0
52,3,2017,4,PTTP,160,0
52,3,2017,4,PTTP,162,0
52,3,2017,4,PTTP,164,0
52,3,2017,4,PTTP,166,0
52,3,2017,4,PTTP,168,0
52,3,2017,4,PTTP,170,0
52,3,2017,4,PTTP,172,0
52,3,2017,4,PTTP,174,0
52,3,2017,4,PTTP,176,0
52,3,2017,4,PTTP,178,0
52,3,2017,4,PTTP,180,0
52,3,2017,4,PTTP,182,0
52,3,2017,4,PTTP,184,0
52,3,2017,4,PTTP,186,0
52,3,2017,4,PTTP,188,0
52,3,2017,4,PTTP,190,0
52,3,2017,4,PTTP,192,0
52,3,2017,4,PTTP,194,0
52,3,2017,4,PTTP,196,0
52,3,2017,4,PTTP,198,0
53,3,2019,3,PTTP,10,0
53,3,2019,3,PTTP,12,0
53,3,2019,3,PTTP,14,0
53,3,2019,3,PTTP,16,0
53,3,2019,3,PTTP,18,0
53,3,2019,3,PTTP,20,0
53,3,2019,3,PTTP,22,0
53,3,2019,3,PTTP,24,0
53,3,2019,3,PTTP,26,0
53,3,2019,3,PTTP,28,0
53,3,2019,3,PTTP,30,0
53,3,2019,3,PTTP,32,0
53,3,2019,3,PTTP,34,0.830240395605366
53,3,2019,3,PTTP,36,0.830240395605366
53,3,2019,3,PTTP,38,0
53,3,2019,3,PTTP,40,2.90584138461878
53,3,2019,3,PTTP,42,7.05704336264561
53,3,2019,3,PTTP,44,12.0384857362778
53,3,2019,3,PTTP,46,12.8687261318832
53,3,2019,3,PTTP,48,7.88728375825097
53,3,2019,3,PTTP,50,4.15120197802683
53,3,2019,3,PTTP,52,1.66048079121073
53,3,2019,3,PTTP,54,4.15120197802683
53,3,2019,3,PTTP,56,3.73608178022415
53,3,2019,3,PTTP,58,4.98144237363219
53,3,2019,3,PTTP,60,2.07560098901341
53,3,2019,3,PTTP,62,1.66048079121073
53,3,2019,3,PTTP,64,1.24536059340805
53,3,2019,3,PTTP,66,0
53,3,2019,3,PTTP,68,0
53,3,2019,3,PTTP,70,1
53,3,2019,3,PTTP,72,1
53,3,2019,3,PTTP,74,0
53,3,2019,3,PTTP,76,1
53,3,2019,3,PTTP,78,0
53,3,2019,3,PTTP,80,0
53,3,2019,3,PTTP,82,0
53,3,2019,3,PTTP,84,0
53,3,2019,3,PTTP,86,0
53,3,2019,3,PTTP,88,0
53,3,2019,3,PTTP,90,0
53,3,2019,3,PTTP,92,0
53,3,2019,3,PTTP,94,0
53,3,2019,3,PTTP,96,0
53,3,2019,3,PTTP,98,0
53,3,2019,3,PTTP,100,0
53,3,2019,3,PTTP,102,0
53,3,2019,3,PTTP,104,0
53,3,2019,3,PTTP,106,0
53,3,2019,3,PTTP,108,0
53,3,2019,3,PTTP,110,0
53,3,2019,3,PTTP,112,0
53,3,2019,3,PTTP,114,0
53,3,2019,3,PTTP,116,0
53,3,2019,3,PTTP,118,0
53,3,2019,3,PTTP,120,0
53,3,2019,3,PTTP,122,0
53,3,2019,3,PTTP,124,0
53,3,2019,3,PTTP,126,0
53,3,2019,3,PTTP,128,0
53,3,2019,3,PTTP,130,0
53,3,2019,3,PTTP,132,0
53,3,2019,3,PTTP,134,0
53,3,2019,3,PTTP,136,0
53,3,2019,3,PTTP,138,0
53,3,2019,3,PTTP,140,0
53,3,2019,3,PTTP,142,0
53,3,2019,3,PTTP,144,0
53,3,2019,3,PTTP,146,0
53,3,2019,3,PTTP,148,0
53,3,2019,3,PTTP,150,0
53,3,2019,3,PTTP,152,0
53,3,2019,3,PTTP,154,0
53,3,2019,3,PTTP,156,0
53,3,2019,3,PTTP,158,0
53,3,2019,3,PTTP,160,0
53,3,2019,3,PTTP,162,0
53,3,2019,3,PTTP,164,0
53,3,2019,3,PTTP,166,0
53,3,2019,3,PTTP,168,0
53,3,2019,3,PTTP,170,0
53,3,2019,3,PTTP,172,0
53,3,2019,3,PTTP,174,0
53,3,2019,3,PTTP,176,0
53,3,2019,3,PTTP,178,0
53,3,2019,3,PTTP,180,0
53,3,2019,3,PTTP,182,0
53,3,2019,3,PTTP,184,0
53,3,2019,3,PTTP,186,0
53,3,2019,3,PTTP,188,0
53,3,2019,3,PTTP,190,0
53,3,2019,3,PTTP,192,0
53,3,2019,3,PTTP,194,0
53,3,2019,3,PTTP,196,0
53,3,2019,3,PTTP,198,0
54,3,2022,3,PTTP,10,0
54,3,2022,3,PTTP,12,0
54,3,2022,3,PTTP,14,0
54,3,2022,3,PTTP,16,0
54,3,2022,3,PTTP,18,0
54,3,2022,3,PTTP,20,0
54,3,2022,3,PTTP,22,0
54,3,2022,3,PTTP,24,0
54,3,2022,3,PTTP,26,0
54,3,2022,3,PTTP,28,0
54,3,2022,3,PTTP,30,0
54,3,2022,3,PTTP,32,5.28366203802067
54,3,2022,3,PTTP,34,16.5114438688146
54,3,2022,3,PTTP,36,33.6833454923818
54,3,2022,3,PTTP,38,32.3624299828766
54,3,2022,3,PTTP,40,15.850986114062
54,3,2022,3,PTTP,42,24.4369369258456
54,3,2022,3,PTTP,44,23.1160214163404
54,3,2022,3,PTTP,46,24.4369369258456
54,3,2022,3,PTTP,48,22.4555636615879
54,3,2022,3,PTTP,50,7.92549305703101
54,3,2022,3,PTTP,52,2.64183101901034
54,3,2022,3,PTTP,54,0
54,3,2022,3,PTTP,56,1
54,3,2022,3,PTTP,58,1
54,3,2022,3,PTTP,60,0
54,3,2022,3,PTTP,62,0
54,3,2022,3,PTTP,64,0
54,3,2022,3,PTTP,66,0
54,3,2022,3,PTTP,68,0
54,3,2022,3,PTTP,70,0
54,3,2022,3,PTTP,72,0
54,3,2022,3,PTTP,74,0
54,3,2022,3,PTTP,76,0
54,3,2022,3,PTTP,78,0
54,3,2022,3,PTTP,80,0
54,3,2022,3,PTTP,82,0
54,3,2022,3,PTTP,84,0
54,3,2022,3,PTTP,86,0
54,3,2022,3,PTTP,88,0
54,3,2022,3,PTTP,90,0
54,3,2022,3,PTTP,92,0
54,3,2022,3,PTTP,94,0
54,3,2022,3,PTTP,96,0
54,3,2022,3,PTTP,98,0
54,3,2022,3,PTTP,100,0
54,3,2022,3,PTTP,102,0
54,3,2022,3,PTTP,104,0
54,3,2022,3,PTTP,106,0
54,3,2022,3,PTTP,108,0
54,3,2022,3,PTTP,110,0
54,3,2022,3,PTTP,112,0
54,3,2022,3,PTTP,114,0
54,3,2022,3,PTTP,116,0
54,3,2022,3,PTTP,118,0
54,3,2022,3,PTTP,120,0
54,3,2022,3,PTTP,122,0
54,3,2022,3,PTTP,124,0
54,3,2022,3,PTTP,126,0
54,3,2022,3,PTTP,128,0
54,3,2022,3,PTTP,130,0
54,3,2022,3,PTTP,132,0
54,3,2022,3,PTTP,134,0
54,3,2022,3,PTTP,136,0
54,3,2022,3,PTTP,138,0
54,3,2022,3,PTTP,140,0
54,3,2022,3,PTTP,142,0
54,3,2022,3,PTTP,144,0
54,3,2022,3,PTTP,146,0
54,3,2022,3,PTTP,148,0
54,3,2022,3,PTTP,150,0
54,3,2022,3,PTTP,152,0
54,3,2022,3,PTTP,154,0
54,3,2022,3,PTTP,156,0
54,3,2022,3,PTTP,158,0
54,3,2022,3,PTTP,160,0
54,3,2022,3,PTTP,162,0
54,3,2022,3,PTTP,164,0
54,3,2022,3,PTTP,166,0
54,3,2022,3,PTTP,168,0
54,3,2022,3,PTTP,170,0
54,3,2022,3,PTTP,172,0
54,3,2022,3,PTTP,174,0
54,3,2022,3,PTTP,176,0
54,3,2022,3,PTTP,178,0
54,3,2022,3,PTTP,180,0
54,3,2022,3,PTTP,182,0
54,3,2022,3,PTTP,184,0
54,3,2022,3,PTTP,186,0
54,3,2022,3,PTTP,188,0
54,3,2022,3,PTTP,190,0
54,3,2022,3,PTTP,192,0
54,3,2022,3,PTTP,194,0
54,3,2022,3,PTTP,196,0
54,3,2022,3,PTTP,198,0
55,3,2022,4,PTTP,10,0
55,3,2022,4,PTTP,12,0
55,3,2022,4,PTTP,14,0
55,3,2022,4,PTTP,16,0
55,3,2022,4,PTTP,18,0
55,3,2022,4,PTTP,20,0
55,3,2022,4,PTTP,22,0
55,3,2022,4,PTTP,24,0
55,3,2022,4,PTTP,26,0
55,3,2022,4,PTTP,28,0
55,3,2022,4,PTTP,30,0
55,3,2022,4,PTTP,32,0
55,3,2022,4,PTTP,34,0.592279895440885
55,3,2022,4,PTTP,36,0
55,3,2022,4,PTTP,38,4
55,3,2022,4,PTTP,40,2.36911958176354
55,3,2022,4,PTTP,42,0.592279895440885
55,3,2022,4,PTTP,44,0
55,3,2022,4,PTTP,46,2
55,3,2022,4,PTTP,48,0
55,3,2022,4,PTTP,50,0
55,3,2022,4,PTTP,52,1
55,3,2022,4,PTTP,54,0
55,3,2022,4,PTTP,56,0
55,3,2022,4,PTTP,58,0
55,3,2022,4,PTTP,60,0
55,3,2022,4,PTTP,62,0
55,3,2022,4,PTTP,64,0
55,3,2022,4,PTTP,66,0
55,3,2022,4,PTTP,68,0
55,3,2022,4,PTTP,70,0
55,3,2022,4,PTTP,72,0
55,3,2022,4,PTTP,74,0
55,3,2022,4,PTTP,76,0
55,3,2022,4,PTTP,78,0
55,3,2022,4,PTTP,80,0
55,3,2022,4,PTTP,82,0
55,3,2022,4,PTTP,84,0
55,3,2022,4,PTTP,86,0
55,3,2022,4,PTTP,88,0
55,3,2022,4,PTTP,90,0
55,3,2022,4,PTTP,92,0
55,3,2022,4,PTTP,94,0
55,3,2022,4,PTTP,96,0
55,3,2022,4,PTTP,98,0
55,3,2022,4,PTTP,100,0
55,3,2022,4,PTTP,102,0
55,3,2022,4,PTTP,104,0
55,3,2022,4,PTTP,106,0
55,3,2022,4,PTTP,108,0
55,3,2022,4,PTTP,110,0
55,3,2022,4,PTTP,112,0
55,3,2022,4,PTTP,114,0
55,3,2022,4,PTTP,116,0
55,3,2022,4,PTTP,118,0
55,3,2022,4,PTTP,120,0
55,3,2022,4,PTTP,122,0
55,3,2022,4,PTTP,124,0
55,3,2022,4,PTTP,126,0
55,3,2022,4,PTTP,128,0
55,3,2022,4,PTTP,130,0
55,3,2022,4,PTTP,132,0
55,3,2022,4,PTTP,134,0
55,3,2022,4,PTTP,136,0
55,3,2022,4,PTTP,138,0
55,3,2022,4,PTTP,140,0
55,3,2022,4,PTTP,142,0
55,3,2022,4,PTTP,144,0
55,3,2022,4,PTTP,146,0
55,3,2022,4,PTTP,148,0
55,3,2022,4,PTTP,150,0
55,3,2022,4,PTTP,152,0
55,3,2022,4,PTTP,154,0
55,3,2022,4,PTTP,156,0
55,3,2022,4,PTTP,158,0
55,3,2022,4,PTTP,160,0
55,3,2022,4,PTTP,162,0
55,3,2022,4,PTTP,164,0
55,3,2022,4,PTTP,166,0
55,3,2022,4,PTTP,168,0
55,3,2022,4,PTTP,170,0
55,3,2022,4,PTTP,172,0
55,3,2022,4,PTTP,174,0
55,3,2022,4,PTTP,176,0
55,3,2022,4,PTTP,178,0
55,3,2022,4,PTTP,180,0
55,3,2022,4,PTTP,182,0
55,3,2022,4,PTTP,184,0
55,3,2022,4,PTTP,186,0
55,3,2022,4,PTTP,188,0
55,3,2022,4,PTTP,190,0
55,3,2022,4,PTTP,192,0
55,3,2022,4,PTTP,194,0
55,3,2022,4,PTTP,196,0
55,3,2022,4,PTTP,198,0
56,4,2008,1,PTTP,10,0
56,4,2008,1,PTTP,12,0
56,4,2008,1,PTTP,14,0
56,4,2008,1,PTTP,16,0
56,4,2008,1,PTTP,18,0
56,4,2008,1,PTTP,20,0
56,4,2008,1,PTTP,22,0
56,4,2008,1,PTTP,24,0
56,4,2008,1,PTTP,26,0
56,4,2008,1,PTTP,28,0.925409846996908
56,4,2008,1,PTTP,30,3.70163938798763
56,4,2008,1,PTTP,32,4.62704923498454
56,4,2008,1,PTTP,34,10.6422132404644
56,4,2008,1,PTTP,36,26.3741806394119
56,4,2008,1,PTTP,38,48.1213120438392
56,4,2008,1,PTTP,40,63.8532794427866
56,4,2008,1,PTTP,42,44.4196726558516
56,4,2008,1,PTTP,44,18.9709018634366
56,4,2008,1,PTTP,46,3.23893446448918
56,4,2008,1,PTTP,48,1.38811477049536
56,4,2008,1,PTTP,50,1.85081969399382
56,4,2008,1,PTTP,52,2
56,4,2008,1,PTTP,54,0
56,4,2008,1,PTTP,56,1.85081969399382
56,4,2008,1,PTTP,58,0.462704923498454
56,4,2008,1,PTTP,60,0.462704923498454
56,4,2008,1,PTTP,62,2.31352461749227
56,4,2008,1,PTTP,64,1.38811477049536
56,4,2008,1,PTTP,66,0
56,4,2008,1,PTTP,68,1.38811477049536
56,4,2008,1,PTTP,70,0.925409846996908
56,4,2008,1,PTTP,72,0
56,4,2008,1,PTTP,74,0
56,4,2008,1,PTTP,76,0
56,4,2008,1,PTTP,78,0.462704923498454
56,4,2008,1,PTTP,80,0.462704923498454
56,4,2008,1,PTTP,82,0
56,4,2008,1,PTTP,84,0
56,4,2008,1,PTTP,86,0
56,4,2008,1,PTTP,88,0
56,4,2008,1,PTTP,90,0
56,4,2008,1,PTTP,92,0
56,4,2008,1,PTTP,94,0
56,4,2008,1,PTTP,96,0
56,4,2008,1,PTTP,98,0
56,4,2008,1,PTTP,100,0
56,4,2008,1,PTTP,102,0
56,4,2008,1,PTTP,104,0
56,4,2008,1,PTTP,106,0
56,4,2008,1,PTTP,108,0
56,4,2008,1,PTTP,110,0
56,4,2008,1,PTTP,112,0
56,4,2008,1,PTTP,114,0
56,4,2008,1,PTTP,116,0
56,4,2008,1,PTTP,118,0
56,4,2008,1,PTTP,120,0
56,4,2008,1,PTTP,122,0
56,4,2008,1,PTTP,124,0
56,4,2008,1,PTTP,126,0
56,4,2008,1,PTTP,128,0
56,4,2008,1,PTTP,130,0
56,4,2008,1,PTTP,132,0
56,4,2008,1,PTTP,134,0
56,4,2008,1,PTTP,136,0
56,4,2008,1,PTTP,138,0
56,4,2008,1,PTTP,140,0
56,4,2008,1,PTTP,142,0
56,4,2008,1,PTTP,144,0
56,4,2008,1,PTTP,146,0
56,4,2008,1,PTTP,148,0
56,4,2008,1,PTTP,150,0
56,4,2008,1,PTTP,152,0
56,4,2008,1,PTTP,154,0
56,4,2008,1,PTTP,156,0
56,4,2008,1,PTTP,158,0
56,4,2008,1,PTTP,160,0
56,4,2008,1,PTTP,162,0
56,4,2008,1,PTTP,164,0
56,4,2008,1,PTTP,166,0
56,4,2008,1,PTTP,168,0
56,4,2008,1,PTTP,170,0
56,4,2008,1,PTTP,172,0
56,4,2008,1,PTTP,174,0
56,4,2008,1,PTTP,176,0
56,4,2008,1,PTTP,178,0
56,4,2008,1,PTTP,180,0
56,4,2008,1,PTTP,182,0
56,4,2008,1,PTTP,184,0
56,4,2008,1,PTTP,186,0
56,4,2008,1,PTTP,188,0
56,4,2008,1,PTTP,190,0
56,4,2008,1,PTTP,192,0
56,4,2008,1,PTTP,194,0
56,4,2008,1,PTTP,196,0
56,4,2008,1,PTTP,198,0
57,4,2008,2,PTTP,10,0
57,4,2008,2,PTTP,12,0
57,4,2008,2,PTTP,14,0
57,4,2008,2,PTTP,16,0
57,4,2008,2,PTTP,18,0
57,4,2008,2,PTTP,20,0
57,4,2008,2,PTTP,22,0
57,4,2008,2,PTTP,24,0
57,4,2008,2,PTTP,26,0
57,4,2008,2,PTTP,28,0
57,4,2008,2,PTTP,30,58.2634512583327
57,4,2008,2,PTTP,32,66.9694842049801
57,4,2008,2,PTTP,34,47.5483337855359
57,4,2008,2,PTTP,36,38.1726059968387
57,4,2008,2,PTTP,38,17.4120658932948
57,4,2008,2,PTTP,40,28.1271833660916
57,4,2008,2,PTTP,42,11.3848123148466
57,4,2008,2,PTTP,44,8.70603294664742
57,4,2008,2,PTTP,46,6.69694842049801
57,4,2008,2,PTTP,48,3.34847421024901
57,4,2008,2,PTTP,50,14.7332865250956
57,4,2008,2,PTTP,52,24.7787091558426
57,4,2008,2,PTTP,54,33.4847421024901
57,4,2008,2,PTTP,56,17.4120658932948
57,4,2008,2,PTTP,58,12.0545071568964
57,4,2008,2,PTTP,60,12.0545071568964
57,4,2008,2,PTTP,62,12.7242019989462
57,4,2008,2,PTTP,64,7.36664326254781
57,4,2008,2,PTTP,66,4.01816905229881
57,4,2008,2,PTTP,68,1
57,4,2008,2,PTTP,70,2.0090845261494
57,4,2008,2,PTTP,72,0
57,4,2008,2,PTTP,74,0
57,4,2008,2,PTTP,76,0
57,4,2008,2,PTTP,78,0
57,4,2008,2,PTTP,80,0.669694842049801
57,4,2008,2,PTTP,82,0
57,4,2008,2,PTTP,84,0
57,4,2008,2,PTTP,86,0
57,4,2008,2,PTTP,88,0
57,4,2008,2,PTTP,90,0
57,4,2008,2,PTTP,92,0
57,4,2008,2,PTTP,94,0
57,4,2008,2,PTTP,96,0
57,4,2008,2,PTTP,98,0
57,4,2008,2,PTTP,100,0.669694842049801
57,4,2008,2,PTTP,102,0
57,4,2008,2,PTTP,104,0
57,4,2008,2,PTTP,106,0.669694842049801
57,4,2008,2,PTTP,108,0
57,4,2008,2,PTTP,110,0
57,4,2008,2,PTTP,112,0
57,4,2008,2,PTTP,114,0
57,4,2008,2,PTTP,116,0
57,4,2008,2,PTTP,118,0
57,4,2008,2,PTTP,120,0
57,4,2008,2,PTTP,122,0
57,4,2008,2,PTTP,124,0
57,4,2008,2,PTTP,126,0
57,4,2008,2,PTTP,128,0
57,4,2008,2,PTTP,130,0
57,4,2008,2,PTTP,132,0
57,4,2008,2,PTTP,134,0
57,4,2008,2,PTTP,136,0
57,4,2008,2,PTTP,138,0
57,4,2008,2,PTTP,140,0
57,4,2008,2,PTTP,142,0
57,4,2008,2,PTTP,144,0
57,4,2008,2,PTTP,146,0
57,4,2008,2,PTTP,148,0
57,4,2008,2,PTTP,150,0
57,4,2008,2,PTTP,152,0
57,4,2008,2,PTTP,154,0
57,4,2008,2,PTTP,156,0
57,4,2008,2,PTTP,158,0
57,4,2008,2,PTTP,160,0
57,4,2008,2,PTTP,162,0
57,4,2008,2,PTTP,164,0
57,4,2008,2,PTTP,166,0
57,4,2008,2,PTTP,168,0
57,4,2008,2,PTTP,170,0
57,4,2008,2,PTTP,172,0
57,4,2008,2,PTTP,174,0
57,4,2008,2,PTTP,176,0
57,4,2008,2,PTTP,178,0
57,4,2008,2,PTTP,180,0
57,4,2008,2,PTTP,182,0
57,4,2008,2,PTTP,184,0
57,4,2008,2,PTTP,186,0
57,4,2008,2,PTTP,188,0
57,4,2008,2,PTTP,190,0
57,4,2008,2,PTTP,192,0
57,4,2008,2,PTTP,194,0
57,4,2008,2,PTTP,196,0
57,4,2008,2,PTTP,198,0
58,4,2008,3,PTTP,10,0
58,4,2008,3,PTTP,12,0
58,4,2008,3,PTTP,14,0
58,4,2008,3,PTTP,16,0
58,4,2008,3,PTTP,18,0
58,4,2008,3,PTTP,20,0
58,4,2008,3,PTTP,22,0
58,4,2008,3,PTTP,24,0
58,4,2008,3,PTTP,26,1.15768643477155
58,4,2008,3,PTTP,28,45.5356664343476
58,4,2008,3,PTTP,30,243.114151302025
58,4,2008,3,PTTP,32,180.213188346104
58,4,2008,3,PTTP,34,101.104615303382
58,4,2008,3,PTTP,36,86.4405871296089
58,4,2008,3,PTTP,38,19.2947739128591
58,4,2008,3,PTTP,40,6.94611860862929
58,4,2008,3,PTTP,42,2.3153728695431
58,4,2008,3,PTTP,44,2.3153728695431
58,4,2008,3,PTTP,46,1
58,4,2008,3,PTTP,48,1.15768643477155
58,4,2008,3,PTTP,50,4.63074573908619
58,4,2008,3,PTTP,52,5.40253669560056
58,4,2008,3,PTTP,54,6.56022313037211
58,4,2008,3,PTTP,56,6.17432765211492
58,4,2008,3,PTTP,58,7.71790956514365
58,4,2008,3,PTTP,60,13.8922372172586
58,4,2008,3,PTTP,62,23.5396241736881
58,4,2008,3,PTTP,64,15.4358191302873
58,4,2008,3,PTTP,66,7.33201408688647
58,4,2008,3,PTTP,68,2.3153728695431
58,4,2008,3,PTTP,70,0.771790956514365
58,4,2008,3,PTTP,72,0
58,4,2008,3,PTTP,74,0
58,4,2008,3,PTTP,76,0
58,4,2008,3,PTTP,78,0
58,4,2008,3,PTTP,80,0
58,4,2008,3,PTTP,82,0
58,4,2008,3,PTTP,84,0
58,4,2008,3,PTTP,86,0
58,4,2008,3,PTTP,88,0
58,4,2008,3,PTTP,90,0
58,4,2008,3,PTTP,92,0
58,4,2008,3,PTTP,94,0
58,4,2008,3,PTTP,96,0
58,4,2008,3,PTTP,98,0
58,4,2008,3,PTTP,100,0
58,4,2008,3,PTTP,102,0
58,4,2008,3,PTTP,104,0
58,4,2008,3,PTTP,106,0
58,4,2008,3,PTTP,108,0
58,4,2008,3,PTTP,110,0
58,4,2008,3,PTTP,112,0
58,4,2008,3,PTTP,114,0
58,4,2008,3,PTTP,116,0
58,4,2008,3,PTTP,118,0
58,4,2008,3,PTTP,120,0
58,4,2008,3,PTTP,122,0
58,4,2008,3,PTTP,124,0
58,4,2008,3,PTTP,126,0
58,4,2008,3,PTTP,128,0
58,4,2008,3,PTTP,130,0
58,4,2008,3,PTTP,132,0
58,4,2008,3,PTTP,134,0
58,4,2008,3,PTTP,136,0
58,4,2008,3,PTTP,138,0
58,4,2008,3,PTTP,140,0
58,4,2008,3,PTTP,142,0
58,4,2008,3,PTTP,144,0
58,4,2008,3,PTTP,146,0
58,4,2008,3,PTTP,148,0
58,4,2008,3,PTTP,150,0
58,4,2008,3,PTTP,152,0
58,4,2008,3,PTTP,154,0
58,4,2008,3,PTTP,156,0
58,4,2008,3,PTTP,158,0
58,4,2008,3,PTTP,160,0
58,4,2008,3,PTTP,162,0
58,4,2008,3,PTTP,164,0
58,4,2008,3,PTTP,166,0
58,4,2008,3,PTTP,168,0
58,4,2008,3,PTTP,170,0
58,4,2008,3,PTTP,172,0
58,4,2008,3,PTTP,174,0
58,4,2008,3,PTTP,176,0
58,4,2008,3,PTTP,178,0
58,4,2008,3,PTTP,180,0
58,4,2008,3,PTTP,182,0
58,4,2008,3,PTTP,184,0
58,4,2008,3,PTTP,186,0
58,4,2008,3,PTTP,188,0
58,4,2008,3,PTTP,190,0
58,4,2008,3,PTTP,192,0
58,4,2008,3,PTTP,194,0
58,4,2008,3,PTTP,196,0
58,4,2008,3,PTTP,198,0
59,4,2008,4,PTTP,10,0
59,4,2008,4,PTTP,12,0
59,4,2008,4,PTTP,14,0
59,4,2008,4,PTTP,16,0
59,4,2008,4,PTTP,18,0
59,4,2008,4,PTTP,20,0
59,4,2008,4,PTTP,22,0
59,4,2008,4,PTTP,24,0
59,4,2008,4,PTTP,26,0
59,4,2008,4,PTTP,28,0.442061604612751
59,4,2008,4,PTTP,30,45.9744068797262
59,4,2008,4,PTTP,32,105.652723502448
59,4,2008,4,PTTP,34,43.7640988566624
59,4,2008,4,PTTP,36,11.0515401153188
59,4,2008,4,PTTP,38,8.84123209225503
59,4,2008,4,PTTP,40,5.30473925535302
59,4,2008,4,PTTP,42,16.3562793706718
59,4,2008,4,PTTP,44,19.4507106029611
59,4,2008,4,PTTP,46,10.609478510706
59,4,2008,4,PTTP,48,4.86267765074027
59,4,2008,4,PTTP,50,3.53649283690201
59,4,2008,4,PTTP,52,1.76824641845101
59,4,2008,4,PTTP,54,0.884123209225503
59,4,2008,4,PTTP,56,0.442061604612751
59,4,2008,4,PTTP,58,0
59,4,2008,4,PTTP,60,0.442061604612751
59,4,2008,4,PTTP,62,0
59,4,2008,4,PTTP,64,0
59,4,2008,4,PTTP,66,0
59,4,2008,4,PTTP,68,0
59,4,2008,4,PTTP,70,0
59,4,2008,4,PTTP,72,0
59,4,2008,4,PTTP,74,0
59,4,2008,4,PTTP,76,0
59,4,2008,4,PTTP,78,0
59,4,2008,4,PTTP,80,0
59,4,2008,4,PTTP,82,0
59,4,2008,4,PTTP,84,0
59,4,2008,4,PTTP,86,0
59,4,2008,4,PTTP,88,0
59,4,2008,4,PTTP,90,0
59,4,2008,4,PTTP,92,0
59,4,2008,4,PTTP,94,0
59,4,2008,4,PTTP,96,0
59,4,2008,4,PTTP,98,0
59,4,2008,4,PTTP,100,0
59,4,2008,4,PTTP,102,0
59,4,2008,4,PTTP,104,0
59,4,2008,4,PTTP,106,0
59,4,2008,4,PTTP,108,0
59,4,2008,4,PTTP,110,0
59,4,2008,4,PTTP,112,0
59,4,2008,4,PTTP,114,0
59,4,2008,4,PTTP,116,0
59,4,2008,4,PTTP,118,0
59,4,2008,4,PTTP,120,0
59,4,2008,4,PTTP,122,0
59,4,2008,4,PTTP,124,0
59,4,2008,4,PTTP,126,0
59,4,2008,4,PTTP,128,0
59,4,2008,4,PTTP,130,0
59,4,2008,4,PTTP,132,0
59,4,2008,4,PTTP,134,0
59,4,2008,4,PTTP,136,0
59,4,2008,4,PTTP,138,0
59,4,2008,4,PTTP,140,0
59,4,2008,4,PTTP,142,0
59,4,2008,4,PTTP,144,0
59,4,2008,4,PTTP,146,0
59,4,2008,4,PTTP,148,0
59,4,2008,4,PTTP,150,0
59,4,2008,4,PTTP,152,0
59,4,2008,4,PTTP,154,0
59,4,2008,4,PTTP,156,0
59,4,2008,4,PTTP,158,0
59,4,2008,4,PTTP,160,0
59,4,2008,4,PTTP,162,0
59,4,2008,4,PTTP,164,0
59,4,2008,4,PTTP,166,0
59,4,2008,4,PTTP,168,0
59,4,2008,4,PTTP,170,0
59,4,2008,4,PTTP,172,0
59,4,2008,4,PTTP,174,0
59,4,2008,4,PTTP,176,0
59,4,2008,4,PTTP,178,0
59,4,2008,4,PTTP,180,0
59,4,2008,4,PTTP,182,0
59,4,2008,4,PTTP,184,0
59,4,2008,4,PTTP,186,0
59,4,2008,4,PTTP,188,0
59,4,2008,4,PTTP,190,0
59,4,2008,4,PTTP,192,0
59,4,2008,4,PTTP,194,0
59,4,2008,4,PTTP,196,0
59,4,2008,4,PTTP,198,0
60,4,2009,1,PTTP,10,0
60,4,2009,1,PTTP,12,0
60,4,2009,1,PTTP,14,0
60,4,2009,1,PTTP,16,0
60,4,2009,1,PTTP,18,0
60,4,2009,1,PTTP,20,0
60,4,2009,1,PTTP,22,0
60,4,2009,1,PTTP,24,0
60,4,2009,1,PTTP,26,0
60,4,2009,1,PTTP,28,7.34604188604771
60,4,2009,1,PTTP,30,12.5932146617961
60,4,2009,1,PTTP,32,5.7718900533232
60,4,2009,1,PTTP,34,9.96962827392189
60,4,2009,1,PTTP,36,12.0684973842212
60,4,2009,1,PTTP,38,18.8898219926941
60,4,2009,1,PTTP,40,20.9886911029935
60,4,2009,1,PTTP,42,33.0571884872147
60,4,2009,1,PTTP,44,54.0458795902082
60,4,2009,1,PTTP,46,147.445554998529
60,4,2009,1,PTTP,48,154.791596884577
60,4,2009,1,PTTP,50,89.2019371877222
60,4,2009,1,PTTP,52,32.007753932065
60,4,2009,1,PTTP,54,16.2662356048199
60,4,2009,1,PTTP,56,12.5932146617961
60,4,2009,1,PTTP,58,8.92019371877222
60,4,2009,1,PTTP,60,2.62358638787418
60,4,2009,1,PTTP,62,1.57415183272451
60,4,2009,1,PTTP,64,1.04943455514967
60,4,2009,1,PTTP,66,0
60,4,2009,1,PTTP,68,0.524717277574836
60,4,2009,1,PTTP,70,1.04943455514967
60,4,2009,1,PTTP,72,0.524717277574836
60,4,2009,1,PTTP,74,0
60,4,2009,1,PTTP,76,0
60,4,2009,1,PTTP,78,0
60,4,2009,1,PTTP,80,0
60,4,2009,1,PTTP,82,0
60,4,2009,1,PTTP,84,0
60,4,2009,1,PTTP,86,0
60,4,2009,1,PTTP,88,0
60,4,2009,1,PTTP,90,0
60,4,2009,1,PTTP,92,0
60,4,2009,1,PTTP,94,0
60,4,2009,1,PTTP,96,0
60,4,2009,1,PTTP,98,0
60,4,2009,1,PTTP,100,0
60,4,2009,1,PTTP,102,0
60,4,2009,1,PTTP,104,0
60,4,2009,1,PTTP,106,0
60,4,2009,1,PTTP,108,0
60,4,2009,1,PTTP,110,0
60,4,2009,1,PTTP,112,0
60,4,2009,1,PTTP,114,0
60,4,2009,1,PTTP,116,0
60,4,2009,1,PTTP,118,0
60,4,2009,1,PTTP,120,0
60,4,2009,1,PTTP,122,0
60,4,2009,1,PTTP,124,0
60,4,2009,1,PTTP,126,0
60,4,2009,1,PTTP,128,0
60,4,2009,1,PTTP,130,0
60,4,2009,1,PTTP,132,0
60,4,2009,1,PTTP,134,0
60,4,2009,1,PTTP,136,0
60,4,2009,1,PTTP,138,0
60,4,2009,1,PTTP,140,0
60,4,2009,1,PTTP,142,0
60,4,2009,1,PTTP,144,0
60,4,2009,1,PTTP,146,0
60,4,2009,1,PTTP,148,0
60,4,2009,1,PTTP,150,0
60,4,2009,1,PTTP,152,0
60,4,2009,1,PTTP,154,0
60,4,2009,1,PTTP,156,0
60,4,2009,1,PTTP,158,0
60,4,2009,1,PTTP,160,0
60,4,2009,1,PTTP,162,0
60,4,2009,1,PTTP,164,0
60,4,2009,1,PTTP,166,0
60,4,2009,1,PTTP,168,0
60,4,2009,1,PTTP,170,0
60,4,2009,1,PTTP,172,0
60,4,2009,1,PTTP,174,0
60,4,2009,1,PTTP,176,0
60,4,2009,1,PTTP,178,0
60,4,2009,1,PTTP,180,0
60,4,2009,1,PTTP,182,0
60,4,2009,1,PTTP,184,0
60,4,2009,1,PTTP,186,0
60,4,2009,1,PTTP,188,0
60,4,2009,1,PTTP,190,0
60,4,2009,1,PTTP,192,0
60,4,2009,1,PTTP,194,0
60,4,2009,1,PTTP,196,0
60,4,2009,1,PTTP,198,0
61,4,2009,2,PTTP,10,0
61,4,2009,2,PTTP,12,0
61,4,2009,2,PTTP,14,0
61,4,2009,2,PTTP,16,0
61,4,2009,2,PTTP,18,0
61,4,2009,2,PTTP,20,0
61,4,2009,2,PTTP,22,0
61,4,2009,2,PTTP,24,0
61,4,2009,2,PTTP,26,0
61,4,2009,2,PTTP,28,0
61,4,2009,2,PTTP,30,0
61,4,2009,2,PTTP,32,0.990214086576584
61,4,2009,2,PTTP,34,3.96085634630633
61,4,2009,2,PTTP,36,8.41681973590096
61,4,2009,2,PTTP,38,9.40703382247754
61,4,2009,2,PTTP,40,36.6379212033336
61,4,2009,2,PTTP,42,37.1330282466219
61,4,2009,2,PTTP,44,83.177983272433
61,4,2009,2,PTTP,46,249.038842774011
61,4,2009,2,PTTP,48,344.594502128651
61,4,2009,2,PTTP,50,278.745265371308
61,4,2009,2,PTTP,52,247.553521644146
61,4,2009,2,PTTP,54,168.336394718019
61,4,2009,2,PTTP,56,55.4519888482887
61,4,2009,2,PTTP,58,25.2504592077029
61,4,2009,2,PTTP,60,7.92171269261267
61,4,2009,2,PTTP,62,4.45596338959463
61,4,2009,2,PTTP,64,1.98042817315317
61,4,2009,2,PTTP,66,3.46574930301804
61,4,2009,2,PTTP,68,1
61,4,2009,2,PTTP,70,0.495107043288292
61,4,2009,2,PTTP,72,0
61,4,2009,2,PTTP,74,0.990214086576584
61,4,2009,2,PTTP,76,1.98042817315317
61,4,2009,2,PTTP,78,0.990214086576584
61,4,2009,2,PTTP,80,3.96085634630633
61,4,2009,2,PTTP,82,12.3776760822073
61,4,2009,2,PTTP,84,19.3091746882434
61,4,2009,2,PTTP,86,34.1623859868921
61,4,2009,2,PTTP,88,37.1330282466219
61,4,2009,2,PTTP,90,40.1036705063516
61,4,2009,2,PTTP,92,42.5792057227931
61,4,2009,2,PTTP,94,20.7944958181083
61,4,2009,2,PTTP,96,25.2504592077029
61,4,2009,2,PTTP,98,11.882569038919
61,4,2009,2,PTTP,100,11.882569038919
61,4,2009,2,PTTP,102,8.91192677918925
61,4,2009,2,PTTP,104,7.42660564932438
61,4,2009,2,PTTP,106,1.98042817315317
61,4,2009,2,PTTP,108,2.47553521644146
61,4,2009,2,PTTP,110,2.97064225972975
61,4,2009,2,PTTP,112,1.48532112986488
61,4,2009,2,PTTP,114,1.98042817315317
61,4,2009,2,PTTP,116,0.495107043288292
61,4,2009,2,PTTP,118,1.48532112986488
61,4,2009,2,PTTP,120,0.495107043288292
61,4,2009,2,PTTP,122,0.990214086576584
61,4,2009,2,PTTP,124,0
61,4,2009,2,PTTP,126,0.495107043288292
61,4,2009,2,PTTP,128,0.990214086576584
61,4,2009,2,PTTP,130,0.495107043288292
61,4,2009,2,PTTP,132,0
61,4,2009,2,PTTP,134,0
61,4,2009,2,PTTP,136,0.990214086576584
61,4,2009,2,PTTP,138,0.495107043288292
61,4,2009,2,PTTP,140,0
61,4,2009,2,PTTP,142,0
61,4,2009,2,PTTP,144,0
61,4,2009,2,PTTP,146,0
61,4,2009,2,PTTP,148,0
61,4,2009,2,PTTP,150,0
61,4,2009,2,PTTP,152,0
61,4,2009,2,PTTP,154,0
61,4,2009,2,PTTP,156,0
61,4,2009,2,PTTP,158,0
61,4,2009,2,PTTP,160,0
61,4,2009,2,PTTP,162,0
61,4,2009,2,PTTP,164,0
61,4,2009,2,PTTP,166,0
61,4,2009,2,PTTP,168,0
61,4,2009,2,PTTP,170,0
61,4,2009,2,PTTP,172,0
61,4,2009,2,PTTP,174,0
61,4,2009,2,PTTP,176,0
61,4,2009,2,PTTP,178,0
61,4,2009,2,PTTP,180,0
61,4,2009,2,PTTP,182,0
61,4,2009,2,PTTP,184,0
61,4,2009,2,PTTP,186,0
61,4,2009,2,PTTP,188,0
61,4,2009,2,PTTP,190,0
61,4,2009,2,PTTP,192,0
61,4,2009,2,PTTP,194,0
61,4,2009,2,PTTP,196,0
61,4,2009,2,PTTP,198,0
62,4,2009,3,PTTP,10,0
62,4,2009,3,PTTP,12,0
62,4,2009,3,PTTP,14,0
62,4,2009,3,PTTP,16,0
62,4,2009,3,PTTP,18,0
62,4,2009,3,PTTP,20,0
62,4,2009,3,PTTP,22,0
62,4,2009,3,PTTP,24,0
62,4,2009,3,PTTP,26,0
62,4,2009,3,PTTP,28,1.37534935227059
62,4,2009,3,PTTP,30,6.87674676135295
62,4,2009,3,PTTP,32,9.62744546589413
62,4,2009,3,PTTP,34,22.9224892045098
62,4,2009,3,PTTP,36,60.515371499906
62,4,2009,3,PTTP,38,61.4322710680863
62,4,2009,3,PTTP,40,78.3949130794236
62,4,2009,3,PTTP,42,30.7161355340432
62,4,2009,3,PTTP,44,3.20914848863138
62,4,2009,3,PTTP,46,0.458449784090197
62,4,2009,3,PTTP,48,0
62,4,2009,3,PTTP,50,0
62,4,2009,3,PTTP,52,0
62,4,2009,3,PTTP,54,0.458449784090197
62,4,2009,3,PTTP,56,3.66759827272157
62,4,2009,3,PTTP,58,1.83379913636079
62,4,2009,3,PTTP,60,0.458449784090197
62,4,2009,3,PTTP,62,1
62,4,2009,3,PTTP,64,0.458449784090197
62,4,2009,3,PTTP,66,0
62,4,2009,3,PTTP,68,0
62,4,2009,3,PTTP,70,0
62,4,2009,3,PTTP,72,0
62,4,2009,3,PTTP,74,0
62,4,2009,3,PTTP,76,0
62,4,2009,3,PTTP,78,0
62,4,2009,3,PTTP,80,0
62,4,2009,3,PTTP,82,0
62,4,2009,3,PTTP,84,0
62,4,2009,3,PTTP,86,0
62,4,2009,3,PTTP,88,0
62,4,2009,3,PTTP,90,0
62,4,2009,3,PTTP,92,0
62,4,2009,3,PTTP,94,0
62,4,2009,3,PTTP,96,0
62,4,2009,3,PTTP,98,0
62,4,2009,3,PTTP,100,0
62,4,2009,3,PTTP,102,0
62,4,2009,3,PTTP,104,0
62,4,2009,3,PTTP,106,0
62,4,2009,3,PTTP,108,0
62,4,2009,3,PTTP,110,0
62,4,2009,3,PTTP,112,0
62,4,2009,3,PTTP,114,0
62,4,2009,3,PTTP,116,0
62,4,2009,3,PTTP,118,0
62,4,2009,3,PTTP,120,0
62,4,2009,3,PTTP,122,0
62,4,2009,3,PTTP,124,0
62,4,2009,3,PTTP,126,0
62,4,2009,3,PTTP,128,0
62,4,2009,3,PTTP,130,0
62,4,2009,3,PTTP,132,0
62,4,2009,3,PTTP,134,0
62,4,2009,3,PTTP,136,0
62,4,2009,3,PTTP,138,0
62,4,2009,3,PTTP,140,0
62,4,2009,3,PTTP,142,0
62,4,2009,3,PTTP,144,0
62,4,2009,3,PTTP,146,0
62,4,2009,3,PTTP,148,0
62,4,2009,3,PTTP,150,0
62,4,2009,3,PTTP,152,0
62,4,2009,3,PTTP,154,0
62,4,2009,3,PTTP,156,0
62,4,2009,3,PTTP,158,0
62,4,2009,3,PTTP,160,0
62,4,2009,3,PTTP,162,0
62,4,2009,3,PTTP,164,0
62,4,2009,3,PTTP,166,0
62,4,2009,3,PTTP,168,0
62,4,2009,3,PTTP,170,0
62,4,2009,3,PTTP,172,0
62,4,2009,3,PTTP,174,0
62,4,2009,3,PTTP,176,0
62,4,2009,3,PTTP,178,0
62,4,2009,3,PTTP,180,0
62,4,2009,3,PTTP,182,0
62,4,2009,3,PTTP,184,0
62,4,2009,3,PTTP,186,0
62,4,2009,3,PTTP,188,0
62,4,2009,3,PTTP,190,0
62,4,2009,3,PTTP,192,0
62,4,2009,3,PTTP,194,0
62,4,2009,3,PTTP,196,0
62,4,2009,3,PTTP,198,0
63,4,2009,4,PTTP,10,0
63,4,2009,4,PTTP,12,0
63,4,2009,4,PTTP,14,0
63,4,2009,4,PTTP,16,0
63,4,2009,4,PTTP,18,0
63,4,2009,4,PTTP,20,0
63,4,2009,4,PTTP,22,0
63,4,2009,4,PTTP,24,0
63,4,2009,4,PTTP,26,1.14020775791443
63,4,2009,4,PTTP,28,0.570103878957213
63,4,2009,4,PTTP,30,3.99072715270049
63,4,2009,4,PTTP,32,23.9443629162029
63,4,2009,4,PTTP,34,53.0196607430208
63,4,2009,4,PTTP,36,107.749633122913
63,4,2009,4,PTTP,38,70.1227771117372
63,4,2009,4,PTTP,40,44.4681025586626
63,4,2009,4,PTTP,42,25.0845706741174
63,4,2009,4,PTTP,44,23.9443629162029
63,4,2009,4,PTTP,46,14.2525969739303
63,4,2009,4,PTTP,48,11.9721814581015
63,4,2009,4,PTTP,50,9.69176594227262
63,4,2009,4,PTTP,52,4.5608310316577
63,4,2009,4,PTTP,54,3.99072715270049
63,4,2009,4,PTTP,56,3.42062327374328
63,4,2009,4,PTTP,58,1.71031163687164
63,4,2009,4,PTTP,60,2.28041551582885
63,4,2009,4,PTTP,62,2.28041551582885
63,4,2009,4,PTTP,64,1.14020775791443
63,4,2009,4,PTTP,66,3.42062327374328
63,4,2009,4,PTTP,68,1.71031163687164
63,4,2009,4,PTTP,70,1.71031163687164
63,4,2009,4,PTTP,72,2.85051939478606
63,4,2009,4,PTTP,74,1.14020775791443
63,4,2009,4,PTTP,76,1.14020775791443
63,4,2009,4,PTTP,78,1.14020775791443
63,4,2009,4,PTTP,80,0
63,4,2009,4,PTTP,82,1.14020775791443
63,4,2009,4,PTTP,84,0.570103878957213
63,4,2009,4,PTTP,86,1
63,4,2009,4,PTTP,88,0
63,4,2009,4,PTTP,90,0
63,4,2009,4,PTTP,92,0
63,4,2009,4,PTTP,94,0
63,4,2009,4,PTTP,96,0
63,4,2009,4,PTTP,98,0
63,4,2009,4,PTTP,100,0
63,4,2009,4,PTTP,102,0
63,4,2009,4,PTTP,104,0
63,4,2009,4,PTTP,106,0
63,4,2009,4,PTTP,108,0
63,4,2009,4,PTTP,110,0.570103878957213
63,4,2009,4,PTTP,112,0
63,4,2009,4,PTTP,114,0
63,4,2009,4,PTTP,116,0
63,4,2009,4,PTTP,118,0
63,4,2009,4,PTTP,120,0.570103878957213
63,4,2009,4,PTTP,122,0
63,4,2009,4,PTTP,124,0.570103878957213
63,4,2009,4,PTTP,126,0
63,4,2009,4,PTTP,128,0.570103878957213
63,4,2009,4,PTTP,130,0
63,4,2009,4,PTTP,132,0
63,4,2009,4,PTTP,134,0
63,4,2009,4,PTTP,136,0
63,4,2009,4,PTTP,138,0
63,4,2009,4,PTTP,140,0
63,4,2009,4,PTTP,142,0
63,4,2009,4,PTTP,144,0
63,4,2009,4,PTTP,146,0
63,4,2009,4,PTTP,148,0
63,4,2009,4,PTTP,150,0
63,4,2009,4,PTTP,152,0
63,4,2009,4,PTTP,154,0
63,4,2009,4,PTTP,156,0
63,4,2009,4,PTTP,158,0
63,4,2009,4,PTTP,160,0
63,4,2009,4,PTTP,162,0
63,4,2009,4,PTTP,164,0
63,4,2009,4,PTTP,166,0
63,4,2009,4,PTTP,168,0
63,4,2009,4,PTTP,170,0
63,4,2009,4,PTTP,172,0
63,4,2009,4,PTTP,174,0
63,4,2009,4,PTTP,176,0
63,4,2009,4,PTTP,178,0
63,4,2009,4,PTTP,180,0
63,4,2009,4,PTTP,182,0
63,4,2009,4,PTTP,184,0
63,4,2009,4,PTTP,186,0
63,4,2009,4,PTTP,188,0
63,4,2009,4,PTTP,190,0
63,4,2009,4,PTTP,192,0
63,4,2009,4,PTTP,194,0
63,4,2009,4,PTTP,196,0
63,4,2009,4,PTTP,198,0
64,4,2010,2,PTTP,10,0
64,4,2010,2,PTTP,12,0
64,4,2010,2,PTTP,14,0
64,4,2010,2,PTTP,16,0
64,4,2010,2,PTTP,18,0
64,4,2010,2,PTTP,20,0
64,4,2010,2,PTTP,22,0
64,4,2010,2,PTTP,24,0
64,4,2010,2,PTTP,26,0
64,4,2010,2,PTTP,28,0
64,4,2010,2,PTTP,30,0
64,4,2010,2,PTTP,32,0
64,4,2010,2,PTTP,34,0
64,4,2010,2,PTTP,36,0
64,4,2010,2,PTTP,38,0
64,4,2010,2,PTTP,40,0
64,4,2010,2,PTTP,42,0.663366269780645
64,4,2010,2,PTTP,44,0.663366269780645
64,4,2010,2,PTTP,46,0
64,4,2010,2,PTTP,48,0.663366269780645
64,4,2010,2,PTTP,50,3.31683134890322
64,4,2010,2,PTTP,52,5.9702964280258
64,4,2010,2,PTTP,54,5.30693015824516
64,4,2010,2,PTTP,56,2.65346507912258
64,4,2010,2,PTTP,58,1.32673253956129
64,4,2010,2,PTTP,60,2.65346507912258
64,4,2010,2,PTTP,62,7.29702896758709
64,4,2010,2,PTTP,64,2.65346507912258
64,4,2010,2,PTTP,66,3.98019761868387
64,4,2010,2,PTTP,68,3.98019761868387
64,4,2010,2,PTTP,70,1.99009880934193
64,4,2010,2,PTTP,72,3.31683134890322
64,4,2010,2,PTTP,74,3.31683134890322
64,4,2010,2,PTTP,76,3.98019761868387
64,4,2010,2,PTTP,78,3.31683134890322
64,4,2010,2,PTTP,80,4.64356388846451
64,4,2010,2,PTTP,82,0.663366269780645
64,4,2010,2,PTTP,84,0.663366269780645
64,4,2010,2,PTTP,86,0
64,4,2010,2,PTTP,88,0
64,4,2010,2,PTTP,90,0.663366269780645
64,4,2010,2,PTTP,92,1.99009880934193
64,4,2010,2,PTTP,94,1.32673253956129
64,4,2010,2,PTTP,96,1.99009880934193
64,4,2010,2,PTTP,98,2.65346507912258
64,4,2010,2,PTTP,100,1.99009880934193
64,4,2010,2,PTTP,102,1.32673253956129
64,4,2010,2,PTTP,104,1.32673253956129
64,4,2010,2,PTTP,106,0
64,4,2010,2,PTTP,108,0.663366269780645
64,4,2010,2,PTTP,110,0
64,4,2010,2,PTTP,112,0.663366269780645
64,4,2010,2,PTTP,114,0
64,4,2010,2,PTTP,116,0
64,4,2010,2,PTTP,118,1.32673253956129
64,4,2010,2,PTTP,120,0
64,4,2010,2,PTTP,122,0
64,4,2010,2,PTTP,124,0
64,4,2010,2,PTTP,126,0.663366269780645
64,4,2010,2,PTTP,128,0
64,4,2010,2,PTTP,130,0
64,4,2010,2,PTTP,132,0
64,4,2010,2,PTTP,134,0
64,4,2010,2,PTTP,136,0
64,4,2010,2,PTTP,138,0
64,4,2010,2,PTTP,140,0
64,4,2010,2,PTTP,142,0
64,4,2010,2,PTTP,144,0
64,4,2010,2,PTTP,146,0
64,4,2010,2,PTTP,148,0
64,4,2010,2,PTTP,150,0
64,4,2010,2,PTTP,152,0
64,4,2010,2,PTTP,154,0
64,4,2010,2,PTTP,156,0
64,4,2010,2,PTTP,158,0
64,4,2010,2,PTTP,160,0
64,4,2010,2,PTTP,162,0
64,4,2010,2,PTTP,164,0
64,4,2010,2,PTTP,166,0
64,4,2010,2,PTTP,168,0
64,4,2010,2,PTTP,170,0
64,4,2010,2,PTTP,172,0
64,4,2010,2,PTTP,174,0
64,4,2010,2,PTTP,176,0
64,4,2010,2,PTTP,178,0
64,4,2010,2,PTTP,180,0
64,4,2010,2,PTTP,182,0
64,4,2010,2,PTTP,184,0
64,4,2010,2,PTTP,186,0
64,4,2010,2,PTTP,188,0
64,4,2010,2,PTTP,190,0
64,4,2010,2,PTTP,192,0
64,4,2010,2,PTTP,194,0
64,4,2010,2,PTTP,196,0
64,4,2010,2,PTTP,198,0
65,4,2010,4,PTTP,10,0
65,4,2010,4,PTTP,12,0
65,4,2010,4,PTTP,14,0
65,4,2010,4,PTTP,16,0
65,4,2010,4,PTTP,18,0
65,4,2010,4,PTTP,20,0
65,4,2010,4,PTTP,22,0
65,4,2010,4,PTTP,24,0
65,4,2010,4,PTTP,26,0
65,4,2010,4,PTTP,28,0
65,4,2010,4,PTTP,30,0
65,4,2010,4,PTTP,32,0
65,4,2010,4,PTTP,34,0
65,4,2010,4,PTTP,36,0
65,4,2010,4,PTTP,38,0
65,4,2010,4,PTTP,40,0.624724120752317
65,4,2010,4,PTTP,42,6.87196532827549
65,4,2010,4,PTTP,44,20.6158959848265
65,4,2010,4,PTTP,46,51.8521020224423
65,4,2010,4,PTTP,48,24.9889648300927
65,4,2010,4,PTTP,50,19.9911718640742
65,4,2010,4,PTTP,52,5.62251708677086
65,4,2010,4,PTTP,54,4.37306884526622
65,4,2010,4,PTTP,56,1.24944824150463
65,4,2010,4,PTTP,58,1.24944824150463
65,4,2010,4,PTTP,60,1.24944824150463
65,4,2010,4,PTTP,62,0
65,4,2010,4,PTTP,64,0.624724120752317
65,4,2010,4,PTTP,66,0
65,4,2010,4,PTTP,68,0
65,4,2010,4,PTTP,70,0.624724120752317
65,4,2010,4,PTTP,72,0
65,4,2010,4,PTTP,74,0
65,4,2010,4,PTTP,76,0
65,4,2010,4,PTTP,78,0
65,4,2010,4,PTTP,80,0
65,4,2010,4,PTTP,82,0
65,4,2010,4,PTTP,84,0.624724120752317
65,4,2010,4,PTTP,86,0
65,4,2010,4,PTTP,88,0
65,4,2010,4,PTTP,90,0.624724120752317
65,4,2010,4,PTTP,92,0.624724120752317
65,4,2010,4,PTTP,94,0
65,4,2010,4,PTTP,96,0
65,4,2010,4,PTTP,98,0
65,4,2010,4,PTTP,100,0.624724120752317
65,4,2010,4,PTTP,102,0
65,4,2010,4,PTTP,104,0
65,4,2010,4,PTTP,106,0
65,4,2010,4,PTTP,108,0
65,4,2010,4,PTTP,110,0
65,4,2010,4,PTTP,112,0
65,4,2010,4,PTTP,114,0
65,4,2010,4,PTTP,116,0
65,4,2010,4,PTTP,118,0
65,4,2010,4,PTTP,120,0
65,4,2010,4,PTTP,122,0
65,4,2010,4,PTTP,124,0
65,4,2010,4,PTTP,126,0
65,4,2010,4,PTTP,128,0
65,4,2010,4,PTTP,130,0
65,4,2010,4,PTTP,132,0
65,4,2010,4,PTTP,134,0
65,4,2010,4,PTTP,136,0
65,4,2010,4,PTTP,138,0
65,4,2010,4,PTTP,140,0
65,4,2010,4,PTTP,142,0
65,4,2010,4,PTTP,144,0
65,4,2010,4,PTTP,146,0
65,4,2010,4,PTTP,148,0
65,4,2010,4,PTTP,150,0
65,4,2010,4,PTTP,152,0
65,4,2010,4,PTTP,154,0
65,4,2010,4,PTTP,156,0
65,4,2010,4,PTTP,158,0
65,4,2010,4,PTTP,160,0
65,4,2010,4,PTTP,162,0
65,4,2010,4,PTTP,164,0
65,4,2010,4,PTTP,166,0
65,4,2010,4,PTTP,168,0
65,4,2010,4,PTTP,170,0
65,4,2010,4,PTTP,172,0
65,4,2010,4,PTTP,174,0
65,4,2010,4,PTTP,176,0
65,4,2010,4,PTTP,178,0
65,4,2010,4,PTTP,180,0
65,4,2010,4,PTTP,182,0
65,4,2010,4,PTTP,184,0
65,4,2010,4,PTTP,186,0
65,4,2010,4,PTTP,188,0
65,4,2010,4,PTTP,190,0
65,4,2010,4,PTTP,192,0
65,4,2010,4,PTTP,194,0
65,4,2010,4,PTTP,196,0
65,4,2010,4,PTTP,198,0
66,4,2011,2,PTTP,10,0
66,4,2011,2,PTTP,12,0
66,4,2011,2,PTTP,14,0
66,4,2011,2,PTTP,16,0
66,4,2011,2,PTTP,18,0
66,4,2011,2,PTTP,20,0
66,4,2011,2,PTTP,22,0
66,4,2011,2,PTTP,24,0
66,4,2011,2,PTTP,26,0
66,4,2011,2,PTTP,28,0
66,4,2011,2,PTTP,30,0.65223926216453
66,4,2011,2,PTTP,32,0
66,4,2011,2,PTTP,34,0.65223926216453
66,4,2011,2,PTTP,36,0.65223926216453
66,4,2011,2,PTTP,38,1.30447852432906
66,4,2011,2,PTTP,40,0.65223926216453
66,4,2011,2,PTTP,42,1.30447852432906
66,4,2011,2,PTTP,44,1.30447852432906
66,4,2011,2,PTTP,46,5.21791409731624
66,4,2011,2,PTTP,48,3.26119631082265
66,4,2011,2,PTTP,50,1.95671778649359
66,4,2011,2,PTTP,52,3.91343557298718
66,4,2011,2,PTTP,54,7.82687114597436
66,4,2011,2,PTTP,56,11.088067456797
66,4,2011,2,PTTP,58,5.87015335948077
66,4,2011,2,PTTP,60,0.65223926216453
66,4,2011,2,PTTP,62,0.65223926216453
66,4,2011,2,PTTP,64,0
66,4,2011,2,PTTP,66,0
66,4,2011,2,PTTP,68,0
66,4,2011,2,PTTP,70,0
66,4,2011,2,PTTP,72,0
66,4,2011,2,PTTP,74,0
66,4,2011,2,PTTP,76,0
66,4,2011,2,PTTP,78,0
66,4,2011,2,PTTP,80,0
66,4,2011,2,PTTP,82,0
66,4,2011,2,PTTP,84,0
66,4,2011,2,PTTP,86,0
66,4,2011,2,PTTP,88,0
66,4,2011,2,PTTP,90,0
66,4,2011,2,PTTP,92,0
66,4,2011,2,PTTP,94,0
66,4,2011,2,PTTP,96,0
66,4,2011,2,PTTP,98,0
66,4,2011,2,PTTP,100,0
66,4,2011,2,PTTP,102,0
66,4,2011,2,PTTP,104,0
66,4,2011,2,PTTP,106,0
66,4,2011,2,PTTP,108,0
66,4,2011,2,PTTP,110,0
66,4,2011,2,PTTP,112,0
66,4,2011,2,PTTP,114,0
66,4,2011,2,PTTP,116,0
66,4,2011,2,PTTP,118,0
66,4,2011,2,PTTP,120,0
66,4,2011,2,PTTP,122,0
66,4,2011,2,PTTP,124,0
66,4,2011,2,PTTP,126,0
66,4,2011,2,PTTP,128,0
66,4,2011,2,PTTP,130,0
66,4,2011,2,PTTP,132,0
66,4,2011,2,PTTP,134,0
66,4,2011,2,PTTP,136,0
66,4,2011,2,PTTP,138,0
66,4,2011,2,PTTP,140,0
66,4,2011,2,PTTP,142,0
66,4,2011,2,PTTP,144,0
66,4,2011,2,PTTP,146,0
66,4,2011,2,PTTP,148,0
66,4,2011,2,PTTP,150,0
66,4,2011,2,PTTP,152,0
66,4,2011,2,PTTP,154,0
66,4,2011,2,PTTP,156,0
66,4,2011,2,PTTP,158,0
66,4,2011,2,PTTP,160,0
66,4,2011,2,PTTP,162,0
66,4,2011,2,PTTP,164,0
66,4,2011,2,PTTP,166,0
66,4,2011,2,PTTP,168,0
66,4,2011,2,PTTP,170,0
66,4,2011,2,PTTP,172,0
66,4,2011,2,PTTP,174,0
66,4,2011,2,PTTP,176,0
66,4,2011,2,PTTP,178,0
66,4,2011,2,PTTP,180,0
66,4,2011,2,PTTP,182,0
66,4,2011,2,PTTP,184,0
66,4,2011,2,PTTP,186,0
66,4,2011,2,PTTP,188,0
66,4,2011,2,PTTP,190,0
66,4,2011,2,PTTP,192,0
66,4,2011,2,PTTP,194,0
66,4,2011,2,PTTP,196,0
66,4,2011,2,PTTP,198,0
67,4,2011,3,PTTP,10,0
67,4,2011,3,PTTP,12,0
67,4,2011,3,PTTP,14,0
67,4,2011,3,PTTP,16,0
67,4,2011,3,PTTP,18,0
67,4,2011,3,PTTP,20,0
67,4,2011,3,PTTP,22,0
67,4,2011,3,PTTP,24,0
67,4,2011,3,PTTP,26,0
67,4,2011,3,PTTP,28,0
67,4,2011,3,PTTP,30,12.4032913211456
67,4,2011,3,PTTP,32,23.6253168021821
67,4,2011,3,PTTP,34,10.0407596409274
67,4,2011,3,PTTP,36,9.45012672087286
67,4,2011,3,PTTP,38,29.5316460027277
67,4,2011,3,PTTP,40,18.9002534417457
67,4,2011,3,PTTP,42,12.4032913211456
67,4,2011,3,PTTP,44,15.947088841473
67,4,2011,3,PTTP,46,43.706836084037
67,4,2011,3,PTTP,48,71.466583326601
67,4,2011,3,PTTP,50,83.8698746477466
67,4,2011,3,PTTP,52,48.4318994444734
67,4,2011,3,PTTP,54,23.6253168021821
67,4,2011,3,PTTP,56,21.8534180420185
67,4,2011,3,PTTP,58,8.26886088076375
67,4,2011,3,PTTP,60,2.36253168021821
67,4,2011,3,PTTP,62,1.18126584010911
67,4,2011,3,PTTP,64,0.590632920054554
67,4,2011,3,PTTP,66,0.590632920054554
67,4,2011,3,PTTP,68,0
67,4,2011,3,PTTP,70,0
67,4,2011,3,PTTP,72,0.590632920054554
67,4,2011,3,PTTP,74,0
67,4,2011,3,PTTP,76,0
67,4,2011,3,PTTP,78,0
67,4,2011,3,PTTP,80,0
67,4,2011,3,PTTP,82,0
67,4,2011,3,PTTP,84,0
67,4,2011,3,PTTP,86,0
67,4,2011,3,PTTP,88,0
67,4,2011,3,PTTP,90,0
67,4,2011,3,PTTP,92,0
67,4,2011,3,PTTP,94,0
67,4,2011,3,PTTP,96,0
67,4,2011,3,PTTP,98,0
67,4,2011,3,PTTP,100,0
67,4,2011,3,PTTP,102,0
67,4,2011,3,PTTP,104,0
67,4,2011,3,PTTP,106,0
67,4,2011,3,PTTP,108,0
67,4,2011,3,PTTP,110,0
67,4,2011,3,PTTP,112,0
67,4,2011,3,PTTP,114,0
67,4,2011,3,PTTP,116,0
67,4,2011,3,PTTP,118,0
67,4,2011,3,PTTP,120,0
67,4,2011,3,PTTP,122,0
67,4,2011,3,PTTP,124,0
67,4,2011,3,PTTP,126,0
67,4,2011,3,PTTP,128,0
67,4,2011,3,PTTP,130,0
67,4,2011,3,PTTP,132,0
67,4,2011,3,PTTP,134,0
67,4,2011,3,PTTP,136,0
67,4,2011,3,PTTP,138,0
67,4,2011,3,PTTP,140,0
67,4,2011,3,PTTP,142,0
67,4,2011,3,PTTP,144,0
67,4,2011,3,PTTP,146,0
67,4,2011,3,PTTP,148,0
67,4,2011,3,PTTP,150,0
67,4,2011,3,PTTP,152,0
67,4,2011,3,PTTP,154,0
67,4,2011,3,PTTP,156,0
67,4,2011,3,PTTP,158,0
67,4,2011,3,PTTP,160,0
67,4,2011,3,PTTP,162,0
67,4,2011,3,PTTP,164,0
67,4,2011,3,PTTP,166,0
67,4,2011,3,PTTP,168,0
67,4,2011,3,PTTP,170,0
67,4,2011,3,PTTP,172,0
67,4,2011,3,PTTP,174,0
67,4,2011,3,PTTP,176,0
67,4,2011,3,PTTP,178,0
67,4,2011,3,PTTP,180,0
67,4,2011,3,PTTP,182,0
67,4,2011,3,PTTP,184,0
67,4,2011,3,PTTP,186,0
67,4,2011,3,PTTP,188,0
67,4,2011,3,PTTP,190,0
67,4,2011,3,PTTP,192,0
67,4,2011,3,PTTP,194,0
67,4,2011,3,PTTP,196,0
67,4,2011,3,PTTP,198,0
68,4,2011,4,PTTP,10,0
68,4,2011,4,PTTP,12,0
68,4,2011,4,PTTP,14,0
68,4,2011,4,PTTP,16,0
68,4,2011,4,PTTP,18,0
68,4,2011,4,PTTP,20,0
68,4,2011,4,PTTP,22,0
68,4,2011,4,PTTP,24,0
68,4,2011,4,PTTP,26,0
68,4,2011,4,PTTP,28,0
68,4,2011,4,PTTP,30,0
68,4,2011,4,PTTP,32,0
68,4,2011,4,PTTP,34,0.705338612604679
68,4,2011,4,PTTP,36,0
68,4,2011,4,PTTP,38,5.64270890083743
68,4,2011,4,PTTP,40,14.1067722520936
68,4,2011,4,PTTP,42,18.3388039277216
68,4,2011,4,PTTP,44,11.9907564142795
68,4,2011,4,PTTP,46,11.2854178016749
68,4,2011,4,PTTP,48,4.23203167562807
68,4,2011,4,PTTP,50,6.34804751344211
68,4,2011,4,PTTP,52,9.16940196386082
68,4,2011,4,PTTP,54,7.75872473865147
68,4,2011,4,PTTP,56,9.8747405764655
68,4,2011,4,PTTP,58,3.52669306302339
68,4,2011,4,PTTP,60,4.23203167562807
68,4,2011,4,PTTP,62,11.2854178016749
68,4,2011,4,PTTP,64,11.9907564142795
68,4,2011,4,PTTP,66,14.8121108646983
68,4,2011,4,PTTP,68,11.9907564142795
68,4,2011,4,PTTP,70,3.52669306302339
68,4,2011,4,PTTP,72,0
68,4,2011,4,PTTP,74,2.11601583781404
68,4,2011,4,PTTP,76,1.41067722520936
68,4,2011,4,PTTP,78,2.11601583781404
68,4,2011,4,PTTP,80,0.705338612604679
68,4,2011,4,PTTP,82,0
68,4,2011,4,PTTP,84,1
68,4,2011,4,PTTP,86,0
68,4,2011,4,PTTP,88,0
68,4,2011,4,PTTP,90,0
68,4,2011,4,PTTP,92,0
68,4,2011,4,PTTP,94,0
68,4,2011,4,PTTP,96,0
68,4,2011,4,PTTP,98,0
68,4,2011,4,PTTP,100,0
68,4,2011,4,PTTP,102,0
68,4,2011,4,PTTP,104,0
68,4,2011,4,PTTP,106,0
68,4,2011,4,PTTP,108,0
68,4,2011,4,PTTP,110,0
68,4,2011,4,PTTP,112,0
68,4,2011,4,PTTP,114,0
68,4,2011,4,PTTP,116,0
68,4,2011,4,PTTP,118,0
68,4,2011,4,PTTP,120,0
68,4,2011,4,PTTP,122,0
68,4,2011,4,PTTP,124,0
68,4,2011,4,PTTP,126,0
68,4,2011,4,PTTP,128,0
68,4,2011,4,PTTP,130,0
68,4,2011,4,PTTP,132,0
68,4,2011,4,PTTP,134,0
68,4,2011,4,PTTP,136,0
68,4,2011,4,PTTP,138,0
68,4,2011,4,PTTP,140,0
68,4,2011,4,PTTP,142,0
68,4,2011,4,PTTP,144,0
68,4,2011,4,PTTP,146,0
68,4,2011,4,PTTP,148,0
68,4,2011,4,PTTP,150,0
68,4,2011,4,PTTP,152,0
68,4,2011,4,PTTP,154,0
68,4,2011,4,PTTP,156,0
68,4,2011,4,PTTP,158,0
68,4,2011,4,PTTP,160,0
68,4,2011,4,PTTP,162,0
68,4,2011,4,PTTP,164,0
68,4,2011,4,PTTP,166,0
68,4,2011,4,PTTP,168,0
68,4,2011,4,PTTP,170,0
68,4,2011,4,PTTP,172,0
68,4,2011,4,PTTP,174,0
68,4,2011,4,PTTP,176,0
68,4,2011,4,PTTP,178,0
68,4,2011,4,PTTP,180,0
68,4,2011,4,PTTP,182,0
68,4,2011,4,PTTP,184,0
68,4,2011,4,PTTP,186,0
68,4,2011,4,PTTP,188,0
68,4,2011,4,PTTP,190,0
68,4,2011,4,PTTP,192,0
68,4,2011,4,PTTP,194,0
68,4,2011,4,PTTP,196,0
68,4,2011,4,PTTP,198,0
69,4,2012,1,PTTP,10,0
69,4,2012,1,PTTP,12,0
69,4,2012,1,PTTP,14,0
69,4,2012,1,PTTP,16,0
69,4,2012,1,PTTP,18,0
69,4,2012,1,PTTP,20,0
69,4,2012,1,PTTP,22,0
69,4,2012,1,PTTP,24,0
69,4,2012,1,PTTP,26,0
69,4,2012,1,PTTP,28,0
69,4,2012,1,PTTP,30,0.607814339633164
69,4,2012,1,PTTP,32,18.2344301889949
69,4,2012,1,PTTP,34,253.458579627029
69,4,2012,1,PTTP,36,708.711520012269
69,4,2012,1,PTTP,38,382.31521962926
69,4,2012,1,PTTP,40,159.247356983889
69,4,2012,1,PTTP,42,49.8407758499194
69,4,2012,1,PTTP,44,28.5672739627587
69,4,2012,1,PTTP,46,17.0188015097286
69,4,2012,1,PTTP,48,11.5484724530301
69,4,2012,1,PTTP,50,6.6859577359648
69,4,2012,1,PTTP,52,3.64688603779898
69,4,2012,1,PTTP,54,2.43125735853266
69,4,2012,1,PTTP,56,1.21562867926633
69,4,2012,1,PTTP,58,0
69,4,2012,1,PTTP,60,0
69,4,2012,1,PTTP,62,0
69,4,2012,1,PTTP,64,0
69,4,2012,1,PTTP,66,0
69,4,2012,1,PTTP,68,0
69,4,2012,1,PTTP,70,0
69,4,2012,1,PTTP,72,0
69,4,2012,1,PTTP,74,0
69,4,2012,1,PTTP,76,0
69,4,2012,1,PTTP,78,0.607814339633164
69,4,2012,1,PTTP,80,0.607814339633164
69,4,2012,1,PTTP,82,0
69,4,2012,1,PTTP,84,0
69,4,2012,1,PTTP,86,0
69,4,2012,1,PTTP,88,0
69,4,2012,1,PTTP,90,0
69,4,2012,1,PTTP,92,0.607814339633164
69,4,2012,1,PTTP,94,0
69,4,2012,1,PTTP,96,0
69,4,2012,1,PTTP,98,0
69,4,2012,1,PTTP,100,0
69,4,2012,1,PTTP,102,0
69,4,2012,1,PTTP,104,0
69,4,2012,1,PTTP,106,0
69,4,2012,1,PTTP,108,0
69,4,2012,1,PTTP,110,0
69,4,2012,1,PTTP,112,0
69,4,2012,1,PTTP,114,0
69,4,2012,1,PTTP,116,0
69,4,2012,1,PTTP,118,0
69,4,2012,1,PTTP,120,0
69,4,2012,1,PTTP,122,0
69,4,2012,1,PTTP,124,0
69,4,2012,1,PTTP,126,0
69,4,2012,1,PTTP,128,0
69,4,2012,1,PTTP,130,0
69,4,2012,1,PTTP,132,0
69,4,2012,1,PTTP,134,0
69,4,2012,1,PTTP,136,0
69,4,2012,1,PTTP,138,0
69,4,2012,1,PTTP,140,0
69,4,2012,1,PTTP,142,0
69,4,2012,1,PTTP,144,0
69,4,2012,1,PTTP,146,0
69,4,2012,1,PTTP,148,0
69,4,2012,1,PTTP,150,0
69,4,2012,1,PTTP,152,0
69,4,2012,1,PTTP,154,0
69,4,2012,1,PTTP,156,0
69,4,2012,1,PTTP,158,0
69,4,2012,1,PTTP,160,0
69,4,2012,1,PTTP,162,0
69,4,2012,1,PTTP,164,0
69,4,2012,1,PTTP,166,0
69,4,2012,1,PTTP,168,0
69,4,2012,1,PTTP,170,0
69,4,2012,1,PTTP,172,0
69,4,2012,1,PTTP,174,0
69,4,2012,1,PTTP,176,0
69,4,2012,1,PTTP,178,0
69,4,2012,1,PTTP,180,0
69,4,2012,1,PTTP,182,0
69,4,2012,1,PTTP,184,0
69,4,2012,1,PTTP,186,0
69,4,2012,1,PTTP,188,0
69,4,2012,1,PTTP,190,0
69,4,2012,1,PTTP,192,0
69,4,2012,1,PTTP,194,0
69,4,2012,1,PTTP,196,0
69,4,2012,1,PTTP,198,0
70,4,2012,4,PTTP,10,0
70,4,2012,4,PTTP,12,0
70,4,2012,4,PTTP,14,0
70,4,2012,4,PTTP,16,0
70,4,2012,4,PTTP,18,0
70,4,2012,4,PTTP,20,0
70,4,2012,4,PTTP,22,0
70,4,2012,4,PTTP,24,0
70,4,2012,4,PTTP,26,0
70,4,2012,4,PTTP,28,0
70,4,2012,4,PTTP,30,0
70,4,2012,4,PTTP,32,0
70,4,2012,4,PTTP,34,0
70,4,2012,4,PTTP,36,0
70,4,2012,4,PTTP,38,0.730154905091445
70,4,2012,4,PTTP,40,0.730154905091445
70,4,2012,4,PTTP,42,0.730154905091445
70,4,2012,4,PTTP,44,0
70,4,2012,4,PTTP,46,2.19046471527433
70,4,2012,4,PTTP,48,5.11108433564011
70,4,2012,4,PTTP,50,10.9523235763717
70,4,2012,4,PTTP,52,12.4126333865546
70,4,2012,4,PTTP,54,8.0317039560059
70,4,2012,4,PTTP,56,14.6030981018289
70,4,2012,4,PTTP,58,9.49201376618879
70,4,2012,4,PTTP,60,8.76185886109734
70,4,2012,4,PTTP,62,8.76185886109734
70,4,2012,4,PTTP,64,9.49201376618879
70,4,2012,4,PTTP,66,0.730154905091445
70,4,2012,4,PTTP,68,0.730154905091445
70,4,2012,4,PTTP,70,2.19046471527433
70,4,2012,4,PTTP,72,1
70,4,2012,4,PTTP,74,0
70,4,2012,4,PTTP,76,0
70,4,2012,4,PTTP,78,0
70,4,2012,4,PTTP,80,0
70,4,2012,4,PTTP,82,0
70,4,2012,4,PTTP,84,0
70,4,2012,4,PTTP,86,0
70,4,2012,4,PTTP,88,0
70,4,2012,4,PTTP,90,0
70,4,2012,4,PTTP,92,0
70,4,2012,4,PTTP,94,0
70,4,2012,4,PTTP,96,0
70,4,2012,4,PTTP,98,0
70,4,2012,4,PTTP,100,0
70,4,2012,4,PTTP,102,0
70,4,2012,4,PTTP,104,0
70,4,2012,4,PTTP,106,0
70,4,2012,4,PTTP,108,0
70,4,2012,4,PTTP,110,0
70,4,2012,4,PTTP,112,0
70,4,2012,4,PTTP,114,0
70,4,2012,4,PTTP,116,0
70,4,2012,4,PTTP,118,0
70,4,2012,4,PTTP,120,0
70,4,2012,4,PTTP,122,0
70,4,2012,4,PTTP,124,0
70,4,2012,4,PTTP,126,0
70,4,2012,4,PTTP,128,0
70,4,2012,4,PTTP,130,0
70,4,2012,4,PTTP,132,0
70,4,2012,4,PTTP,134,0
70,4,2012,4,PTTP,136,0
70,4,2012,4,PTTP,138,0
70,4,2012,4,PTTP,140,0
70,4,2012,4,PTTP,142,0
70,4,2012,4,PTTP,144,0
70,4,2012,4,PTTP,146,0
70,4,2012,4,PTTP,148,0
70,4,2012,4,PTTP,150,0
70,4,2012,4,PTTP,152,0
70,4,2012,4,PTTP,154,0
70,4,2012,4,PTTP,156,0
70,4,2012,4,PTTP,158,0
70,4,2012,4,PTTP,160,0
70,4,2012,4,PTTP,162,0
70,4,2012,4,PTTP,164,0
70,4,2012,4,PTTP,166,0
70,4,2012,4,PTTP,168,0
70,4,2012,4,PTTP,170,0
70,4,2012,4,PTTP,172,0
70,4,2012,4,PTTP,174,0
70,4,2012,4,PTTP,176,0
70,4,2012,4,PTTP,178,0
70,4,2012,4,PTTP,180,0
70,4,2012,4,PTTP,182,0
70,4,2012,4,PTTP,184,0
70,4,2012,4,PTTP,186,0
70,4,2012,4,PTTP,188,0
70,4,2012,4,PTTP,190,0
70,4,2012,4,PTTP,192,0
70,4,2012,4,PTTP,194,0
70,4,2012,4,PTTP,196,0
70,4,2012,4,PTTP,198,0
71,4,2013,2,PTTP,10,0
71,4,2013,2,PTTP,12,0
71,4,2013,2,PTTP,14,0
71,4,2013,2,PTTP,16,0
71,4,2013,2,PTTP,18,0
71,4,2013,2,PTTP,20,0
71,4,2013,2,PTTP,22,0
71,4,2013,2,PTTP,24,0
71,4,2013,2,PTTP,26,0
71,4,2013,2,PTTP,28,0
71,4,2013,2,PTTP,30,0.586986942062269
71,4,2013,2,PTTP,32,2.34794776824907
71,4,2013,2,PTTP,34,1.17397388412454
71,4,2013,2,PTTP,36,4.10890859443588
71,4,2013,2,PTTP,38,10.5657649571208
71,4,2013,2,PTTP,40,37.5671642919852
71,4,2013,2,PTTP,42,14.0876866094944
71,4,2013,2,PTTP,44,6.45685636268495
71,4,2013,2,PTTP,46,1.17397388412454
71,4,2013,2,PTTP,48,1.76096082618681
71,4,2013,2,PTTP,50,2.93493471031134
71,4,2013,2,PTTP,52,3.52192165237361
71,4,2013,2,PTTP,54,3.52192165237361
71,4,2013,2,PTTP,56,1.17397388412454
71,4,2013,2,PTTP,58,0.586986942062269
71,4,2013,2,PTTP,60,0.586986942062269
71,4,2013,2,PTTP,62,1.17397388412454
71,4,2013,2,PTTP,64,1.17397388412454
71,4,2013,2,PTTP,66,0.586986942062269
71,4,2013,2,PTTP,68,2.34794776824907
71,4,2013,2,PTTP,70,0
71,4,2013,2,PTTP,72,1.17397388412454
71,4,2013,2,PTTP,74,1.76096082618681
71,4,2013,2,PTTP,76,0
71,4,2013,2,PTTP,78,0
71,4,2013,2,PTTP,80,0
71,4,2013,2,PTTP,82,0
71,4,2013,2,PTTP,84,0
71,4,2013,2,PTTP,86,0
71,4,2013,2,PTTP,88,0
71,4,2013,2,PTTP,90,0
71,4,2013,2,PTTP,92,0
71,4,2013,2,PTTP,94,0
71,4,2013,2,PTTP,96,0
71,4,2013,2,PTTP,98,0
71,4,2013,2,PTTP,100,0
71,4,2013,2,PTTP,102,0
71,4,2013,2,PTTP,104,0
71,4,2013,2,PTTP,106,0
71,4,2013,2,PTTP,108,0
71,4,2013,2,PTTP,110,0
71,4,2013,2,PTTP,112,0
71,4,2013,2,PTTP,114,0
71,4,2013,2,PTTP,116,0
71,4,2013,2,PTTP,118,0
71,4,2013,2,PTTP,120,0
71,4,2013,2,PTTP,122,0
71,4,2013,2,PTTP,124,0
71,4,2013,2,PTTP,126,0
71,4,2013,2,PTTP,128,0
71,4,2013,2,PTTP,130,0
71,4,2013,2,PTTP,132,0
71,4,2013,2,PTTP,134,0
71,4,2013,2,PTTP,136,0
71,4,2013,2,PTTP,138,0
71,4,2013,2,PTTP,140,0
71,4,2013,2,PTTP,142,0
71,4,2013,2,PTTP,144,0
71,4,2013,2,PTTP,146,0
71,4,2013,2,PTTP,148,0
71,4,2013,2,PTTP,150,0
71,4,2013,2,PTTP,152,0
71,4,2013,2,PTTP,154,0
71,4,2013,2,PTTP,156,0
71,4,2013,2,PTTP,158,0
71,4,2013,2,PTTP,160,0
71,4,2013,2,PTTP,162,0
71,4,2013,2,PTTP,164,0
71,4,2013,2,PTTP,166,0
71,4,2013,2,PTTP,168,0
71,4,2013,2,PTTP,170,0
71,4,2013,2,PTTP,172,0
71,4,2013,2,PTTP,174,0
71,4,2013,2,PTTP,176,0
71,4,2013,2,PTTP,178,0
71,4,2013,2,PTTP,180,0
71,4,2013,2,PTTP,182,0
71,4,2013,2,PTTP,184,0
71,4,2013,2,PTTP,186,0
71,4,2013,2,PTTP,188,0
71,4,2013,2,PTTP,190,0
71,4,2013,2,PTTP,192,0
71,4,2013,2,PTTP,194,0
71,4,2013,2,PTTP,196,0
71,4,2013,2,PTTP,198,0
72,4,2013,4,PTTP,10,0
72,4,2013,4,PTTP,12,0
72,4,2013,4,PTTP,14,0
72,4,2013,4,PTTP,16,0
72,4,2013,4,PTTP,18,0
72,4,2013,4,PTTP,20,0
72,4,2013,4,PTTP,22,0
72,4,2013,4,PTTP,24,0
72,4,2013,4,PTTP,26,0
72,4,2013,4,PTTP,28,0
72,4,2013,4,PTTP,30,0
72,4,2013,4,PTTP,32,0
72,4,2013,4,PTTP,34,0
72,4,2013,4,PTTP,36,0.527409191345808
72,4,2013,4,PTTP,38,1.05481838269162
72,4,2013,4,PTTP,40,3.69186433942066
72,4,2013,4,PTTP,42,13.1852297836452
72,4,2013,4,PTTP,44,23.2060044192156
72,4,2013,4,PTTP,46,16.3496849317201
72,4,2013,4,PTTP,48,2.63704595672904
72,4,2013,4,PTTP,50,2.10963676538323
72,4,2013,4,PTTP,52,1.58222757403742
72,4,2013,4,PTTP,54,0
72,4,2013,4,PTTP,56,0.527409191345808
72,4,2013,4,PTTP,58,0.527409191345808
72,4,2013,4,PTTP,60,0
72,4,2013,4,PTTP,62,0.527409191345808
72,4,2013,4,PTTP,64,1.05481838269162
72,4,2013,4,PTTP,66,0
72,4,2013,4,PTTP,68,0.527409191345808
72,4,2013,4,PTTP,70,0
72,4,2013,4,PTTP,72,0
72,4,2013,4,PTTP,74,0
72,4,2013,4,PTTP,76,1.58222757403742
72,4,2013,4,PTTP,78,0
72,4,2013,4,PTTP,80,0.527409191345808
72,4,2013,4,PTTP,82,0
72,4,2013,4,PTTP,84,0
72,4,2013,4,PTTP,86,0
72,4,2013,4,PTTP,88,0
72,4,2013,4,PTTP,90,0.527409191345808
72,4,2013,4,PTTP,92,0.527409191345808
72,4,2013,4,PTTP,94,0
72,4,2013,4,PTTP,96,0
72,4,2013,4,PTTP,98,0
72,4,2013,4,PTTP,100,0
72,4,2013,4,PTTP,102,0.527409191345808
72,4,2013,4,PTTP,104,0
72,4,2013,4,PTTP,106,0
72,4,2013,4,PTTP,108,0
72,4,2013,4,PTTP,110,0
72,4,2013,4,PTTP,112,0
72,4,2013,4,PTTP,114,0
72,4,2013,4,PTTP,116,0
72,4,2013,4,PTTP,118,0
72,4,2013,4,PTTP,120,0
72,4,2013,4,PTTP,122,0
72,4,2013,4,PTTP,124,0
72,4,2013,4,PTTP,126,0
72,4,2013,4,PTTP,128,0
72,4,2013,4,PTTP,130,0
72,4,2013,4,PTTP,132,0
72,4,2013,4,PTTP,134,0
72,4,2013,4,PTTP,136,0
72,4,2013,4,PTTP,138,0
72,4,2013,4,PTTP,140,0
72,4,2013,4,PTTP,142,0
72,4,2013,4,PTTP,144,0
72,4,2013,4,PTTP,146,0
72,4,2013,4,PTTP,148,0
72,4,2013,4,PTTP,150,0
72,4,2013,4,PTTP,152,0
72,4,2013,4,PTTP,154,0
72,4,2013,4,PTTP,156,0
72,4,2013,4,PTTP,158,0
72,4,2013,4,PTTP,160,0
72,4,2013,4,PTTP,162,0
72,4,2013,4,PTTP,164,0
72,4,2013,4,PTTP,166,0
72,4,2013,4,PTTP,168,0
72,4,2013,4,PTTP,170,0
72,4,2013,4,PTTP,172,0
72,4,2013,4,PTTP,174,0
72,4,2013,4,PTTP,176,0
72,4,2013,4,PTTP,178,0
72,4,2013,4,PTTP,180,0
72,4,2013,4,PTTP,182,0
72,4,2013,4,PTTP,184,0
72,4,2013,4,PTTP,186,0
72,4,2013,4,PTTP,188,0
72,4,2013,4,PTTP,190,0
72,4,2013,4,PTTP,192,0
72,4,2013,4,PTTP,194,0
72,4,2013,4,PTTP,196,0
72,4,2013,4,PTTP,198,0
73,4,2014,3,PTTP,10,0
73,4,2014,3,PTTP,12,0
73,4,2014,3,PTTP,14,0
73,4,2014,3,PTTP,16,0
73,4,2014,3,PTTP,18,0
73,4,2014,3,PTTP,20,0
73,4,2014,3,PTTP,22,0
73,4,2014,3,PTTP,24,0
73,4,2014,3,PTTP,26,0
73,4,2014,3,PTTP,28,0
73,4,2014,3,PTTP,30,0
73,4,2014,3,PTTP,32,0
73,4,2014,3,PTTP,34,0
73,4,2014,3,PTTP,36,0
73,4,2014,3,PTTP,38,0
73,4,2014,3,PTTP,40,2.25916506497498
73,4,2014,3,PTTP,42,0.753055021658325
73,4,2014,3,PTTP,44,0.753055021658325
73,4,2014,3,PTTP,46,3.0122200866333
73,4,2014,3,PTTP,48,4.51833012994995
73,4,2014,3,PTTP,50,3.76527510829163
73,4,2014,3,PTTP,52,3.76527510829163
73,4,2014,3,PTTP,54,4.51833012994995
73,4,2014,3,PTTP,56,12.8019353681915
73,4,2014,3,PTTP,58,9.78971528155823
73,4,2014,3,PTTP,60,2.25916506497498
73,4,2014,3,PTTP,62,2.25916506497498
73,4,2014,3,PTTP,64,3.0122200866333
73,4,2014,3,PTTP,66,4.51833012994995
73,4,2014,3,PTTP,68,0.753055021658325
73,4,2014,3,PTTP,70,1.50611004331665
73,4,2014,3,PTTP,72,2.25916506497498
73,4,2014,3,PTTP,74,1.50611004331665
73,4,2014,3,PTTP,76,0
73,4,2014,3,PTTP,78,0
73,4,2014,3,PTTP,80,0
73,4,2014,3,PTTP,82,0
73,4,2014,3,PTTP,84,0
73,4,2014,3,PTTP,86,0
73,4,2014,3,PTTP,88,0
73,4,2014,3,PTTP,90,0
73,4,2014,3,PTTP,92,0
73,4,2014,3,PTTP,94,0
73,4,2014,3,PTTP,96,0
73,4,2014,3,PTTP,98,0
73,4,2014,3,PTTP,100,0
73,4,2014,3,PTTP,102,0
73,4,2014,3,PTTP,104,0
73,4,2014,3,PTTP,106,0
73,4,2014,3,PTTP,108,0
73,4,2014,3,PTTP,110,0
73,4,2014,3,PTTP,112,0
73,4,2014,3,PTTP,114,0
73,4,2014,3,PTTP,116,0
73,4,2014,3,PTTP,118,0
73,4,2014,3,PTTP,120,0
73,4,2014,3,PTTP,122,0
73,4,2014,3,PTTP,124,0
73,4,2014,3,PTTP,126,0
73,4,2014,3,PTTP,128,0
73,4,2014,3,PTTP,130,0
73,4,2014,3,PTTP,132,0
73,4,2014,3,PTTP,134,0
73,4,2014,3,PTTP,136,0
73,4,2014,3,PTTP,138,0
73,4,2014,3,PTTP,140,0
73,4,2014,3,PTTP,142,0
73,4,2014,3,PTTP,144,0
73,4,2014,3,PTTP,146,0
73,4,2014,3,PTTP,148,0
73,4,2014,3,PTTP,150,0
73,4,2014,3,PTTP,152,0
73,4,2014,3,PTTP,154,0
73,4,2014,3,PTTP,156,0
73,4,2014,3,PTTP,158,0
73,4,2014,3,PTTP,160,0
73,4,2014,3,PTTP,162,0
73,4,2014,3,PTTP,164,0
73,4,2014,3,PTTP,166,0
73,4,2014,3,PTTP,168,0
73,4,2014,3,PTTP,170,0
73,4,2014,3,PTTP,172,0
73,4,2014,3,PTTP,174,0
73,4,2014,3,PTTP,176,0
73,4,2014,3,PTTP,178,0
73,4,2014,3,PTTP,180,0
73,4,2014,3,PTTP,182,0
73,4,2014,3,PTTP,184,0
73,4,2014,3,PTTP,186,0
73,4,2014,3,PTTP,188,0
73,4,2014,3,PTTP,190,0
73,4,2014,3,PTTP,192,0
73,4,2014,3,PTTP,194,0
73,4,2014,3,PTTP,196,0
73,4,2014,3,PTTP,198,0
74,4,2015,3,PTTP,10,0
74,4,2015,3,PTTP,12,0
74,4,2015,3,PTTP,14,0
74,4,2015,3,PTTP,16,0
74,4,2015,3,PTTP,18,0
74,4,2015,3,PTTP,20,0
74,4,2015,3,PTTP,22,0
74,4,2015,3,PTTP,24,0
74,4,2015,3,PTTP,26,0
74,4,2015,3,PTTP,28,0
74,4,2015,3,PTTP,30,0
74,4,2015,3,PTTP,32,0
74,4,2015,3,PTTP,34,1.08677689383454
74,4,2015,3,PTTP,36,6.52066136300725
74,4,2015,3,PTTP,38,13.0413227260145
74,4,2015,3,PTTP,40,11.95454583218
74,4,2015,3,PTTP,42,15.2148765136836
74,4,2015,3,PTTP,44,12.4979342790972
74,4,2015,3,PTTP,46,5.43388446917271
74,4,2015,3,PTTP,48,5.43388446917271
74,4,2015,3,PTTP,50,9.78099204451088
74,4,2015,3,PTTP,52,13.5847111729318
74,4,2015,3,PTTP,54,16.8450418544354
74,4,2015,3,PTTP,56,8.15082670375907
74,4,2015,3,PTTP,58,7.6074382568418
74,4,2015,3,PTTP,60,1.63016534075181
74,4,2015,3,PTTP,62,3.26033068150363
74,4,2015,3,PTTP,64,1.63016534075181
74,4,2015,3,PTTP,66,1.08677689383454
74,4,2015,3,PTTP,68,1.08677689383454
74,4,2015,3,PTTP,70,0.543388446917271
74,4,2015,3,PTTP,72,0
74,4,2015,3,PTTP,74,0.543388446917271
74,4,2015,3,PTTP,76,0.543388446917271
74,4,2015,3,PTTP,78,0
74,4,2015,3,PTTP,80,0
74,4,2015,3,PTTP,82,0.543388446917271
74,4,2015,3,PTTP,84,0
74,4,2015,3,PTTP,86,0
74,4,2015,3,PTTP,88,0
74,4,2015,3,PTTP,90,0
74,4,2015,3,PTTP,92,0
74,4,2015,3,PTTP,94,0
74,4,2015,3,PTTP,96,0
74,4,2015,3,PTTP,98,0.543388446917271
74,4,2015,3,PTTP,100,0
74,4,2015,3,PTTP,102,0
74,4,2015,3,PTTP,104,1.08677689383454
74,4,2015,3,PTTP,106,0
74,4,2015,3,PTTP,108,0
74,4,2015,3,PTTP,110,0
74,4,2015,3,PTTP,112,0
74,4,2015,3,PTTP,114,0
74,4,2015,3,PTTP,116,0.543388446917271
74,4,2015,3,PTTP,118,0
74,4,2015,3,PTTP,120,0
74,4,2015,3,PTTP,122,0
74,4,2015,3,PTTP,124,0
74,4,2015,3,PTTP,126,0
74,4,2015,3,PTTP,128,0
74,4,2015,3,PTTP,130,0
74,4,2015,3,PTTP,132,0
74,4,2015,3,PTTP,134,0
74,4,2015,3,PTTP,136,0
74,4,2015,3,PTTP,138,0
74,4,2015,3,PTTP,140,0
74,4,2015,3,PTTP,142,0
74,4,2015,3,PTTP,144,0
74,4,2015,3,PTTP,146,0
74,4,2015,3,PTTP,148,0
74,4,2015,3,PTTP,150,0
74,4,2015,3,PTTP,152,0
74,4,2015,3,PTTP,154,0
74,4,2015,3,PTTP,156,0
74,4,2015,3,PTTP,158,0
74,4,2015,3,PTTP,160,0
74,4,2015,3,PTTP,162,0
74,4,2015,3,PTTP,164,0
74,4,2015,3,PTTP,166,0
74,4,2015,3,PTTP,168,0
74,4,2015,3,PTTP,170,0
74,4,2015,3,PTTP,172,0
74,4,2015,3,PTTP,174,0
74,4,2015,3,PTTP,176,0
74,4,2015,3,PTTP,178,0
74,4,2015,3,PTTP,180,0
74,4,2015,3,PTTP,182,0
74,4,2015,3,PTTP,184,0
74,4,2015,3,PTTP,186,0
74,4,2015,3,PTTP,188,0
74,4,2015,3,PTTP,190,0
74,4,2015,3,PTTP,192,0
74,4,2015,3,PTTP,194,0
74,4,2015,3,PTTP,196,0
74,4,2015,3,PTTP,198,0
75,4,2015,4,PTTP,10,0
75,4,2015,4,PTTP,12,0
75,4,2015,4,PTTP,14,0
75,4,2015,4,PTTP,16,0
75,4,2015,4,PTTP,18,0
75,4,2015,4,PTTP,20,0
75,4,2015,4,PTTP,22,0
75,4,2015,4,PTTP,24,0
75,4,2015,4,PTTP,26,0
75,4,2015,4,PTTP,28,0
75,4,2015,4,PTTP,30,0.636043934472204
75,4,2015,4,PTTP,32,0.636043934472204
75,4,2015,4,PTTP,34,5.72439541024984
75,4,2015,4,PTTP,36,10.1767029515553
75,4,2015,4,PTTP,38,19.0813180341661
75,4,2015,4,PTTP,40,26.0778013133604
75,4,2015,4,PTTP,42,46.4312072164709
75,4,2015,4,PTTP,44,29.8940649201936
75,4,2015,4,PTTP,46,17.1731862307495
75,4,2015,4,PTTP,48,7.63252721366645
75,4,2015,4,PTTP,50,13.9929665583885
75,4,2015,4,PTTP,52,7.63252721366645
75,4,2015,4,PTTP,54,9.54065901708306
75,4,2015,4,PTTP,56,9.54065901708306
75,4,2015,4,PTTP,58,6.99648327919424
75,4,2015,4,PTTP,60,2.54417573788882
75,4,2015,4,PTTP,62,5.08835147577763
75,4,2015,4,PTTP,64,3.18021967236102
75,4,2015,4,PTTP,66,1.90813180341661
75,4,2015,4,PTTP,68,0
75,4,2015,4,PTTP,70,0
75,4,2015,4,PTTP,72,0
75,4,2015,4,PTTP,74,0
75,4,2015,4,PTTP,76,0
75,4,2015,4,PTTP,78,0
75,4,2015,4,PTTP,80,0
75,4,2015,4,PTTP,82,0
75,4,2015,4,PTTP,84,0
75,4,2015,4,PTTP,86,0
75,4,2015,4,PTTP,88,0
75,4,2015,4,PTTP,90,0
75,4,2015,4,PTTP,92,0
75,4,2015,4,PTTP,94,0
75,4,2015,4,PTTP,96,0
75,4,2015,4,PTTP,98,0
75,4,2015,4,PTTP,100,0
75,4,2015,4,PTTP,102,0
75,4,2015,4,PTTP,104,0
75,4,2015,4,PTTP,106,0
75,4,2015,4,PTTP,108,0
75,4,2015,4,PTTP,110,0
75,4,2015,4,PTTP,112,0
75,4,2015,4,PTTP,114,0
75,4,2015,4,PTTP,116,0
75,4,2015,4,PTTP,118,0
75,4,2015,4,PTTP,120,0
75,4,2015,4,PTTP,122,0
75,4,2015,4,PTTP,124,0
75,4,2015,4,PTTP,126,0
75,4,2015,4,PTTP,128,0
75,4,2015,4,PTTP,130,0
75,4,2015,4,PTTP,132,0
75,4,2015,4,PTTP,134,0
75,4,2015,4,PTTP,136,0
75,4,2015,4,PTTP,138,0
75,4,2015,4,PTTP,140,0
75,4,2015,4,PTTP,142,0
75,4,2015,4,PTTP,144,0
75,4,2015,4,PTTP,146,0
75,4,2015,4,PTTP,148,0
75,4,2015,4,PTTP,150,0
75,4,2015,4,PTTP,152,0
75,4,2015,4,PTTP,154,0
75,4,2015,4,PTTP,156,0
75,4,2015,4,PTTP,158,0
75,4,2015,4,PTTP,160,0
75,4,2015,4,PTTP,162,0
75,4,2015,4,PTTP,164,0
75,4,2015,4,PTTP,166,0
75,4,2015,4,PTTP,168,0
75,4,2015,4,PTTP,170,0
75,4,2015,4,PTTP,172,0
75,4,2015,4,PTTP,174,0
75,4,2015,4,PTTP,176,0
75,4,2015,4,PTTP,178,0
75,4,2015,4,PTTP,180,0
75,4,2015,4,PTTP,182,0
75,4,2015,4,PTTP,184,0
75,4,2015,4,PTTP,186,0
75,4,2015,4,PTTP,188,0
75,4,2015,4,PTTP,190,0
75,4,2015,4,PTTP,192,0
75,4,2015,4,PTTP,194,0
75,4,2015,4,PTTP,196,0
75,4,2015,4,PTTP,198,0
76,4,2016,3,PTTP,10,0
76,4,2016,3,PTTP,12,0
76,4,2016,3,PTTP,14,0
76,4,2016,3,PTTP,16,0
76,4,2016,3,PTTP,18,0
76,4,2016,3,PTTP,20,0
76,4,2016,3,PTTP,22,0
76,4,2016,3,PTTP,24,0
76,4,2016,3,PTTP,26,0
76,4,2016,3,PTTP,28,0
76,4,2016,3,PTTP,30,0
76,4,2016,3,PTTP,32,0
76,4,2016,3,PTTP,34,2.40921934176033
76,4,2016,3,PTTP,36,5.62151179744078
76,4,2016,3,PTTP,38,11.2430235948816
76,4,2016,3,PTTP,40,33.7290707846447
76,4,2016,3,PTTP,42,44.1690212656061
76,4,2016,3,PTTP,44,60.2304835440084
76,4,2016,3,PTTP,46,17.6676085062425
76,4,2016,3,PTTP,48,13.6522429366419
76,4,2016,3,PTTP,50,12.8491698227218
76,4,2016,3,PTTP,52,4.01536556960056
76,4,2016,3,PTTP,54,4.01536556960056
76,4,2016,3,PTTP,56,3.21229245568045
76,4,2016,3,PTTP,58,4.81843868352067
76,4,2016,3,PTTP,60,4.01536556960056
76,4,2016,3,PTTP,62,2.40921934176033
76,4,2016,3,PTTP,64,3.21229245568045
76,4,2016,3,PTTP,66,2.40921934176033
76,4,2016,3,PTTP,68,4.81843868352067
76,4,2016,3,PTTP,70,0.803073113920112
76,4,2016,3,PTTP,72,0.803073113920112
76,4,2016,3,PTTP,74,0
76,4,2016,3,PTTP,76,0
76,4,2016,3,PTTP,78,0
76,4,2016,3,PTTP,80,0.803073113920112
76,4,2016,3,PTTP,82,0.803073113920112
76,4,2016,3,PTTP,84,0
76,4,2016,3,PTTP,86,1
76,4,2016,3,PTTP,88,0.803073113920112
76,4,2016,3,PTTP,90,0.803073113920112
76,4,2016,3,PTTP,92,0
76,4,2016,3,PTTP,94,1.60614622784022
76,4,2016,3,PTTP,96,0
76,4,2016,3,PTTP,98,0.803073113920112
76,4,2016,3,PTTP,100,2.40921934176033
76,4,2016,3,PTTP,102,1.60614622784022
76,4,2016,3,PTTP,104,0
76,4,2016,3,PTTP,106,0
76,4,2016,3,PTTP,108,0.803073113920112
76,4,2016,3,PTTP,110,0.803073113920112
76,4,2016,3,PTTP,112,0
76,4,2016,3,PTTP,114,0
76,4,2016,3,PTTP,116,0
76,4,2016,3,PTTP,118,0
76,4,2016,3,PTTP,120,0
76,4,2016,3,PTTP,122,0
76,4,2016,3,PTTP,124,0.803073113920112
76,4,2016,3,PTTP,126,0
76,4,2016,3,PTTP,128,0.803073113920112
76,4,2016,3,PTTP,130,0
76,4,2016,3,PTTP,132,1.60614622784022
76,4,2016,3,PTTP,134,0
76,4,2016,3,PTTP,136,0
76,4,2016,3,PTTP,138,0
76,4,2016,3,PTTP,140,0
76,4,2016,3,PTTP,142,0
76,4,2016,3,PTTP,144,0
76,4,2016,3,PTTP,146,0
76,4,2016,3,PTTP,148,0
76,4,2016,3,PTTP,150,0
76,4,2016,3,PTTP,152,0
76,4,2016,3,PTTP,154,0
76,4,2016,3,PTTP,156,0
76,4,2016,3,PTTP,158,0
76,4,2016,3,PTTP,160,0
76,4,2016,3,PTTP,162,0
76,4,2016,3,PTTP,164,0
76,4,2016,3,PTTP,166,0
76,4,2016,3,PTTP,168,0
76,4,2016,3,PTTP,170,0
76,4,2016,3,PTTP,172,0
76,4,2016,3,PTTP,174,0
76,4,2016,3,PTTP,176,0
76,4,2016,3,PTTP,178,0
76,4,2016,3,PTTP,180,0
76,4,2016,3,PTTP,182,0
76,4,2016,3,PTTP,184,0
76,4,2016,3,PTTP,186,0
76,4,2016,3,PTTP,188,0
76,4,2016,3,PTTP,190,0
76,4,2016,3,PTTP,192,0
76,4,2016,3,PTTP,194,0
76,4,2016,3,PTTP,196,0
76,4,2016,3,PTTP,198,0
77,4,2016,4,PTTP,10,0
77,4,2016,4,PTTP,12,0
77,4,2016,4,PTTP,14,0
77,4,2016,4,PTTP,16,0
77,4,2016,4,PTTP,18,0
77,4,2016,4,PTTP,20,0
77,4,2016,4,PTTP,22,0
77,4,2016,4,PTTP,24,0
77,4,2016,4,PTTP,26,0
77,4,2016,4,PTTP,28,0
77,4,2016,4,PTTP,30,0
77,4,2016,4,PTTP,32,0
77,4,2016,4,PTTP,34,0
77,4,2016,4,PTTP,36,0
77,4,2016,4,PTTP,38,0
77,4,2016,4,PTTP,40,0
77,4,2016,4,PTTP,42,2
77,4,2016,4,PTTP,44,4.18485044315872
77,4,2016,4,PTTP,46,12.5545513294762
77,4,2016,4,PTTP,48,14.2284915067397
77,4,2016,4,PTTP,50,5.85879062042222
77,4,2016,4,PTTP,52,1.67394017726349
77,4,2016,4,PTTP,54,2.51091026589524
77,4,2016,4,PTTP,56,2.51091026589524
77,4,2016,4,PTTP,58,1
77,4,2016,4,PTTP,60,4.18485044315872
77,4,2016,4,PTTP,62,2.51091026589524
77,4,2016,4,PTTP,64,1.67394017726349
77,4,2016,4,PTTP,66,1.67394017726349
77,4,2016,4,PTTP,68,0
77,4,2016,4,PTTP,70,2.51091026589524
77,4,2016,4,PTTP,72,0
77,4,2016,4,PTTP,74,1.67394017726349
77,4,2016,4,PTTP,76,0
77,4,2016,4,PTTP,78,0
77,4,2016,4,PTTP,80,0
77,4,2016,4,PTTP,82,0
77,4,2016,4,PTTP,84,0
77,4,2016,4,PTTP,86,0
77,4,2016,4,PTTP,88,0
77,4,2016,4,PTTP,90,0
77,4,2016,4,PTTP,92,0.836970088631745
77,4,2016,4,PTTP,94,0
77,4,2016,4,PTTP,96,0
77,4,2016,4,PTTP,98,0
77,4,2016,4,PTTP,100,0
77,4,2016,4,PTTP,102,0
77,4,2016,4,PTTP,104,0.836970088631745
77,4,2016,4,PTTP,106,0.836970088631745
77,4,2016,4,PTTP,108,0
77,4,2016,4,PTTP,110,0
77,4,2016,4,PTTP,112,0
77,4,2016,4,PTTP,114,0
77,4,2016,4,PTTP,116,0
77,4,2016,4,PTTP,118,0
77,4,2016,4,PTTP,120,0
77,4,2016,4,PTTP,122,0
77,4,2016,4,PTTP,124,0
77,4,2016,4,PTTP,126,0
77,4,2016,4,PTTP,128,0
77,4,2016,4,PTTP,130,0
77,4,2016,4,PTTP,132,0
77,4,2016,4,PTTP,134,0
77,4,2016,4,PTTP,136,0
77,4,2016,4,PTTP,138,0
77,4,2016,4,PTTP,140,0
77,4,2016,4,PTTP,142,0
77,4,2016,4,PTTP,144,0
77,4,2016,4,PTTP,146,0
77,4,2016,4,PTTP,148,0
77,4,2016,4,PTTP,150,0
77,4,2016,4,PTTP,152,0
77,4,2016,4,PTTP,154,0
77,4,2016,4,PTTP,156,0
77,4,2016,4,PTTP,158,0
77,4,2016,4,PTTP,160,0
77,4,2016,4,PTTP,162,0
77,4,2016,4,PTTP,164,0
77,4,2016,4,PTTP,166,0
77,4,2016,4,PTTP,168,0
77,4,2016,4,PTTP,170,0
77,4,2016,4,PTTP,172,0
77,4,2016,4,PTTP,174,0
77,4,2016,4,PTTP,176,0
77,4,2016,4,PTTP,178,0
77,4,2016,4,PTTP,180,0
77,4,2016,4,PTTP,182,0
77,4,2016,4,PTTP,184,0
77,4,2016,4,PTTP,186,0
77,4,2016,4,PTTP,188,0
77,4,2016,4,PTTP,190,0
77,4,2016,4,PTTP,192,0
77,4,2016,4,PTTP,194,0
77,4,2016,4,PTTP,196,0
77,4,2016,4,PTTP,198,0
78,4,2017,4,PTTP,10,0
78,4,2017,4,PTTP,12,0
78,4,2017,4,PTTP,14,0
78,4,2017,4,PTTP,16,0
78,4,2017,4,PTTP,18,0
78,4,2017,4,PTTP,20,0
78,4,2017,4,PTTP,22,0
78,4,2017,4,PTTP,24,0
78,4,2017,4,PTTP,26,0
78,4,2017,4,PTTP,28,0
78,4,2017,4,PTTP,30,0
78,4,2017,4,PTTP,32,0
78,4,2017,4,PTTP,34,0
78,4,2017,4,PTTP,36,0
78,4,2017,4,PTTP,38,0.627612275324926
78,4,2017,4,PTTP,40,0
78,4,2017,4,PTTP,42,0
78,4,2017,4,PTTP,44,0.627612275324926
78,4,2017,4,PTTP,46,0.627612275324926
78,4,2017,4,PTTP,48,4.39328592727449
78,4,2017,4,PTTP,50,8.78657185454897
78,4,2017,4,PTTP,52,17.5731437090979
78,4,2017,4,PTTP,54,10.0417964051988
78,4,2017,4,PTTP,56,6.27612275324926
78,4,2017,4,PTTP,58,1.88283682597478
78,4,2017,4,PTTP,60,0.627612275324926
78,4,2017,4,PTTP,62,0.627612275324926
78,4,2017,4,PTTP,64,0
78,4,2017,4,PTTP,66,0
78,4,2017,4,PTTP,68,0
78,4,2017,4,PTTP,70,0
78,4,2017,4,PTTP,72,0
78,4,2017,4,PTTP,74,0
78,4,2017,4,PTTP,76,0
78,4,2017,4,PTTP,78,0
78,4,2017,4,PTTP,80,0
78,4,2017,4,PTTP,82,0
78,4,2017,4,PTTP,84,0
78,4,2017,4,PTTP,86,0
78,4,2017,4,PTTP,88,0
78,4,2017,4,PTTP,90,0
78,4,2017,4,PTTP,92,0
78,4,2017,4,PTTP,94,0
78,4,2017,4,PTTP,96,0
78,4,2017,4,PTTP,98,0
78,4,2017,4,PTTP,100,0
78,4,2017,4,PTTP,102,0
78,4,2017,4,PTTP,104,0
78,4,2017,4,PTTP,106,0
78,4,2017,4,PTTP,108,0
78,4,2017,4,PTTP,110,0
78,4,2017,4,PTTP,112,0
78,4,2017,4,PTTP,114,0
78,4,2017,4,PTTP,116,0
78,4,2017,4,PTTP,118,0
78,4,2017,4,PTTP,120,0
78,4,2017,4,PTTP,122,0
78,4,2017,4,PTTP,124,0
78,4,2017,4,PTTP,126,0
78,4,2017,4,PTTP,128,0
78,4,2017,4,PTTP,130,0
78,4,2017,4,PTTP,132,0
78,4,2017,4,PTTP,134,0
78,4,2017,4,PTTP,136,0
78,4,2017,4,PTTP,138,0
78,4,2017,4,PTTP,140,0
78,4,2017,4,PTTP,142,0
78,4,2017,4,PTTP,144,0
78,4,2017,4,PTTP,146,0
78,4,2017,4,PTTP,148,0
78,4,2017,4,PTTP,150,0
78,4,2017,4,PTTP,152,0
78,4,2017,4,PTTP,154,0
78,4,2017,4,PTTP,156,0
78,4,2017,4,PTTP,158,0
78,4,2017,4,PTTP,160,0
78,4,2017,4,PTTP,162,0
78,4,2017,4,PTTP,164,0
78,4,2017,4,PTTP,166,0
78,4,2017,4,PTTP,168,0
78,4,2017,4,PTTP,170,0
78,4,2017,4,PTTP,172,0
78,4,2017,4,PTTP,174,0
78,4,2017,4,PTTP,176,0
78,4,2017,4,PTTP,178,0
78,4,2017,4,PTTP,180,0
78,4,2017,4,PTTP,182,0
78,4,2017,4,PTTP,184,0
78,4,2017,4,PTTP,186,0
78,4,2017,4,PTTP,188,0
78,4,2017,4,PTTP,190,0
78,4,2017,4,PTTP,192,0
78,4,2017,4,PTTP,194,0
78,4,2017,4,PTTP,196,0
78,4,2017,4,PTTP,198,0
79,4,2018,3,PTTP,10,0
79,4,2018,3,PTTP,12,0
79,4,2018,3,PTTP,14,0
79,4,2018,3,PTTP,16,0
79,4,2018,3,PTTP,18,0
79,4,2018,3,PTTP,20,0
79,4,2018,3,PTTP,22,0
79,4,2018,3,PTTP,24,0
79,4,2018,3,PTTP,26,0
79,4,2018,3,PTTP,28,0
79,4,2018,3,PTTP,30,0
79,4,2018,3,PTTP,32,1.24549930801911
79,4,2018,3,PTTP,34,2.49099861603821
79,4,2018,3,PTTP,36,3.11374827004777
79,4,2018,3,PTTP,38,6.22749654009553
79,4,2018,3,PTTP,40,12.4549930801911
79,4,2018,3,PTTP,42,13.0777427342006
79,4,2018,3,PTTP,44,23.664486852363
79,4,2018,3,PTTP,46,32.3829820084968
79,4,2018,3,PTTP,48,21.1734882363248
79,4,2018,3,PTTP,50,13.7004923882102
79,4,2018,3,PTTP,52,11.8322434261815
79,4,2018,3,PTTP,54,19.9279889283057
79,4,2018,3,PTTP,56,21.1734882363248
79,4,2018,3,PTTP,58,19.9279889283057
79,4,2018,3,PTTP,60,16.8142406582579
79,4,2018,3,PTTP,62,7.47299584811464
79,4,2018,3,PTTP,64,6.85024619410509
79,4,2018,3,PTTP,66,5.60474688608598
79,4,2018,3,PTTP,68,6.22749654009553
79,4,2018,3,PTTP,70,2.49099861603821
79,4,2018,3,PTTP,72,1.86824896202866
79,4,2018,3,PTTP,74,3.11374827004777
79,4,2018,3,PTTP,76,1.24549930801911
79,4,2018,3,PTTP,78,1.86824896202866
79,4,2018,3,PTTP,80,1.24549930801911
79,4,2018,3,PTTP,82,2.49099861603821
79,4,2018,3,PTTP,84,3.73649792405732
79,4,2018,3,PTTP,86,0
79,4,2018,3,PTTP,88,1.24549930801911
79,4,2018,3,PTTP,90,0
79,4,2018,3,PTTP,92,1
79,4,2018,3,PTTP,94,1.86824896202866
79,4,2018,3,PTTP,96,0.622749654009554
79,4,2018,3,PTTP,98,1.86824896202866
79,4,2018,3,PTTP,100,0
79,4,2018,3,PTTP,102,2.49099861603821
79,4,2018,3,PTTP,104,1.24549930801911
79,4,2018,3,PTTP,106,0
79,4,2018,3,PTTP,108,0
79,4,2018,3,PTTP,110,0.622749654009554
79,4,2018,3,PTTP,112,0.622749654009554
79,4,2018,3,PTTP,114,1.24549930801911
79,4,2018,3,PTTP,116,0
79,4,2018,3,PTTP,118,0
79,4,2018,3,PTTP,120,0
79,4,2018,3,PTTP,122,0
79,4,2018,3,PTTP,124,0
79,4,2018,3,PTTP,126,0
79,4,2018,3,PTTP,128,0
79,4,2018,3,PTTP,130,0
79,4,2018,3,PTTP,132,0
79,4,2018,3,PTTP,134,0
79,4,2018,3,PTTP,136,0
79,4,2018,3,PTTP,138,0
79,4,2018,3,PTTP,140,0
79,4,2018,3,PTTP,142,0
79,4,2018,3,PTTP,144,0
79,4,2018,3,PTTP,146,0
79,4,2018,3,PTTP,148,0
79,4,2018,3,PTTP,150,0
79,4,2018,3,PTTP,152,0
79,4,2018,3,PTTP,154,0
79,4,2018,3,PTTP,156,0
79,4,2018,3,PTTP,158,0
79,4,2018,3,PTTP,160,0
79,4,2018,3,PTTP,162,0
79,4,2018,3,PTTP,164,0
79,4,2018,3,PTTP,166,0
79,4,2018,3,PTTP,168,0
79,4,2018,3,PTTP,170,0
79,4,2018,3,PTTP,172,0
79,4,2018,3,PTTP,174,0
79,4,2018,3,PTTP,176,0
79,4,2018,3,PTTP,178,0
79,4,2018,3,PTTP,180,0
79,4,2018,3,PTTP,182,0
79,4,2018,3,PTTP,184,0
79,4,2018,3,PTTP,186,0
79,4,2018,3,PTTP,188,0
79,4,2018,3,PTTP,190,0
79,4,2018,3,PTTP,192,0
79,4,2018,3,PTTP,194,0
79,4,2018,3,PTTP,196,0
79,4,2018,3,PTTP,198,0
80,4,2019,3,PTTP,10,0
80,4,2019,3,PTTP,12,0
80,4,2019,3,PTTP,14,0
80,4,2019,3,PTTP,16,0
80,4,2019,3,PTTP,18,0
80,4,2019,3,PTTP,20,0
80,4,2019,3,PTTP,22,0
80,4,2019,3,PTTP,24,0
80,4,2019,3,PTTP,26,0
80,4,2019,3,PTTP,28,0
80,4,2019,3,PTTP,30,0.557838294517328
80,4,2019,3,PTTP,32,11.1567658903466
80,4,2019,3,PTTP,34,11.1567658903466
80,4,2019,3,PTTP,36,5.57838294517328
80,4,2019,3,PTTP,38,0
80,4,2019,3,PTTP,40,3.34702976710397
80,4,2019,3,PTTP,42,6.69405953420793
80,4,2019,3,PTTP,44,6.1362212396906
80,4,2019,3,PTTP,46,2.78919147258664
80,4,2019,3,PTTP,48,6.1362212396906
80,4,2019,3,PTTP,50,22.3135317806931
80,4,2019,3,PTTP,52,34.5859742600743
80,4,2019,3,PTTP,54,51.3211230955941
80,4,2019,3,PTTP,56,107.104952547327
80,4,2019,3,PTTP,58,88.1384505337378
80,4,2019,3,PTTP,60,39.6065189107303
80,4,2019,3,PTTP,62,13.9459573629332
80,4,2019,3,PTTP,64,5.02054465065595
80,4,2019,3,PTTP,66,3.34702976710397
80,4,2019,3,PTTP,68,3.34702976710397
80,4,2019,3,PTTP,70,1.11567658903466
80,4,2019,3,PTTP,72,0.557838294517328
80,4,2019,3,PTTP,74,0.557838294517328
80,4,2019,3,PTTP,76,0
80,4,2019,3,PTTP,78,0
80,4,2019,3,PTTP,80,0
80,4,2019,3,PTTP,82,0
80,4,2019,3,PTTP,84,0
80,4,2019,3,PTTP,86,0
80,4,2019,3,PTTP,88,0
80,4,2019,3,PTTP,90,0
80,4,2019,3,PTTP,92,0
80,4,2019,3,PTTP,94,0
80,4,2019,3,PTTP,96,0
80,4,2019,3,PTTP,98,0
80,4,2019,3,PTTP,100,0
80,4,2019,3,PTTP,102,0
80,4,2019,3,PTTP,104,0
80,4,2019,3,PTTP,106,0
80,4,2019,3,PTTP,108,0
80,4,2019,3,PTTP,110,0
80,4,2019,3,PTTP,112,0
80,4,2019,3,PTTP,114,0
80,4,2019,3,PTTP,116,0
80,4,2019,3,PTTP,118,0
80,4,2019,3,PTTP,120,0
80,4,2019,3,PTTP,122,0
80,4,2019,3,PTTP,124,0
80,4,2019,3,PTTP,126,0
80,4,2019,3,PTTP,128,0
80,4,2019,3,PTTP,130,0
80,4,2019,3,PTTP,132,0
80,4,2019,3,PTTP,134,0
80,4,2019,3,PTTP,136,0
80,4,2019,3,PTTP,138,0
80,4,2019,3,PTTP,140,0
80,4,2019,3,PTTP,142,0
80,4,2019,3,PTTP,144,0
80,4,2019,3,PTTP,146,0
80,4,2019,3,PTTP,148,0
80,4,2019,3,PTTP,150,0
80,4,2019,3,PTTP,152,0
80,4,2019,3,PTTP,154,0
80,4,2019,3,PTTP,156,0
80,4,2019,3,PTTP,158,0
80,4,2019,3,PTTP,160,0
80,4,2019,3,PTTP,162,0
80,4,2019,3,PTTP,164,0
80,4,2019,3,PTTP,166,0
80,4,2019,3,PTTP,168,0
80,4,2019,3,PTTP,170,0
80,4,2019,3,PTTP,172,0
80,4,2019,3,PTTP,174,0
80,4,2019,3,PTTP,176,0
80,4,2019,3,PTTP,178,0
80,4,2019,3,PTTP,180,0
80,4,2019,3,PTTP,182,0
80,4,2019,3,PTTP,184,0
80,4,2019,3,PTTP,186,0
80,4,2019,3,PTTP,188,0
80,4,2019,3,PTTP,190,0
80,4,2019,3,PTTP,192,0
80,4,2019,3,PTTP,194,0
80,4,2019,3,PTTP,196,0
80,4,2019,3,PTTP,198,0
81,4,2020,3,PTTP,10,0
81,4,2020,3,PTTP,12,0
81,4,2020,3,PTTP,14,0
81,4,2020,3,PTTP,16,0
81,4,2020,3,PTTP,18,0
81,4,2020,3,PTTP,20,0
81,4,2020,3,PTTP,22,0
81,4,2020,3,PTTP,24,0
81,4,2020,3,PTTP,26,0
81,4,2020,3,PTTP,28,0
81,4,2020,3,PTTP,30,2.85713530601518
81,4,2020,3,PTTP,32,6.93875717175114
81,4,2020,3,PTTP,34,15.9183252763703
81,4,2020,3,PTTP,36,67.7549229712171
81,4,2020,3,PTTP,38,100.407897897105
81,4,2020,3,PTTP,40,103.673195389694
81,4,2020,3,PTTP,42,62.4488145457603
81,4,2020,3,PTTP,44,36.3264346050501
81,4,2020,3,PTTP,46,24.0815690078422
81,4,2020,3,PTTP,48,18.7754605823855
81,4,2020,3,PTTP,50,10.2040546643399
81,4,2020,3,PTTP,52,7.34691935832474
81,4,2020,3,PTTP,54,4.48978405230956
81,4,2020,3,PTTP,56,5.30610842545676
81,4,2020,3,PTTP,58,7.34691935832474
81,4,2020,3,PTTP,60,6.12243279860395
81,4,2020,3,PTTP,62,13.4693521569287
81,4,2020,3,PTTP,64,11.0203790374871
81,4,2020,3,PTTP,66,6.12243279860395
81,4,2020,3,PTTP,68,10.6122168509135
81,4,2020,3,PTTP,70,6.93875717175114
81,4,2020,3,PTTP,72,2.85713530601518
81,4,2020,3,PTTP,74,2.04081093286798
81,4,2020,3,PTTP,76,1.63264874629439
81,4,2020,3,PTTP,78,2.85713530601518
81,4,2020,3,PTTP,80,1.22448655972079
81,4,2020,3,PTTP,82,1.22448655972079
81,4,2020,3,PTTP,84,0.408162186573597
81,4,2020,3,PTTP,86,0.408162186573597
81,4,2020,3,PTTP,88,0.408162186573597
81,4,2020,3,PTTP,90,0
81,4,2020,3,PTTP,92,0.408162186573597
81,4,2020,3,PTTP,94,0.408162186573597
81,4,2020,3,PTTP,96,0.408162186573597
81,4,2020,3,PTTP,98,0.408162186573597
81,4,2020,3,PTTP,100,1.63264874629439
81,4,2020,3,PTTP,102,1.63264874629439
81,4,2020,3,PTTP,104,3.26529749258877
81,4,2020,3,PTTP,106,3.26529749258877
81,4,2020,3,PTTP,108,5.71427061203035
81,4,2020,3,PTTP,110,6.12243279860395
81,4,2020,3,PTTP,112,6.12243279860395
81,4,2020,3,PTTP,114,4.08162186573597
81,4,2020,3,PTTP,116,4.48978405230956
81,4,2020,3,PTTP,118,2.44897311944158
81,4,2020,3,PTTP,120,2.44897311944158
81,4,2020,3,PTTP,122,1.22448655972079
81,4,2020,3,PTTP,124,0.408162186573597
81,4,2020,3,PTTP,126,0.408162186573597
81,4,2020,3,PTTP,128,0
81,4,2020,3,PTTP,130,0
81,4,2020,3,PTTP,132,0
81,4,2020,3,PTTP,134,0
81,4,2020,3,PTTP,136,0
81,4,2020,3,PTTP,138,0
81,4,2020,3,PTTP,140,0
81,4,2020,3,PTTP,142,0
81,4,2020,3,PTTP,144,0
81,4,2020,3,PTTP,146,0
81,4,2020,3,PTTP,148,0
81,4,2020,3,PTTP,150,0
81,4,2020,3,PTTP,152,0
81,4,2020,3,PTTP,154,0
81,4,2020,3,PTTP,156,0
81,4,2020,3,PTTP,158,0
81,4,2020,3,PTTP,160,0
81,4,2020,3,PTTP,162,0
81,4,2020,3,PTTP,164,0
81,4,2020,3,PTTP,166,0
81,4,2020,3,PTTP,168,0
81,4,2020,3,PTTP,170,0
81,4,2020,3,PTTP,172,0
81,4,2020,3,PTTP,174,0
81,4,2020,3,PTTP,176,0
81,4,2020,3,PTTP,178,0
81,4,2020,3,PTTP,180,0
81,4,2020,3,PTTP,182,0
81,4,2020,3,PTTP,184,0
81,4,2020,3,PTTP,186,0
81,4,2020,3,PTTP,188,0
81,4,2020,3,PTTP,190,0
81,4,2020,3,PTTP,192,0
81,4,2020,3,PTTP,194,0
81,4,2020,3,PTTP,196,0
81,4,2020,3,PTTP,198,0
82,4,2021,3,PTTP,10,0
82,4,2021,3,PTTP,12,0
82,4,2021,3,PTTP,14,0
82,4,2021,3,PTTP,16,0
82,4,2021,3,PTTP,18,0
82,4,2021,3,PTTP,20,0
82,4,2021,3,PTTP,22,0
82,4,2021,3,PTTP,24,0
82,4,2021,3,PTTP,26,0
82,4,2021,3,PTTP,28,0
82,4,2021,3,PTTP,30,0
82,4,2021,3,PTTP,32,0
82,4,2021,3,PTTP,34,0.720814909447669
82,4,2021,3,PTTP,36,1.44162981889534
82,4,2021,3,PTTP,38,2
82,4,2021,3,PTTP,40,2.16244472834301
82,4,2021,3,PTTP,42,1.44162981889534
82,4,2021,3,PTTP,44,1.44162981889534
82,4,2021,3,PTTP,46,0.720814909447669
82,4,2021,3,PTTP,48,1
82,4,2021,3,PTTP,50,0.360407454723835
82,4,2021,3,PTTP,52,9.3705938228197
82,4,2021,3,PTTP,54,30.634633651526
82,4,2021,3,PTTP,56,42.1676722026887
82,4,2021,3,PTTP,58,40.3656349290695
82,4,2021,3,PTTP,60,25.5889292853923
82,4,2021,3,PTTP,62,30.634633651526
82,4,2021,3,PTTP,64,19.4620025550871
82,4,2021,3,PTTP,66,15.1371130984011
82,4,2021,3,PTTP,68,11.8934460058865
82,4,2021,3,PTTP,70,8.64977891337203
82,4,2021,3,PTTP,72,9.3705938228197
82,4,2021,3,PTTP,74,6.48733418502903
82,4,2021,3,PTTP,76,5.40611182085752
82,4,2021,3,PTTP,78,3.24366709251451
82,4,2021,3,PTTP,80,0.360407454723835
82,4,2021,3,PTTP,82,2.52285218306684
82,4,2021,3,PTTP,84,1.44162981889534
82,4,2021,3,PTTP,86,1.0812223641715
82,4,2021,3,PTTP,88,0.360407454723835
82,4,2021,3,PTTP,90,0.360407454723835
82,4,2021,3,PTTP,92,0.360407454723835
82,4,2021,3,PTTP,94,0
82,4,2021,3,PTTP,96,0
82,4,2021,3,PTTP,98,0
82,4,2021,3,PTTP,100,0
82,4,2021,3,PTTP,102,0.360407454723835
82,4,2021,3,PTTP,104,0
82,4,2021,3,PTTP,106,0.360407454723835
82,4,2021,3,PTTP,108,0
82,4,2021,3,PTTP,110,1.0812223641715
82,4,2021,3,PTTP,112,1.44162981889534
82,4,2021,3,PTTP,114,0.360407454723835
82,4,2021,3,PTTP,116,0
82,4,2021,3,PTTP,118,0.360407454723835
82,4,2021,3,PTTP,120,0.360407454723835
82,4,2021,3,PTTP,122,0
82,4,2021,3,PTTP,124,0.360407454723835
82,4,2021,3,PTTP,126,0
82,4,2021,3,PTTP,128,0
82,4,2021,3,PTTP,130,0
82,4,2021,3,PTTP,132,0
82,4,2021,3,PTTP,134,0
82,4,2021,3,PTTP,136,0
82,4,2021,3,PTTP,138,0
82,4,2021,3,PTTP,140,0
82,4,2021,3,PTTP,142,0
82,4,2021,3,PTTP,144,0
82,4,2021,3,PTTP,146,0
82,4,2021,3,PTTP,148,0
82,4,2021,3,PTTP,150,0
82,4,2021,3,PTTP,152,0
82,4,2021,3,PTTP,154,0
82,4,2021,3,PTTP,156,0
82,4,2021,3,PTTP,158,0
82,4,2021,3,PTTP,160,0
82,4,2021,3,PTTP,162,0
82,4,2021,3,PTTP,164,0
82,4,2021,3,PTTP,166,0
82,4,2021,3,PTTP,168,0
82,4,2021,3,PTTP,170,0
82,4,2021,3,PTTP,172,0
82,4,2021,3,PTTP,174,0
82,4,2021,3,PTTP,176,0
82,4,2021,3,PTTP,178,0
82,4,2021,3,PTTP,180,0
82,4,2021,3,PTTP,182,0
82,4,2021,3,PTTP,184,0
82,4,2021,3,PTTP,186,0
82,4,2021,3,PTTP,188,0
82,4,2021,3,PTTP,190,0
82,4,2021,3,PTTP,192,0
82,4,2021,3,PTTP,194,0
82,4,2021,3,PTTP,196,0
82,4,2021,3,PTTP,198,0
83,5,2008,1,PTTP,10,0
83,5,2008,1,PTTP,12,0
83,5,2008,1,PTTP,14,0
83,5,2008,1,PTTP,16,0
83,5,2008,1,PTTP,18,0
83,5,2008,1,PTTP,20,0
83,5,2008,1,PTTP,22,0
83,5,2008,1,PTTP,24,0
83,5,2008,1,PTTP,26,0
83,5,2008,1,PTTP,28,0
83,5,2008,1,PTTP,30,0
83,5,2008,1,PTTP,32,0
83,5,2008,1,PTTP,34,0.669332692015416
83,5,2008,1,PTTP,36,8.03199230418499
83,5,2008,1,PTTP,38,14.7253192243391
83,5,2008,1,PTTP,40,9.70532403422353
83,5,2008,1,PTTP,42,1.00399903802312
83,5,2008,1,PTTP,44,0.334666346007708
83,5,2008,1,PTTP,46,0
83,5,2008,1,PTTP,48,0
83,5,2008,1,PTTP,50,0
83,5,2008,1,PTTP,52,0
83,5,2008,1,PTTP,54,0
83,5,2008,1,PTTP,56,0
83,5,2008,1,PTTP,58,0
83,5,2008,1,PTTP,60,0
83,5,2008,1,PTTP,62,0
83,5,2008,1,PTTP,64,0
83,5,2008,1,PTTP,66,0
83,5,2008,1,PTTP,68,0
83,5,2008,1,PTTP,70,0
83,5,2008,1,PTTP,72,0
83,5,2008,1,PTTP,74,0
83,5,2008,1,PTTP,76,0
83,5,2008,1,PTTP,78,0
83,5,2008,1,PTTP,80,0
83,5,2008,1,PTTP,82,0
83,5,2008,1,PTTP,84,0
83,5,2008,1,PTTP,86,0
83,5,2008,1,PTTP,88,0
83,5,2008,1,PTTP,90,0
83,5,2008,1,PTTP,92,0
83,5,2008,1,PTTP,94,0
83,5,2008,1,PTTP,96,0
83,5,2008,1,PTTP,98,0
83,5,2008,1,PTTP,100,0
83,5,2008,1,PTTP,102,0
83,5,2008,1,PTTP,104,0
83,5,2008,1,PTTP,106,0
83,5,2008,1,PTTP,108,0
83,5,2008,1,PTTP,110,0
83,5,2008,1,PTTP,112,0
83,5,2008,1,PTTP,114,0
83,5,2008,1,PTTP,116,0
83,5,2008,1,PTTP,118,0
83,5,2008,1,PTTP,120,0
83,5,2008,1,PTTP,122,0
83,5,2008,1,PTTP,124,0
83,5,2008,1,PTTP,126,0
83,5,2008,1,PTTP,128,0
83,5,2008,1,PTTP,130,0
83,5,2008,1,PTTP,132,0
83,5,2008,1,PTTP,134,0
83,5,2008,1,PTTP,136,0
83,5,2008,1,PTTP,138,0
83,5,2008,1,PTTP,140,0
83,5,2008,1,PTTP,142,0
83,5,2008,1,PTTP,144,0
83,5,2008,1,PTTP,146,0
83,5,2008,1,PTTP,148,0
83,5,2008,1,PTTP,150,0
83,5,2008,1,PTTP,152,0
83,5,2008,1,PTTP,154,0
83,5,2008,1,PTTP,156,0
83,5,2008,1,PTTP,158,0
83,5,2008,1,PTTP,160,0
83,5,2008,1,PTTP,162,0
83,5,2008,1,PTTP,164,0
83,5,2008,1,PTTP,166,0
83,5,2008,1,PTTP,168,0
83,5,2008,1,PTTP,170,0
83,5,2008,1,PTTP,172,0
83,5,2008,1,PTTP,174,0
83,5,2008,1,PTTP,176,0
83,5,2008,1,PTTP,178,0
83,5,2008,1,PTTP,180,0
83,5,2008,1,PTTP,182,0
83,5,2008,1,PTTP,184,0
83,5,2008,1,PTTP,186,0
83,5,2008,1,PTTP,188,0
83,5,2008,1,PTTP,190,0
83,5,2008,1,PTTP,192,0
83,5,2008,1,PTTP,194,0
83,5,2008,1,PTTP,196,0
83,5,2008,1,PTTP,198,0
84,5,2008,2,PTTP,10,0
84,5,2008,2,PTTP,12,0
84,5,2008,2,PTTP,14,0
84,5,2008,2,PTTP,16,0
84,5,2008,2,PTTP,18,0
84,5,2008,2,PTTP,20,0
84,5,2008,2,PTTP,22,0
84,5,2008,2,PTTP,24,0
84,5,2008,2,PTTP,26,0
84,5,2008,2,PTTP,28,0
84,5,2008,2,PTTP,30,0
84,5,2008,2,PTTP,32,0.827088668927797
84,5,2008,2,PTTP,34,1.65417733785559
84,5,2008,2,PTTP,36,9.51151969266967
84,5,2008,2,PTTP,38,27.7074704090812
84,5,2008,2,PTTP,40,35.1512684294314
84,5,2008,2,PTTP,42,19.0230393853393
84,5,2008,2,PTTP,44,3.72189901017509
84,5,2008,2,PTTP,46,2.06772167231949
84,5,2008,2,PTTP,48,0
84,5,2008,2,PTTP,50,0
84,5,2008,2,PTTP,52,0
84,5,2008,2,PTTP,54,0
84,5,2008,2,PTTP,56,0
84,5,2008,2,PTTP,58,0
84,5,2008,2,PTTP,60,0.413544334463899
84,5,2008,2,PTTP,62,0
84,5,2008,2,PTTP,64,0
84,5,2008,2,PTTP,66,0
84,5,2008,2,PTTP,68,0
84,5,2008,2,PTTP,70,0
84,5,2008,2,PTTP,72,0
84,5,2008,2,PTTP,74,0
84,5,2008,2,PTTP,76,0
84,5,2008,2,PTTP,78,0
84,5,2008,2,PTTP,80,0
84,5,2008,2,PTTP,82,0
84,5,2008,2,PTTP,84,0
84,5,2008,2,PTTP,86,0
84,5,2008,2,PTTP,88,0
84,5,2008,2,PTTP,90,0
84,5,2008,2,PTTP,92,0
84,5,2008,2,PTTP,94,0
84,5,2008,2,PTTP,96,0
84,5,2008,2,PTTP,98,0
84,5,2008,2,PTTP,100,0
84,5,2008,2,PTTP,102,0
84,5,2008,2,PTTP,104,0
84,5,2008,2,PTTP,106,0
84,5,2008,2,PTTP,108,0
84,5,2008,2,PTTP,110,0
84,5,2008,2,PTTP,112,0
84,5,2008,2,PTTP,114,0
84,5,2008,2,PTTP,116,0
84,5,2008,2,PTTP,118,0
84,5,2008,2,PTTP,120,0
84,5,2008,2,PTTP,122,0
84,5,2008,2,PTTP,124,0
84,5,2008,2,PTTP,126,0
84,5,2008,2,PTTP,128,0
84,5,2008,2,PTTP,130,0
84,5,2008,2,PTTP,132,0
84,5,2008,2,PTTP,134,0
84,5,2008,2,PTTP,136,0
84,5,2008,2,PTTP,138,0
84,5,2008,2,PTTP,140,0
84,5,2008,2,PTTP,142,0
84,5,2008,2,PTTP,144,0
84,5,2008,2,PTTP,146,0
84,5,2008,2,PTTP,148,0
84,5,2008,2,PTTP,150,0
84,5,2008,2,PTTP,152,0
84,5,2008,2,PTTP,154,0
84,5,2008,2,PTTP,156,0
84,5,2008,2,PTTP,158,0
84,5,2008,2,PTTP,160,0
84,5,2008,2,PTTP,162,0
84,5,2008,2,PTTP,164,0
84,5,2008,2,PTTP,166,0
84,5,2008,2,PTTP,168,0
84,5,2008,2,PTTP,170,0
84,5,2008,2,PTTP,172,0
84,5,2008,2,PTTP,174,0
84,5,2008,2,PTTP,176,0
84,5,2008,2,PTTP,178,0
84,5,2008,2,PTTP,180,0
84,5,2008,2,PTTP,182,0
84,5,2008,2,PTTP,184,0
84,5,2008,2,PTTP,186,0
84,5,2008,2,PTTP,188,0
84,5,2008,2,PTTP,190,0
84,5,2008,2,PTTP,192,0
84,5,2008,2,PTTP,194,0
84,5,2008,2,PTTP,196,0
84,5,2008,2,PTTP,198,0
85,5,2009,1,PTTP,10,0
85,5,2009,1,PTTP,12,0
85,5,2009,1,PTTP,14,0
85,5,2009,1,PTTP,16,0
85,5,2009,1,PTTP,18,0
85,5,2009,1,PTTP,20,0
85,5,2009,1,PTTP,22,0
85,5,2009,1,PTTP,24,0
85,5,2009,1,PTTP,26,1.11121797262893
85,5,2009,1,PTTP,28,1.11121797262893
85,5,2009,1,PTTP,30,27.2248403294088
85,5,2009,1,PTTP,32,193.907536223749
85,5,2009,1,PTTP,34,627.838154535347
85,5,2009,1,PTTP,36,546.719242533435
85,5,2009,1,PTTP,38,158.348561099623
85,5,2009,1,PTTP,40,53.3384626861888
85,5,2009,1,PTTP,42,38.3370200556982
85,5,2009,1,PTTP,44,52.7828536998743
85,5,2009,1,PTTP,46,38.3370200556982
85,5,2009,1,PTTP,48,68.8955143029938
85,5,2009,1,PTTP,50,59.4501615356479
85,5,2009,1,PTTP,52,42.2262829598994
85,5,2009,1,PTTP,54,35.0033661378114
85,5,2009,1,PTTP,56,21.1131414799497
85,5,2009,1,PTTP,58,40.559456000956
85,5,2009,1,PTTP,60,44.4487189051573
85,5,2009,1,PTTP,62,55.0052896451322
85,5,2009,1,PTTP,64,106.121316386063
85,5,2009,1,PTTP,66,119.45593205761
85,5,2009,1,PTTP,68,57.22772559039
85,5,2009,1,PTTP,70,21.6687504662642
85,5,2009,1,PTTP,72,2.22243594525787
85,5,2009,1,PTTP,74,3.88926290420126
85,5,2009,1,PTTP,76,1.6668269589434
85,5,2009,1,PTTP,78,0.555608986314466
85,5,2009,1,PTTP,80,0
85,5,2009,1,PTTP,82,0
85,5,2009,1,PTTP,84,1.11121797262893
85,5,2009,1,PTTP,86,0
85,5,2009,1,PTTP,88,0
85,5,2009,1,PTTP,90,0
85,5,2009,1,PTTP,92,0
85,5,2009,1,PTTP,94,0
85,5,2009,1,PTTP,96,0.555608986314466
85,5,2009,1,PTTP,98,0
85,5,2009,1,PTTP,100,0
85,5,2009,1,PTTP,102,0
85,5,2009,1,PTTP,104,0
85,5,2009,1,PTTP,106,0
85,5,2009,1,PTTP,108,0
85,5,2009,1,PTTP,110,0
85,5,2009,1,PTTP,112,0
85,5,2009,1,PTTP,114,0
85,5,2009,1,PTTP,116,0
85,5,2009,1,PTTP,118,0
85,5,2009,1,PTTP,120,0
85,5,2009,1,PTTP,122,0
85,5,2009,1,PTTP,124,0
85,5,2009,1,PTTP,126,0
85,5,2009,1,PTTP,128,0
85,5,2009,1,PTTP,130,0
85,5,2009,1,PTTP,132,0
85,5,2009,1,PTTP,134,0
85,5,2009,1,PTTP,136,0
85,5,2009,1,PTTP,138,0
85,5,2009,1,PTTP,140,0
85,5,2009,1,PTTP,142,0
85,5,2009,1,PTTP,144,0
85,5,2009,1,PTTP,146,0
85,5,2009,1,PTTP,148,0
85,5,2009,1,PTTP,150,0
85,5,2009,1,PTTP,152,0
85,5,2009,1,PTTP,154,0
85,5,2009,1,PTTP,156,0
85,5,2009,1,PTTP,158,0
85,5,2009,1,PTTP,160,0
85,5,2009,1,PTTP,162,0
85,5,2009,1,PTTP,164,0
85,5,2009,1,PTTP,166,0
85,5,2009,1,PTTP,168,0
85,5,2009,1,PTTP,170,0
85,5,2009,1,PTTP,172,0
85,5,2009,1,PTTP,174,0
85,5,2009,1,PTTP,176,0
85,5,2009,1,PTTP,178,0
85,5,2009,1,PTTP,180,0
85,5,2009,1,PTTP,182,0
85,5,2009,1,PTTP,184,0
85,5,2009,1,PTTP,186,0
85,5,2009,1,PTTP,188,0
85,5,2009,1,PTTP,190,0
85,5,2009,1,PTTP,192,0
85,5,2009,1,PTTP,194,0
85,5,2009,1,PTTP,196,0
85,5,2009,1,PTTP,198,0
86,5,2009,2,PTTP,10,0
86,5,2009,2,PTTP,12,0
86,5,2009,2,PTTP,14,0
86,5,2009,2,PTTP,16,0
86,5,2009,2,PTTP,18,0
86,5,2009,2,PTTP,20,0
86,5,2009,2,PTTP,22,0
86,5,2009,2,PTTP,24,0
86,5,2009,2,PTTP,26,0
86,5,2009,2,PTTP,28,1.0736078968064
86,5,2009,2,PTTP,30,14.4937066068865
86,5,2009,2,PTTP,32,38.1130803366273
86,5,2009,2,PTTP,34,52.6067869435138
86,5,2009,2,PTTP,36,33.8186487494017
86,5,2009,2,PTTP,38,27.9138053169665
86,5,2009,2,PTTP,40,26.3033934717569
86,5,2009,2,PTTP,42,36.5026684914177
86,5,2009,2,PTTP,44,26.3033934717569
86,5,2009,2,PTTP,46,22.0089618845313
86,5,2009,2,PTTP,48,13.9569026584833
86,5,2009,2,PTTP,50,8.05205922604803
86,5,2009,2,PTTP,52,5.36803948403202
86,5,2009,2,PTTP,54,2.68401974201601
86,5,2009,2,PTTP,56,1.0736078968064
86,5,2009,2,PTTP,58,3.22082369041921
86,5,2009,2,PTTP,60,0
86,5,2009,2,PTTP,62,0
86,5,2009,2,PTTP,64,1.61041184520961
86,5,2009,2,PTTP,66,1.0736078968064
86,5,2009,2,PTTP,68,0
86,5,2009,2,PTTP,70,1.61041184520961
86,5,2009,2,PTTP,72,0
86,5,2009,2,PTTP,74,1.0736078968064
86,5,2009,2,PTTP,76,0
86,5,2009,2,PTTP,78,0.536803948403202
86,5,2009,2,PTTP,80,0
86,5,2009,2,PTTP,82,0
86,5,2009,2,PTTP,84,0
86,5,2009,2,PTTP,86,0
86,5,2009,2,PTTP,88,0
86,5,2009,2,PTTP,90,0
86,5,2009,2,PTTP,92,0
86,5,2009,2,PTTP,94,0
86,5,2009,2,PTTP,96,0
86,5,2009,2,PTTP,98,0
86,5,2009,2,PTTP,100,0
86,5,2009,2,PTTP,102,0
86,5,2009,2,PTTP,104,0
86,5,2009,2,PTTP,106,0
86,5,2009,2,PTTP,108,0
86,5,2009,2,PTTP,110,0
86,5,2009,2,PTTP,112,0
86,5,2009,2,PTTP,114,0
86,5,2009,2,PTTP,116,0
86,5,2009,2,PTTP,118,0
86,5,2009,2,PTTP,120,0
86,5,2009,2,PTTP,122,0
86,5,2009,2,PTTP,124,0
86,5,2009,2,PTTP,126,0
86,5,2009,2,PTTP,128,0
86,5,2009,2,PTTP,130,0
86,5,2009,2,PTTP,132,0
86,5,2009,2,PTTP,134,0
86,5,2009,2,PTTP,136,0
86,5,2009,2,PTTP,138,0
86,5,2009,2,PTTP,140,0
86,5,2009,2,PTTP,142,0
86,5,2009,2,PTTP,144,0
86,5,2009,2,PTTP,146,0
86,5,2009,2,PTTP,148,0
86,5,2009,2,PTTP,150,0
86,5,2009,2,PTTP,152,0
86,5,2009,2,PTTP,154,0
86,5,2009,2,PTTP,156,0
86,5,2009,2,PTTP,158,0
86,5,2009,2,PTTP,160,0
86,5,2009,2,PTTP,162,0
86,5,2009,2,PTTP,164,0
86,5,2009,2,PTTP,166,0
86,5,2009,2,PTTP,168,0
86,5,2009,2,PTTP,170,0
86,5,2009,2,PTTP,172,0
86,5,2009,2,PTTP,174,0
86,5,2009,2,PTTP,176,0
86,5,2009,2,PTTP,178,0
86,5,2009,2,PTTP,180,0
86,5,2009,2,PTTP,182,0
86,5,2009,2,PTTP,184,0
86,5,2009,2,PTTP,186,0
86,5,2009,2,PTTP,188,0
86,5,2009,2,PTTP,190,0
86,5,2009,2,PTTP,192,0
86,5,2009,2,PTTP,194,0
86,5,2009,2,PTTP,196,0
86,5,2009,2,PTTP,198,0
87,5,2011,2,PTTP,10,0
87,5,2011,2,PTTP,12,0
87,5,2011,2,PTTP,14,0
87,5,2011,2,PTTP,16,0
87,5,2011,2,PTTP,18,0
87,5,2011,2,PTTP,20,0
87,5,2011,2,PTTP,22,0
87,5,2011,2,PTTP,24,0
87,5,2011,2,PTTP,26,0
87,5,2011,2,PTTP,28,0
87,5,2011,2,PTTP,30,4.47322343378295
87,5,2011,2,PTTP,32,15.3367660586844
87,5,2011,2,PTTP,34,19.8099894924673
87,5,2011,2,PTTP,36,30.0345001982569
87,5,2011,2,PTTP,38,44.0932024187176
87,5,2011,2,PTTP,40,31.3125640364806
87,5,2011,2,PTTP,42,19.1709575733555
87,5,2011,2,PTTP,44,13.4196703013488
87,5,2011,2,PTTP,46,11.5025745440133
87,5,2011,2,PTTP,48,7.66838302934219
87,5,2011,2,PTTP,50,3.8341915146711
87,5,2011,2,PTTP,52,2.5561276764474
87,5,2011,2,PTTP,54,2.5561276764474
87,5,2011,2,PTTP,56,2.5561276764474
87,5,2011,2,PTTP,58,1.2780638382237
87,5,2011,2,PTTP,60,0.639031919111849
87,5,2011,2,PTTP,62,0
87,5,2011,2,PTTP,64,1.91709575733555
87,5,2011,2,PTTP,66,0
87,5,2011,2,PTTP,68,0
87,5,2011,2,PTTP,70,0
87,5,2011,2,PTTP,72,0
87,5,2011,2,PTTP,74,0
87,5,2011,2,PTTP,76,0
87,5,2011,2,PTTP,78,0
87,5,2011,2,PTTP,80,0
87,5,2011,2,PTTP,82,0
87,5,2011,2,PTTP,84,0
87,5,2011,2,PTTP,86,0
87,5,2011,2,PTTP,88,0
87,5,2011,2,PTTP,90,0
87,5,2011,2,PTTP,92,0
87,5,2011,2,PTTP,94,0
87,5,2011,2,PTTP,96,0
87,5,2011,2,PTTP,98,0
87,5,2011,2,PTTP,100,0
87,5,2011,2,PTTP,102,0
87,5,2011,2,PTTP,104,0
87,5,2011,2,PTTP,106,0
87,5,2011,2,PTTP,108,0
87,5,2011,2,PTTP,110,0
87,5,2011,2,PTTP,112,0
87,5,2011,2,PTTP,114,0
87,5,2011,2,PTTP,116,0
87,5,2011,2,PTTP,118,0
87,5,2011,2,PTTP,120,0
87,5,2011,2,PTTP,122,0
87,5,2011,2,PTTP,124,0
87,5,2011,2,PTTP,126,0
87,5,2011,2,PTTP,128,0
87,5,2011,2,PTTP,130,0
87,5,2011,2,PTTP,132,0
87,5,2011,2,PTTP,134,0
87,5,2011,2,PTTP,136,0
87,5,2011,2,PTTP,138,0
87,5,2011,2,PTTP,140,0
87,5,2011,2,PTTP,142,0
87,5,2011,2,PTTP,144,0
87,5,2011,2,PTTP,146,0
87,5,2011,2,PTTP,148,0
87,5,2011,2,PTTP,150,0
87,5,2011,2,PTTP,152,0
87,5,2011,2,PTTP,154,0
87,5,2011,2,PTTP,156,0
87,5,2011,2,PTTP,158,0
87,5,2011,2,PTTP,160,0
87,5,2011,2,PTTP,162,0
87,5,2011,2,PTTP,164,0
87,5,2011,2,PTTP,166,0
87,5,2011,2,PTTP,168,0
87,5,2011,2,PTTP,170,0
87,5,2011,2,PTTP,172,0
87,5,2011,2,PTTP,174,0
87,5,2011,2,PTTP,176,0
87,5,2011,2,PTTP,178,0
87,5,2011,2,PTTP,180,0
87,5,2011,2,PTTP,182,0
87,5,2011,2,PTTP,184,0
87,5,2011,2,PTTP,186,0
87,5,2011,2,PTTP,188,0
87,5,2011,2,PTTP,190,0
87,5,2011,2,PTTP,192,0
87,5,2011,2,PTTP,194,0
87,5,2011,2,PTTP,196,0
87,5,2011,2,PTTP,198,0
88,5,2014,3,PTTP,10,0
88,5,2014,3,PTTP,12,0
88,5,2014,3,PTTP,14,0
88,5,2014,3,PTTP,16,0
88,5,2014,3,PTTP,18,0
88,5,2014,3,PTTP,20,0
88,5,2014,3,PTTP,22,0
88,5,2014,3,PTTP,24,0
88,5,2014,3,PTTP,26,0
88,5,2014,3,PTTP,28,0
88,5,2014,3,PTTP,30,0
88,5,2014,3,PTTP,32,0
88,5,2014,3,PTTP,34,0
88,5,2014,3,PTTP,36,0
88,5,2014,3,PTTP,38,0
88,5,2014,3,PTTP,40,0
88,5,2014,3,PTTP,42,0
88,5,2014,3,PTTP,44,0
88,5,2014,3,PTTP,46,0
88,5,2014,3,PTTP,48,0
88,5,2014,3,PTTP,50,0.865179
88,5,2014,3,PTTP,52,1.730358
88,5,2014,3,PTTP,54,0
88,5,2014,3,PTTP,56,2.595537
88,5,2014,3,PTTP,58,1.730358
88,5,2014,3,PTTP,60,0.865179
88,5,2014,3,PTTP,62,0.865179
88,5,2014,3,PTTP,64,1.730358
88,5,2014,3,PTTP,66,0
88,5,2014,3,PTTP,68,0
88,5,2014,3,PTTP,70,0
88,5,2014,3,PTTP,72,0
88,5,2014,3,PTTP,74,0
88,5,2014,3,PTTP,76,0
88,5,2014,3,PTTP,78,0.865179
88,5,2014,3,PTTP,80,0
88,5,2014,3,PTTP,82,0
88,5,2014,3,PTTP,84,0
88,5,2014,3,PTTP,86,0
88,5,2014,3,PTTP,88,0
88,5,2014,3,PTTP,90,0
88,5,2014,3,PTTP,92,0
88,5,2014,3,PTTP,94,0
88,5,2014,3,PTTP,96,0
88,5,2014,3,PTTP,98,0
88,5,2014,3,PTTP,100,0
88,5,2014,3,PTTP,102,0
88,5,2014,3,PTTP,104,0
88,5,2014,3,PTTP,106,0
88,5,2014,3,PTTP,108,0
88,5,2014,3,PTTP,110,0
88,5,2014,3,PTTP,112,0
88,5,2014,3,PTTP,114,0
88,5,2014,3,PTTP,116,0
88,5,2014,3,PTTP,118,0
88,5,2014,3,PTTP,120,0
88,5,2014,3,PTTP,122,0
88,5,2014,3,PTTP,124,0
88,5,2014,3,PTTP,126,0
88,5,2014,3,PTTP,128,0
88,5,2014,3,PTTP,130,0
88,5,2014,3,PTTP,132,0
88,5,2014,3,PTTP,134,0
88,5,2014,3,PTTP,136,0
88,5,2014,3,PTTP,138,0
88,5,2014,3,PTTP,140,0
88,5,2014,3,PTTP,142,0
88,5,2014,3,PTTP,144,0
88,5,2014,3,PTTP,146,0
88,5,2014,3,PTTP,148,0
88,5,2014,3,PTTP,150,0
88,5,2014,3,PTTP,152,0
88,5,2014,3,PTTP,154,0
88,5,2014,3,PTTP,156,0
88,5,2014,3,PTTP,158,0
88,5,2014,3,PTTP,160,0
88,5,2014,3,PTTP,162,0
88,5,2014,3,PTTP,164,0
88,5,2014,3,PTTP,166,0
88,5,2014,3,PTTP,168,0
88,5,2014,3,PTTP,170,0
88,5,2014,3,PTTP,172,0
88,5,2014,3,PTTP,174,0
88,5,2014,3,PTTP,176,0
88,5,2014,3,PTTP,178,0
88,5,2014,3,PTTP,180,0
88,5,2014,3,PTTP,182,0
88,5,2014,3,PTTP,184,0
88,5,2014,3,PTTP,186,0
88,5,2014,3,PTTP,188,0
88,5,2014,3,PTTP,190,0
88,5,2014,3,PTTP,192,0
88,5,2014,3,PTTP,194,0
88,5,2014,3,PTTP,196,0
88,5,2014,3,PTTP,198,0
89,1,2000,1,JPTP,10,0
89,1,2000,1,JPTP,12,0
89,1,2000,1,JPTP,14,0
89,1,2000,1,JPTP,16,0
89,1,2000,1,JPTP,18,0
89,1,2000,1,JPTP,20,0
89,1,2000,1,JPTP,22,0
89,1,2000,1,JPTP,24,0
89,1,2000,1,JPTP,26,0
89,1,2000,1,JPTP,28,0
89,1,2000,1,JPTP,30,0
89,1,2000,1,JPTP,32,0
89,1,2000,1,JPTP,34,0
89,1,2000,1,JPTP,36,5.52597626419492
89,1,2000,1,JPTP,38,25.7878892329096
89,1,2000,1,JPTP,40,27.6298813209746
89,1,2000,1,JPTP,42,17.1919261552731
89,1,2000,1,JPTP,44,9.20996044032486
89,1,2000,1,JPTP,46,4.91197890150659
89,1,2000,1,JPTP,48,3.06998681344162
89,1,2000,1,JPTP,50,1
89,1,2000,1,JPTP,52,0.613997362688324
89,1,2000,1,JPTP,54,1.22799472537665
89,1,2000,1,JPTP,56,0.613997362688324
89,1,2000,1,JPTP,58,1.22799472537665
89,1,2000,1,JPTP,60,0
89,1,2000,1,JPTP,62,0
89,1,2000,1,JPTP,64,0
89,1,2000,1,JPTP,66,0
89,1,2000,1,JPTP,68,0
89,1,2000,1,JPTP,70,0
89,1,2000,1,JPTP,72,0
89,1,2000,1,JPTP,74,0
89,1,2000,1,JPTP,76,0
89,1,2000,1,JPTP,78,0
89,1,2000,1,JPTP,80,0
89,1,2000,1,JPTP,82,0
89,1,2000,1,JPTP,84,0
89,1,2000,1,JPTP,86,0
89,1,2000,1,JPTP,88,0
89,1,2000,1,JPTP,90,0
89,1,2000,1,JPTP,92,0
89,1,2000,1,JPTP,94,0
89,1,2000,1,JPTP,96,0
89,1,2000,1,JPTP,98,0
89,1,2000,1,JPTP,100,0
89,1,2000,1,JPTP,102,0
89,1,2000,1,JPTP,104,0
89,1,2000,1,JPTP,106,0
89,1,2000,1,JPTP,108,0
89,1,2000,1,JPTP,110,0
89,1,2000,1,JPTP,112,0
89,1,2000,1,JPTP,114,0
89,1,2000,1,JPTP,116,0
89,1,2000,1,JPTP,118,0
89,1,2000,1,JPTP,120,0
89,1,2000,1,JPTP,122,0
89,1,2000,1,JPTP,124,0
89,1,2000,1,JPTP,126,0
89,1,2000,1,JPTP,128,0
89,1,2000,1,JPTP,130,0
89,1,2000,1,JPTP,132,0
89,1,2000,1,JPTP,134,0
89,1,2000,1,JPTP,136,0
89,1,2000,1,JPTP,138,0
89,1,2000,1,JPTP,140,0
89,1,2000,1,JPTP,142,0
89,1,2000,1,JPTP,144,0
89,1,2000,1,JPTP,146,0
89,1,2000,1,JPTP,148,0
89,1,2000,1,JPTP,150,0
89,1,2000,1,JPTP,152,0
89,1,2000,1,JPTP,154,0
89,1,2000,1,JPTP,156,0
89,1,2000,1,JPTP,158,0
89,1,2000,1,JPTP,160,0
89,1,2000,1,JPTP,162,0
89,1,2000,1,JPTP,164,0
89,1,2000,1,JPTP,166,0
89,1,2000,1,JPTP,168,0
89,1,2000,1,JPTP,170,0
89,1,2000,1,JPTP,172,0
89,1,2000,1,JPTP,174,0
89,1,2000,1,JPTP,176,0
89,1,2000,1,JPTP,178,0
89,1,2000,1,JPTP,180,0
89,1,2000,1,JPTP,182,0
89,1,2000,1,JPTP,184,0
89,1,2000,1,JPTP,186,0
89,1,2000,1,JPTP,188,0
89,1,2000,1,JPTP,190,0
89,1,2000,1,JPTP,192,0
89,1,2000,1,JPTP,194,0
89,1,2000,1,JPTP,196,0
89,1,2000,1,JPTP,198,0
90,1,2000,2,JPTP,10,0
90,1,2000,2,JPTP,12,0
90,1,2000,2,JPTP,14,0
90,1,2000,2,JPTP,16,0
90,1,2000,2,JPTP,18,0
90,1,2000,2,JPTP,20,0
90,1,2000,2,JPTP,22,0
90,1,2000,2,JPTP,24,0
90,1,2000,2,JPTP,26,4.33117058545007
90,1,2000,2,JPTP,28,0.618738655064296
90,1,2000,2,JPTP,30,4.33117058545007
90,1,2000,2,JPTP,32,0.618738655064296
90,1,2000,2,JPTP,34,1.23747731012859
90,1,2000,2,JPTP,36,0
90,1,2000,2,JPTP,38,5.56864789557866
90,1,2000,2,JPTP,40,21.0371142721861
90,1,2000,2,JPTP,42,31.5556714082791
90,1,2000,2,JPTP,44,92.1920596045801
90,1,2000,2,JPTP,46,33.411887373472
90,1,2000,2,JPTP,48,24.1308075475075
90,1,2000,2,JPTP,50,8.04360251583585
90,1,2000,2,JPTP,52,2
90,1,2000,2,JPTP,54,2.47495462025718
90,1,2000,2,JPTP,56,0
90,1,2000,2,JPTP,58,0.618738655064296
90,1,2000,2,JPTP,60,0
90,1,2000,2,JPTP,62,0
90,1,2000,2,JPTP,64,0
90,1,2000,2,JPTP,66,0
90,1,2000,2,JPTP,68,0
90,1,2000,2,JPTP,70,1
90,1,2000,2,JPTP,72,0.618738655064296
90,1,2000,2,JPTP,74,0
90,1,2000,2,JPTP,76,0
90,1,2000,2,JPTP,78,0
90,1,2000,2,JPTP,80,0
90,1,2000,2,JPTP,82,0
90,1,2000,2,JPTP,84,0
90,1,2000,2,JPTP,86,0
90,1,2000,2,JPTP,88,0
90,1,2000,2,JPTP,90,0
90,1,2000,2,JPTP,92,0
90,1,2000,2,JPTP,94,0
90,1,2000,2,JPTP,96,0
90,1,2000,2,JPTP,98,0
90,1,2000,2,JPTP,100,0
90,1,2000,2,JPTP,102,0
90,1,2000,2,JPTP,104,0
90,1,2000,2,JPTP,106,0
90,1,2000,2,JPTP,108,0
90,1,2000,2,JPTP,110,0
90,1,2000,2,JPTP,112,0
90,1,2000,2,JPTP,114,0
90,1,2000,2,JPTP,116,0
90,1,2000,2,JPTP,118,0
90,1,2000,2,JPTP,120,0
90,1,2000,2,JPTP,122,0
90,1,2000,2,JPTP,124,0
90,1,2000,2,JPTP,126,0
90,1,2000,2,JPTP,128,0
90,1,2000,2,JPTP,130,0
90,1,2000,2,JPTP,132,0
90,1,2000,2,JPTP,134,0
90,1,2000,2,JPTP,136,0
90,1,2000,2,JPTP,138,0
90,1,2000,2,JPTP,140,0
90,1,2000,2,JPTP,142,0
90,1,2000,2,JPTP,144,0
90,1,2000,2,JPTP,146,0
90,1,2000,2,JPTP,148,0
90,1,2000,2,JPTP,150,0
90,1,2000,2,JPTP,152,0
90,1,2000,2,JPTP,154,0
90,1,2000,2,JPTP,156,0
90,1,2000,2,JPTP,158,0
90,1,2000,2,JPTP,160,0
90,1,2000,2,JPTP,162,0
90,1,2000,2,JPTP,164,0
90,1,2000,2,JPTP,166,0
90,1,2000,2,JPTP,168,0
90,1,2000,2,JPTP,170,0
90,1,2000,2,JPTP,172,0
90,1,2000,2,JPTP,174,0
90,1,2000,2,JPTP,176,0
90,1,2000,2,JPTP,178,0
90,1,2000,2,JPTP,180,0
90,1,2000,2,JPTP,182,0
90,1,2000,2,JPTP,184,0
90,1,2000,2,JPTP,186,0
90,1,2000,2,JPTP,188,0
90,1,2000,2,JPTP,190,0
90,1,2000,2,JPTP,192,0
90,1,2000,2,JPTP,194,0
90,1,2000,2,JPTP,196,0
90,1,2000,2,JPTP,198,0
91,1,2000,3,JPTP,10,0
91,1,2000,3,JPTP,12,0
91,1,2000,3,JPTP,14,0
91,1,2000,3,JPTP,16,0
91,1,2000,3,JPTP,18,0
91,1,2000,3,JPTP,20,0
91,1,2000,3,JPTP,22,0
91,1,2000,3,JPTP,24,0
91,1,2000,3,JPTP,26,2.5887456372805
91,1,2000,3,JPTP,28,3.88311845592075
91,1,2000,3,JPTP,30,5.82467768388113
91,1,2000,3,JPTP,32,0.647186409320125
91,1,2000,3,JPTP,34,0
91,1,2000,3,JPTP,36,2.5887456372805
91,1,2000,3,JPTP,38,3.23593204660063
91,1,2000,3,JPTP,40,0
91,1,2000,3,JPTP,42,0
91,1,2000,3,JPTP,44,0
91,1,2000,3,JPTP,46,0
91,1,2000,3,JPTP,48,0
91,1,2000,3,JPTP,50,0.647186409320125
91,1,2000,3,JPTP,52,1
91,1,2000,3,JPTP,54,1.29437281864025
91,1,2000,3,JPTP,56,2
91,1,2000,3,JPTP,58,0
91,1,2000,3,JPTP,60,0
91,1,2000,3,JPTP,62,0
91,1,2000,3,JPTP,64,0
91,1,2000,3,JPTP,66,0
91,1,2000,3,JPTP,68,0
91,1,2000,3,JPTP,70,0
91,1,2000,3,JPTP,72,0
91,1,2000,3,JPTP,74,0
91,1,2000,3,JPTP,76,0
91,1,2000,3,JPTP,78,0
91,1,2000,3,JPTP,80,0
91,1,2000,3,JPTP,82,0
91,1,2000,3,JPTP,84,0
91,1,2000,3,JPTP,86,0
91,1,2000,3,JPTP,88,0
91,1,2000,3,JPTP,90,0
91,1,2000,3,JPTP,92,0
91,1,2000,3,JPTP,94,0
91,1,2000,3,JPTP,96,0.647186409320125
91,1,2000,3,JPTP,98,0
91,1,2000,3,JPTP,100,0
91,1,2000,3,JPTP,102,0
91,1,2000,3,JPTP,104,0
91,1,2000,3,JPTP,106,0
91,1,2000,3,JPTP,108,0
91,1,2000,3,JPTP,110,0
91,1,2000,3,JPTP,112,0
91,1,2000,3,JPTP,114,0
91,1,2000,3,JPTP,116,0
91,1,2000,3,JPTP,118,0
91,1,2000,3,JPTP,120,0
91,1,2000,3,JPTP,122,0
91,1,2000,3,JPTP,124,0
91,1,2000,3,JPTP,126,0
91,1,2000,3,JPTP,128,0
91,1,2000,3,JPTP,130,0
91,1,2000,3,JPTP,132,0
91,1,2000,3,JPTP,134,0
91,1,2000,3,JPTP,136,0
91,1,2000,3,JPTP,138,0
91,1,2000,3,JPTP,140,0
91,1,2000,3,JPTP,142,0
91,1,2000,3,JPTP,144,0
91,1,2000,3,JPTP,146,0
91,1,2000,3,JPTP,148,0
91,1,2000,3,JPTP,150,0
91,1,2000,3,JPTP,152,0
91,1,2000,3,JPTP,154,0
91,1,2000,3,JPTP,156,0
91,1,2000,3,JPTP,158,0
91,1,2000,3,JPTP,160,0
91,1,2000,3,JPTP,162,0
91,1,2000,3,JPTP,164,0
91,1,2000,3,JPTP,166,0
91,1,2000,3,JPTP,168,0
91,1,2000,3,JPTP,170,0
91,1,2000,3,JPTP,172,0
91,1,2000,3,JPTP,174,0
91,1,2000,3,JPTP,176,0
91,1,2000,3,JPTP,178,0
91,1,2000,3,JPTP,180,0
91,1,2000,3,JPTP,182,0
91,1,2000,3,JPTP,184,0
91,1,2000,3,JPTP,186,0
91,1,2000,3,JPTP,188,0
91,1,2000,3,JPTP,190,0
91,1,2000,3,JPTP,192,0
91,1,2000,3,JPTP,194,0
91,1,2000,3,JPTP,196,0
91,1,2000,3,JPTP,198,0
92,1,2000,4,JPTP,10,0
92,1,2000,4,JPTP,12,0
92,1,2000,4,JPTP,14,0
92,1,2000,4,JPTP,16,0
92,1,2000,4,JPTP,18,0
92,1,2000,4,JPTP,20,0
92,1,2000,4,JPTP,22,0
92,1,2000,4,JPTP,24,0
92,1,2000,4,JPTP,26,0.647186409320125
92,1,2000,4,JPTP,28,0
92,1,2000,4,JPTP,30,1.29437281864025
92,1,2000,4,JPTP,32,8.41342332116163
92,1,2000,4,JPTP,34,42.0671166058082
92,1,2000,4,JPTP,36,49.1861671083295
92,1,2000,4,JPTP,38,49.8333535176497
92,1,2000,4,JPTP,40,76.3679962997748
92,1,2000,4,JPTP,42,45.3030486524088
92,1,2000,4,JPTP,44,14.8852874143629
92,1,2000,4,JPTP,46,8.41342332116163
92,1,2000,4,JPTP,48,2.5887456372805
92,1,2000,4,JPTP,50,0.647186409320125
92,1,2000,4,JPTP,52,0.647186409320125
92,1,2000,4,JPTP,54,4.53030486524088
92,1,2000,4,JPTP,56,3.88311845592075
92,1,2000,4,JPTP,58,7.76623691184151
92,1,2000,4,JPTP,60,14.2381010050428
92,1,2000,4,JPTP,62,8.41342332116163
92,1,2000,4,JPTP,64,26.5346427821251
92,1,2000,4,JPTP,66,6.47186409320125
92,1,2000,4,JPTP,68,3.23593204660063
92,1,2000,4,JPTP,70,4.53030486524088
92,1,2000,4,JPTP,72,1.94155922796038
92,1,2000,4,JPTP,74,5.82467768388113
92,1,2000,4,JPTP,76,0
92,1,2000,4,JPTP,78,0
92,1,2000,4,JPTP,80,0
92,1,2000,4,JPTP,82,0
92,1,2000,4,JPTP,84,0
92,1,2000,4,JPTP,86,0
92,1,2000,4,JPTP,88,0
92,1,2000,4,JPTP,90,0
92,1,2000,4,JPTP,92,0
92,1,2000,4,JPTP,94,0
92,1,2000,4,JPTP,96,0
92,1,2000,4,JPTP,98,0
92,1,2000,4,JPTP,100,0
92,1,2000,4,JPTP,102,0
92,1,2000,4,JPTP,104,0
92,1,2000,4,JPTP,106,0
92,1,2000,4,JPTP,108,0
92,1,2000,4,JPTP,110,0
92,1,2000,4,JPTP,112,0
92,1,2000,4,JPTP,114,0
92,1,2000,4,JPTP,116,0
92,1,2000,4,JPTP,118,0
92,1,2000,4,JPTP,120,0
92,1,2000,4,JPTP,122,0
92,1,2000,4,JPTP,124,0
92,1,2000,4,JPTP,126,0
92,1,2000,4,JPTP,128,0
92,1,2000,4,JPTP,130,0
92,1,2000,4,JPTP,132,0
92,1,2000,4,JPTP,134,0
92,1,2000,4,JPTP,136,0
92,1,2000,4,JPTP,138,0
92,1,2000,4,JPTP,140,0
92,1,2000,4,JPTP,142,0
92,1,2000,4,JPTP,144,0
92,1,2000,4,JPTP,146,0
92,1,2000,4,JPTP,148,0
92,1,2000,4,JPTP,150,0
92,1,2000,4,JPTP,152,0
92,1,2000,4,JPTP,154,0
92,1,2000,4,JPTP,156,0
92,1,2000,4,JPTP,158,0
92,1,2000,4,JPTP,160,0
92,1,2000,4,JPTP,162,0
92,1,2000,4,JPTP,164,0
92,1,2000,4,JPTP,166,0
92,1,2000,4,JPTP,168,0
92,1,2000,4,JPTP,170,0
92,1,2000,4,JPTP,172,0
92,1,2000,4,JPTP,174,0
92,1,2000,4,JPTP,176,0
92,1,2000,4,JPTP,178,0
92,1,2000,4,JPTP,180,0
92,1,2000,4,JPTP,182,0
92,1,2000,4,JPTP,184,0
92,1,2000,4,JPTP,186,0
92,1,2000,4,JPTP,188,0
92,1,2000,4,JPTP,190,0
92,1,2000,4,JPTP,192,0
92,1,2000,4,JPTP,194,0
92,1,2000,4,JPTP,196,0
92,1,2000,4,JPTP,198,0
93,1,2001,1,JPTP,10,0
93,1,2001,1,JPTP,12,0
93,1,2001,1,JPTP,14,0
93,1,2001,1,JPTP,16,0
93,1,2001,1,JPTP,18,0
93,1,2001,1,JPTP,20,0
93,1,2001,1,JPTP,22,0
93,1,2001,1,JPTP,24,0
93,1,2001,1,JPTP,26,0
93,1,2001,1,JPTP,28,0
93,1,2001,1,JPTP,30,0
93,1,2001,1,JPTP,32,0
93,1,2001,1,JPTP,34,0
93,1,2001,1,JPTP,36,1.29437281864025
93,1,2001,1,JPTP,38,1.94155922796038
93,1,2001,1,JPTP,40,3.23593204660063
93,1,2001,1,JPTP,42,1.94155922796038
93,1,2001,1,JPTP,44,1.94155922796038
93,1,2001,1,JPTP,46,0
93,1,2001,1,JPTP,48,0
93,1,2001,1,JPTP,50,0
93,1,2001,1,JPTP,52,0
93,1,2001,1,JPTP,54,0
93,1,2001,1,JPTP,56,0.647186409320125
93,1,2001,1,JPTP,58,0
93,1,2001,1,JPTP,60,0
93,1,2001,1,JPTP,62,0
93,1,2001,1,JPTP,64,0
93,1,2001,1,JPTP,66,0
93,1,2001,1,JPTP,68,0
93,1,2001,1,JPTP,70,0.647186409320125
93,1,2001,1,JPTP,72,0.647186409320125
93,1,2001,1,JPTP,74,1.29437281864025
93,1,2001,1,JPTP,76,0.647186409320125
93,1,2001,1,JPTP,78,0.647186409320125
93,1,2001,1,JPTP,80,1.94155922796038
93,1,2001,1,JPTP,82,0.647186409320125
93,1,2001,1,JPTP,84,0
93,1,2001,1,JPTP,86,0
93,1,2001,1,JPTP,88,0
93,1,2001,1,JPTP,90,0
93,1,2001,1,JPTP,92,0
93,1,2001,1,JPTP,94,0
93,1,2001,1,JPTP,96,0
93,1,2001,1,JPTP,98,0
93,1,2001,1,JPTP,100,0
93,1,2001,1,JPTP,102,0
93,1,2001,1,JPTP,104,0
93,1,2001,1,JPTP,106,0
93,1,2001,1,JPTP,108,0
93,1,2001,1,JPTP,110,0
93,1,2001,1,JPTP,112,0
93,1,2001,1,JPTP,114,0
93,1,2001,1,JPTP,116,0
93,1,2001,1,JPTP,118,0
93,1,2001,1,JPTP,120,0
93,1,2001,1,JPTP,122,0
93,1,2001,1,JPTP,124,0
93,1,2001,1,JPTP,126,0
93,1,2001,1,JPTP,128,0
93,1,2001,1,JPTP,130,0
93,1,2001,1,JPTP,132,0
93,1,2001,1,JPTP,134,0
93,1,2001,1,JPTP,136,0
93,1,2001,1,JPTP,138,0
93,1,2001,1,JPTP,140,0
93,1,2001,1,JPTP,142,0
93,1,2001,1,JPTP,144,0
93,1,2001,1,JPTP,146,0
93,1,2001,1,JPTP,148,0
93,1,2001,1,JPTP,150,0
93,1,2001,1,JPTP,152,0
93,1,2001,1,JPTP,154,0
93,1,2001,1,JPTP,156,0
93,1,2001,1,JPTP,158,0
93,1,2001,1,JPTP,160,0
93,1,2001,1,JPTP,162,0
93,1,2001,1,JPTP,164,0
93,1,2001,1,JPTP,166,0
93,1,2001,1,JPTP,168,0
93,1,2001,1,JPTP,170,0
93,1,2001,1,JPTP,172,0
93,1,2001,1,JPTP,174,0
93,1,2001,1,JPTP,176,0
93,1,2001,1,JPTP,178,0
93,1,2001,1,JPTP,180,0
93,1,2001,1,JPTP,182,0
93,1,2001,1,JPTP,184,0
93,1,2001,1,JPTP,186,0
93,1,2001,1,JPTP,188,0
93,1,2001,1,JPTP,190,0
93,1,2001,1,JPTP,192,0
93,1,2001,1,JPTP,194,0
93,1,2001,1,JPTP,196,0
93,1,2001,1,JPTP,198,0
94,1,2001,2,JPTP,10,0
94,1,2001,2,JPTP,12,0
94,1,2001,2,JPTP,14,0
94,1,2001,2,JPTP,16,0
94,1,2001,2,JPTP,18,0
94,1,2001,2,JPTP,20,0.620220308931787
94,1,2001,2,JPTP,22,0
94,1,2001,2,JPTP,24,0.620220308931787
94,1,2001,2,JPTP,26,12.4044061786357
94,1,2001,2,JPTP,28,13.6448467964993
94,1,2001,2,JPTP,30,11.784185869704
94,1,2001,2,JPTP,32,3.10110154465893
94,1,2001,2,JPTP,34,0
94,1,2001,2,JPTP,36,1.24044061786357
94,1,2001,2,JPTP,38,8.06286401611323
94,1,2001,2,JPTP,40,16.1257280322265
94,1,2001,2,JPTP,42,32.2514560644529
94,1,2001,2,JPTP,44,58.9209293485198
94,1,2001,2,JPTP,46,58.300709039588
94,1,2001,2,JPTP,48,25.4290326662033
94,1,2001,2,JPTP,50,9.3033046339768
94,1,2001,2,JPTP,52,5.58198278038608
94,1,2001,2,JPTP,54,0.620220308931787
94,1,2001,2,JPTP,56,0.620220308931787
94,1,2001,2,JPTP,58,0
94,1,2001,2,JPTP,60,0
94,1,2001,2,JPTP,62,0
94,1,2001,2,JPTP,64,0
94,1,2001,2,JPTP,66,0
94,1,2001,2,JPTP,68,0
94,1,2001,2,JPTP,70,0
94,1,2001,2,JPTP,72,0
94,1,2001,2,JPTP,74,0
94,1,2001,2,JPTP,76,0
94,1,2001,2,JPTP,78,0
94,1,2001,2,JPTP,80,0
94,1,2001,2,JPTP,82,0
94,1,2001,2,JPTP,84,0
94,1,2001,2,JPTP,86,0
94,1,2001,2,JPTP,88,0
94,1,2001,2,JPTP,90,0
94,1,2001,2,JPTP,92,0
94,1,2001,2,JPTP,94,0
94,1,2001,2,JPTP,96,0
94,1,2001,2,JPTP,98,0
94,1,2001,2,JPTP,100,0
94,1,2001,2,JPTP,102,0
94,1,2001,2,JPTP,104,0
94,1,2001,2,JPTP,106,0
94,1,2001,2,JPTP,108,0
94,1,2001,2,JPTP,110,0
94,1,2001,2,JPTP,112,0
94,1,2001,2,JPTP,114,0
94,1,2001,2,JPTP,116,0
94,1,2001,2,JPTP,118,0
94,1,2001,2,JPTP,120,0
94,1,2001,2,JPTP,122,0
94,1,2001,2,JPTP,124,0
94,1,2001,2,JPTP,126,0
94,1,2001,2,JPTP,128,0
94,1,2001,2,JPTP,130,0
94,1,2001,2,JPTP,132,0
94,1,2001,2,JPTP,134,0
94,1,2001,2,JPTP,136,0
94,1,2001,2,JPTP,138,0
94,1,2001,2,JPTP,140,0
94,1,2001,2,JPTP,142,0
94,1,2001,2,JPTP,144,0
94,1,2001,2,JPTP,146,0
94,1,2001,2,JPTP,148,0
94,1,2001,2,JPTP,150,0
94,1,2001,2,JPTP,152,0
94,1,2001,2,JPTP,154,0
94,1,2001,2,JPTP,156,0
94,1,2001,2,JPTP,158,0
94,1,2001,2,JPTP,160,0
94,1,2001,2,JPTP,162,0
94,1,2001,2,JPTP,164,0
94,1,2001,2,JPTP,166,0
94,1,2001,2,JPTP,168,0
94,1,2001,2,JPTP,170,0
94,1,2001,2,JPTP,172,0
94,1,2001,2,JPTP,174,0
94,1,2001,2,JPTP,176,0
94,1,2001,2,JPTP,178,0
94,1,2001,2,JPTP,180,0
94,1,2001,2,JPTP,182,0
94,1,2001,2,JPTP,184,0
94,1,2001,2,JPTP,186,0
94,1,2001,2,JPTP,188,0
94,1,2001,2,JPTP,190,0
94,1,2001,2,JPTP,192,0
94,1,2001,2,JPTP,194,0
94,1,2001,2,JPTP,196,0
94,1,2001,2,JPTP,198,0
95,1,2001,3,JPTP,10,0
95,1,2001,3,JPTP,12,0
95,1,2001,3,JPTP,14,0
95,1,2001,3,JPTP,16,0
95,1,2001,3,JPTP,18,0
95,1,2001,3,JPTP,20,0
95,1,2001,3,JPTP,22,2.71400752295536
95,1,2001,3,JPTP,24,8.68482407345717
95,1,2001,3,JPTP,26,8.14202256886609
95,1,2001,3,JPTP,28,21.7120601836429
95,1,2001,3,JPTP,30,34.1964947892376
95,1,2001,3,JPTP,32,54.2801504591073
95,1,2001,3,JPTP,34,80.8774241840699
95,1,2001,3,JPTP,36,39.6245098351483
95,1,2001,3,JPTP,38,20.6264571744608
95,1,2001,3,JPTP,40,29.854082752509
95,1,2001,3,JPTP,42,25.5116707157804
95,1,2001,3,JPTP,44,20.6264571744608
95,1,2001,3,JPTP,46,4.34241203672858
95,1,2001,3,JPTP,48,1.62840451377322
95,1,2001,3,JPTP,50,1.08560300918215
95,1,2001,3,JPTP,52,0
95,1,2001,3,JPTP,54,1.08560300918215
95,1,2001,3,JPTP,56,0
95,1,2001,3,JPTP,58,1.08560300918215
95,1,2001,3,JPTP,60,1.62840451377322
95,1,2001,3,JPTP,62,4
95,1,2001,3,JPTP,64,3.25680902754644
95,1,2001,3,JPTP,66,1.08560300918215
95,1,2001,3,JPTP,68,0
95,1,2001,3,JPTP,70,0
95,1,2001,3,JPTP,72,0
95,1,2001,3,JPTP,74,0
95,1,2001,3,JPTP,76,0
95,1,2001,3,JPTP,78,0
95,1,2001,3,JPTP,80,0
95,1,2001,3,JPTP,82,0
95,1,2001,3,JPTP,84,0
95,1,2001,3,JPTP,86,0
95,1,2001,3,JPTP,88,0
95,1,2001,3,JPTP,90,0
95,1,2001,3,JPTP,92,0
95,1,2001,3,JPTP,94,0
95,1,2001,3,JPTP,96,0
95,1,2001,3,JPTP,98,1
95,1,2001,3,JPTP,100,0
95,1,2001,3,JPTP,102,0
95,1,2001,3,JPTP,104,0
95,1,2001,3,JPTP,106,0
95,1,2001,3,JPTP,108,0
95,1,2001,3,JPTP,110,0
95,1,2001,3,JPTP,112,0
95,1,2001,3,JPTP,114,0
95,1,2001,3,JPTP,116,0
95,1,2001,3,JPTP,118,0
95,1,2001,3,JPTP,120,0
95,1,2001,3,JPTP,122,0
95,1,2001,3,JPTP,124,0
95,1,2001,3,JPTP,126,0
95,1,2001,3,JPTP,128,0
95,1,2001,3,JPTP,130,0
95,1,2001,3,JPTP,132,0
95,1,2001,3,JPTP,134,0
95,1,2001,3,JPTP,136,0
95,1,2001,3,JPTP,138,0
95,1,2001,3,JPTP,140,0
95,1,2001,3,JPTP,142,0
95,1,2001,3,JPTP,144,0
95,1,2001,3,JPTP,146,0
95,1,2001,3,JPTP,148,0
95,1,2001,3,JPTP,150,0
95,1,2001,3,JPTP,152,0
95,1,2001,3,JPTP,154,0
95,1,2001,3,JPTP,156,0
95,1,2001,3,JPTP,158,0
95,1,2001,3,JPTP,160,0
95,1,2001,3,JPTP,162,0
95,1,2001,3,JPTP,164,0
95,1,2001,3,JPTP,166,0
95,1,2001,3,JPTP,168,0
95,1,2001,3,JPTP,170,0
95,1,2001,3,JPTP,172,0
95,1,2001,3,JPTP,174,0
95,1,2001,3,JPTP,176,0
95,1,2001,3,JPTP,178,0
95,1,2001,3,JPTP,180,0
95,1,2001,3,JPTP,182,0
95,1,2001,3,JPTP,184,0
95,1,2001,3,JPTP,186,0
95,1,2001,3,JPTP,188,0
95,1,2001,3,JPTP,190,0
95,1,2001,3,JPTP,192,0
95,1,2001,3,JPTP,194,0
95,1,2001,3,JPTP,196,0
95,1,2001,3,JPTP,198,0
96,1,2001,4,JPTP,10,0
96,1,2001,4,JPTP,12,0
96,1,2001,4,JPTP,14,0
96,1,2001,4,JPTP,16,0
96,1,2001,4,JPTP,18,0
96,1,2001,4,JPTP,20,0
96,1,2001,4,JPTP,22,0
96,1,2001,4,JPTP,24,0
96,1,2001,4,JPTP,26,0
96,1,2001,4,JPTP,28,0.606737258737618
96,1,2001,4,JPTP,30,15.7751687271781
96,1,2001,4,JPTP,32,26.6964393844552
96,1,2001,4,JPTP,34,21.8425413145542
96,1,2001,4,JPTP,36,16.9886432446533
96,1,2001,4,JPTP,38,33.9772864893066
96,1,2001,4,JPTP,40,46.7187689227966
96,1,2001,4,JPTP,42,10.3145333985395
96,1,2001,4,JPTP,44,6.06737258737618
96,1,2001,4,JPTP,46,3.64042355242571
96,1,2001,4,JPTP,48,1.21347451747524
96,1,2001,4,JPTP,50,1.21347451747524
96,1,2001,4,JPTP,52,0
96,1,2001,4,JPTP,54,0.606737258737618
96,1,2001,4,JPTP,56,0
96,1,2001,4,JPTP,58,0
96,1,2001,4,JPTP,60,0.606737258737618
96,1,2001,4,JPTP,62,0
96,1,2001,4,JPTP,64,0
96,1,2001,4,JPTP,66,0
96,1,2001,4,JPTP,68,3.03368629368809
96,1,2001,4,JPTP,70,1.21347451747524
96,1,2001,4,JPTP,72,0
96,1,2001,4,JPTP,74,0.606737258737618
96,1,2001,4,JPTP,76,0
96,1,2001,4,JPTP,78,0
96,1,2001,4,JPTP,80,0
96,1,2001,4,JPTP,82,0
96,1,2001,4,JPTP,84,1
96,1,2001,4,JPTP,86,0
96,1,2001,4,JPTP,88,0
96,1,2001,4,JPTP,90,0
96,1,2001,4,JPTP,92,0
96,1,2001,4,JPTP,94,0
96,1,2001,4,JPTP,96,0
96,1,2001,4,JPTP,98,0
96,1,2001,4,JPTP,100,0
96,1,2001,4,JPTP,102,0
96,1,2001,4,JPTP,104,0
96,1,2001,4,JPTP,106,0
96,1,2001,4,JPTP,108,0
96,1,2001,4,JPTP,110,0
96,1,2001,4,JPTP,112,0
96,1,2001,4,JPTP,114,0
96,1,2001,4,JPTP,116,0
96,1,2001,4,JPTP,118,0
96,1,2001,4,JPTP,120,0
96,1,2001,4,JPTP,122,0
96,1,2001,4,JPTP,124,0
96,1,2001,4,JPTP,126,0
96,1,2001,4,JPTP,128,0
96,1,2001,4,JPTP,130,0
96,1,2001,4,JPTP,132,0
96,1,2001,4,JPTP,134,0
96,1,2001,4,JPTP,136,0
96,1,2001,4,JPTP,138,0
96,1,2001,4,JPTP,140,0
96,1,2001,4,JPTP,142,0
96,1,2001,4,JPTP,144,0
96,1,2001,4,JPTP,146,0
96,1,2001,4,JPTP,148,0
96,1,2001,4,JPTP,150,0
96,1,2001,4,JPTP,152,0
96,1,2001,4,JPTP,154,0
96,1,2001,4,JPTP,156,0
96,1,2001,4,JPTP,158,0
96,1,2001,4,JPTP,160,0
96,1,2001,4,JPTP,162,0
96,1,2001,4,JPTP,164,0
96,1,2001,4,JPTP,166,0
96,1,2001,4,JPTP,168,0
96,1,2001,4,JPTP,170,0
96,1,2001,4,JPTP,172,0
96,1,2001,4,JPTP,174,0
96,1,2001,4,JPTP,176,0
96,1,2001,4,JPTP,178,0
96,1,2001,4,JPTP,180,0
96,1,2001,4,JPTP,182,0
96,1,2001,4,JPTP,184,0
96,1,2001,4,JPTP,186,0
96,1,2001,4,JPTP,188,0
96,1,2001,4,JPTP,190,0
96,1,2001,4,JPTP,192,0
96,1,2001,4,JPTP,194,0
96,1,2001,4,JPTP,196,0
96,1,2001,4,JPTP,198,0
97,1,2002,2,JPTP,10,0
97,1,2002,2,JPTP,12,0
97,1,2002,2,JPTP,14,0
97,1,2002,2,JPTP,16,0
97,1,2002,2,JPTP,18,0
97,1,2002,2,JPTP,20,0
97,1,2002,2,JPTP,22,0
97,1,2002,2,JPTP,24,0
97,1,2002,2,JPTP,26,0
97,1,2002,2,JPTP,28,0.577220311015247
97,1,2002,2,JPTP,30,9.23552497624395
97,1,2002,2,JPTP,32,22.5115921295946
97,1,2002,2,JPTP,34,6.92664373218297
97,1,2002,2,JPTP,36,1.73166093304574
97,1,2002,2,JPTP,38,3.46332186609148
97,1,2002,2,JPTP,40,15.5849483974117
97,1,2002,2,JPTP,42,10.9671859092897
97,1,2002,2,JPTP,44,21.9343718185794
97,1,2002,2,JPTP,46,34.6332186609148
97,1,2002,2,JPTP,48,44.445963948174
97,1,2002,2,JPTP,50,38.0965405270063
97,1,2002,2,JPTP,52,17.8938296414727
97,1,2002,2,JPTP,54,3.46332186609148
97,1,2002,2,JPTP,56,1.15444062203049
97,1,2002,2,JPTP,58,0.577220311015247
97,1,2002,2,JPTP,60,0.577220311015247
97,1,2002,2,JPTP,62,0
97,1,2002,2,JPTP,64,0
97,1,2002,2,JPTP,66,0
97,1,2002,2,JPTP,68,0
97,1,2002,2,JPTP,70,0.577220311015247
97,1,2002,2,JPTP,72,0
97,1,2002,2,JPTP,74,0
97,1,2002,2,JPTP,76,0
97,1,2002,2,JPTP,78,0
97,1,2002,2,JPTP,80,0
97,1,2002,2,JPTP,82,0
97,1,2002,2,JPTP,84,0
97,1,2002,2,JPTP,86,0
97,1,2002,2,JPTP,88,0
97,1,2002,2,JPTP,90,0
97,1,2002,2,JPTP,92,0
97,1,2002,2,JPTP,94,0
97,1,2002,2,JPTP,96,0
97,1,2002,2,JPTP,98,0
97,1,2002,2,JPTP,100,0
97,1,2002,2,JPTP,102,0
97,1,2002,2,JPTP,104,0
97,1,2002,2,JPTP,106,0
97,1,2002,2,JPTP,108,0
97,1,2002,2,JPTP,110,0
97,1,2002,2,JPTP,112,0
97,1,2002,2,JPTP,114,0
97,1,2002,2,JPTP,116,0
97,1,2002,2,JPTP,118,0
97,1,2002,2,JPTP,120,0
97,1,2002,2,JPTP,122,0
97,1,2002,2,JPTP,124,0
97,1,2002,2,JPTP,126,0
97,1,2002,2,JPTP,128,0
97,1,2002,2,JPTP,130,0
97,1,2002,2,JPTP,132,0
97,1,2002,2,JPTP,134,0
97,1,2002,2,JPTP,136,0
97,1,2002,2,JPTP,138,0
97,1,2002,2,JPTP,140,0
97,1,2002,2,JPTP,142,0
97,1,2002,2,JPTP,144,0
97,1,2002,2,JPTP,146,0
97,1,2002,2,JPTP,148,0
97,1,2002,2,JPTP,150,0
97,1,2002,2,JPTP,152,0
97,1,2002,2,JPTP,154,0
97,1,2002,2,JPTP,156,0
97,1,2002,2,JPTP,158,0
97,1,2002,2,JPTP,160,0
97,1,2002,2,JPTP,162,0
97,1,2002,2,JPTP,164,0
97,1,2002,2,JPTP,166,0
97,1,2002,2,JPTP,168,0
97,1,2002,2,JPTP,170,0
97,1,2002,2,JPTP,172,0
97,1,2002,2,JPTP,174,0
97,1,2002,2,JPTP,176,0
97,1,2002,2,JPTP,178,0
97,1,2002,2,JPTP,180,0
97,1,2002,2,JPTP,182,0
97,1,2002,2,JPTP,184,0
97,1,2002,2,JPTP,186,0
97,1,2002,2,JPTP,188,0
97,1,2002,2,JPTP,190,0
97,1,2002,2,JPTP,192,0
97,1,2002,2,JPTP,194,0
97,1,2002,2,JPTP,196,0
97,1,2002,2,JPTP,198,0
98,1,2002,3,JPTP,10,0
98,1,2002,3,JPTP,12,0
98,1,2002,3,JPTP,14,0
98,1,2002,3,JPTP,16,0
98,1,2002,3,JPTP,18,0
98,1,2002,3,JPTP,20,0
98,1,2002,3,JPTP,22,0
98,1,2002,3,JPTP,24,0.647186409320125
98,1,2002,3,JPTP,26,0
98,1,2002,3,JPTP,28,0.647186409320125
98,1,2002,3,JPTP,30,9.06060973048176
98,1,2002,3,JPTP,32,16.1796602330031
98,1,2002,3,JPTP,34,14.2381010050428
98,1,2002,3,JPTP,36,11.0021689584421
98,1,2002,3,JPTP,38,9.06060973048176
98,1,2002,3,JPTP,40,18.7684058702836
98,1,2002,3,JPTP,42,1.29437281864025
98,1,2002,3,JPTP,44,1.94155922796038
98,1,2002,3,JPTP,46,1
98,1,2002,3,JPTP,48,0.647186409320125
98,1,2002,3,JPTP,50,0
98,1,2002,3,JPTP,52,0.647186409320125
98,1,2002,3,JPTP,54,5.82467768388113
98,1,2002,3,JPTP,56,3.88311845592075
98,1,2002,3,JPTP,58,1.94155922796038
98,1,2002,3,JPTP,60,1.94155922796038
98,1,2002,3,JPTP,62,0.647186409320125
98,1,2002,3,JPTP,64,1.29437281864025
98,1,2002,3,JPTP,66,0
98,1,2002,3,JPTP,68,0
98,1,2002,3,JPTP,70,0
98,1,2002,3,JPTP,72,0
98,1,2002,3,JPTP,74,0
98,1,2002,3,JPTP,76,0
98,1,2002,3,JPTP,78,0
98,1,2002,3,JPTP,80,0
98,1,2002,3,JPTP,82,0
98,1,2002,3,JPTP,84,0
98,1,2002,3,JPTP,86,0
98,1,2002,3,JPTP,88,0
98,1,2002,3,JPTP,90,0
98,1,2002,3,JPTP,92,0
98,1,2002,3,JPTP,94,0
98,1,2002,3,JPTP,96,0
98,1,2002,3,JPTP,98,0
98,1,2002,3,JPTP,100,0
98,1,2002,3,JPTP,102,0
98,1,2002,3,JPTP,104,0
98,1,2002,3,JPTP,106,0
98,1,2002,3,JPTP,108,0
98,1,2002,3,JPTP,110,0
98,1,2002,3,JPTP,112,0
98,1,2002,3,JPTP,114,0
98,1,2002,3,JPTP,116,0
98,1,2002,3,JPTP,118,0
98,1,2002,3,JPTP,120,0
98,1,2002,3,JPTP,122,0
98,1,2002,3,JPTP,124,0
98,1,2002,3,JPTP,126,0
98,1,2002,3,JPTP,128,0
98,1,2002,3,JPTP,130,0
98,1,2002,3,JPTP,132,0
98,1,2002,3,JPTP,134,0
98,1,2002,3,JPTP,136,0
98,1,2002,3,JPTP,138,0
98,1,2002,3,JPTP,140,0
98,1,2002,3,JPTP,142,0
98,1,2002,3,JPTP,144,0
98,1,2002,3,JPTP,146,0
98,1,2002,3,JPTP,148,0
98,1,2002,3,JPTP,150,0
98,1,2002,3,JPTP,152,0
98,1,2002,3,JPTP,154,0
98,1,2002,3,JPTP,156,0
98,1,2002,3,JPTP,158,0
98,1,2002,3,JPTP,160,0
98,1,2002,3,JPTP,162,0
98,1,2002,3,JPTP,164,0
98,1,2002,3,JPTP,166,0
98,1,2002,3,JPTP,168,0
98,1,2002,3,JPTP,170,0
98,1,2002,3,JPTP,172,0
98,1,2002,3,JPTP,174,0
98,1,2002,3,JPTP,176,0
98,1,2002,3,JPTP,178,0
98,1,2002,3,JPTP,180,0
98,1,2002,3,JPTP,182,0
98,1,2002,3,JPTP,184,0
98,1,2002,3,JPTP,186,0
98,1,2002,3,JPTP,188,0
98,1,2002,3,JPTP,190,0
98,1,2002,3,JPTP,192,0
98,1,2002,3,JPTP,194,0
98,1,2002,3,JPTP,196,0
98,1,2002,3,JPTP,198,0
99,1,2002,4,JPTP,10,0
99,1,2002,4,JPTP,12,0
99,1,2002,4,JPTP,14,0
99,1,2002,4,JPTP,16,0
99,1,2002,4,JPTP,18,0
99,1,2002,4,JPTP,20,0
99,1,2002,4,JPTP,22,0
99,1,2002,4,JPTP,24,0
99,1,2002,4,JPTP,26,1.94155922796038
99,1,2002,4,JPTP,28,18.7684058702836
99,1,2002,4,JPTP,30,14.8852874143629
99,1,2002,4,JPTP,32,23.9458971448446
99,1,2002,4,JPTP,34,22.0043379168843
99,1,2002,4,JPTP,36,15.532473823683
99,1,2002,4,JPTP,38,11.0021689584421
99,1,2002,4,JPTP,40,69.2489457972534
99,1,2002,4,JPTP,42,45.9502350617289
99,1,2002,4,JPTP,44,23.9458971448446
99,1,2002,4,JPTP,46,7.76623691184151
99,1,2002,4,JPTP,48,0
99,1,2002,4,JPTP,50,0.647186409320125
99,1,2002,4,JPTP,52,0.647186409320125
99,1,2002,4,JPTP,54,0
99,1,2002,4,JPTP,56,0.647186409320125
99,1,2002,4,JPTP,58,0
99,1,2002,4,JPTP,60,0.647186409320125
99,1,2002,4,JPTP,62,0
99,1,2002,4,JPTP,64,0.647186409320125
99,1,2002,4,JPTP,66,0
99,1,2002,4,JPTP,68,0.647186409320125
99,1,2002,4,JPTP,70,0
99,1,2002,4,JPTP,72,0
99,1,2002,4,JPTP,74,0
99,1,2002,4,JPTP,76,0
99,1,2002,4,JPTP,78,0
99,1,2002,4,JPTP,80,0
99,1,2002,4,JPTP,82,0
99,1,2002,4,JPTP,84,0
99,1,2002,4,JPTP,86,0
99,1,2002,4,JPTP,88,0
99,1,2002,4,JPTP,90,0
99,1,2002,4,JPTP,92,0
99,1,2002,4,JPTP,94,0
99,1,2002,4,JPTP,96,0
99,1,2002,4,JPTP,98,0
99,1,2002,4,JPTP,100,0
99,1,2002,4,JPTP,102,0
99,1,2002,4,JPTP,104,0
99,1,2002,4,JPTP,106,0
99,1,2002,4,JPTP,108,0
99,1,2002,4,JPTP,110,0
99,1,2002,4,JPTP,112,0
99,1,2002,4,JPTP,114,0
99,1,2002,4,JPTP,116,0
99,1,2002,4,JPTP,118,0
99,1,2002,4,JPTP,120,0
99,1,2002,4,JPTP,122,0
99,1,2002,4,JPTP,124,0.647186409320125
99,1,2002,4,JPTP,126,0
99,1,2002,4,JPTP,128,0
99,1,2002,4,JPTP,130,0
99,1,2002,4,JPTP,132,0
99,1,2002,4,JPTP,134,0
99,1,2002,4,JPTP,136,0
99,1,2002,4,JPTP,138,0
99,1,2002,4,JPTP,140,0
99,1,2002,4,JPTP,142,0
99,1,2002,4,JPTP,144,0
99,1,2002,4,JPTP,146,0
99,1,2002,4,JPTP,148,0
99,1,2002,4,JPTP,150,0
99,1,2002,4,JPTP,152,0
99,1,2002,4,JPTP,154,0
99,1,2002,4,JPTP,156,0
99,1,2002,4,JPTP,158,0
99,1,2002,4,JPTP,160,0
99,1,2002,4,JPTP,162,0
99,1,2002,4,JPTP,164,0
99,1,2002,4,JPTP,166,0
99,1,2002,4,JPTP,168,0
99,1,2002,4,JPTP,170,0
99,1,2002,4,JPTP,172,0
99,1,2002,4,JPTP,174,0
99,1,2002,4,JPTP,176,0
99,1,2002,4,JPTP,178,0
99,1,2002,4,JPTP,180,0
99,1,2002,4,JPTP,182,0
99,1,2002,4,JPTP,184,0
99,1,2002,4,JPTP,186,0
99,1,2002,4,JPTP,188,0
99,1,2002,4,JPTP,190,0
99,1,2002,4,JPTP,192,0
99,1,2002,4,JPTP,194,0
99,1,2002,4,JPTP,196,0
99,1,2002,4,JPTP,198,0
100,1,2003,1,JPTP,10,0
100,1,2003,1,JPTP,12,0
100,1,2003,1,JPTP,14,0
100,1,2003,1,JPTP,16,0
100,1,2003,1,JPTP,18,0
100,1,2003,1,JPTP,20,0
100,1,2003,1,JPTP,22,0
100,1,2003,1,JPTP,24,0
100,1,2003,1,JPTP,26,0
100,1,2003,1,JPTP,28,0
100,1,2003,1,JPTP,30,0
100,1,2003,1,JPTP,32,1.92878581198695
100,1,2003,1,JPTP,34,2.5717144159826
100,1,2003,1,JPTP,36,7.71514324794781
100,1,2003,1,JPTP,38,70.079217835526
100,1,2003,1,JPTP,40,72.6509322515086
100,1,2003,1,JPTP,42,41.7903592597173
100,1,2003,1,JPTP,44,20.5737153278608
100,1,2003,1,JPTP,46,25.0742155558304
100,1,2003,1,JPTP,48,13.5015006839087
100,1,2003,1,JPTP,50,10.9297862679261
100,1,2003,1,JPTP,52,6.42928603995651
100,1,2003,1,JPTP,54,3.21464301997826
100,1,2003,1,JPTP,56,0
100,1,2003,1,JPTP,58,0.642928603995651
100,1,2003,1,JPTP,60,1.92878581198695
100,1,2003,1,JPTP,62,1.2858572079913
100,1,2003,1,JPTP,64,0.642928603995651
100,1,2003,1,JPTP,66,0
100,1,2003,1,JPTP,68,1.2858572079913
100,1,2003,1,JPTP,70,0.642928603995651
100,1,2003,1,JPTP,72,0
100,1,2003,1,JPTP,74,0
100,1,2003,1,JPTP,76,0
100,1,2003,1,JPTP,78,0
100,1,2003,1,JPTP,80,0
100,1,2003,1,JPTP,82,0
100,1,2003,1,JPTP,84,1
100,1,2003,1,JPTP,86,0
100,1,2003,1,JPTP,88,0
100,1,2003,1,JPTP,90,0
100,1,2003,1,JPTP,92,0.642928603995651
100,1,2003,1,JPTP,94,1
100,1,2003,1,JPTP,96,1
100,1,2003,1,JPTP,98,0
100,1,2003,1,JPTP,100,0
100,1,2003,1,JPTP,102,0
100,1,2003,1,JPTP,104,0
100,1,2003,1,JPTP,106,0
100,1,2003,1,JPTP,108,0.642928603995651
100,1,2003,1,JPTP,110,0.642928603995651
100,1,2003,1,JPTP,112,0
100,1,2003,1,JPTP,114,0
100,1,2003,1,JPTP,116,0
100,1,2003,1,JPTP,118,0
100,1,2003,1,JPTP,120,0
100,1,2003,1,JPTP,122,0
100,1,2003,1,JPTP,124,0
100,1,2003,1,JPTP,126,0
100,1,2003,1,JPTP,128,0
100,1,2003,1,JPTP,130,0
100,1,2003,1,JPTP,132,0
100,1,2003,1,JPTP,134,0
100,1,2003,1,JPTP,136,0
100,1,2003,1,JPTP,138,0
100,1,2003,1,JPTP,140,0
100,1,2003,1,JPTP,142,0
100,1,2003,1,JPTP,144,0
100,1,2003,1,JPTP,146,0
100,1,2003,1,JPTP,148,0
100,1,2003,1,JPTP,150,0
100,1,2003,1,JPTP,152,0
100,1,2003,1,JPTP,154,0
100,1,2003,1,JPTP,156,0
100,1,2003,1,JPTP,158,0
100,1,2003,1,JPTP,160,0
100,1,2003,1,JPTP,162,0
100,1,2003,1,JPTP,164,0
100,1,2003,1,JPTP,166,0
100,1,2003,1,JPTP,168,0
100,1,2003,1,JPTP,170,0
100,1,2003,1,JPTP,172,0
100,1,2003,1,JPTP,174,0
100,1,2003,1,JPTP,176,0
100,1,2003,1,JPTP,178,0
100,1,2003,1,JPTP,180,0
100,1,2003,1,JPTP,182,0
100,1,2003,1,JPTP,184,0
100,1,2003,1,JPTP,186,0
100,1,2003,1,JPTP,188,0
100,1,2003,1,JPTP,190,0
100,1,2003,1,JPTP,192,0
100,1,2003,1,JPTP,194,0
100,1,2003,1,JPTP,196,0
100,1,2003,1,JPTP,198,0
101,1,2003,2,JPTP,10,0
101,1,2003,2,JPTP,12,0
101,1,2003,2,JPTP,14,0
101,1,2003,2,JPTP,16,0
101,1,2003,2,JPTP,18,0
101,1,2003,2,JPTP,20,0
101,1,2003,2,JPTP,22,0
101,1,2003,2,JPTP,24,0
101,1,2003,2,JPTP,26,0
101,1,2003,2,JPTP,28,0
101,1,2003,2,JPTP,30,0
101,1,2003,2,JPTP,32,0
101,1,2003,2,JPTP,34,0
101,1,2003,2,JPTP,36,1.83937190017299
101,1,2003,2,JPTP,38,5.51811570051896
101,1,2003,2,JPTP,40,14.7149752013839
101,1,2003,2,JPTP,42,25.7512066024218
101,1,2003,2,JPTP,44,42.9186776707031
101,1,2003,2,JPTP,46,43.5318016374274
101,1,2003,2,JPTP,48,41.0793057705301
101,1,2003,2,JPTP,50,37.4005619701841
101,1,2003,2,JPTP,52,23.2987107355245
101,1,2003,2,JPTP,54,15.3280991681082
101,1,2003,2,JPTP,56,6.13123966724329
101,1,2003,2,JPTP,58,1.22624793344866
101,1,2003,2,JPTP,60,0
101,1,2003,2,JPTP,62,1.22624793344866
101,1,2003,2,JPTP,64,0.613123966724329
101,1,2003,2,JPTP,66,0
101,1,2003,2,JPTP,68,0.613123966724329
101,1,2003,2,JPTP,70,1.22624793344866
101,1,2003,2,JPTP,72,0.613123966724329
101,1,2003,2,JPTP,74,0
101,1,2003,2,JPTP,76,0
101,1,2003,2,JPTP,78,1
101,1,2003,2,JPTP,80,0
101,1,2003,2,JPTP,82,0
101,1,2003,2,JPTP,84,0
101,1,2003,2,JPTP,86,0
101,1,2003,2,JPTP,88,0
101,1,2003,2,JPTP,90,0.613123966724329
101,1,2003,2,JPTP,92,0.613123966724329
101,1,2003,2,JPTP,94,1.22624793344866
101,1,2003,2,JPTP,96,0
101,1,2003,2,JPTP,98,1
101,1,2003,2,JPTP,100,0
101,1,2003,2,JPTP,102,0
101,1,2003,2,JPTP,104,0
101,1,2003,2,JPTP,106,0
101,1,2003,2,JPTP,108,0
101,1,2003,2,JPTP,110,0
101,1,2003,2,JPTP,112,1.22624793344866
101,1,2003,2,JPTP,114,0
101,1,2003,2,JPTP,116,0
101,1,2003,2,JPTP,118,0
101,1,2003,2,JPTP,120,0
101,1,2003,2,JPTP,122,0
101,1,2003,2,JPTP,124,0.613123966724329
101,1,2003,2,JPTP,126,0
101,1,2003,2,JPTP,128,0
101,1,2003,2,JPTP,130,0
101,1,2003,2,JPTP,132,0
101,1,2003,2,JPTP,134,0
101,1,2003,2,JPTP,136,0
101,1,2003,2,JPTP,138,0
101,1,2003,2,JPTP,140,0
101,1,2003,2,JPTP,142,0
101,1,2003,2,JPTP,144,0
101,1,2003,2,JPTP,146,0
101,1,2003,2,JPTP,148,0
101,1,2003,2,JPTP,150,0
101,1,2003,2,JPTP,152,0
101,1,2003,2,JPTP,154,0
101,1,2003,2,JPTP,156,0
101,1,2003,2,JPTP,158,0
101,1,2003,2,JPTP,160,0
101,1,2003,2,JPTP,162,0
101,1,2003,2,JPTP,164,0
101,1,2003,2,JPTP,166,0
101,1,2003,2,JPTP,168,0
101,1,2003,2,JPTP,170,0
101,1,2003,2,JPTP,172,0
101,1,2003,2,JPTP,174,0
101,1,2003,2,JPTP,176,0
101,1,2003,2,JPTP,178,0
101,1,2003,2,JPTP,180,0
101,1,2003,2,JPTP,182,0
101,1,2003,2,JPTP,184,0
101,1,2003,2,JPTP,186,0
101,1,2003,2,JPTP,188,0
101,1,2003,2,JPTP,190,0
101,1,2003,2,JPTP,192,0
101,1,2003,2,JPTP,194,0
101,1,2003,2,JPTP,196,0
101,1,2003,2,JPTP,198,0
102,1,2003,3,JPTP,10,0
102,1,2003,3,JPTP,12,0
102,1,2003,3,JPTP,14,0
102,1,2003,3,JPTP,16,0
102,1,2003,3,JPTP,18,0
102,1,2003,3,JPTP,20,0
102,1,2003,3,JPTP,22,0
102,1,2003,3,JPTP,24,0
102,1,2003,3,JPTP,26,0
102,1,2003,3,JPTP,28,0
102,1,2003,3,JPTP,30,0.56628810815511
102,1,2003,3,JPTP,32,3.39772864893066
102,1,2003,3,JPTP,34,1.13257621631022
102,1,2003,3,JPTP,36,1.69886432446533
102,1,2003,3,JPTP,38,0.56628810815511
102,1,2003,3,JPTP,40,0
102,1,2003,3,JPTP,42,1.13257621631022
102,1,2003,3,JPTP,44,1.13257621631022
102,1,2003,3,JPTP,46,1.13257621631022
102,1,2003,3,JPTP,48,2.26515243262044
102,1,2003,3,JPTP,50,4.53030486524088
102,1,2003,3,JPTP,52,7.36174540601643
102,1,2003,3,JPTP,54,5.6628810815511
102,1,2003,3,JPTP,56,5.09659297339599
102,1,2003,3,JPTP,58,7.92803351417154
102,1,2003,3,JPTP,60,6.22916918970621
102,1,2003,3,JPTP,62,2.83144054077555
102,1,2003,3,JPTP,64,7.36174540601643
102,1,2003,3,JPTP,66,2.26515243262044
102,1,2003,3,JPTP,68,1.13257621631022
102,1,2003,3,JPTP,70,0.56628810815511
102,1,2003,3,JPTP,72,0
102,1,2003,3,JPTP,74,0.56628810815511
102,1,2003,3,JPTP,76,0.56628810815511
102,1,2003,3,JPTP,78,0
102,1,2003,3,JPTP,80,0
102,1,2003,3,JPTP,82,0
102,1,2003,3,JPTP,84,0
102,1,2003,3,JPTP,86,0
102,1,2003,3,JPTP,88,0
102,1,2003,3,JPTP,90,0
102,1,2003,3,JPTP,92,0
102,1,2003,3,JPTP,94,0
102,1,2003,3,JPTP,96,0
102,1,2003,3,JPTP,98,0
102,1,2003,3,JPTP,100,0
102,1,2003,3,JPTP,102,0
102,1,2003,3,JPTP,104,0
102,1,2003,3,JPTP,106,0
102,1,2003,3,JPTP,108,0
102,1,2003,3,JPTP,110,0
102,1,2003,3,JPTP,112,0
102,1,2003,3,JPTP,114,0.56628810815511
102,1,2003,3,JPTP,116,0
102,1,2003,3,JPTP,118,1.69886432446533
102,1,2003,3,JPTP,120,0.56628810815511
102,1,2003,3,JPTP,122,0.56628810815511
102,1,2003,3,JPTP,124,0
102,1,2003,3,JPTP,126,0
102,1,2003,3,JPTP,128,0
102,1,2003,3,JPTP,130,0
102,1,2003,3,JPTP,132,1.13257621631022
102,1,2003,3,JPTP,134,0
102,1,2003,3,JPTP,136,0
102,1,2003,3,JPTP,138,0
102,1,2003,3,JPTP,140,0
102,1,2003,3,JPTP,142,0
102,1,2003,3,JPTP,144,0
102,1,2003,3,JPTP,146,0
102,1,2003,3,JPTP,148,0
102,1,2003,3,JPTP,150,0
102,1,2003,3,JPTP,152,0
102,1,2003,3,JPTP,154,0
102,1,2003,3,JPTP,156,0
102,1,2003,3,JPTP,158,0
102,1,2003,3,JPTP,160,0
102,1,2003,3,JPTP,162,0
102,1,2003,3,JPTP,164,0
102,1,2003,3,JPTP,166,0
102,1,2003,3,JPTP,168,0
102,1,2003,3,JPTP,170,0
102,1,2003,3,JPTP,172,0
102,1,2003,3,JPTP,174,0
102,1,2003,3,JPTP,176,0
102,1,2003,3,JPTP,178,0
102,1,2003,3,JPTP,180,0
102,1,2003,3,JPTP,182,0
102,1,2003,3,JPTP,184,0
102,1,2003,3,JPTP,186,0
102,1,2003,3,JPTP,188,0
102,1,2003,3,JPTP,190,0
102,1,2003,3,JPTP,192,0
102,1,2003,3,JPTP,194,0
102,1,2003,3,JPTP,196,0
102,1,2003,3,JPTP,198,0
103,1,2003,4,JPTP,10,0
103,1,2003,4,JPTP,12,0
103,1,2003,4,JPTP,14,0
103,1,2003,4,JPTP,16,0
103,1,2003,4,JPTP,18,0
103,1,2003,4,JPTP,20,0
103,1,2003,4,JPTP,22,0
103,1,2003,4,JPTP,24,0
103,1,2003,4,JPTP,26,1.59893112890855
103,1,2003,4,JPTP,28,25.0499210195672
103,1,2003,4,JPTP,30,21.3190817187806
103,1,2003,4,JPTP,32,12.2584719882988
103,1,2003,4,JPTP,34,39.9732782227136
103,1,2003,4,JPTP,36,30.9126684922319
103,1,2003,4,JPTP,38,16.522288332055
103,1,2003,4,JPTP,40,23.4509898906587
103,1,2003,4,JPTP,42,44.7700716094393
103,1,2003,4,JPTP,44,13.8574031172074
103,1,2003,4,JPTP,46,10.6595408593903
103,1,2003,4,JPTP,48,2.13190817187806
103,1,2003,4,JPTP,50,1
103,1,2003,4,JPTP,52,1.06595408593903
103,1,2003,4,JPTP,54,2.66488521484758
103,1,2003,4,JPTP,56,2.13190817187806
103,1,2003,4,JPTP,58,4.79679338672564
103,1,2003,4,JPTP,60,9.59358677345127
103,1,2003,4,JPTP,62,14.9233572031464
103,1,2003,4,JPTP,64,6.39572451563418
103,1,2003,4,JPTP,66,5.86274747266467
103,1,2003,4,JPTP,68,7.99465564454273
103,1,2003,4,JPTP,70,2.13190817187806
103,1,2003,4,JPTP,72,1.59893112890855
103,1,2003,4,JPTP,74,1.59893112890855
103,1,2003,4,JPTP,76,0
103,1,2003,4,JPTP,78,0
103,1,2003,4,JPTP,80,0.532977042969515
103,1,2003,4,JPTP,82,0.532977042969515
103,1,2003,4,JPTP,84,0
103,1,2003,4,JPTP,86,0
103,1,2003,4,JPTP,88,0
103,1,2003,4,JPTP,90,0
103,1,2003,4,JPTP,92,0
103,1,2003,4,JPTP,94,0
103,1,2003,4,JPTP,96,0
103,1,2003,4,JPTP,98,0
103,1,2003,4,JPTP,100,0
103,1,2003,4,JPTP,102,0
103,1,2003,4,JPTP,104,0
103,1,2003,4,JPTP,106,0
103,1,2003,4,JPTP,108,0
103,1,2003,4,JPTP,110,0
103,1,2003,4,JPTP,112,0
103,1,2003,4,JPTP,114,0
103,1,2003,4,JPTP,116,0
103,1,2003,4,JPTP,118,0
103,1,2003,4,JPTP,120,0
103,1,2003,4,JPTP,122,0
103,1,2003,4,JPTP,124,0
103,1,2003,4,JPTP,126,0
103,1,2003,4,JPTP,128,0
103,1,2003,4,JPTP,130,0
103,1,2003,4,JPTP,132,0
103,1,2003,4,JPTP,134,0
103,1,2003,4,JPTP,136,0
103,1,2003,4,JPTP,138,0
103,1,2003,4,JPTP,140,0
103,1,2003,4,JPTP,142,0
103,1,2003,4,JPTP,144,0
103,1,2003,4,JPTP,146,0
103,1,2003,4,JPTP,148,0
103,1,2003,4,JPTP,150,0
103,1,2003,4,JPTP,152,0
103,1,2003,4,JPTP,154,0
103,1,2003,4,JPTP,156,0
103,1,2003,4,JPTP,158,0
103,1,2003,4,JPTP,160,0
103,1,2003,4,JPTP,162,0
103,1,2003,4,JPTP,164,0
103,1,2003,4,JPTP,166,0
103,1,2003,4,JPTP,168,0
103,1,2003,4,JPTP,170,0
103,1,2003,4,JPTP,172,0
103,1,2003,4,JPTP,174,0
103,1,2003,4,JPTP,176,0
103,1,2003,4,JPTP,178,0
103,1,2003,4,JPTP,180,0
103,1,2003,4,JPTP,182,0
103,1,2003,4,JPTP,184,0
103,1,2003,4,JPTP,186,0
103,1,2003,4,JPTP,188,0
103,1,2003,4,JPTP,190,0
103,1,2003,4,JPTP,192,0
103,1,2003,4,JPTP,194,0
103,1,2003,4,JPTP,196,0
103,1,2003,4,JPTP,198,0
104,1,2004,1,JPTP,10,0
104,1,2004,1,JPTP,12,0
104,1,2004,1,JPTP,14,0
104,1,2004,1,JPTP,16,0
104,1,2004,1,JPTP,18,0
104,1,2004,1,JPTP,20,0
104,1,2004,1,JPTP,22,0
104,1,2004,1,JPTP,24,0
104,1,2004,1,JPTP,26,0
104,1,2004,1,JPTP,28,0
104,1,2004,1,JPTP,30,0
104,1,2004,1,JPTP,32,0.523912807544863
104,1,2004,1,JPTP,34,2.61956403772432
104,1,2004,1,JPTP,36,12.5739073810767
104,1,2004,1,JPTP,38,11.526081765987
104,1,2004,1,JPTP,40,16.7652098414356
104,1,2004,1,JPTP,42,16.7652098414356
104,1,2004,1,JPTP,44,12.0499945735319
104,1,2004,1,JPTP,46,13.0978201886216
104,1,2004,1,JPTP,48,2.09565123017945
104,1,2004,1,JPTP,50,2.09565123017945
104,1,2004,1,JPTP,52,0.523912807544863
104,1,2004,1,JPTP,54,1.57173842263459
104,1,2004,1,JPTP,56,0.523912807544863
104,1,2004,1,JPTP,58,0
104,1,2004,1,JPTP,60,0
104,1,2004,1,JPTP,62,0
104,1,2004,1,JPTP,64,0
104,1,2004,1,JPTP,66,0
104,1,2004,1,JPTP,68,0
104,1,2004,1,JPTP,70,0
104,1,2004,1,JPTP,72,0
104,1,2004,1,JPTP,74,0
104,1,2004,1,JPTP,76,0
104,1,2004,1,JPTP,78,0
104,1,2004,1,JPTP,80,0
104,1,2004,1,JPTP,82,0
104,1,2004,1,JPTP,84,0
104,1,2004,1,JPTP,86,0
104,1,2004,1,JPTP,88,0
104,1,2004,1,JPTP,90,0
104,1,2004,1,JPTP,92,0
104,1,2004,1,JPTP,94,0
104,1,2004,1,JPTP,96,0
104,1,2004,1,JPTP,98,0
104,1,2004,1,JPTP,100,0
104,1,2004,1,JPTP,102,0
104,1,2004,1,JPTP,104,0
104,1,2004,1,JPTP,106,0
104,1,2004,1,JPTP,108,0
104,1,2004,1,JPTP,110,0
104,1,2004,1,JPTP,112,0
104,1,2004,1,JPTP,114,0
104,1,2004,1,JPTP,116,0
104,1,2004,1,JPTP,118,0
104,1,2004,1,JPTP,120,0
104,1,2004,1,JPTP,122,0
104,1,2004,1,JPTP,124,0
104,1,2004,1,JPTP,126,0
104,1,2004,1,JPTP,128,0
104,1,2004,1,JPTP,130,0
104,1,2004,1,JPTP,132,0
104,1,2004,1,JPTP,134,0
104,1,2004,1,JPTP,136,0
104,1,2004,1,JPTP,138,0
104,1,2004,1,JPTP,140,0
104,1,2004,1,JPTP,142,0
104,1,2004,1,JPTP,144,0
104,1,2004,1,JPTP,146,0
104,1,2004,1,JPTP,148,0
104,1,2004,1,JPTP,150,0
104,1,2004,1,JPTP,152,0
104,1,2004,1,JPTP,154,0
104,1,2004,1,JPTP,156,0
104,1,2004,1,JPTP,158,0
104,1,2004,1,JPTP,160,0
104,1,2004,1,JPTP,162,0
104,1,2004,1,JPTP,164,0
104,1,2004,1,JPTP,166,0
104,1,2004,1,JPTP,168,0
104,1,2004,1,JPTP,170,0
104,1,2004,1,JPTP,172,0
104,1,2004,1,JPTP,174,0
104,1,2004,1,JPTP,176,0
104,1,2004,1,JPTP,178,0
104,1,2004,1,JPTP,180,0
104,1,2004,1,JPTP,182,0
104,1,2004,1,JPTP,184,0
104,1,2004,1,JPTP,186,0
104,1,2004,1,JPTP,188,0
104,1,2004,1,JPTP,190,0
104,1,2004,1,JPTP,192,0
104,1,2004,1,JPTP,194,0
104,1,2004,1,JPTP,196,0
104,1,2004,1,JPTP,198,0
105,1,2004,2,JPTP,10,0
105,1,2004,2,JPTP,12,0
105,1,2004,2,JPTP,14,0
105,1,2004,2,JPTP,16,0
105,1,2004,2,JPTP,18,0
105,1,2004,2,JPTP,20,0
105,1,2004,2,JPTP,22,0
105,1,2004,2,JPTP,24,0.600958808654402
105,1,2004,2,JPTP,26,2.40383523461761
105,1,2004,2,JPTP,28,3.00479404327201
105,1,2004,2,JPTP,30,6.00958808654402
105,1,2004,2,JPTP,32,5.40862927788962
105,1,2004,2,JPTP,34,5.40862927788962
105,1,2004,2,JPTP,36,34.2546520933009
105,1,2004,2,JPTP,38,55.8891692048594
105,1,2004,2,JPTP,40,51.6824575442786
105,1,2004,2,JPTP,42,28.2450640067569
105,1,2004,2,JPTP,44,29.4469816240657
105,1,2004,2,JPTP,46,49.8795811183154
105,1,2004,2,JPTP,48,28.2450640067569
105,1,2004,2,JPTP,50,20.4325994942497
105,1,2004,2,JPTP,52,10.2162997471248
105,1,2004,2,JPTP,54,4.20671166058082
105,1,2004,2,JPTP,56,2.40383523461761
105,1,2004,2,JPTP,58,1.2019176173088
105,1,2004,2,JPTP,60,0.600958808654402
105,1,2004,2,JPTP,62,0.600958808654402
105,1,2004,2,JPTP,64,0.600958808654402
105,1,2004,2,JPTP,66,0
105,1,2004,2,JPTP,68,0
105,1,2004,2,JPTP,70,0
105,1,2004,2,JPTP,72,0.600958808654402
105,1,2004,2,JPTP,74,0
105,1,2004,2,JPTP,76,0
105,1,2004,2,JPTP,78,0.600958808654402
105,1,2004,2,JPTP,80,0
105,1,2004,2,JPTP,82,0
105,1,2004,2,JPTP,84,0
105,1,2004,2,JPTP,86,0
105,1,2004,2,JPTP,88,0
105,1,2004,2,JPTP,90,0
105,1,2004,2,JPTP,92,0
105,1,2004,2,JPTP,94,0
105,1,2004,2,JPTP,96,0
105,1,2004,2,JPTP,98,0
105,1,2004,2,JPTP,100,0
105,1,2004,2,JPTP,102,0
105,1,2004,2,JPTP,104,0
105,1,2004,2,JPTP,106,0
105,1,2004,2,JPTP,108,0
105,1,2004,2,JPTP,110,0
105,1,2004,2,JPTP,112,0
105,1,2004,2,JPTP,114,0
105,1,2004,2,JPTP,116,0
105,1,2004,2,JPTP,118,0
105,1,2004,2,JPTP,120,0
105,1,2004,2,JPTP,122,0
105,1,2004,2,JPTP,124,0
105,1,2004,2,JPTP,126,0
105,1,2004,2,JPTP,128,0
105,1,2004,2,JPTP,130,0
105,1,2004,2,JPTP,132,0
105,1,2004,2,JPTP,134,0
105,1,2004,2,JPTP,136,0
105,1,2004,2,JPTP,138,0
105,1,2004,2,JPTP,140,0
105,1,2004,2,JPTP,142,0
105,1,2004,2,JPTP,144,0
105,1,2004,2,JPTP,146,0
105,1,2004,2,JPTP,148,0
105,1,2004,2,JPTP,150,0
105,1,2004,2,JPTP,152,0
105,1,2004,2,JPTP,154,0
105,1,2004,2,JPTP,156,0
105,1,2004,2,JPTP,158,0
105,1,2004,2,JPTP,160,0
105,1,2004,2,JPTP,162,0
105,1,2004,2,JPTP,164,0
105,1,2004,2,JPTP,166,0
105,1,2004,2,JPTP,168,0
105,1,2004,2,JPTP,170,0
105,1,2004,2,JPTP,172,0
105,1,2004,2,JPTP,174,0
105,1,2004,2,JPTP,176,0
105,1,2004,2,JPTP,178,0
105,1,2004,2,JPTP,180,0
105,1,2004,2,JPTP,182,0
105,1,2004,2,JPTP,184,0
105,1,2004,2,JPTP,186,0
105,1,2004,2,JPTP,188,0
105,1,2004,2,JPTP,190,0
105,1,2004,2,JPTP,192,0
105,1,2004,2,JPTP,194,0
105,1,2004,2,JPTP,196,0
105,1,2004,2,JPTP,198,0
106,1,2004,3,JPTP,10,0
106,1,2004,3,JPTP,12,0
106,1,2004,3,JPTP,14,0
106,1,2004,3,JPTP,16,0
106,1,2004,3,JPTP,18,0
106,1,2004,3,JPTP,20,0
106,1,2004,3,JPTP,22,0
106,1,2004,3,JPTP,24,0
106,1,2004,3,JPTP,26,0.560894888077442
106,1,2004,3,JPTP,28,3.36536932846465
106,1,2004,3,JPTP,30,5.60894888077442
106,1,2004,3,JPTP,32,2.80447444038721
106,1,2004,3,JPTP,34,10.6570028734714
106,1,2004,3,JPTP,36,26.9229546277172
106,1,2004,3,JPTP,38,17.3877415304007
106,1,2004,3,JPTP,40,15.7050568661684
106,1,2004,3,JPTP,42,6.73073865692931
106,1,2004,3,JPTP,44,3.9262642165421
106,1,2004,3,JPTP,46,6.16984376885186
106,1,2004,3,JPTP,48,10.096107985394
106,1,2004,3,JPTP,50,13.4614773138586
106,1,2004,3,JPTP,52,11.2178977615488
106,1,2004,3,JPTP,54,5.60894888077442
106,1,2004,3,JPTP,56,5.60894888077442
106,1,2004,3,JPTP,58,1.68268466423233
106,1,2004,3,JPTP,60,1.12178977615488
106,1,2004,3,JPTP,62,0.560894888077442
106,1,2004,3,JPTP,64,0
106,1,2004,3,JPTP,66,0.560894888077442
106,1,2004,3,JPTP,68,0
106,1,2004,3,JPTP,70,0
106,1,2004,3,JPTP,72,0
106,1,2004,3,JPTP,74,0
106,1,2004,3,JPTP,76,0
106,1,2004,3,JPTP,78,0
106,1,2004,3,JPTP,80,0.560894888077442
106,1,2004,3,JPTP,82,0
106,1,2004,3,JPTP,84,0
106,1,2004,3,JPTP,86,0
106,1,2004,3,JPTP,88,1
106,1,2004,3,JPTP,90,0
106,1,2004,3,JPTP,92,0
106,1,2004,3,JPTP,94,0
106,1,2004,3,JPTP,96,0
106,1,2004,3,JPTP,98,0
106,1,2004,3,JPTP,100,0
106,1,2004,3,JPTP,102,0
106,1,2004,3,JPTP,104,0
106,1,2004,3,JPTP,106,0
106,1,2004,3,JPTP,108,0
106,1,2004,3,JPTP,110,0
106,1,2004,3,JPTP,112,0
106,1,2004,3,JPTP,114,0
106,1,2004,3,JPTP,116,0
106,1,2004,3,JPTP,118,0
106,1,2004,3,JPTP,120,0
106,1,2004,3,JPTP,122,0
106,1,2004,3,JPTP,124,0
106,1,2004,3,JPTP,126,0
106,1,2004,3,JPTP,128,0
106,1,2004,3,JPTP,130,0
106,1,2004,3,JPTP,132,0
106,1,2004,3,JPTP,134,0
106,1,2004,3,JPTP,136,0
106,1,2004,3,JPTP,138,0
106,1,2004,3,JPTP,140,0
106,1,2004,3,JPTP,142,0
106,1,2004,3,JPTP,144,0
106,1,2004,3,JPTP,146,0
106,1,2004,3,JPTP,148,0
106,1,2004,3,JPTP,150,0
106,1,2004,3,JPTP,152,0
106,1,2004,3,JPTP,154,0
106,1,2004,3,JPTP,156,0
106,1,2004,3,JPTP,158,0
106,1,2004,3,JPTP,160,0
106,1,2004,3,JPTP,162,0
106,1,2004,3,JPTP,164,0
106,1,2004,3,JPTP,166,0
106,1,2004,3,JPTP,168,0
106,1,2004,3,JPTP,170,0
106,1,2004,3,JPTP,172,0
106,1,2004,3,JPTP,174,0
106,1,2004,3,JPTP,176,0
106,1,2004,3,JPTP,178,0
106,1,2004,3,JPTP,180,0
106,1,2004,3,JPTP,182,0
106,1,2004,3,JPTP,184,0
106,1,2004,3,JPTP,186,0
106,1,2004,3,JPTP,188,0
106,1,2004,3,JPTP,190,0
106,1,2004,3,JPTP,192,0
106,1,2004,3,JPTP,194,0
106,1,2004,3,JPTP,196,0
106,1,2004,3,JPTP,198,0
107,1,2004,4,JPTP,10,0
107,1,2004,4,JPTP,12,0
107,1,2004,4,JPTP,14,0
107,1,2004,4,JPTP,16,0
107,1,2004,4,JPTP,18,0
107,1,2004,4,JPTP,20,0
107,1,2004,4,JPTP,22,0
107,1,2004,4,JPTP,24,0
107,1,2004,4,JPTP,26,0
107,1,2004,4,JPTP,28,1.5370677221353
107,1,2004,4,JPTP,30,5.12355907378433
107,1,2004,4,JPTP,32,6.66062679591962
107,1,2004,4,JPTP,34,7.68533861067649
107,1,2004,4,JPTP,36,13.3212535918392
107,1,2004,4,JPTP,38,41.500828497653
107,1,2004,4,JPTP,40,70.1927593108453
107,1,2004,4,JPTP,42,50.7232348304648
107,1,2004,4,JPTP,44,13.8336094992177
107,1,2004,4,JPTP,46,6.66062679591962
107,1,2004,4,JPTP,48,3.58649135164903
107,1,2004,4,JPTP,50,1.5370677221353
107,1,2004,4,JPTP,52,0.512355907378433
107,1,2004,4,JPTP,54,1.02471181475687
107,1,2004,4,JPTP,56,0
107,1,2004,4,JPTP,58,1.5370677221353
107,1,2004,4,JPTP,60,1.02471181475687
107,1,2004,4,JPTP,62,1.5370677221353
107,1,2004,4,JPTP,64,1
107,1,2004,4,JPTP,66,0
107,1,2004,4,JPTP,68,0
107,1,2004,4,JPTP,70,1.02471181475687
107,1,2004,4,JPTP,72,0
107,1,2004,4,JPTP,74,0
107,1,2004,4,JPTP,76,0
107,1,2004,4,JPTP,78,0
107,1,2004,4,JPTP,80,0
107,1,2004,4,JPTP,82,0
107,1,2004,4,JPTP,84,0
107,1,2004,4,JPTP,86,0
107,1,2004,4,JPTP,88,0
107,1,2004,4,JPTP,90,0
107,1,2004,4,JPTP,92,0
107,1,2004,4,JPTP,94,0
107,1,2004,4,JPTP,96,0
107,1,2004,4,JPTP,98,0
107,1,2004,4,JPTP,100,0
107,1,2004,4,JPTP,102,0
107,1,2004,4,JPTP,104,0
107,1,2004,4,JPTP,106,0
107,1,2004,4,JPTP,108,0
107,1,2004,4,JPTP,110,0
107,1,2004,4,JPTP,112,0
107,1,2004,4,JPTP,114,0
107,1,2004,4,JPTP,116,0
107,1,2004,4,JPTP,118,0
107,1,2004,4,JPTP,120,0
107,1,2004,4,JPTP,122,0
107,1,2004,4,JPTP,124,0
107,1,2004,4,JPTP,126,0
107,1,2004,4,JPTP,128,0
107,1,2004,4,JPTP,130,0
107,1,2004,4,JPTP,132,0
107,1,2004,4,JPTP,134,0
107,1,2004,4,JPTP,136,0
107,1,2004,4,JPTP,138,0
107,1,2004,4,JPTP,140,0
107,1,2004,4,JPTP,142,0
107,1,2004,4,JPTP,144,0
107,1,2004,4,JPTP,146,0
107,1,2004,4,JPTP,148,0
107,1,2004,4,JPTP,150,0
107,1,2004,4,JPTP,152,0
107,1,2004,4,JPTP,154,0
107,1,2004,4,JPTP,156,0
107,1,2004,4,JPTP,158,0
107,1,2004,4,JPTP,160,0
107,1,2004,4,JPTP,162,0
107,1,2004,4,JPTP,164,0
107,1,2004,4,JPTP,166,0
107,1,2004,4,JPTP,168,0
107,1,2004,4,JPTP,170,0
107,1,2004,4,JPTP,172,0
107,1,2004,4,JPTP,174,0
107,1,2004,4,JPTP,176,0
107,1,2004,4,JPTP,178,0
107,1,2004,4,JPTP,180,0
107,1,2004,4,JPTP,182,0
107,1,2004,4,JPTP,184,0
107,1,2004,4,JPTP,186,0
107,1,2004,4,JPTP,188,0
107,1,2004,4,JPTP,190,0
107,1,2004,4,JPTP,192,0
107,1,2004,4,JPTP,194,0
107,1,2004,4,JPTP,196,0
107,1,2004,4,JPTP,198,0
108,1,2005,1,JPTP,10,0
108,1,2005,1,JPTP,12,0
108,1,2005,1,JPTP,14,0
108,1,2005,1,JPTP,16,0
108,1,2005,1,JPTP,18,0
108,1,2005,1,JPTP,20,0
108,1,2005,1,JPTP,22,0
108,1,2005,1,JPTP,24,0
108,1,2005,1,JPTP,26,0
108,1,2005,1,JPTP,28,0
108,1,2005,1,JPTP,30,0
108,1,2005,1,JPTP,32,0
108,1,2005,1,JPTP,34,2
108,1,2005,1,JPTP,36,5.82467768388113
108,1,2005,1,JPTP,38,8.41342332116163
108,1,2005,1,JPTP,40,53.7164719735704
108,1,2005,1,JPTP,42,101.60826626326
108,1,2005,1,JPTP,44,53.0692855642503
108,1,2005,1,JPTP,46,24.5930835541648
108,1,2005,1,JPTP,48,3.88311845592075
108,1,2005,1,JPTP,50,1.94155922796038
108,1,2005,1,JPTP,52,0.647186409320125
108,1,2005,1,JPTP,54,0
108,1,2005,1,JPTP,56,0
108,1,2005,1,JPTP,58,0
108,1,2005,1,JPTP,60,0.647186409320125
108,1,2005,1,JPTP,62,0.647186409320125
108,1,2005,1,JPTP,64,3.88311845592075
108,1,2005,1,JPTP,66,1.29437281864025
108,1,2005,1,JPTP,68,0.647186409320125
108,1,2005,1,JPTP,70,0
108,1,2005,1,JPTP,72,2.5887456372805
108,1,2005,1,JPTP,74,0.647186409320125
108,1,2005,1,JPTP,76,0
108,1,2005,1,JPTP,78,0.647186409320125
108,1,2005,1,JPTP,80,0.647186409320125
108,1,2005,1,JPTP,82,1.94155922796038
108,1,2005,1,JPTP,84,0.647186409320125
108,1,2005,1,JPTP,86,0
108,1,2005,1,JPTP,88,1.94155922796038
108,1,2005,1,JPTP,90,0.647186409320125
108,1,2005,1,JPTP,92,0.647186409320125
108,1,2005,1,JPTP,94,0
108,1,2005,1,JPTP,96,0
108,1,2005,1,JPTP,98,0
108,1,2005,1,JPTP,100,0
108,1,2005,1,JPTP,102,0
108,1,2005,1,JPTP,104,0
108,1,2005,1,JPTP,106,0
108,1,2005,1,JPTP,108,0
108,1,2005,1,JPTP,110,0
108,1,2005,1,JPTP,112,0
108,1,2005,1,JPTP,114,0
108,1,2005,1,JPTP,116,0
108,1,2005,1,JPTP,118,0
108,1,2005,1,JPTP,120,0
108,1,2005,1,JPTP,122,0
108,1,2005,1,JPTP,124,0
108,1,2005,1,JPTP,126,0
108,1,2005,1,JPTP,128,0
108,1,2005,1,JPTP,130,0
108,1,2005,1,JPTP,132,0
108,1,2005,1,JPTP,134,0
108,1,2005,1,JPTP,136,0
108,1,2005,1,JPTP,138,0
108,1,2005,1,JPTP,140,0
108,1,2005,1,JPTP,142,0
108,1,2005,1,JPTP,144,0
108,1,2005,1,JPTP,146,0
108,1,2005,1,JPTP,148,0
108,1,2005,1,JPTP,150,0
108,1,2005,1,JPTP,152,0
108,1,2005,1,JPTP,154,0
108,1,2005,1,JPTP,156,0
108,1,2005,1,JPTP,158,0
108,1,2005,1,JPTP,160,0
108,1,2005,1,JPTP,162,0
108,1,2005,1,JPTP,164,0
108,1,2005,1,JPTP,166,0
108,1,2005,1,JPTP,168,0
108,1,2005,1,JPTP,170,0
108,1,2005,1,JPTP,172,0
108,1,2005,1,JPTP,174,0
108,1,2005,1,JPTP,176,0
108,1,2005,1,JPTP,178,0
108,1,2005,1,JPTP,180,0
108,1,2005,1,JPTP,182,0
108,1,2005,1,JPTP,184,0
108,1,2005,1,JPTP,186,0
108,1,2005,1,JPTP,188,0
108,1,2005,1,JPTP,190,0
108,1,2005,1,JPTP,192,0
108,1,2005,1,JPTP,194,0
108,1,2005,1,JPTP,196,0
108,1,2005,1,JPTP,198,0
109,1,2005,2,JPTP,10,0
109,1,2005,2,JPTP,12,0
109,1,2005,2,JPTP,14,0
109,1,2005,2,JPTP,16,0
109,1,2005,2,JPTP,18,0
109,1,2005,2,JPTP,20,0
109,1,2005,2,JPTP,22,0
109,1,2005,2,JPTP,24,0
109,1,2005,2,JPTP,26,0
109,1,2005,2,JPTP,28,0
109,1,2005,2,JPTP,30,0.647186409320125
109,1,2005,2,JPTP,32,1.29437281864025
109,1,2005,2,JPTP,34,0.647186409320125
109,1,2005,2,JPTP,36,1.94155922796038
109,1,2005,2,JPTP,38,1.94155922796038
109,1,2005,2,JPTP,40,3.23593204660063
109,1,2005,2,JPTP,42,9.70779613980188
109,1,2005,2,JPTP,44,11.6493553677623
109,1,2005,2,JPTP,46,22.0043379168843
109,1,2005,2,JPTP,48,7.11905050252138
109,1,2005,2,JPTP,50,11.6493553677623
109,1,2005,2,JPTP,52,5.177491274561
109,1,2005,2,JPTP,54,1.29437281864025
109,1,2005,2,JPTP,56,6.47186409320125
109,1,2005,2,JPTP,58,3.88311845592075
109,1,2005,2,JPTP,60,0.647186409320125
109,1,2005,2,JPTP,62,0.647186409320125
109,1,2005,2,JPTP,64,0
109,1,2005,2,JPTP,66,0
109,1,2005,2,JPTP,68,0
109,1,2005,2,JPTP,70,0
109,1,2005,2,JPTP,72,0
109,1,2005,2,JPTP,74,0
109,1,2005,2,JPTP,76,0
109,1,2005,2,JPTP,78,0
109,1,2005,2,JPTP,80,0
109,1,2005,2,JPTP,82,0
109,1,2005,2,JPTP,84,0
109,1,2005,2,JPTP,86,0
109,1,2005,2,JPTP,88,0
109,1,2005,2,JPTP,90,0
109,1,2005,2,JPTP,92,0
109,1,2005,2,JPTP,94,0
109,1,2005,2,JPTP,96,0
109,1,2005,2,JPTP,98,0
109,1,2005,2,JPTP,100,0
109,1,2005,2,JPTP,102,0
109,1,2005,2,JPTP,104,0
109,1,2005,2,JPTP,106,0
109,1,2005,2,JPTP,108,0
109,1,2005,2,JPTP,110,0
109,1,2005,2,JPTP,112,0
109,1,2005,2,JPTP,114,0
109,1,2005,2,JPTP,116,0
109,1,2005,2,JPTP,118,0
109,1,2005,2,JPTP,120,0
109,1,2005,2,JPTP,122,0
109,1,2005,2,JPTP,124,0
109,1,2005,2,JPTP,126,0
109,1,2005,2,JPTP,128,0
109,1,2005,2,JPTP,130,0
109,1,2005,2,JPTP,132,0
109,1,2005,2,JPTP,134,0
109,1,2005,2,JPTP,136,0
109,1,2005,2,JPTP,138,0
109,1,2005,2,JPTP,140,0
109,1,2005,2,JPTP,142,0
109,1,2005,2,JPTP,144,0
109,1,2005,2,JPTP,146,0
109,1,2005,2,JPTP,148,0
109,1,2005,2,JPTP,150,0
109,1,2005,2,JPTP,152,0
109,1,2005,2,JPTP,154,0
109,1,2005,2,JPTP,156,0
109,1,2005,2,JPTP,158,0
109,1,2005,2,JPTP,160,0
109,1,2005,2,JPTP,162,0
109,1,2005,2,JPTP,164,0
109,1,2005,2,JPTP,166,0
109,1,2005,2,JPTP,168,0
109,1,2005,2,JPTP,170,0
109,1,2005,2,JPTP,172,0
109,1,2005,2,JPTP,174,0
109,1,2005,2,JPTP,176,0
109,1,2005,2,JPTP,178,0
109,1,2005,2,JPTP,180,0
109,1,2005,2,JPTP,182,0
109,1,2005,2,JPTP,184,0
109,1,2005,2,JPTP,186,0
109,1,2005,2,JPTP,188,0
109,1,2005,2,JPTP,190,0
109,1,2005,2,JPTP,192,0
109,1,2005,2,JPTP,194,0
109,1,2005,2,JPTP,196,0
109,1,2005,2,JPTP,198,0
110,1,2005,3,JPTP,10,0
110,1,2005,3,JPTP,12,0
110,1,2005,3,JPTP,14,0
110,1,2005,3,JPTP,16,0
110,1,2005,3,JPTP,18,0
110,1,2005,3,JPTP,20,0
110,1,2005,3,JPTP,22,0
110,1,2005,3,JPTP,24,0.61636800887631
110,1,2005,3,JPTP,26,0
110,1,2005,3,JPTP,28,1.84910402662893
110,1,2005,3,JPTP,30,9.24552013314465
110,1,2005,3,JPTP,32,3.08184004438155
110,1,2005,3,JPTP,34,12.3273601775262
110,1,2005,3,JPTP,36,59.1713288521258
110,1,2005,3,JPTP,38,65.3350089408889
110,1,2005,3,JPTP,40,19.1074082751656
110,1,2005,3,JPTP,42,9.24552013314465
110,1,2005,3,JPTP,44,3.08184004438155
110,1,2005,3,JPTP,46,6.1636800887631
110,1,2005,3,JPTP,48,3.08184004438155
110,1,2005,3,JPTP,50,2.46547203550524
110,1,2005,3,JPTP,52,2.46547203550524
110,1,2005,3,JPTP,54,5.54731207988679
110,1,2005,3,JPTP,56,3.69820805325786
110,1,2005,3,JPTP,58,1.84910402662893
110,1,2005,3,JPTP,60,0.61636800887631
110,1,2005,3,JPTP,62,0
110,1,2005,3,JPTP,64,1.84910402662893
110,1,2005,3,JPTP,66,0
110,1,2005,3,JPTP,68,0
110,1,2005,3,JPTP,70,0
110,1,2005,3,JPTP,72,0
110,1,2005,3,JPTP,74,0
110,1,2005,3,JPTP,76,0
110,1,2005,3,JPTP,78,0
110,1,2005,3,JPTP,80,0
110,1,2005,3,JPTP,82,0.61636800887631
110,1,2005,3,JPTP,84,0
110,1,2005,3,JPTP,86,0
110,1,2005,3,JPTP,88,0
110,1,2005,3,JPTP,90,0
110,1,2005,3,JPTP,92,0
110,1,2005,3,JPTP,94,0
110,1,2005,3,JPTP,96,0
110,1,2005,3,JPTP,98,0
110,1,2005,3,JPTP,100,0
110,1,2005,3,JPTP,102,0
110,1,2005,3,JPTP,104,0
110,1,2005,3,JPTP,106,0
110,1,2005,3,JPTP,108,0
110,1,2005,3,JPTP,110,0
110,1,2005,3,JPTP,112,0
110,1,2005,3,JPTP,114,0
110,1,2005,3,JPTP,116,0
110,1,2005,3,JPTP,118,0
110,1,2005,3,JPTP,120,0
110,1,2005,3,JPTP,122,0
110,1,2005,3,JPTP,124,0
110,1,2005,3,JPTP,126,0
110,1,2005,3,JPTP,128,0
110,1,2005,3,JPTP,130,0
110,1,2005,3,JPTP,132,0
110,1,2005,3,JPTP,134,0
110,1,2005,3,JPTP,136,0
110,1,2005,3,JPTP,138,0
110,1,2005,3,JPTP,140,0
110,1,2005,3,JPTP,142,0
110,1,2005,3,JPTP,144,0
110,1,2005,3,JPTP,146,0
110,1,2005,3,JPTP,148,0
110,1,2005,3,JPTP,150,0
110,1,2005,3,JPTP,152,0
110,1,2005,3,JPTP,154,0
110,1,2005,3,JPTP,156,0
110,1,2005,3,JPTP,158,0
110,1,2005,3,JPTP,160,0
110,1,2005,3,JPTP,162,0
110,1,2005,3,JPTP,164,0
110,1,2005,3,JPTP,166,0
110,1,2005,3,JPTP,168,0
110,1,2005,3,JPTP,170,0
110,1,2005,3,JPTP,172,0
110,1,2005,3,JPTP,174,0
110,1,2005,3,JPTP,176,0
110,1,2005,3,JPTP,178,0
110,1,2005,3,JPTP,180,0
110,1,2005,3,JPTP,182,0
110,1,2005,3,JPTP,184,0
110,1,2005,3,JPTP,186,0
110,1,2005,3,JPTP,188,0
110,1,2005,3,JPTP,190,0
110,1,2005,3,JPTP,192,0
110,1,2005,3,JPTP,194,0
110,1,2005,3,JPTP,196,0
110,1,2005,3,JPTP,198,0
111,1,2005,4,JPTP,10,0
111,1,2005,4,JPTP,12,0
111,1,2005,4,JPTP,14,0
111,1,2005,4,JPTP,16,0
111,1,2005,4,JPTP,18,0
111,1,2005,4,JPTP,20,0
111,1,2005,4,JPTP,22,0
111,1,2005,4,JPTP,24,0
111,1,2005,4,JPTP,26,0
111,1,2005,4,JPTP,28,4.73255061815342
111,1,2005,4,JPTP,30,11.5684570665972
111,1,2005,4,JPTP,32,13.1459739393151
111,1,2005,4,JPTP,34,27.3436257937753
111,1,2005,4,JPTP,36,44.1704724360986
111,1,2005,4,JPTP,38,31.0244984967835
111,1,2005,4,JPTP,40,41.015438690663
111,1,2005,4,JPTP,42,24.1885920483397
111,1,2005,4,JPTP,44,17.3526855998959
111,1,2005,4,JPTP,46,3.15503374543561
111,1,2005,4,JPTP,48,5.78422853329862
111,1,2005,4,JPTP,50,1.0516779151452
111,1,2005,4,JPTP,52,1.0516779151452
111,1,2005,4,JPTP,54,2.10335583029041
111,1,2005,4,JPTP,56,1.0516779151452
111,1,2005,4,JPTP,58,1.0516779151452
111,1,2005,4,JPTP,60,0.525838957572602
111,1,2005,4,JPTP,62,0
111,1,2005,4,JPTP,64,5.78422853329862
111,1,2005,4,JPTP,66,2.62919478786301
111,1,2005,4,JPTP,68,2.10335583029041
111,1,2005,4,JPTP,70,2.62919478786301
111,1,2005,4,JPTP,72,1.0516779151452
111,1,2005,4,JPTP,74,0
111,1,2005,4,JPTP,76,0.525838957572602
111,1,2005,4,JPTP,78,0.525838957572602
111,1,2005,4,JPTP,80,0
111,1,2005,4,JPTP,82,0
111,1,2005,4,JPTP,84,0
111,1,2005,4,JPTP,86,0
111,1,2005,4,JPTP,88,0
111,1,2005,4,JPTP,90,0
111,1,2005,4,JPTP,92,0
111,1,2005,4,JPTP,94,0
111,1,2005,4,JPTP,96,0
111,1,2005,4,JPTP,98,0
111,1,2005,4,JPTP,100,0
111,1,2005,4,JPTP,102,0
111,1,2005,4,JPTP,104,0
111,1,2005,4,JPTP,106,0
111,1,2005,4,JPTP,108,0
111,1,2005,4,JPTP,110,0
111,1,2005,4,JPTP,112,0
111,1,2005,4,JPTP,114,0
111,1,2005,4,JPTP,116,0
111,1,2005,4,JPTP,118,0
111,1,2005,4,JPTP,120,0
111,1,2005,4,JPTP,122,0
111,1,2005,4,JPTP,124,0
111,1,2005,4,JPTP,126,0
111,1,2005,4,JPTP,128,0
111,1,2005,4,JPTP,130,0
111,1,2005,4,JPTP,132,0
111,1,2005,4,JPTP,134,0
111,1,2005,4,JPTP,136,0
111,1,2005,4,JPTP,138,0
111,1,2005,4,JPTP,140,0
111,1,2005,4,JPTP,142,0
111,1,2005,4,JPTP,144,0
111,1,2005,4,JPTP,146,0
111,1,2005,4,JPTP,148,0
111,1,2005,4,JPTP,150,0
111,1,2005,4,JPTP,152,0
111,1,2005,4,JPTP,154,0
111,1,2005,4,JPTP,156,0
111,1,2005,4,JPTP,158,0
111,1,2005,4,JPTP,160,0
111,1,2005,4,JPTP,162,0
111,1,2005,4,JPTP,164,0
111,1,2005,4,JPTP,166,0
111,1,2005,4,JPTP,168,0
111,1,2005,4,JPTP,170,0
111,1,2005,4,JPTP,172,0
111,1,2005,4,JPTP,174,0
111,1,2005,4,JPTP,176,0
111,1,2005,4,JPTP,178,0
111,1,2005,4,JPTP,180,0
111,1,2005,4,JPTP,182,0
111,1,2005,4,JPTP,184,0
111,1,2005,4,JPTP,186,0
111,1,2005,4,JPTP,188,0
111,1,2005,4,JPTP,190,0
111,1,2005,4,JPTP,192,0
111,1,2005,4,JPTP,194,0
111,1,2005,4,JPTP,196,0
111,1,2005,4,JPTP,198,0
112,1,2006,1,JPTP,10,0
112,1,2006,1,JPTP,12,0
112,1,2006,1,JPTP,14,0
112,1,2006,1,JPTP,16,0
112,1,2006,1,JPTP,18,0
112,1,2006,1,JPTP,20,0
112,1,2006,1,JPTP,22,0
112,1,2006,1,JPTP,24,0
112,1,2006,1,JPTP,26,0
112,1,2006,1,JPTP,28,0
112,1,2006,1,JPTP,30,1.94155922796038
112,1,2006,1,JPTP,32,4.53030486524088
112,1,2006,1,JPTP,34,3.88311845592075
112,1,2006,1,JPTP,36,4.53030486524088
112,1,2006,1,JPTP,38,3.88311845592075
112,1,2006,1,JPTP,40,3.88311845592075
112,1,2006,1,JPTP,42,5.82467768388113
112,1,2006,1,JPTP,44,3.88311845592075
112,1,2006,1,JPTP,46,0.647186409320125
112,1,2006,1,JPTP,48,1.29437281864025
112,1,2006,1,JPTP,50,0
112,1,2006,1,JPTP,52,0
112,1,2006,1,JPTP,54,0
112,1,2006,1,JPTP,56,0
112,1,2006,1,JPTP,58,0
112,1,2006,1,JPTP,60,0
112,1,2006,1,JPTP,62,0
112,1,2006,1,JPTP,64,0
112,1,2006,1,JPTP,66,0.647186409320125
112,1,2006,1,JPTP,68,0
112,1,2006,1,JPTP,70,0
112,1,2006,1,JPTP,72,0
112,1,2006,1,JPTP,74,0
112,1,2006,1,JPTP,76,1
112,1,2006,1,JPTP,78,0.647186409320125
112,1,2006,1,JPTP,80,0
112,1,2006,1,JPTP,82,1.94155922796038
112,1,2006,1,JPTP,84,0.647186409320125
112,1,2006,1,JPTP,86,0
112,1,2006,1,JPTP,88,0
112,1,2006,1,JPTP,90,0.647186409320125
112,1,2006,1,JPTP,92,0.647186409320125
112,1,2006,1,JPTP,94,0
112,1,2006,1,JPTP,96,0
112,1,2006,1,JPTP,98,0
112,1,2006,1,JPTP,100,0
112,1,2006,1,JPTP,102,0
112,1,2006,1,JPTP,104,0
112,1,2006,1,JPTP,106,0
112,1,2006,1,JPTP,108,0
112,1,2006,1,JPTP,110,0
112,1,2006,1,JPTP,112,0
112,1,2006,1,JPTP,114,0
112,1,2006,1,JPTP,116,0
112,1,2006,1,JPTP,118,0
112,1,2006,1,JPTP,120,0
112,1,2006,1,JPTP,122,0
112,1,2006,1,JPTP,124,0
112,1,2006,1,JPTP,126,0
112,1,2006,1,JPTP,128,0
112,1,2006,1,JPTP,130,0
112,1,2006,1,JPTP,132,0
112,1,2006,1,JPTP,134,0
112,1,2006,1,JPTP,136,0
112,1,2006,1,JPTP,138,0
112,1,2006,1,JPTP,140,0
112,1,2006,1,JPTP,142,0
112,1,2006,1,JPTP,144,0
112,1,2006,1,JPTP,146,0
112,1,2006,1,JPTP,148,0
112,1,2006,1,JPTP,150,0
112,1,2006,1,JPTP,152,0
112,1,2006,1,JPTP,154,0
112,1,2006,1,JPTP,156,0
112,1,2006,1,JPTP,158,0
112,1,2006,1,JPTP,160,0
112,1,2006,1,JPTP,162,0
112,1,2006,1,JPTP,164,0
112,1,2006,1,JPTP,166,0
112,1,2006,1,JPTP,168,0
112,1,2006,1,JPTP,170,0
112,1,2006,1,JPTP,172,0
112,1,2006,1,JPTP,174,0
112,1,2006,1,JPTP,176,0
112,1,2006,1,JPTP,178,0
112,1,2006,1,JPTP,180,0
112,1,2006,1,JPTP,182,0
112,1,2006,1,JPTP,184,0
112,1,2006,1,JPTP,186,0
112,1,2006,1,JPTP,188,0
112,1,2006,1,JPTP,190,0
112,1,2006,1,JPTP,192,0
112,1,2006,1,JPTP,194,0
112,1,2006,1,JPTP,196,0
112,1,2006,1,JPTP,198,0
113,1,2006,2,JPTP,10,0
113,1,2006,2,JPTP,12,0
113,1,2006,2,JPTP,14,0
113,1,2006,2,JPTP,16,0
113,1,2006,2,JPTP,18,0
113,1,2006,2,JPTP,20,0
113,1,2006,2,JPTP,22,0
113,1,2006,2,JPTP,24,0
113,1,2006,2,JPTP,26,0
113,1,2006,2,JPTP,28,0
113,1,2006,2,JPTP,30,0.582467768388113
113,1,2006,2,JPTP,32,0.582467768388113
113,1,2006,2,JPTP,34,2.32987107355245
113,1,2006,2,JPTP,36,2.91233884194056
113,1,2006,2,JPTP,38,2.91233884194056
113,1,2006,2,JPTP,40,2.91233884194056
113,1,2006,2,JPTP,42,8.15454875743358
113,1,2006,2,JPTP,44,11.6493553677623
113,1,2006,2,JPTP,46,26.2110495774651
113,1,2006,2,JPTP,48,14.5616942097028
113,1,2006,2,JPTP,50,14.5616942097028
113,1,2006,2,JPTP,52,4.6597421471049
113,1,2006,2,JPTP,54,2.91233884194056
113,1,2006,2,JPTP,56,2.91233884194056
113,1,2006,2,JPTP,58,0
113,1,2006,2,JPTP,60,0
113,1,2006,2,JPTP,62,0
113,1,2006,2,JPTP,64,0
113,1,2006,2,JPTP,66,0
113,1,2006,2,JPTP,68,0
113,1,2006,2,JPTP,70,0
113,1,2006,2,JPTP,72,0
113,1,2006,2,JPTP,74,0
113,1,2006,2,JPTP,76,0
113,1,2006,2,JPTP,78,0
113,1,2006,2,JPTP,80,0
113,1,2006,2,JPTP,82,0
113,1,2006,2,JPTP,84,0
113,1,2006,2,JPTP,86,0
113,1,2006,2,JPTP,88,0
113,1,2006,2,JPTP,90,0
113,1,2006,2,JPTP,92,0
113,1,2006,2,JPTP,94,0
113,1,2006,2,JPTP,96,0
113,1,2006,2,JPTP,98,0
113,1,2006,2,JPTP,100,0
113,1,2006,2,JPTP,102,0
113,1,2006,2,JPTP,104,0
113,1,2006,2,JPTP,106,0
113,1,2006,2,JPTP,108,0
113,1,2006,2,JPTP,110,0
113,1,2006,2,JPTP,112,0
113,1,2006,2,JPTP,114,0
113,1,2006,2,JPTP,116,0
113,1,2006,2,JPTP,118,0
113,1,2006,2,JPTP,120,0
113,1,2006,2,JPTP,122,0
113,1,2006,2,JPTP,124,0
113,1,2006,2,JPTP,126,0
113,1,2006,2,JPTP,128,0
113,1,2006,2,JPTP,130,0
113,1,2006,2,JPTP,132,0
113,1,2006,2,JPTP,134,0
113,1,2006,2,JPTP,136,0
113,1,2006,2,JPTP,138,0
113,1,2006,2,JPTP,140,0
113,1,2006,2,JPTP,142,0
113,1,2006,2,JPTP,144,0
113,1,2006,2,JPTP,146,0
113,1,2006,2,JPTP,148,0
113,1,2006,2,JPTP,150,0
113,1,2006,2,JPTP,152,0
113,1,2006,2,JPTP,154,0
113,1,2006,2,JPTP,156,0
113,1,2006,2,JPTP,158,0
113,1,2006,2,JPTP,160,0
113,1,2006,2,JPTP,162,0
113,1,2006,2,JPTP,164,0
113,1,2006,2,JPTP,166,0
113,1,2006,2,JPTP,168,0
113,1,2006,2,JPTP,170,0
113,1,2006,2,JPTP,172,0
113,1,2006,2,JPTP,174,0
113,1,2006,2,JPTP,176,0
113,1,2006,2,JPTP,178,0
113,1,2006,2,JPTP,180,0
113,1,2006,2,JPTP,182,0
113,1,2006,2,JPTP,184,0
113,1,2006,2,JPTP,186,0
113,1,2006,2,JPTP,188,0
113,1,2006,2,JPTP,190,0
113,1,2006,2,JPTP,192,0
113,1,2006,2,JPTP,194,0
113,1,2006,2,JPTP,196,0
113,1,2006,2,JPTP,198,0
114,1,2006,3,JPTP,10,0
114,1,2006,3,JPTP,12,0
114,1,2006,3,JPTP,14,0
114,1,2006,3,JPTP,16,0
114,1,2006,3,JPTP,18,0
114,1,2006,3,JPTP,20,0
114,1,2006,3,JPTP,22,0.579061524128533
114,1,2006,3,JPTP,24,1.7371845723856
114,1,2006,3,JPTP,26,7.52779981367093
114,1,2006,3,JPTP,28,18.5299687721131
114,1,2006,3,JPTP,30,34.743691447712
114,1,2006,3,JPTP,32,30.6902607788123
114,1,2006,3,JPTP,34,31.2693223029408
114,1,2006,3,JPTP,36,40.5343066889973
114,1,2006,3,JPTP,38,67.1711367989099
114,1,2006,3,JPTP,40,100.177643674236
114,1,2006,3,JPTP,42,43.42961430964
114,1,2006,3,JPTP,44,17.371845723856
114,1,2006,3,JPTP,46,2.31624609651413
114,1,2006,3,JPTP,48,1.15812304825707
114,1,2006,3,JPTP,50,1.15812304825707
114,1,2006,3,JPTP,52,1.7371845723856
114,1,2006,3,JPTP,54,2.31624609651413
114,1,2006,3,JPTP,56,5.79061524128533
114,1,2006,3,JPTP,58,1.15812304825707
114,1,2006,3,JPTP,60,0
114,1,2006,3,JPTP,62,1.7371845723856
114,1,2006,3,JPTP,64,1.15812304825707
114,1,2006,3,JPTP,66,0
114,1,2006,3,JPTP,68,0
114,1,2006,3,JPTP,70,0
114,1,2006,3,JPTP,72,0
114,1,2006,3,JPTP,74,0
114,1,2006,3,JPTP,76,0
114,1,2006,3,JPTP,78,0
114,1,2006,3,JPTP,80,0
114,1,2006,3,JPTP,82,0
114,1,2006,3,JPTP,84,0
114,1,2006,3,JPTP,86,0
114,1,2006,3,JPTP,88,0
114,1,2006,3,JPTP,90,0
114,1,2006,3,JPTP,92,0
114,1,2006,3,JPTP,94,0
114,1,2006,3,JPTP,96,0
114,1,2006,3,JPTP,98,0
114,1,2006,3,JPTP,100,0
114,1,2006,3,JPTP,102,0
114,1,2006,3,JPTP,104,0
114,1,2006,3,JPTP,106,0
114,1,2006,3,JPTP,108,0
114,1,2006,3,JPTP,110,0
114,1,2006,3,JPTP,112,0
114,1,2006,3,JPTP,114,0
114,1,2006,3,JPTP,116,0
114,1,2006,3,JPTP,118,0
114,1,2006,3,JPTP,120,0
114,1,2006,3,JPTP,122,0
114,1,2006,3,JPTP,124,0
114,1,2006,3,JPTP,126,0
114,1,2006,3,JPTP,128,0
114,1,2006,3,JPTP,130,0
114,1,2006,3,JPTP,132,0
114,1,2006,3,JPTP,134,0
114,1,2006,3,JPTP,136,0
114,1,2006,3,JPTP,138,0
114,1,2006,3,JPTP,140,0
114,1,2006,3,JPTP,142,0
114,1,2006,3,JPTP,144,0
114,1,2006,3,JPTP,146,0
114,1,2006,3,JPTP,148,0
114,1,2006,3,JPTP,150,0
114,1,2006,3,JPTP,152,0
114,1,2006,3,JPTP,154,0
114,1,2006,3,JPTP,156,0
114,1,2006,3,JPTP,158,0
114,1,2006,3,JPTP,160,0
114,1,2006,3,JPTP,162,0
114,1,2006,3,JPTP,164,0
114,1,2006,3,JPTP,166,0
114,1,2006,3,JPTP,168,0
114,1,2006,3,JPTP,170,0
114,1,2006,3,JPTP,172,0
114,1,2006,3,JPTP,174,0
114,1,2006,3,JPTP,176,0
114,1,2006,3,JPTP,178,0
114,1,2006,3,JPTP,180,0
114,1,2006,3,JPTP,182,0
114,1,2006,3,JPTP,184,0
114,1,2006,3,JPTP,186,0
114,1,2006,3,JPTP,188,0
114,1,2006,3,JPTP,190,0
114,1,2006,3,JPTP,192,0
114,1,2006,3,JPTP,194,0
114,1,2006,3,JPTP,196,0
114,1,2006,3,JPTP,198,0
115,1,2006,4,JPTP,10,0
115,1,2006,4,JPTP,12,0
115,1,2006,4,JPTP,14,0
115,1,2006,4,JPTP,16,0
115,1,2006,4,JPTP,18,0
115,1,2006,4,JPTP,20,0
115,1,2006,4,JPTP,22,0.647186409320125
115,1,2006,4,JPTP,24,0
115,1,2006,4,JPTP,26,3.23593204660063
115,1,2006,4,JPTP,28,23.2987107355245
115,1,2006,4,JPTP,30,14.8852874143629
115,1,2006,4,JPTP,32,10.354982549122
115,1,2006,4,JPTP,34,20.0627786889239
115,1,2006,4,JPTP,36,14.2381010050428
115,1,2006,4,JPTP,38,17.4740330516434
115,1,2006,4,JPTP,40,18.7684058702836
115,1,2006,4,JPTP,42,15.532473823683
115,1,2006,4,JPTP,44,17.4740330516434
115,1,2006,4,JPTP,46,8.41342332116163
115,1,2006,4,JPTP,48,1.94155922796038
115,1,2006,4,JPTP,50,1.29437281864025
115,1,2006,4,JPTP,52,0.647186409320125
115,1,2006,4,JPTP,54,0.647186409320125
115,1,2006,4,JPTP,56,0.647186409320125
115,1,2006,4,JPTP,58,0
115,1,2006,4,JPTP,60,0
115,1,2006,4,JPTP,62,0
115,1,2006,4,JPTP,64,0.647186409320125
115,1,2006,4,JPTP,66,0
115,1,2006,4,JPTP,68,0
115,1,2006,4,JPTP,70,0
115,1,2006,4,JPTP,72,0
115,1,2006,4,JPTP,74,0
115,1,2006,4,JPTP,76,0
115,1,2006,4,JPTP,78,0
115,1,2006,4,JPTP,80,0
115,1,2006,4,JPTP,82,0
115,1,2006,4,JPTP,84,0
115,1,2006,4,JPTP,86,0
115,1,2006,4,JPTP,88,0
115,1,2006,4,JPTP,90,0
115,1,2006,4,JPTP,92,0
115,1,2006,4,JPTP,94,0
115,1,2006,4,JPTP,96,0
115,1,2006,4,JPTP,98,0
115,1,2006,4,JPTP,100,0
115,1,2006,4,JPTP,102,0
115,1,2006,4,JPTP,104,0
115,1,2006,4,JPTP,106,0
115,1,2006,4,JPTP,108,0
115,1,2006,4,JPTP,110,0
115,1,2006,4,JPTP,112,0
115,1,2006,4,JPTP,114,0
115,1,2006,4,JPTP,116,0
115,1,2006,4,JPTP,118,0
115,1,2006,4,JPTP,120,0
115,1,2006,4,JPTP,122,0
115,1,2006,4,JPTP,124,0
115,1,2006,4,JPTP,126,0
115,1,2006,4,JPTP,128,1.29437281864025
115,1,2006,4,JPTP,130,0
115,1,2006,4,JPTP,132,0
115,1,2006,4,JPTP,134,0
115,1,2006,4,JPTP,136,0
115,1,2006,4,JPTP,138,0
115,1,2006,4,JPTP,140,0
115,1,2006,4,JPTP,142,0
115,1,2006,4,JPTP,144,0
115,1,2006,4,JPTP,146,0
115,1,2006,4,JPTP,148,0
115,1,2006,4,JPTP,150,0
115,1,2006,4,JPTP,152,0
115,1,2006,4,JPTP,154,0
115,1,2006,4,JPTP,156,0
115,1,2006,4,JPTP,158,0
115,1,2006,4,JPTP,160,0
115,1,2006,4,JPTP,162,0
115,1,2006,4,JPTP,164,0
115,1,2006,4,JPTP,166,0
115,1,2006,4,JPTP,168,0
115,1,2006,4,JPTP,170,0
115,1,2006,4,JPTP,172,0
115,1,2006,4,JPTP,174,0
115,1,2006,4,JPTP,176,0
115,1,2006,4,JPTP,178,0
115,1,2006,4,JPTP,180,0
115,1,2006,4,JPTP,182,0
115,1,2006,4,JPTP,184,0
115,1,2006,4,JPTP,186,0
115,1,2006,4,JPTP,188,0
115,1,2006,4,JPTP,190,0
115,1,2006,4,JPTP,192,0
115,1,2006,4,JPTP,194,0
115,1,2006,4,JPTP,196,0
115,1,2006,4,JPTP,198,0
116,1,2007,2,JPTP,10,0
116,1,2007,2,JPTP,12,0
116,1,2007,2,JPTP,14,0
116,1,2007,2,JPTP,16,0
116,1,2007,2,JPTP,18,0
116,1,2007,2,JPTP,20,0
116,1,2007,2,JPTP,22,0
116,1,2007,2,JPTP,24,5.88351281200114
116,1,2007,2,JPTP,26,2.35340512480046
116,1,2007,2,JPTP,28,4.1184589684008
116,1,2007,2,JPTP,30,7.64856665560148
116,1,2007,2,JPTP,32,11.7670256240023
116,1,2007,2,JPTP,34,7.64856665560148
116,1,2007,2,JPTP,36,2.35340512480046
116,1,2007,2,JPTP,38,1.17670256240023
116,1,2007,2,JPTP,40,1.17670256240023
116,1,2007,2,JPTP,42,7.06021537440137
116,1,2007,2,JPTP,44,11.7670256240023
116,1,2007,2,JPTP,46,12.3553769052024
116,1,2007,2,JPTP,48,11.7670256240023
116,1,2007,2,JPTP,50,4.70681024960091
116,1,2007,2,JPTP,52,0.588351281200114
116,1,2007,2,JPTP,54,1.76505384360034
116,1,2007,2,JPTP,56,1.17670256240023
116,1,2007,2,JPTP,58,0
116,1,2007,2,JPTP,60,0
116,1,2007,2,JPTP,62,0
116,1,2007,2,JPTP,64,0
116,1,2007,2,JPTP,66,0
116,1,2007,2,JPTP,68,0
116,1,2007,2,JPTP,70,0
116,1,2007,2,JPTP,72,0
116,1,2007,2,JPTP,74,0
116,1,2007,2,JPTP,76,0
116,1,2007,2,JPTP,78,0
116,1,2007,2,JPTP,80,0
116,1,2007,2,JPTP,82,0
116,1,2007,2,JPTP,84,0
116,1,2007,2,JPTP,86,0
116,1,2007,2,JPTP,88,0
116,1,2007,2,JPTP,90,0
116,1,2007,2,JPTP,92,0
116,1,2007,2,JPTP,94,0
116,1,2007,2,JPTP,96,0
116,1,2007,2,JPTP,98,0
116,1,2007,2,JPTP,100,0
116,1,2007,2,JPTP,102,0
116,1,2007,2,JPTP,104,0
116,1,2007,2,JPTP,106,0
116,1,2007,2,JPTP,108,0
116,1,2007,2,JPTP,110,0
116,1,2007,2,JPTP,112,0
116,1,2007,2,JPTP,114,0
116,1,2007,2,JPTP,116,0
116,1,2007,2,JPTP,118,0
116,1,2007,2,JPTP,120,0
116,1,2007,2,JPTP,122,0
116,1,2007,2,JPTP,124,0
116,1,2007,2,JPTP,126,0
116,1,2007,2,JPTP,128,0
116,1,2007,2,JPTP,130,0
116,1,2007,2,JPTP,132,0
116,1,2007,2,JPTP,134,0
116,1,2007,2,JPTP,136,0
116,1,2007,2,JPTP,138,0
116,1,2007,2,JPTP,140,0
116,1,2007,2,JPTP,142,0
116,1,2007,2,JPTP,144,0
116,1,2007,2,JPTP,146,0
116,1,2007,2,JPTP,148,0
116,1,2007,2,JPTP,150,0
116,1,2007,2,JPTP,152,0
116,1,2007,2,JPTP,154,0
116,1,2007,2,JPTP,156,0
116,1,2007,2,JPTP,158,0
116,1,2007,2,JPTP,160,0
116,1,2007,2,JPTP,162,0
116,1,2007,2,JPTP,164,0
116,1,2007,2,JPTP,166,0
116,1,2007,2,JPTP,168,0
116,1,2007,2,JPTP,170,0
116,1,2007,2,JPTP,172,0
116,1,2007,2,JPTP,174,0
116,1,2007,2,JPTP,176,0
116,1,2007,2,JPTP,178,0
116,1,2007,2,JPTP,180,0
116,1,2007,2,JPTP,182,0
116,1,2007,2,JPTP,184,0
116,1,2007,2,JPTP,186,0
116,1,2007,2,JPTP,188,0
116,1,2007,2,JPTP,190,0
116,1,2007,2,JPTP,192,0
116,1,2007,2,JPTP,194,0
116,1,2007,2,JPTP,196,0
116,1,2007,2,JPTP,198,0
117,1,2007,3,JPTP,10,0
117,1,2007,3,JPTP,12,0
117,1,2007,3,JPTP,14,0
117,1,2007,3,JPTP,16,0
117,1,2007,3,JPTP,18,0
117,1,2007,3,JPTP,20,0
117,1,2007,3,JPTP,22,0
117,1,2007,3,JPTP,24,0.5177491274561
117,1,2007,3,JPTP,26,3.6242438921927
117,1,2007,3,JPTP,28,5.177491274561
117,1,2007,3,JPTP,30,11.9082299314903
117,1,2007,3,JPTP,32,34.6891915395587
117,1,2007,3,JPTP,34,45.0441740886807
117,1,2007,3,JPTP,36,92.677093814642
117,1,2007,3,JPTP,38,80.7688638831517
117,1,2007,3,JPTP,40,28.4762020100855
117,1,2007,3,JPTP,42,8.80173516675371
117,1,2007,3,JPTP,44,5.69524040201711
117,1,2007,3,JPTP,46,6.21298952947321
117,1,2007,3,JPTP,48,8.28398603929761
117,1,2007,3,JPTP,50,18.1212194609635
117,1,2007,3,JPTP,52,16.0502229511391
117,1,2007,3,JPTP,54,6.21298952947321
117,1,2007,3,JPTP,56,4.6597421471049
117,1,2007,3,JPTP,58,2.0709965098244
117,1,2007,3,JPTP,60,1.5532473823683
117,1,2007,3,JPTP,62,4.1419930196488
117,1,2007,3,JPTP,64,3.6242438921927
117,1,2007,3,JPTP,66,1
117,1,2007,3,JPTP,68,0.5177491274561
117,1,2007,3,JPTP,70,0
117,1,2007,3,JPTP,72,0.5177491274561
117,1,2007,3,JPTP,74,0
117,1,2007,3,JPTP,76,1
117,1,2007,3,JPTP,78,0
117,1,2007,3,JPTP,80,0
117,1,2007,3,JPTP,82,0
117,1,2007,3,JPTP,84,0
117,1,2007,3,JPTP,86,0
117,1,2007,3,JPTP,88,0
117,1,2007,3,JPTP,90,0
117,1,2007,3,JPTP,92,0
117,1,2007,3,JPTP,94,0
117,1,2007,3,JPTP,96,0
117,1,2007,3,JPTP,98,0
117,1,2007,3,JPTP,100,0
117,1,2007,3,JPTP,102,0
117,1,2007,3,JPTP,104,0
117,1,2007,3,JPTP,106,0
117,1,2007,3,JPTP,108,0
117,1,2007,3,JPTP,110,0
117,1,2007,3,JPTP,112,0
117,1,2007,3,JPTP,114,0
117,1,2007,3,JPTP,116,0
117,1,2007,3,JPTP,118,0
117,1,2007,3,JPTP,120,0
117,1,2007,3,JPTP,122,0
117,1,2007,3,JPTP,124,0
117,1,2007,3,JPTP,126,0
117,1,2007,3,JPTP,128,0
117,1,2007,3,JPTP,130,0
117,1,2007,3,JPTP,132,0
117,1,2007,3,JPTP,134,0
117,1,2007,3,JPTP,136,0
117,1,2007,3,JPTP,138,0
117,1,2007,3,JPTP,140,0
117,1,2007,3,JPTP,142,0
117,1,2007,3,JPTP,144,0
117,1,2007,3,JPTP,146,0
117,1,2007,3,JPTP,148,0
117,1,2007,3,JPTP,150,0
117,1,2007,3,JPTP,152,0
117,1,2007,3,JPTP,154,0
117,1,2007,3,JPTP,156,0
117,1,2007,3,JPTP,158,0
117,1,2007,3,JPTP,160,0
117,1,2007,3,JPTP,162,0
117,1,2007,3,JPTP,164,0
117,1,2007,3,JPTP,166,0
117,1,2007,3,JPTP,168,0
117,1,2007,3,JPTP,170,0
117,1,2007,3,JPTP,172,0
117,1,2007,3,JPTP,174,0
117,1,2007,3,JPTP,176,0
117,1,2007,3,JPTP,178,0
117,1,2007,3,JPTP,180,0
117,1,2007,3,JPTP,182,0
117,1,2007,3,JPTP,184,0
117,1,2007,3,JPTP,186,0
117,1,2007,3,JPTP,188,0
117,1,2007,3,JPTP,190,0
117,1,2007,3,JPTP,192,0
117,1,2007,3,JPTP,194,0
117,1,2007,3,JPTP,196,0
117,1,2007,3,JPTP,198,0
118,1,2007,4,JPTP,10,0
118,1,2007,4,JPTP,12,0
118,1,2007,4,JPTP,14,0
118,1,2007,4,JPTP,16,0
118,1,2007,4,JPTP,18,0
118,1,2007,4,JPTP,20,0
118,1,2007,4,JPTP,22,0
118,1,2007,4,JPTP,24,0
118,1,2007,4,JPTP,26,1.29437281864025
118,1,2007,4,JPTP,28,2.5887456372805
118,1,2007,4,JPTP,30,8.41342332116163
118,1,2007,4,JPTP,32,20.0627786889239
118,1,2007,4,JPTP,34,10.354982549122
118,1,2007,4,JPTP,36,11.6493553677623
118,1,2007,4,JPTP,38,21.3571515075641
118,1,2007,4,JPTP,40,32.3593204660063
118,1,2007,4,JPTP,42,17.4740330516434
118,1,2007,4,JPTP,44,1.94155922796038
118,1,2007,4,JPTP,46,0.647186409320125
118,1,2007,4,JPTP,48,0.647186409320125
118,1,2007,4,JPTP,50,0
118,1,2007,4,JPTP,52,0
118,1,2007,4,JPTP,54,0
118,1,2007,4,JPTP,56,0
118,1,2007,4,JPTP,58,0
118,1,2007,4,JPTP,60,1.29437281864025
118,1,2007,4,JPTP,62,0
118,1,2007,4,JPTP,64,1.29437281864025
118,1,2007,4,JPTP,66,2.5887456372805
118,1,2007,4,JPTP,68,0.647186409320125
118,1,2007,4,JPTP,70,1
118,1,2007,4,JPTP,72,0
118,1,2007,4,JPTP,74,0
118,1,2007,4,JPTP,76,0
118,1,2007,4,JPTP,78,0
118,1,2007,4,JPTP,80,0
118,1,2007,4,JPTP,82,0
118,1,2007,4,JPTP,84,0
118,1,2007,4,JPTP,86,0
118,1,2007,4,JPTP,88,0
118,1,2007,4,JPTP,90,0
118,1,2007,4,JPTP,92,0
118,1,2007,4,JPTP,94,0
118,1,2007,4,JPTP,96,0
118,1,2007,4,JPTP,98,0
118,1,2007,4,JPTP,100,0
118,1,2007,4,JPTP,102,0
118,1,2007,4,JPTP,104,0
118,1,2007,4,JPTP,106,0
118,1,2007,4,JPTP,108,0
118,1,2007,4,JPTP,110,0
118,1,2007,4,JPTP,112,0
118,1,2007,4,JPTP,114,0
118,1,2007,4,JPTP,116,0
118,1,2007,4,JPTP,118,0
118,1,2007,4,JPTP,120,0
118,1,2007,4,JPTP,122,0
118,1,2007,4,JPTP,124,0
118,1,2007,4,JPTP,126,0
118,1,2007,4,JPTP,128,0
118,1,2007,4,JPTP,130,0
118,1,2007,4,JPTP,132,0
118,1,2007,4,JPTP,134,0
118,1,2007,4,JPTP,136,0
118,1,2007,4,JPTP,138,0
118,1,2007,4,JPTP,140,0
118,1,2007,4,JPTP,142,0
118,1,2007,4,JPTP,144,0
118,1,2007,4,JPTP,146,0
118,1,2007,4,JPTP,148,0
118,1,2007,4,JPTP,150,0
118,1,2007,4,JPTP,152,0
118,1,2007,4,JPTP,154,0
118,1,2007,4,JPTP,156,0
118,1,2007,4,JPTP,158,0
118,1,2007,4,JPTP,160,0
118,1,2007,4,JPTP,162,0
118,1,2007,4,JPTP,164,0
118,1,2007,4,JPTP,166,0
118,1,2007,4,JPTP,168,0
118,1,2007,4,JPTP,170,0
118,1,2007,4,JPTP,172,0
118,1,2007,4,JPTP,174,0
118,1,2007,4,JPTP,176,0
118,1,2007,4,JPTP,178,0
118,1,2007,4,JPTP,180,0
118,1,2007,4,JPTP,182,0
118,1,2007,4,JPTP,184,0
118,1,2007,4,JPTP,186,0
118,1,2007,4,JPTP,188,0
118,1,2007,4,JPTP,190,0
118,1,2007,4,JPTP,192,0
118,1,2007,4,JPTP,194,0
118,1,2007,4,JPTP,196,0
118,1,2007,4,JPTP,198,0
119,1,2008,1,JPTP,10,0
119,1,2008,1,JPTP,12,0
119,1,2008,1,JPTP,14,0
119,1,2008,1,JPTP,16,0
119,1,2008,1,JPTP,18,0
119,1,2008,1,JPTP,20,0
119,1,2008,1,JPTP,22,0
119,1,2008,1,JPTP,24,0
119,1,2008,1,JPTP,26,0
119,1,2008,1,JPTP,28,0
119,1,2008,1,JPTP,30,0
119,1,2008,1,JPTP,32,0
119,1,2008,1,JPTP,34,0
119,1,2008,1,JPTP,36,0
119,1,2008,1,JPTP,38,0
119,1,2008,1,JPTP,40,0
119,1,2008,1,JPTP,42,2.15728803106709
119,1,2008,1,JPTP,44,1.07864401553354
119,1,2008,1,JPTP,46,1.07864401553354
119,1,2008,1,JPTP,48,0
119,1,2008,1,JPTP,50,1.07864401553354
119,1,2008,1,JPTP,52,0.539322007766771
119,1,2008,1,JPTP,54,1
119,1,2008,1,JPTP,56,0
119,1,2008,1,JPTP,58,0
119,1,2008,1,JPTP,60,0
119,1,2008,1,JPTP,62,0.539322007766771
119,1,2008,1,JPTP,64,0
119,1,2008,1,JPTP,66,1
119,1,2008,1,JPTP,68,0
119,1,2008,1,JPTP,70,0
119,1,2008,1,JPTP,72,0
119,1,2008,1,JPTP,74,2.15728803106709
119,1,2008,1,JPTP,76,0
119,1,2008,1,JPTP,78,0
119,1,2008,1,JPTP,80,0
119,1,2008,1,JPTP,82,2
119,1,2008,1,JPTP,84,1
119,1,2008,1,JPTP,86,0.539322007766771
119,1,2008,1,JPTP,88,0.539322007766771
119,1,2008,1,JPTP,90,0
119,1,2008,1,JPTP,92,0
119,1,2008,1,JPTP,94,0
119,1,2008,1,JPTP,96,0
119,1,2008,1,JPTP,98,0
119,1,2008,1,JPTP,100,0
119,1,2008,1,JPTP,102,0
119,1,2008,1,JPTP,104,0
119,1,2008,1,JPTP,106,0
119,1,2008,1,JPTP,108,0
119,1,2008,1,JPTP,110,0
119,1,2008,1,JPTP,112,0
119,1,2008,1,JPTP,114,0
119,1,2008,1,JPTP,116,0
119,1,2008,1,JPTP,118,0
119,1,2008,1,JPTP,120,0
119,1,2008,1,JPTP,122,0
119,1,2008,1,JPTP,124,0
119,1,2008,1,JPTP,126,0
119,1,2008,1,JPTP,128,0
119,1,2008,1,JPTP,130,0
119,1,2008,1,JPTP,132,0
119,1,2008,1,JPTP,134,0
119,1,2008,1,JPTP,136,0
119,1,2008,1,JPTP,138,0
119,1,2008,1,JPTP,140,0
119,1,2008,1,JPTP,142,0
119,1,2008,1,JPTP,144,0
119,1,2008,1,JPTP,146,0
119,1,2008,1,JPTP,148,0
119,1,2008,1,JPTP,150,0
119,1,2008,1,JPTP,152,0
119,1,2008,1,JPTP,154,0
119,1,2008,1,JPTP,156,0
119,1,2008,1,JPTP,158,0
119,1,2008,1,JPTP,160,0
119,1,2008,1,JPTP,162,0
119,1,2008,1,JPTP,164,0
119,1,2008,1,JPTP,166,0
119,1,2008,1,JPTP,168,0
119,1,2008,1,JPTP,170,0
119,1,2008,1,JPTP,172,0
119,1,2008,1,JPTP,174,0
119,1,2008,1,JPTP,176,0
119,1,2008,1,JPTP,178,0
119,1,2008,1,JPTP,180,0
119,1,2008,1,JPTP,182,0
119,1,2008,1,JPTP,184,0
119,1,2008,1,JPTP,186,0
119,1,2008,1,JPTP,188,0
119,1,2008,1,JPTP,190,0
119,1,2008,1,JPTP,192,0
119,1,2008,1,JPTP,194,0
119,1,2008,1,JPTP,196,0
119,1,2008,1,JPTP,198,0
120,1,2008,2,JPTP,10,0
120,1,2008,2,JPTP,12,0
120,1,2008,2,JPTP,14,0
120,1,2008,2,JPTP,16,0
120,1,2008,2,JPTP,18,0
120,1,2008,2,JPTP,20,0
120,1,2008,2,JPTP,22,0
120,1,2008,2,JPTP,24,0
120,1,2008,2,JPTP,26,0
120,1,2008,2,JPTP,28,0
120,1,2008,2,JPTP,30,0
120,1,2008,2,JPTP,32,0
120,1,2008,2,JPTP,34,0
120,1,2008,2,JPTP,36,0
120,1,2008,2,JPTP,38,1.29437281864025
120,1,2008,2,JPTP,40,6.47186409320125
120,1,2008,2,JPTP,42,16.8268466423233
120,1,2008,2,JPTP,44,28.4762020100855
120,1,2008,2,JPTP,46,22.6515243262044
120,1,2008,2,JPTP,48,9.06060973048176
120,1,2008,2,JPTP,50,6.47186409320125
120,1,2008,2,JPTP,52,5.177491274561
120,1,2008,2,JPTP,54,3.23593204660063
120,1,2008,2,JPTP,56,1.29437281864025
120,1,2008,2,JPTP,58,0
120,1,2008,2,JPTP,60,0.647186409320125
120,1,2008,2,JPTP,62,0
120,1,2008,2,JPTP,64,0
120,1,2008,2,JPTP,66,0
120,1,2008,2,JPTP,68,0
120,1,2008,2,JPTP,70,0
120,1,2008,2,JPTP,72,0
120,1,2008,2,JPTP,74,0
120,1,2008,2,JPTP,76,0
120,1,2008,2,JPTP,78,0
120,1,2008,2,JPTP,80,0
120,1,2008,2,JPTP,82,0
120,1,2008,2,JPTP,84,0
120,1,2008,2,JPTP,86,0
120,1,2008,2,JPTP,88,0
120,1,2008,2,JPTP,90,0
120,1,2008,2,JPTP,92,0.647186409320125
120,1,2008,2,JPTP,94,0
120,1,2008,2,JPTP,96,0
120,1,2008,2,JPTP,98,0.647186409320125
120,1,2008,2,JPTP,100,0
120,1,2008,2,JPTP,102,0
120,1,2008,2,JPTP,104,0
120,1,2008,2,JPTP,106,0
120,1,2008,2,JPTP,108,0
120,1,2008,2,JPTP,110,0
120,1,2008,2,JPTP,112,0.647186409320125
120,1,2008,2,JPTP,114,0.647186409320125
120,1,2008,2,JPTP,116,0
120,1,2008,2,JPTP,118,0.647186409320125
120,1,2008,2,JPTP,120,0
120,1,2008,2,JPTP,122,0.647186409320125
120,1,2008,2,JPTP,124,0
120,1,2008,2,JPTP,126,0
120,1,2008,2,JPTP,128,0
120,1,2008,2,JPTP,130,0
120,1,2008,2,JPTP,132,0
120,1,2008,2,JPTP,134,0
120,1,2008,2,JPTP,136,0
120,1,2008,2,JPTP,138,0
120,1,2008,2,JPTP,140,0
120,1,2008,2,JPTP,142,0
120,1,2008,2,JPTP,144,0
120,1,2008,2,JPTP,146,0
120,1,2008,2,JPTP,148,0
120,1,2008,2,JPTP,150,0
120,1,2008,2,JPTP,152,0
120,1,2008,2,JPTP,154,0
120,1,2008,2,JPTP,156,0
120,1,2008,2,JPTP,158,0
120,1,2008,2,JPTP,160,0
120,1,2008,2,JPTP,162,0
120,1,2008,2,JPTP,164,0
120,1,2008,2,JPTP,166,0
120,1,2008,2,JPTP,168,0
120,1,2008,2,JPTP,170,0
120,1,2008,2,JPTP,172,0
120,1,2008,2,JPTP,174,0
120,1,2008,2,JPTP,176,0
120,1,2008,2,JPTP,178,0
120,1,2008,2,JPTP,180,0
120,1,2008,2,JPTP,182,0
120,1,2008,2,JPTP,184,0
120,1,2008,2,JPTP,186,0
120,1,2008,2,JPTP,188,0
120,1,2008,2,JPTP,190,0
120,1,2008,2,JPTP,192,0
120,1,2008,2,JPTP,194,0
120,1,2008,2,JPTP,196,0
120,1,2008,2,JPTP,198,0
121,1,2008,3,JPTP,10,0
121,1,2008,3,JPTP,12,0
121,1,2008,3,JPTP,14,0
121,1,2008,3,JPTP,16,0
121,1,2008,3,JPTP,18,0
121,1,2008,3,JPTP,20,0
121,1,2008,3,JPTP,22,0
121,1,2008,3,JPTP,24,0.564213792740622
121,1,2008,3,JPTP,26,1.69264137822187
121,1,2008,3,JPTP,28,2.25685517096249
121,1,2008,3,JPTP,30,4.51371034192498
121,1,2008,3,JPTP,32,23.6969792951061
121,1,2008,3,JPTP,34,50.2150275539154
121,1,2008,3,JPTP,36,67.7056551288747
121,1,2008,3,JPTP,38,24.8254068805874
121,1,2008,3,JPTP,40,1.69264137822187
121,1,2008,3,JPTP,42,0
121,1,2008,3,JPTP,44,2.25685517096249
121,1,2008,3,JPTP,46,2.25685517096249
121,1,2008,3,JPTP,48,3.38528275644373
121,1,2008,3,JPTP,50,16.362199989478
121,1,2008,3,JPTP,52,20.875910331403
121,1,2008,3,JPTP,54,29.3391172225124
121,1,2008,3,JPTP,56,19.1832689531812
121,1,2008,3,JPTP,58,11.8484896475531
121,1,2008,3,JPTP,60,4.51371034192498
121,1,2008,3,JPTP,62,1.12842758548124
121,1,2008,3,JPTP,64,1.69264137822187
121,1,2008,3,JPTP,66,0
121,1,2008,3,JPTP,68,1
121,1,2008,3,JPTP,70,0
121,1,2008,3,JPTP,72,0
121,1,2008,3,JPTP,74,0
121,1,2008,3,JPTP,76,0
121,1,2008,3,JPTP,78,0
121,1,2008,3,JPTP,80,0
121,1,2008,3,JPTP,82,0
121,1,2008,3,JPTP,84,0
121,1,2008,3,JPTP,86,0
121,1,2008,3,JPTP,88,0
121,1,2008,3,JPTP,90,0
121,1,2008,3,JPTP,92,0
121,1,2008,3,JPTP,94,0
121,1,2008,3,JPTP,96,0
121,1,2008,3,JPTP,98,0
121,1,2008,3,JPTP,100,0
121,1,2008,3,JPTP,102,0
121,1,2008,3,JPTP,104,0
121,1,2008,3,JPTP,106,0
121,1,2008,3,JPTP,108,0
121,1,2008,3,JPTP,110,0.564213792740622
121,1,2008,3,JPTP,112,1.12842758548124
121,1,2008,3,JPTP,114,0
121,1,2008,3,JPTP,116,0
121,1,2008,3,JPTP,118,0.564213792740622
121,1,2008,3,JPTP,120,0
121,1,2008,3,JPTP,122,0
121,1,2008,3,JPTP,124,0
121,1,2008,3,JPTP,126,0.564213792740622
121,1,2008,3,JPTP,128,0
121,1,2008,3,JPTP,130,0
121,1,2008,3,JPTP,132,0
121,1,2008,3,JPTP,134,0
121,1,2008,3,JPTP,136,0
121,1,2008,3,JPTP,138,0
121,1,2008,3,JPTP,140,0
121,1,2008,3,JPTP,142,0.564213792740622
121,1,2008,3,JPTP,144,0
121,1,2008,3,JPTP,146,0
121,1,2008,3,JPTP,148,0
121,1,2008,3,JPTP,150,0
121,1,2008,3,JPTP,152,0
121,1,2008,3,JPTP,154,0
121,1,2008,3,JPTP,156,0
121,1,2008,3,JPTP,158,0
121,1,2008,3,JPTP,160,0
121,1,2008,3,JPTP,162,0
121,1,2008,3,JPTP,164,0
121,1,2008,3,JPTP,166,0
121,1,2008,3,JPTP,168,0
121,1,2008,3,JPTP,170,0
121,1,2008,3,JPTP,172,0
121,1,2008,3,JPTP,174,0
121,1,2008,3,JPTP,176,0
121,1,2008,3,JPTP,178,0
121,1,2008,3,JPTP,180,0
121,1,2008,3,JPTP,182,0
121,1,2008,3,JPTP,184,0
121,1,2008,3,JPTP,186,0
121,1,2008,3,JPTP,188,0
121,1,2008,3,JPTP,190,0
121,1,2008,3,JPTP,192,0
121,1,2008,3,JPTP,194,0
121,1,2008,3,JPTP,196,0
121,1,2008,3,JPTP,198,0
122,1,2008,4,JPTP,10,0
122,1,2008,4,JPTP,12,0
122,1,2008,4,JPTP,14,0
122,1,2008,4,JPTP,16,0
122,1,2008,4,JPTP,18,0
122,1,2008,4,JPTP,20,0
122,1,2008,4,JPTP,22,0
122,1,2008,4,JPTP,24,0
122,1,2008,4,JPTP,26,0
122,1,2008,4,JPTP,28,0
122,1,2008,4,JPTP,30,3.52357045074291
122,1,2008,4,JPTP,32,12.5841801812247
122,1,2008,4,JPTP,34,35.739071714678
122,1,2008,4,JPTP,36,67.9545729786132
122,1,2008,4,JPTP,38,50.8400879321476
122,1,2008,4,JPTP,40,32.7188684711841
122,1,2008,4,JPTP,42,33.7256028856821
122,1,2008,4,JPTP,44,16.1077506319676
122,1,2008,4,JPTP,46,3.52357045074291
122,1,2008,4,JPTP,48,2.01346882899595
122,1,2008,4,JPTP,50,0.503367207248987
122,1,2008,4,JPTP,52,0
122,1,2008,4,JPTP,54,1.00673441449797
122,1,2008,4,JPTP,56,0.503367207248987
122,1,2008,4,JPTP,58,0.503367207248987
122,1,2008,4,JPTP,60,0.503367207248987
122,1,2008,4,JPTP,62,1.00673441449797
122,1,2008,4,JPTP,64,0.503367207248987
122,1,2008,4,JPTP,66,0
122,1,2008,4,JPTP,68,0
122,1,2008,4,JPTP,70,0
122,1,2008,4,JPTP,72,0.503367207248987
122,1,2008,4,JPTP,74,0
122,1,2008,4,JPTP,76,0
122,1,2008,4,JPTP,78,0
122,1,2008,4,JPTP,80,0
122,1,2008,4,JPTP,82,0
122,1,2008,4,JPTP,84,0
122,1,2008,4,JPTP,86,0
122,1,2008,4,JPTP,88,0
122,1,2008,4,JPTP,90,0
122,1,2008,4,JPTP,92,0
122,1,2008,4,JPTP,94,0
122,1,2008,4,JPTP,96,0
122,1,2008,4,JPTP,98,0
122,1,2008,4,JPTP,100,0
122,1,2008,4,JPTP,102,0
122,1,2008,4,JPTP,104,0
122,1,2008,4,JPTP,106,0
122,1,2008,4,JPTP,108,0
122,1,2008,4,JPTP,110,0
122,1,2008,4,JPTP,112,0
122,1,2008,4,JPTP,114,0
122,1,2008,4,JPTP,116,0
122,1,2008,4,JPTP,118,0
122,1,2008,4,JPTP,120,0
122,1,2008,4,JPTP,122,0
122,1,2008,4,JPTP,124,0
122,1,2008,4,JPTP,126,0
122,1,2008,4,JPTP,128,0
122,1,2008,4,JPTP,130,0
122,1,2008,4,JPTP,132,0
122,1,2008,4,JPTP,134,0
122,1,2008,4,JPTP,136,0
122,1,2008,4,JPTP,138,0
122,1,2008,4,JPTP,140,0
122,1,2008,4,JPTP,142,0
122,1,2008,4,JPTP,144,0
122,1,2008,4,JPTP,146,0
122,1,2008,4,JPTP,148,0
122,1,2008,4,JPTP,150,0
122,1,2008,4,JPTP,152,0
122,1,2008,4,JPTP,154,0
122,1,2008,4,JPTP,156,0
122,1,2008,4,JPTP,158,0
122,1,2008,4,JPTP,160,0
122,1,2008,4,JPTP,162,0
122,1,2008,4,JPTP,164,0
122,1,2008,4,JPTP,166,0
122,1,2008,4,JPTP,168,0
122,1,2008,4,JPTP,170,0
122,1,2008,4,JPTP,172,0
122,1,2008,4,JPTP,174,0
122,1,2008,4,JPTP,176,0
122,1,2008,4,JPTP,178,0
122,1,2008,4,JPTP,180,0
122,1,2008,4,JPTP,182,0
122,1,2008,4,JPTP,184,0
122,1,2008,4,JPTP,186,0
122,1,2008,4,JPTP,188,0
122,1,2008,4,JPTP,190,0
122,1,2008,4,JPTP,192,0
122,1,2008,4,JPTP,194,0
122,1,2008,4,JPTP,196,0
122,1,2008,4,JPTP,198,0
123,1,2009,2,JPTP,10,0
123,1,2009,2,JPTP,12,0
123,1,2009,2,JPTP,14,0
123,1,2009,2,JPTP,16,0
123,1,2009,2,JPTP,18,0
123,1,2009,2,JPTP,20,0
123,1,2009,2,JPTP,22,0
123,1,2009,2,JPTP,24,0
123,1,2009,2,JPTP,26,0
123,1,2009,2,JPTP,28,0
123,1,2009,2,JPTP,30,0
123,1,2009,2,JPTP,32,0
123,1,2009,2,JPTP,34,0
123,1,2009,2,JPTP,36,0
123,1,2009,2,JPTP,38,0
123,1,2009,2,JPTP,40,0
123,1,2009,2,JPTP,42,0.647186409320125
123,1,2009,2,JPTP,44,7.76623691184151
123,1,2009,2,JPTP,46,3.88311845592075
123,1,2009,2,JPTP,48,3.23593204660063
123,1,2009,2,JPTP,50,0.647186409320125
123,1,2009,2,JPTP,52,0
123,1,2009,2,JPTP,54,0
123,1,2009,2,JPTP,56,0
123,1,2009,2,JPTP,58,0
123,1,2009,2,JPTP,60,0
123,1,2009,2,JPTP,62,0
123,1,2009,2,JPTP,64,0
123,1,2009,2,JPTP,66,0
123,1,2009,2,JPTP,68,0
123,1,2009,2,JPTP,70,0
123,1,2009,2,JPTP,72,0
123,1,2009,2,JPTP,74,0
123,1,2009,2,JPTP,76,0
123,1,2009,2,JPTP,78,0
123,1,2009,2,JPTP,80,0
123,1,2009,2,JPTP,82,0
123,1,2009,2,JPTP,84,0
123,1,2009,2,JPTP,86,0
123,1,2009,2,JPTP,88,0
123,1,2009,2,JPTP,90,0
123,1,2009,2,JPTP,92,0
123,1,2009,2,JPTP,94,0
123,1,2009,2,JPTP,96,0
123,1,2009,2,JPTP,98,0
123,1,2009,2,JPTP,100,0
123,1,2009,2,JPTP,102,0
123,1,2009,2,JPTP,104,0
123,1,2009,2,JPTP,106,0
123,1,2009,2,JPTP,108,0
123,1,2009,2,JPTP,110,0
123,1,2009,2,JPTP,112,0
123,1,2009,2,JPTP,114,0
123,1,2009,2,JPTP,116,0
123,1,2009,2,JPTP,118,0
123,1,2009,2,JPTP,120,0
123,1,2009,2,JPTP,122,0
123,1,2009,2,JPTP,124,0
123,1,2009,2,JPTP,126,0
123,1,2009,2,JPTP,128,0
123,1,2009,2,JPTP,130,0
123,1,2009,2,JPTP,132,0
123,1,2009,2,JPTP,134,0
123,1,2009,2,JPTP,136,0
123,1,2009,2,JPTP,138,0
123,1,2009,2,JPTP,140,0
123,1,2009,2,JPTP,142,0
123,1,2009,2,JPTP,144,0
123,1,2009,2,JPTP,146,0
123,1,2009,2,JPTP,148,0
123,1,2009,2,JPTP,150,0
123,1,2009,2,JPTP,152,0
123,1,2009,2,JPTP,154,0
123,1,2009,2,JPTP,156,0
123,1,2009,2,JPTP,158,0
123,1,2009,2,JPTP,160,0
123,1,2009,2,JPTP,162,0
123,1,2009,2,JPTP,164,0
123,1,2009,2,JPTP,166,0
123,1,2009,2,JPTP,168,0
123,1,2009,2,JPTP,170,0
123,1,2009,2,JPTP,172,0
123,1,2009,2,JPTP,174,0
123,1,2009,2,JPTP,176,0
123,1,2009,2,JPTP,178,0
123,1,2009,2,JPTP,180,0
123,1,2009,2,JPTP,182,0
123,1,2009,2,JPTP,184,0
123,1,2009,2,JPTP,186,0
123,1,2009,2,JPTP,188,0
123,1,2009,2,JPTP,190,0
123,1,2009,2,JPTP,192,0
123,1,2009,2,JPTP,194,0
123,1,2009,2,JPTP,196,0
123,1,2009,2,JPTP,198,0
124,1,2009,3,JPTP,10,0
124,1,2009,3,JPTP,12,0
124,1,2009,3,JPTP,14,0
124,1,2009,3,JPTP,16,0
124,1,2009,3,JPTP,18,0
124,1,2009,3,JPTP,20,0
124,1,2009,3,JPTP,22,0
124,1,2009,3,JPTP,24,0
124,1,2009,3,JPTP,26,3.46104036288589
124,1,2009,3,JPTP,28,4.61472048384785
124,1,2009,3,JPTP,30,9.2294409676957
124,1,2009,3,JPTP,32,32.303043386935
124,1,2009,3,JPTP,34,60.568206350503
124,1,2009,3,JPTP,36,68.0671271367558
124,1,2009,3,JPTP,38,64.6060867738699
124,1,2009,3,JPTP,40,70.9513274391607
124,1,2009,3,JPTP,42,40.9556442941497
124,1,2009,3,JPTP,44,11.5368012096196
124,1,2009,3,JPTP,46,5.76840060480981
124,1,2009,3,JPTP,48,7.49892078625276
124,1,2009,3,JPTP,50,19.6125620563534
124,1,2009,3,JPTP,52,25.9578027216442
124,1,2009,3,JPTP,54,12.6904813305816
124,1,2009,3,JPTP,56,10.3831210886577
124,1,2009,3,JPTP,58,2.30736024192393
124,1,2009,3,JPTP,60,3.46104036288589
124,1,2009,3,JPTP,62,2.88420030240491
124,1,2009,3,JPTP,64,1.15368012096196
124,1,2009,3,JPTP,66,0
124,1,2009,3,JPTP,68,0.576840060480981
124,1,2009,3,JPTP,70,0
124,1,2009,3,JPTP,72,0
124,1,2009,3,JPTP,74,0.576840060480981
124,1,2009,3,JPTP,76,0
124,1,2009,3,JPTP,78,0
124,1,2009,3,JPTP,80,0
124,1,2009,3,JPTP,82,0
124,1,2009,3,JPTP,84,0
124,1,2009,3,JPTP,86,0
124,1,2009,3,JPTP,88,0
124,1,2009,3,JPTP,90,0
124,1,2009,3,JPTP,92,0
124,1,2009,3,JPTP,94,0
124,1,2009,3,JPTP,96,0
124,1,2009,3,JPTP,98,0
124,1,2009,3,JPTP,100,0
124,1,2009,3,JPTP,102,0
124,1,2009,3,JPTP,104,0
124,1,2009,3,JPTP,106,0
124,1,2009,3,JPTP,108,0
124,1,2009,3,JPTP,110,0
124,1,2009,3,JPTP,112,0
124,1,2009,3,JPTP,114,0
124,1,2009,3,JPTP,116,0
124,1,2009,3,JPTP,118,0
124,1,2009,3,JPTP,120,0
124,1,2009,3,JPTP,122,0
124,1,2009,3,JPTP,124,0
124,1,2009,3,JPTP,126,0
124,1,2009,3,JPTP,128,0
124,1,2009,3,JPTP,130,0
124,1,2009,3,JPTP,132,0
124,1,2009,3,JPTP,134,0
124,1,2009,3,JPTP,136,0
124,1,2009,3,JPTP,138,0
124,1,2009,3,JPTP,140,0
124,1,2009,3,JPTP,142,0
124,1,2009,3,JPTP,144,0
124,1,2009,3,JPTP,146,0
124,1,2009,3,JPTP,148,0
124,1,2009,3,JPTP,150,0
124,1,2009,3,JPTP,152,0
124,1,2009,3,JPTP,154,0
124,1,2009,3,JPTP,156,0
124,1,2009,3,JPTP,158,0
124,1,2009,3,JPTP,160,0
124,1,2009,3,JPTP,162,0
124,1,2009,3,JPTP,164,0
124,1,2009,3,JPTP,166,0
124,1,2009,3,JPTP,168,0
124,1,2009,3,JPTP,170,0
124,1,2009,3,JPTP,172,0
124,1,2009,3,JPTP,174,0
124,1,2009,3,JPTP,176,0
124,1,2009,3,JPTP,178,0
124,1,2009,3,JPTP,180,0
124,1,2009,3,JPTP,182,0
124,1,2009,3,JPTP,184,0
124,1,2009,3,JPTP,186,0
124,1,2009,3,JPTP,188,0
124,1,2009,3,JPTP,190,0
124,1,2009,3,JPTP,192,0
124,1,2009,3,JPTP,194,0
124,1,2009,3,JPTP,196,0
124,1,2009,3,JPTP,198,0
125,1,2009,4,JPTP,10,0
125,1,2009,4,JPTP,12,0
125,1,2009,4,JPTP,14,0
125,1,2009,4,JPTP,16,0
125,1,2009,4,JPTP,18,0
125,1,2009,4,JPTP,20,0
125,1,2009,4,JPTP,22,0
125,1,2009,4,JPTP,24,0
125,1,2009,4,JPTP,26,0
125,1,2009,4,JPTP,28,0
125,1,2009,4,JPTP,30,0
125,1,2009,4,JPTP,32,0.970779613980188
125,1,2009,4,JPTP,34,2.26515243262044
125,1,2009,4,JPTP,36,3.88311845592075
125,1,2009,4,JPTP,38,1.94155922796038
125,1,2009,4,JPTP,40,0.970779613980188
125,1,2009,4,JPTP,42,0.323593204660063
125,1,2009,4,JPTP,44,0.647186409320125
125,1,2009,4,JPTP,46,0.323593204660063
125,1,2009,4,JPTP,48,0
125,1,2009,4,JPTP,50,0
125,1,2009,4,JPTP,52,0
125,1,2009,4,JPTP,54,0
125,1,2009,4,JPTP,56,0
125,1,2009,4,JPTP,58,0
125,1,2009,4,JPTP,60,0
125,1,2009,4,JPTP,62,0
125,1,2009,4,JPTP,64,0
125,1,2009,4,JPTP,66,0
125,1,2009,4,JPTP,68,0
125,1,2009,4,JPTP,70,0
125,1,2009,4,JPTP,72,0
125,1,2009,4,JPTP,74,0
125,1,2009,4,JPTP,76,0
125,1,2009,4,JPTP,78,0
125,1,2009,4,JPTP,80,0
125,1,2009,4,JPTP,82,0
125,1,2009,4,JPTP,84,0
125,1,2009,4,JPTP,86,0
125,1,2009,4,JPTP,88,0
125,1,2009,4,JPTP,90,0
125,1,2009,4,JPTP,92,0
125,1,2009,4,JPTP,94,0
125,1,2009,4,JPTP,96,0
125,1,2009,4,JPTP,98,0
125,1,2009,4,JPTP,100,0
125,1,2009,4,JPTP,102,0
125,1,2009,4,JPTP,104,0
125,1,2009,4,JPTP,106,0
125,1,2009,4,JPTP,108,0
125,1,2009,4,JPTP,110,0
125,1,2009,4,JPTP,112,0
125,1,2009,4,JPTP,114,0
125,1,2009,4,JPTP,116,0
125,1,2009,4,JPTP,118,0
125,1,2009,4,JPTP,120,0
125,1,2009,4,JPTP,122,0
125,1,2009,4,JPTP,124,0
125,1,2009,4,JPTP,126,0
125,1,2009,4,JPTP,128,0
125,1,2009,4,JPTP,130,0
125,1,2009,4,JPTP,132,0
125,1,2009,4,JPTP,134,0
125,1,2009,4,JPTP,136,0
125,1,2009,4,JPTP,138,0
125,1,2009,4,JPTP,140,0
125,1,2009,4,JPTP,142,0
125,1,2009,4,JPTP,144,0
125,1,2009,4,JPTP,146,0
125,1,2009,4,JPTP,148,0
125,1,2009,4,JPTP,150,0
125,1,2009,4,JPTP,152,0
125,1,2009,4,JPTP,154,0
125,1,2009,4,JPTP,156,0
125,1,2009,4,JPTP,158,0
125,1,2009,4,JPTP,160,0
125,1,2009,4,JPTP,162,0
125,1,2009,4,JPTP,164,0
125,1,2009,4,JPTP,166,0
125,1,2009,4,JPTP,168,0
125,1,2009,4,JPTP,170,0
125,1,2009,4,JPTP,172,0
125,1,2009,4,JPTP,174,0
125,1,2009,4,JPTP,176,0
125,1,2009,4,JPTP,178,0
125,1,2009,4,JPTP,180,0
125,1,2009,4,JPTP,182,0
125,1,2009,4,JPTP,184,0
125,1,2009,4,JPTP,186,0
125,1,2009,4,JPTP,188,0
125,1,2009,4,JPTP,190,0
125,1,2009,4,JPTP,192,0
125,1,2009,4,JPTP,194,0
125,1,2009,4,JPTP,196,0
125,1,2009,4,JPTP,198,0
126,1,2010,3,JPTP,10,0
126,1,2010,3,JPTP,12,0
126,1,2010,3,JPTP,14,0
126,1,2010,3,JPTP,16,0
126,1,2010,3,JPTP,18,0
126,1,2010,3,JPTP,20,0
126,1,2010,3,JPTP,22,0
126,1,2010,3,JPTP,24,0.647186409320125
126,1,2010,3,JPTP,26,0.647186409320125
126,1,2010,3,JPTP,28,1.94155922796038
126,1,2010,3,JPTP,30,2.5887456372805
126,1,2010,3,JPTP,32,2.5887456372805
126,1,2010,3,JPTP,34,4.53030486524088
126,1,2010,3,JPTP,36,14.2381010050428
126,1,2010,3,JPTP,38,11.0021689584421
126,1,2010,3,JPTP,40,6.47186409320125
126,1,2010,3,JPTP,42,4.53030486524088
126,1,2010,3,JPTP,44,1.29437281864025
126,1,2010,3,JPTP,46,0.647186409320125
126,1,2010,3,JPTP,48,1.94155922796038
126,1,2010,3,JPTP,50,6.47186409320125
126,1,2010,3,JPTP,52,3.88311845592075
126,1,2010,3,JPTP,54,0.647186409320125
126,1,2010,3,JPTP,56,1
126,1,2010,3,JPTP,58,0
126,1,2010,3,JPTP,60,0
126,1,2010,3,JPTP,62,0
126,1,2010,3,JPTP,64,0
126,1,2010,3,JPTP,66,0
126,1,2010,3,JPTP,68,0
126,1,2010,3,JPTP,70,0
126,1,2010,3,JPTP,72,0
126,1,2010,3,JPTP,74,0
126,1,2010,3,JPTP,76,0
126,1,2010,3,JPTP,78,0
126,1,2010,3,JPTP,80,0
126,1,2010,3,JPTP,82,0
126,1,2010,3,JPTP,84,0
126,1,2010,3,JPTP,86,0
126,1,2010,3,JPTP,88,0
126,1,2010,3,JPTP,90,0
126,1,2010,3,JPTP,92,0
126,1,2010,3,JPTP,94,0
126,1,2010,3,JPTP,96,0
126,1,2010,3,JPTP,98,0
126,1,2010,3,JPTP,100,0
126,1,2010,3,JPTP,102,0
126,1,2010,3,JPTP,104,0
126,1,2010,3,JPTP,106,0
126,1,2010,3,JPTP,108,0
126,1,2010,3,JPTP,110,0
126,1,2010,3,JPTP,112,0
126,1,2010,3,JPTP,114,0.647186409320125
126,1,2010,3,JPTP,116,0
126,1,2010,3,JPTP,118,0
126,1,2010,3,JPTP,120,0
126,1,2010,3,JPTP,122,0
126,1,2010,3,JPTP,124,0
126,1,2010,3,JPTP,126,0
126,1,2010,3,JPTP,128,0
126,1,2010,3,JPTP,130,0
126,1,2010,3,JPTP,132,0
126,1,2010,3,JPTP,134,0
126,1,2010,3,JPTP,136,0
126,1,2010,3,JPTP,138,0
126,1,2010,3,JPTP,140,0
126,1,2010,3,JPTP,142,0
126,1,2010,3,JPTP,144,0
126,1,2010,3,JPTP,146,0
126,1,2010,3,JPTP,148,0
126,1,2010,3,JPTP,150,0
126,1,2010,3,JPTP,152,0
126,1,2010,3,JPTP,154,0
126,1,2010,3,JPTP,156,0
126,1,2010,3,JPTP,158,0
126,1,2010,3,JPTP,160,0
126,1,2010,3,JPTP,162,0
126,1,2010,3,JPTP,164,0
126,1,2010,3,JPTP,166,0
126,1,2010,3,JPTP,168,0
126,1,2010,3,JPTP,170,0
126,1,2010,3,JPTP,172,0
126,1,2010,3,JPTP,174,0
126,1,2010,3,JPTP,176,0
126,1,2010,3,JPTP,178,0
126,1,2010,3,JPTP,180,0
126,1,2010,3,JPTP,182,0
126,1,2010,3,JPTP,184,0
126,1,2010,3,JPTP,186,0
126,1,2010,3,JPTP,188,0
126,1,2010,3,JPTP,190,0
126,1,2010,3,JPTP,192,0
126,1,2010,3,JPTP,194,0
126,1,2010,3,JPTP,196,0
126,1,2010,3,JPTP,198,0
127,1,2010,4,JPTP,10,0
127,1,2010,4,JPTP,12,0
127,1,2010,4,JPTP,14,0
127,1,2010,4,JPTP,16,0
127,1,2010,4,JPTP,18,0
127,1,2010,4,JPTP,20,0
127,1,2010,4,JPTP,22,0
127,1,2010,4,JPTP,24,0
127,1,2010,4,JPTP,26,0
127,1,2010,4,JPTP,28,1.83517242094885
127,1,2010,4,JPTP,30,1.83517242094885
127,1,2010,4,JPTP,32,17.1282759288559
127,1,2010,4,JPTP,34,68.5131037154237
127,1,2010,4,JPTP,36,67.9013795751074
127,1,2010,4,JPTP,38,42.8206898221398
127,1,2010,4,JPTP,40,58.1137933300469
127,1,2010,4,JPTP,42,29.3627587351816
127,1,2010,4,JPTP,44,20.7986207707536
127,1,2010,4,JPTP,46,11.0110345256931
127,1,2010,4,JPTP,48,3
127,1,2010,4,JPTP,50,0.611724140316283
127,1,2010,4,JPTP,52,1.83517242094885
127,1,2010,4,JPTP,54,0
127,1,2010,4,JPTP,56,2.44689656126513
127,1,2010,4,JPTP,58,1.83517242094885
127,1,2010,4,JPTP,60,1.83517242094885
127,1,2010,4,JPTP,62,0.611724140316283
127,1,2010,4,JPTP,64,2
127,1,2010,4,JPTP,66,1
127,1,2010,4,JPTP,68,2.44689656126513
127,1,2010,4,JPTP,70,2.44689656126513
127,1,2010,4,JPTP,72,1.22344828063257
127,1,2010,4,JPTP,74,1.22344828063257
127,1,2010,4,JPTP,76,0
127,1,2010,4,JPTP,78,0.611724140316283
127,1,2010,4,JPTP,80,0
127,1,2010,4,JPTP,82,0
127,1,2010,4,JPTP,84,0
127,1,2010,4,JPTP,86,0
127,1,2010,4,JPTP,88,0
127,1,2010,4,JPTP,90,1
127,1,2010,4,JPTP,92,0
127,1,2010,4,JPTP,94,0
127,1,2010,4,JPTP,96,0
127,1,2010,4,JPTP,98,0
127,1,2010,4,JPTP,100,0
127,1,2010,4,JPTP,102,0
127,1,2010,4,JPTP,104,0
127,1,2010,4,JPTP,106,0
127,1,2010,4,JPTP,108,0
127,1,2010,4,JPTP,110,0
127,1,2010,4,JPTP,112,0
127,1,2010,4,JPTP,114,0
127,1,2010,4,JPTP,116,0
127,1,2010,4,JPTP,118,0
127,1,2010,4,JPTP,120,0
127,1,2010,4,JPTP,122,0
127,1,2010,4,JPTP,124,0
127,1,2010,4,JPTP,126,0
127,1,2010,4,JPTP,128,0
127,1,2010,4,JPTP,130,0
127,1,2010,4,JPTP,132,0
127,1,2010,4,JPTP,134,0
127,1,2010,4,JPTP,136,0
127,1,2010,4,JPTP,138,0
127,1,2010,4,JPTP,140,0
127,1,2010,4,JPTP,142,0
127,1,2010,4,JPTP,144,0
127,1,2010,4,JPTP,146,0
127,1,2010,4,JPTP,148,0
127,1,2010,4,JPTP,150,0
127,1,2010,4,JPTP,152,0
127,1,2010,4,JPTP,154,0
127,1,2010,4,JPTP,156,0
127,1,2010,4,JPTP,158,0
127,1,2010,4,JPTP,160,0
127,1,2010,4,JPTP,162,0
127,1,2010,4,JPTP,164,0
127,1,2010,4,JPTP,166,0
127,1,2010,4,JPTP,168,0
127,1,2010,4,JPTP,170,0
127,1,2010,4,JPTP,172,0
127,1,2010,4,JPTP,174,0
127,1,2010,4,JPTP,176,0
127,1,2010,4,JPTP,178,0
127,1,2010,4,JPTP,180,0
127,1,2010,4,JPTP,182,0
127,1,2010,4,JPTP,184,0
127,1,2010,4,JPTP,186,0
127,1,2010,4,JPTP,188,0
127,1,2010,4,JPTP,190,0
127,1,2010,4,JPTP,192,0
127,1,2010,4,JPTP,194,0
127,1,2010,4,JPTP,196,0
127,1,2010,4,JPTP,198,0
128,1,2011,2,JPTP,10,0
128,1,2011,2,JPTP,12,0
128,1,2011,2,JPTP,14,0
128,1,2011,2,JPTP,16,0
128,1,2011,2,JPTP,18,0
128,1,2011,2,JPTP,20,0
128,1,2011,2,JPTP,22,0
128,1,2011,2,JPTP,24,0
128,1,2011,2,JPTP,26,0
128,1,2011,2,JPTP,28,0
128,1,2011,2,JPTP,30,0
128,1,2011,2,JPTP,32,0
128,1,2011,2,JPTP,34,0
128,1,2011,2,JPTP,36,0
128,1,2011,2,JPTP,38,0
128,1,2011,2,JPTP,40,0.647186409320125
128,1,2011,2,JPTP,42,1.94155922796038
128,1,2011,2,JPTP,44,3.23593204660063
128,1,2011,2,JPTP,46,3.88311845592075
128,1,2011,2,JPTP,48,2
128,1,2011,2,JPTP,50,0
128,1,2011,2,JPTP,52,0
128,1,2011,2,JPTP,54,0
128,1,2011,2,JPTP,56,0
128,1,2011,2,JPTP,58,0
128,1,2011,2,JPTP,60,0
128,1,2011,2,JPTP,62,0
128,1,2011,2,JPTP,64,0
128,1,2011,2,JPTP,66,0
128,1,2011,2,JPTP,68,0
128,1,2011,2,JPTP,70,0
128,1,2011,2,JPTP,72,0
128,1,2011,2,JPTP,74,0
128,1,2011,2,JPTP,76,0
128,1,2011,2,JPTP,78,0
128,1,2011,2,JPTP,80,0
128,1,2011,2,JPTP,82,0
128,1,2011,2,JPTP,84,0
128,1,2011,2,JPTP,86,0
128,1,2011,2,JPTP,88,0
128,1,2011,2,JPTP,90,0
128,1,2011,2,JPTP,92,0
128,1,2011,2,JPTP,94,0
128,1,2011,2,JPTP,96,0
128,1,2011,2,JPTP,98,0
128,1,2011,2,JPTP,100,0
128,1,2011,2,JPTP,102,0
128,1,2011,2,JPTP,104,0
128,1,2011,2,JPTP,106,0
128,1,2011,2,JPTP,108,0
128,1,2011,2,JPTP,110,0
128,1,2011,2,JPTP,112,0
128,1,2011,2,JPTP,114,0
128,1,2011,2,JPTP,116,0
128,1,2011,2,JPTP,118,0
128,1,2011,2,JPTP,120,0
128,1,2011,2,JPTP,122,0
128,1,2011,2,JPTP,124,0
128,1,2011,2,JPTP,126,0
128,1,2011,2,JPTP,128,0
128,1,2011,2,JPTP,130,0
128,1,2011,2,JPTP,132,0
128,1,2011,2,JPTP,134,0
128,1,2011,2,JPTP,136,0
128,1,2011,2,JPTP,138,0
128,1,2011,2,JPTP,140,0
128,1,2011,2,JPTP,142,0
128,1,2011,2,JPTP,144,0
128,1,2011,2,JPTP,146,0
128,1,2011,2,JPTP,148,0
128,1,2011,2,JPTP,150,0
128,1,2011,2,JPTP,152,0
128,1,2011,2,JPTP,154,0
128,1,2011,2,JPTP,156,0
128,1,2011,2,JPTP,158,0
128,1,2011,2,JPTP,160,0
128,1,2011,2,JPTP,162,0
128,1,2011,2,JPTP,164,0
128,1,2011,2,JPTP,166,0
128,1,2011,2,JPTP,168,0
128,1,2011,2,JPTP,170,0
128,1,2011,2,JPTP,172,0
128,1,2011,2,JPTP,174,0
128,1,2011,2,JPTP,176,0
128,1,2011,2,JPTP,178,0
128,1,2011,2,JPTP,180,0
128,1,2011,2,JPTP,182,0
128,1,2011,2,JPTP,184,0
128,1,2011,2,JPTP,186,0
128,1,2011,2,JPTP,188,0
128,1,2011,2,JPTP,190,0
128,1,2011,2,JPTP,192,0
128,1,2011,2,JPTP,194,0
128,1,2011,2,JPTP,196,0
128,1,2011,2,JPTP,198,0
129,1,2011,4,JPTP,10,0
129,1,2011,4,JPTP,12,0
129,1,2011,4,JPTP,14,0
129,1,2011,4,JPTP,16,0
129,1,2011,4,JPTP,18,0
129,1,2011,4,JPTP,20,0
129,1,2011,4,JPTP,22,0
129,1,2011,4,JPTP,24,9.70779613980188
129,1,2011,4,JPTP,26,13.5909145957226
129,1,2011,4,JPTP,28,7.11905050252138
129,1,2011,4,JPTP,30,16.8268466423233
129,1,2011,4,JPTP,32,27.1818291914453
129,1,2011,4,JPTP,34,22.0043379168843
129,1,2011,4,JPTP,36,7.76623691184151
129,1,2011,4,JPTP,38,7.11905050252138
129,1,2011,4,JPTP,40,9.06060973048176
129,1,2011,4,JPTP,42,2.5887456372805
129,1,2011,4,JPTP,44,1.29437281864025
129,1,2011,4,JPTP,46,0.647186409320125
129,1,2011,4,JPTP,48,0.647186409320125
129,1,2011,4,JPTP,50,0
129,1,2011,4,JPTP,52,0
129,1,2011,4,JPTP,54,0
129,1,2011,4,JPTP,56,0
129,1,2011,4,JPTP,58,0
129,1,2011,4,JPTP,60,0
129,1,2011,4,JPTP,62,0
129,1,2011,4,JPTP,64,0
129,1,2011,4,JPTP,66,0
129,1,2011,4,JPTP,68,0
129,1,2011,4,JPTP,70,0
129,1,2011,4,JPTP,72,0
129,1,2011,4,JPTP,74,0
129,1,2011,4,JPTP,76,0
129,1,2011,4,JPTP,78,0
129,1,2011,4,JPTP,80,0
129,1,2011,4,JPTP,82,0
129,1,2011,4,JPTP,84,0
129,1,2011,4,JPTP,86,0
129,1,2011,4,JPTP,88,0
129,1,2011,4,JPTP,90,0
129,1,2011,4,JPTP,92,0
129,1,2011,4,JPTP,94,0
129,1,2011,4,JPTP,96,0
129,1,2011,4,JPTP,98,0
129,1,2011,4,JPTP,100,0
129,1,2011,4,JPTP,102,0
129,1,2011,4,JPTP,104,0
129,1,2011,4,JPTP,106,0
129,1,2011,4,JPTP,108,0
129,1,2011,4,JPTP,110,0
129,1,2011,4,JPTP,112,0
129,1,2011,4,JPTP,114,0
129,1,2011,4,JPTP,116,0
129,1,2011,4,JPTP,118,0
129,1,2011,4,JPTP,120,0
129,1,2011,4,JPTP,122,0
129,1,2011,4,JPTP,124,0
129,1,2011,4,JPTP,126,0
129,1,2011,4,JPTP,128,0
129,1,2011,4,JPTP,130,0
129,1,2011,4,JPTP,132,0
129,1,2011,4,JPTP,134,0
129,1,2011,4,JPTP,136,0
129,1,2011,4,JPTP,138,0
129,1,2011,4,JPTP,140,0
129,1,2011,4,JPTP,142,0
129,1,2011,4,JPTP,144,0
129,1,2011,4,JPTP,146,0
129,1,2011,4,JPTP,148,0
129,1,2011,4,JPTP,150,0
129,1,2011,4,JPTP,152,0
129,1,2011,4,JPTP,154,0
129,1,2011,4,JPTP,156,0
129,1,2011,4,JPTP,158,0
129,1,2011,4,JPTP,160,0
129,1,2011,4,JPTP,162,0
129,1,2011,4,JPTP,164,0
129,1,2011,4,JPTP,166,0
129,1,2011,4,JPTP,168,0
129,1,2011,4,JPTP,170,0
129,1,2011,4,JPTP,172,0
129,1,2011,4,JPTP,174,0
129,1,2011,4,JPTP,176,0
129,1,2011,4,JPTP,178,0
129,1,2011,4,JPTP,180,0
129,1,2011,4,JPTP,182,0
129,1,2011,4,JPTP,184,0
129,1,2011,4,JPTP,186,0
129,1,2011,4,JPTP,188,0
129,1,2011,4,JPTP,190,0
129,1,2011,4,JPTP,192,0
129,1,2011,4,JPTP,194,0
129,1,2011,4,JPTP,196,0
129,1,2011,4,JPTP,198,0
130,1,2012,1,JPTP,10,0
130,1,2012,1,JPTP,12,0
130,1,2012,1,JPTP,14,0
130,1,2012,1,JPTP,16,0
130,1,2012,1,JPTP,18,0
130,1,2012,1,JPTP,20,0
130,1,2012,1,JPTP,22,0
130,1,2012,1,JPTP,24,0
130,1,2012,1,JPTP,26,0
130,1,2012,1,JPTP,28,0
130,1,2012,1,JPTP,30,0
130,1,2012,1,JPTP,32,3.88311845592075
130,1,2012,1,JPTP,34,16.8268466423233
130,1,2012,1,JPTP,36,25.887456372805
130,1,2012,1,JPTP,38,50.4805399269698
130,1,2012,1,JPTP,40,55.6580312015308
130,1,2012,1,JPTP,42,60.1883360667717
130,1,2012,1,JPTP,44,23.2987107355245
130,1,2012,1,JPTP,46,6.47186409320125
130,1,2012,1,JPTP,48,1.94155922796038
130,1,2012,1,JPTP,50,0
130,1,2012,1,JPTP,52,0
130,1,2012,1,JPTP,54,0
130,1,2012,1,JPTP,56,0
130,1,2012,1,JPTP,58,0
130,1,2012,1,JPTP,60,0
130,1,2012,1,JPTP,62,0
130,1,2012,1,JPTP,64,0
130,1,2012,1,JPTP,66,0
130,1,2012,1,JPTP,68,0
130,1,2012,1,JPTP,70,0
130,1,2012,1,JPTP,72,0
130,1,2012,1,JPTP,74,0
130,1,2012,1,JPTP,76,0
130,1,2012,1,JPTP,78,0
130,1,2012,1,JPTP,80,0
130,1,2012,1,JPTP,82,0
130,1,2012,1,JPTP,84,0
130,1,2012,1,JPTP,86,0
130,1,2012,1,JPTP,88,0
130,1,2012,1,JPTP,90,0
130,1,2012,1,JPTP,92,0
130,1,2012,1,JPTP,94,0
130,1,2012,1,JPTP,96,0
130,1,2012,1,JPTP,98,0
130,1,2012,1,JPTP,100,0
130,1,2012,1,JPTP,102,0
130,1,2012,1,JPTP,104,0
130,1,2012,1,JPTP,106,0
130,1,2012,1,JPTP,108,0
130,1,2012,1,JPTP,110,0
130,1,2012,1,JPTP,112,0
130,1,2012,1,JPTP,114,0
130,1,2012,1,JPTP,116,0
130,1,2012,1,JPTP,118,0
130,1,2012,1,JPTP,120,0
130,1,2012,1,JPTP,122,0
130,1,2012,1,JPTP,124,0
130,1,2012,1,JPTP,126,0
130,1,2012,1,JPTP,128,0
130,1,2012,1,JPTP,130,0
130,1,2012,1,JPTP,132,0
130,1,2012,1,JPTP,134,0
130,1,2012,1,JPTP,136,0
130,1,2012,1,JPTP,138,0
130,1,2012,1,JPTP,140,0
130,1,2012,1,JPTP,142,0
130,1,2012,1,JPTP,144,0
130,1,2012,1,JPTP,146,0
130,1,2012,1,JPTP,148,0
130,1,2012,1,JPTP,150,0
130,1,2012,1,JPTP,152,0
130,1,2012,1,JPTP,154,0
130,1,2012,1,JPTP,156,0
130,1,2012,1,JPTP,158,0
130,1,2012,1,JPTP,160,0
130,1,2012,1,JPTP,162,0
130,1,2012,1,JPTP,164,0
130,1,2012,1,JPTP,166,0
130,1,2012,1,JPTP,168,0
130,1,2012,1,JPTP,170,0
130,1,2012,1,JPTP,172,0
130,1,2012,1,JPTP,174,0
130,1,2012,1,JPTP,176,0
130,1,2012,1,JPTP,178,0
130,1,2012,1,JPTP,180,0
130,1,2012,1,JPTP,182,0
130,1,2012,1,JPTP,184,0
130,1,2012,1,JPTP,186,0
130,1,2012,1,JPTP,188,0
130,1,2012,1,JPTP,190,0
130,1,2012,1,JPTP,192,0
130,1,2012,1,JPTP,194,0
130,1,2012,1,JPTP,196,0
130,1,2012,1,JPTP,198,0
131,1,2012,2,JPTP,10,0
131,1,2012,2,JPTP,12,0
131,1,2012,2,JPTP,14,0
131,1,2012,2,JPTP,16,0
131,1,2012,2,JPTP,18,0
131,1,2012,2,JPTP,20,0
131,1,2012,2,JPTP,22,0
131,1,2012,2,JPTP,24,0
131,1,2012,2,JPTP,26,0
131,1,2012,2,JPTP,28,0
131,1,2012,2,JPTP,30,0
131,1,2012,2,JPTP,32,0
131,1,2012,2,JPTP,34,0.647186409320125
131,1,2012,2,JPTP,36,1.29437281864025
131,1,2012,2,JPTP,38,3.23593204660063
131,1,2012,2,JPTP,40,9.06060973048176
131,1,2012,2,JPTP,42,81.5454875743358
131,1,2012,2,JPTP,44,86.0757924395767
131,1,2012,2,JPTP,46,13.5909145957226
131,1,2012,2,JPTP,48,0.647186409320125
131,1,2012,2,JPTP,50,0.647186409320125
131,1,2012,2,JPTP,52,0
131,1,2012,2,JPTP,54,0
131,1,2012,2,JPTP,56,0
131,1,2012,2,JPTP,58,0
131,1,2012,2,JPTP,60,0
131,1,2012,2,JPTP,62,0
131,1,2012,2,JPTP,64,0
131,1,2012,2,JPTP,66,0
131,1,2012,2,JPTP,68,0
131,1,2012,2,JPTP,70,0
131,1,2012,2,JPTP,72,0
131,1,2012,2,JPTP,74,0
131,1,2012,2,JPTP,76,0
131,1,2012,2,JPTP,78,0
131,1,2012,2,JPTP,80,0
131,1,2012,2,JPTP,82,0
131,1,2012,2,JPTP,84,0
131,1,2012,2,JPTP,86,0
131,1,2012,2,JPTP,88,0
131,1,2012,2,JPTP,90,0
131,1,2012,2,JPTP,92,0
131,1,2012,2,JPTP,94,0
131,1,2012,2,JPTP,96,0
131,1,2012,2,JPTP,98,0
131,1,2012,2,JPTP,100,0
131,1,2012,2,JPTP,102,0
131,1,2012,2,JPTP,104,0
131,1,2012,2,JPTP,106,0
131,1,2012,2,JPTP,108,0
131,1,2012,2,JPTP,110,0
131,1,2012,2,JPTP,112,0
131,1,2012,2,JPTP,114,0
131,1,2012,2,JPTP,116,0
131,1,2012,2,JPTP,118,0
131,1,2012,2,JPTP,120,0
131,1,2012,2,JPTP,122,0
131,1,2012,2,JPTP,124,0
131,1,2012,2,JPTP,126,0
131,1,2012,2,JPTP,128,0
131,1,2012,2,JPTP,130,0
131,1,2012,2,JPTP,132,0
131,1,2012,2,JPTP,134,0
131,1,2012,2,JPTP,136,0
131,1,2012,2,JPTP,138,0
131,1,2012,2,JPTP,140,0
131,1,2012,2,JPTP,142,0
131,1,2012,2,JPTP,144,0
131,1,2012,2,JPTP,146,0
131,1,2012,2,JPTP,148,0
131,1,2012,2,JPTP,150,0
131,1,2012,2,JPTP,152,0
131,1,2012,2,JPTP,154,0
131,1,2012,2,JPTP,156,0
131,1,2012,2,JPTP,158,0
131,1,2012,2,JPTP,160,0
131,1,2012,2,JPTP,162,0
131,1,2012,2,JPTP,164,0
131,1,2012,2,JPTP,166,0
131,1,2012,2,JPTP,168,0
131,1,2012,2,JPTP,170,0
131,1,2012,2,JPTP,172,0
131,1,2012,2,JPTP,174,0
131,1,2012,2,JPTP,176,0
131,1,2012,2,JPTP,178,0
131,1,2012,2,JPTP,180,0
131,1,2012,2,JPTP,182,0
131,1,2012,2,JPTP,184,0
131,1,2012,2,JPTP,186,0
131,1,2012,2,JPTP,188,0
131,1,2012,2,JPTP,190,0
131,1,2012,2,JPTP,192,0
131,1,2012,2,JPTP,194,0
131,1,2012,2,JPTP,196,0
131,1,2012,2,JPTP,198,0
132,1,2013,2,JPTP,10,0
132,1,2013,2,JPTP,12,0
132,1,2013,2,JPTP,14,0
132,1,2013,2,JPTP,16,0
132,1,2013,2,JPTP,18,0
132,1,2013,2,JPTP,20,0
132,1,2013,2,JPTP,22,0
132,1,2013,2,JPTP,24,0
132,1,2013,2,JPTP,26,0
132,1,2013,2,JPTP,28,0
132,1,2013,2,JPTP,30,0
132,1,2013,2,JPTP,32,0
132,1,2013,2,JPTP,34,0
132,1,2013,2,JPTP,36,0
132,1,2013,2,JPTP,38,0
132,1,2013,2,JPTP,40,1.94155922796038
132,1,2013,2,JPTP,42,3.23593204660063
132,1,2013,2,JPTP,44,16.1796602330031
132,1,2013,2,JPTP,46,17.4740330516434
132,1,2013,2,JPTP,48,3.23593204660063
132,1,2013,2,JPTP,50,0.647186409320125
132,1,2013,2,JPTP,52,0
132,1,2013,2,JPTP,54,0
132,1,2013,2,JPTP,56,0
132,1,2013,2,JPTP,58,0
132,1,2013,2,JPTP,60,0
132,1,2013,2,JPTP,62,0
132,1,2013,2,JPTP,64,0
132,1,2013,2,JPTP,66,0
132,1,2013,2,JPTP,68,0
132,1,2013,2,JPTP,70,0
132,1,2013,2,JPTP,72,0
132,1,2013,2,JPTP,74,0
132,1,2013,2,JPTP,76,0
132,1,2013,2,JPTP,78,0
132,1,2013,2,JPTP,80,0
132,1,2013,2,JPTP,82,0
132,1,2013,2,JPTP,84,0
132,1,2013,2,JPTP,86,0
132,1,2013,2,JPTP,88,0
132,1,2013,2,JPTP,90,0
132,1,2013,2,JPTP,92,0
132,1,2013,2,JPTP,94,0
132,1,2013,2,JPTP,96,0
132,1,2013,2,JPTP,98,0
132,1,2013,2,JPTP,100,0
132,1,2013,2,JPTP,102,0
132,1,2013,2,JPTP,104,0
132,1,2013,2,JPTP,106,0
132,1,2013,2,JPTP,108,0
132,1,2013,2,JPTP,110,0
132,1,2013,2,JPTP,112,0
132,1,2013,2,JPTP,114,0
132,1,2013,2,JPTP,116,0
132,1,2013,2,JPTP,118,0
132,1,2013,2,JPTP,120,0
132,1,2013,2,JPTP,122,0
132,1,2013,2,JPTP,124,0
132,1,2013,2,JPTP,126,0
132,1,2013,2,JPTP,128,0
132,1,2013,2,JPTP,130,0
132,1,2013,2,JPTP,132,0
132,1,2013,2,JPTP,134,0
132,1,2013,2,JPTP,136,0
132,1,2013,2,JPTP,138,0
132,1,2013,2,JPTP,140,0
132,1,2013,2,JPTP,142,0
132,1,2013,2,JPTP,144,0
132,1,2013,2,JPTP,146,0
132,1,2013,2,JPTP,148,0
132,1,2013,2,JPTP,150,0
132,1,2013,2,JPTP,152,0
132,1,2013,2,JPTP,154,0
132,1,2013,2,JPTP,156,0
132,1,2013,2,JPTP,158,0
132,1,2013,2,JPTP,160,0
132,1,2013,2,JPTP,162,0
132,1,2013,2,JPTP,164,0
132,1,2013,2,JPTP,166,0
132,1,2013,2,JPTP,168,0
132,1,2013,2,JPTP,170,0
132,1,2013,2,JPTP,172,0
132,1,2013,2,JPTP,174,0
132,1,2013,2,JPTP,176,0
132,1,2013,2,JPTP,178,0
132,1,2013,2,JPTP,180,0
132,1,2013,2,JPTP,182,0
132,1,2013,2,JPTP,184,0
132,1,2013,2,JPTP,186,0
132,1,2013,2,JPTP,188,0
132,1,2013,2,JPTP,190,0
132,1,2013,2,JPTP,192,0
132,1,2013,2,JPTP,194,0
132,1,2013,2,JPTP,196,0
132,1,2013,2,JPTP,198,0
133,1,2014,1,JPTP,10,0
133,1,2014,1,JPTP,12,0
133,1,2014,1,JPTP,14,0
133,1,2014,1,JPTP,16,0
133,1,2014,1,JPTP,18,0
133,1,2014,1,JPTP,20,0
133,1,2014,1,JPTP,22,0
133,1,2014,1,JPTP,24,0
133,1,2014,1,JPTP,26,0
133,1,2014,1,JPTP,28,0
133,1,2014,1,JPTP,30,0
133,1,2014,1,JPTP,32,0
133,1,2014,1,JPTP,34,0
133,1,2014,1,JPTP,36,0.647186409320125
133,1,2014,1,JPTP,38,3.88311845592075
133,1,2014,1,JPTP,40,15.532473823683
133,1,2014,1,JPTP,42,25.887456372805
133,1,2014,1,JPTP,44,28.4762020100855
133,1,2014,1,JPTP,46,14.8852874143629
133,1,2014,1,JPTP,48,3.88311845592075
133,1,2014,1,JPTP,50,3.88311845592075
133,1,2014,1,JPTP,52,3.23593204660063
133,1,2014,1,JPTP,54,1.29437281864025
133,1,2014,1,JPTP,56,3.23593204660063
133,1,2014,1,JPTP,58,0
133,1,2014,1,JPTP,60,0
133,1,2014,1,JPTP,62,0
133,1,2014,1,JPTP,64,0
133,1,2014,1,JPTP,66,0
133,1,2014,1,JPTP,68,0
133,1,2014,1,JPTP,70,0
133,1,2014,1,JPTP,72,0
133,1,2014,1,JPTP,74,0
133,1,2014,1,JPTP,76,0
133,1,2014,1,JPTP,78,0
133,1,2014,1,JPTP,80,0
133,1,2014,1,JPTP,82,0
133,1,2014,1,JPTP,84,0
133,1,2014,1,JPTP,86,0
133,1,2014,1,JPTP,88,0
133,1,2014,1,JPTP,90,0
133,1,2014,1,JPTP,92,0
133,1,2014,1,JPTP,94,0
133,1,2014,1,JPTP,96,0
133,1,2014,1,JPTP,98,0
133,1,2014,1,JPTP,100,0
133,1,2014,1,JPTP,102,0
133,1,2014,1,JPTP,104,0
133,1,2014,1,JPTP,106,0
133,1,2014,1,JPTP,108,0
133,1,2014,1,JPTP,110,0
133,1,2014,1,JPTP,112,0
133,1,2014,1,JPTP,114,0
133,1,2014,1,JPTP,116,0
133,1,2014,1,JPTP,118,0
133,1,2014,1,JPTP,120,0
133,1,2014,1,JPTP,122,0
133,1,2014,1,JPTP,124,0
133,1,2014,1,JPTP,126,0
133,1,2014,1,JPTP,128,0
133,1,2014,1,JPTP,130,0
133,1,2014,1,JPTP,132,0
133,1,2014,1,JPTP,134,0
133,1,2014,1,JPTP,136,0
133,1,2014,1,JPTP,138,0
133,1,2014,1,JPTP,140,0
133,1,2014,1,JPTP,142,0
133,1,2014,1,JPTP,144,0
133,1,2014,1,JPTP,146,0
133,1,2014,1,JPTP,148,0
133,1,2014,1,JPTP,150,0
133,1,2014,1,JPTP,152,0
133,1,2014,1,JPTP,154,0
133,1,2014,1,JPTP,156,0
133,1,2014,1,JPTP,158,0
133,1,2014,1,JPTP,160,0
133,1,2014,1,JPTP,162,0
133,1,2014,1,JPTP,164,0
133,1,2014,1,JPTP,166,0
133,1,2014,1,JPTP,168,0
133,1,2014,1,JPTP,170,0
133,1,2014,1,JPTP,172,0
133,1,2014,1,JPTP,174,0
133,1,2014,1,JPTP,176,0
133,1,2014,1,JPTP,178,0
133,1,2014,1,JPTP,180,0
133,1,2014,1,JPTP,182,0
133,1,2014,1,JPTP,184,0
133,1,2014,1,JPTP,186,0
133,1,2014,1,JPTP,188,0
133,1,2014,1,JPTP,190,0
133,1,2014,1,JPTP,192,0
133,1,2014,1,JPTP,194,0
133,1,2014,1,JPTP,196,0
133,1,2014,1,JPTP,198,0
134,1,2014,2,JPTP,10,0
134,1,2014,2,JPTP,12,0
134,1,2014,2,JPTP,14,0
134,1,2014,2,JPTP,16,0
134,1,2014,2,JPTP,18,0
134,1,2014,2,JPTP,20,0
134,1,2014,2,JPTP,22,0
134,1,2014,2,JPTP,24,0
134,1,2014,2,JPTP,26,0
134,1,2014,2,JPTP,28,0
134,1,2014,2,JPTP,30,0
134,1,2014,2,JPTP,32,0
134,1,2014,2,JPTP,34,0
134,1,2014,2,JPTP,36,0
134,1,2014,2,JPTP,38,0
134,1,2014,2,JPTP,40,1.64285780827416
134,1,2014,2,JPTP,42,12.0476239273439
134,1,2014,2,JPTP,44,15.3333395438922
134,1,2014,2,JPTP,46,17.5238166215911
134,1,2014,2,JPTP,48,11.5000046579192
134,1,2014,2,JPTP,50,6.57143123309666
134,1,2014,2,JPTP,52,1.64285780827416
134,1,2014,2,JPTP,54,0
134,1,2014,2,JPTP,56,1.09523853884944
134,1,2014,2,JPTP,58,0
134,1,2014,2,JPTP,60,0
134,1,2014,2,JPTP,62,0.547619269424722
134,1,2014,2,JPTP,64,0
134,1,2014,2,JPTP,66,0
134,1,2014,2,JPTP,68,0
134,1,2014,2,JPTP,70,0
134,1,2014,2,JPTP,72,0
134,1,2014,2,JPTP,74,0.547619269424722
134,1,2014,2,JPTP,76,0
134,1,2014,2,JPTP,78,0
134,1,2014,2,JPTP,80,0
134,1,2014,2,JPTP,82,0
134,1,2014,2,JPTP,84,0
134,1,2014,2,JPTP,86,0
134,1,2014,2,JPTP,88,0
134,1,2014,2,JPTP,90,0
134,1,2014,2,JPTP,92,0
134,1,2014,2,JPTP,94,0
134,1,2014,2,JPTP,96,0
134,1,2014,2,JPTP,98,0
134,1,2014,2,JPTP,100,0
134,1,2014,2,JPTP,102,0
134,1,2014,2,JPTP,104,0
134,1,2014,2,JPTP,106,0
134,1,2014,2,JPTP,108,0
134,1,2014,2,JPTP,110,0
134,1,2014,2,JPTP,112,0
134,1,2014,2,JPTP,114,0
134,1,2014,2,JPTP,116,0
134,1,2014,2,JPTP,118,0
134,1,2014,2,JPTP,120,0
134,1,2014,2,JPTP,122,0
134,1,2014,2,JPTP,124,0
134,1,2014,2,JPTP,126,0
134,1,2014,2,JPTP,128,0
134,1,2014,2,JPTP,130,0
134,1,2014,2,JPTP,132,0
134,1,2014,2,JPTP,134,0
134,1,2014,2,JPTP,136,0
134,1,2014,2,JPTP,138,0
134,1,2014,2,JPTP,140,0
134,1,2014,2,JPTP,142,0
134,1,2014,2,JPTP,144,0
134,1,2014,2,JPTP,146,0
134,1,2014,2,JPTP,148,0
134,1,2014,2,JPTP,150,0
134,1,2014,2,JPTP,152,0
134,1,2014,2,JPTP,154,0
134,1,2014,2,JPTP,156,0
134,1,2014,2,JPTP,158,0
134,1,2014,2,JPTP,160,0
134,1,2014,2,JPTP,162,0
134,1,2014,2,JPTP,164,0
134,1,2014,2,JPTP,166,0
134,1,2014,2,JPTP,168,0
134,1,2014,2,JPTP,170,0
134,1,2014,2,JPTP,172,0
134,1,2014,2,JPTP,174,0
134,1,2014,2,JPTP,176,0
134,1,2014,2,JPTP,178,0
134,1,2014,2,JPTP,180,0
134,1,2014,2,JPTP,182,0
134,1,2014,2,JPTP,184,0
134,1,2014,2,JPTP,186,0
134,1,2014,2,JPTP,188,0
134,1,2014,2,JPTP,190,0
134,1,2014,2,JPTP,192,0
134,1,2014,2,JPTP,194,0
134,1,2014,2,JPTP,196,0
134,1,2014,2,JPTP,198,0
135,1,2015,1,JPTP,10,0
135,1,2015,1,JPTP,12,0
135,1,2015,1,JPTP,14,0
135,1,2015,1,JPTP,16,0
135,1,2015,1,JPTP,18,0
135,1,2015,1,JPTP,20,0
135,1,2015,1,JPTP,22,0
135,1,2015,1,JPTP,24,0
135,1,2015,1,JPTP,26,0
135,1,2015,1,JPTP,28,0
135,1,2015,1,JPTP,30,0
135,1,2015,1,JPTP,32,0
135,1,2015,1,JPTP,34,0
135,1,2015,1,JPTP,36,1.09523853884944
135,1,2015,1,JPTP,38,2.19047707769889
135,1,2015,1,JPTP,40,13.1428624661933
135,1,2015,1,JPTP,42,52.5714498647733
135,1,2015,1,JPTP,44,43.261922284553
135,1,2015,1,JPTP,46,17.5238166215911
135,1,2015,1,JPTP,48,1.64285780827416
135,1,2015,1,JPTP,50,0.547619269424722
135,1,2015,1,JPTP,52,1.64285780827416
135,1,2015,1,JPTP,54,0
135,1,2015,1,JPTP,56,0
135,1,2015,1,JPTP,58,0
135,1,2015,1,JPTP,60,0.547619269424722
135,1,2015,1,JPTP,62,0
135,1,2015,1,JPTP,64,0
135,1,2015,1,JPTP,66,0
135,1,2015,1,JPTP,68,0
135,1,2015,1,JPTP,70,0
135,1,2015,1,JPTP,72,0
135,1,2015,1,JPTP,74,0
135,1,2015,1,JPTP,76,0
135,1,2015,1,JPTP,78,0
135,1,2015,1,JPTP,80,0
135,1,2015,1,JPTP,82,0
135,1,2015,1,JPTP,84,0
135,1,2015,1,JPTP,86,0
135,1,2015,1,JPTP,88,0
135,1,2015,1,JPTP,90,0
135,1,2015,1,JPTP,92,0
135,1,2015,1,JPTP,94,0
135,1,2015,1,JPTP,96,0
135,1,2015,1,JPTP,98,0
135,1,2015,1,JPTP,100,0
135,1,2015,1,JPTP,102,0
135,1,2015,1,JPTP,104,0
135,1,2015,1,JPTP,106,0
135,1,2015,1,JPTP,108,0
135,1,2015,1,JPTP,110,0
135,1,2015,1,JPTP,112,0
135,1,2015,1,JPTP,114,0
135,1,2015,1,JPTP,116,0
135,1,2015,1,JPTP,118,0
135,1,2015,1,JPTP,120,0
135,1,2015,1,JPTP,122,0
135,1,2015,1,JPTP,124,0
135,1,2015,1,JPTP,126,0
135,1,2015,1,JPTP,128,0
135,1,2015,1,JPTP,130,0
135,1,2015,1,JPTP,132,0
135,1,2015,1,JPTP,134,0
135,1,2015,1,JPTP,136,0
135,1,2015,1,JPTP,138,0
135,1,2015,1,JPTP,140,0
135,1,2015,1,JPTP,142,0
135,1,2015,1,JPTP,144,0
135,1,2015,1,JPTP,146,0
135,1,2015,1,JPTP,148,0
135,1,2015,1,JPTP,150,0
135,1,2015,1,JPTP,152,0
135,1,2015,1,JPTP,154,0
135,1,2015,1,JPTP,156,0
135,1,2015,1,JPTP,158,0
135,1,2015,1,JPTP,160,0
135,1,2015,1,JPTP,162,0
135,1,2015,1,JPTP,164,0
135,1,2015,1,JPTP,166,0
135,1,2015,1,JPTP,168,0
135,1,2015,1,JPTP,170,0
135,1,2015,1,JPTP,172,0
135,1,2015,1,JPTP,174,0
135,1,2015,1,JPTP,176,0
135,1,2015,1,JPTP,178,0
135,1,2015,1,JPTP,180,0
135,1,2015,1,JPTP,182,0
135,1,2015,1,JPTP,184,0
135,1,2015,1,JPTP,186,0
135,1,2015,1,JPTP,188,0
135,1,2015,1,JPTP,190,0
135,1,2015,1,JPTP,192,0
135,1,2015,1,JPTP,194,0
135,1,2015,1,JPTP,196,0
135,1,2015,1,JPTP,198,0
136,1,2015,2,JPTP,10,0
136,1,2015,2,JPTP,12,0
136,1,2015,2,JPTP,14,0
136,1,2015,2,JPTP,16,0
136,1,2015,2,JPTP,18,0
136,1,2015,2,JPTP,20,0
136,1,2015,2,JPTP,22,0
136,1,2015,2,JPTP,24,0
136,1,2015,2,JPTP,26,0
136,1,2015,2,JPTP,28,0
136,1,2015,2,JPTP,30,0
136,1,2015,2,JPTP,32,0
136,1,2015,2,JPTP,34,0
136,1,2015,2,JPTP,36,0
136,1,2015,2,JPTP,38,0
136,1,2015,2,JPTP,40,0
136,1,2015,2,JPTP,42,1.94155922796038
136,1,2015,2,JPTP,44,5.177491274561
136,1,2015,2,JPTP,46,13.5909145957226
136,1,2015,2,JPTP,48,3.23593204660063
136,1,2015,2,JPTP,50,1.29437281864025
136,1,2015,2,JPTP,52,0.647186409320125
136,1,2015,2,JPTP,54,0
136,1,2015,2,JPTP,56,0
136,1,2015,2,JPTP,58,0
136,1,2015,2,JPTP,60,0
136,1,2015,2,JPTP,62,0
136,1,2015,2,JPTP,64,0
136,1,2015,2,JPTP,66,0
136,1,2015,2,JPTP,68,0
136,1,2015,2,JPTP,70,0
136,1,2015,2,JPTP,72,0
136,1,2015,2,JPTP,74,0
136,1,2015,2,JPTP,76,0
136,1,2015,2,JPTP,78,0
136,1,2015,2,JPTP,80,0
136,1,2015,2,JPTP,82,0
136,1,2015,2,JPTP,84,0
136,1,2015,2,JPTP,86,0
136,1,2015,2,JPTP,88,0
136,1,2015,2,JPTP,90,0
136,1,2015,2,JPTP,92,0
136,1,2015,2,JPTP,94,0
136,1,2015,2,JPTP,96,0
136,1,2015,2,JPTP,98,0
136,1,2015,2,JPTP,100,0
136,1,2015,2,JPTP,102,0
136,1,2015,2,JPTP,104,0
136,1,2015,2,JPTP,106,0
136,1,2015,2,JPTP,108,0
136,1,2015,2,JPTP,110,0
136,1,2015,2,JPTP,112,0
136,1,2015,2,JPTP,114,0
136,1,2015,2,JPTP,116,0
136,1,2015,2,JPTP,118,0
136,1,2015,2,JPTP,120,0
136,1,2015,2,JPTP,122,0
136,1,2015,2,JPTP,124,0
136,1,2015,2,JPTP,126,0
136,1,2015,2,JPTP,128,0
136,1,2015,2,JPTP,130,0
136,1,2015,2,JPTP,132,0
136,1,2015,2,JPTP,134,0
136,1,2015,2,JPTP,136,0
136,1,2015,2,JPTP,138,0
136,1,2015,2,JPTP,140,0
136,1,2015,2,JPTP,142,0
136,1,2015,2,JPTP,144,0
136,1,2015,2,JPTP,146,0
136,1,2015,2,JPTP,148,0
136,1,2015,2,JPTP,150,0
136,1,2015,2,JPTP,152,0
136,1,2015,2,JPTP,154,0
136,1,2015,2,JPTP,156,0
136,1,2015,2,JPTP,158,0
136,1,2015,2,JPTP,160,0
136,1,2015,2,JPTP,162,0
136,1,2015,2,JPTP,164,0
136,1,2015,2,JPTP,166,0
136,1,2015,2,JPTP,168,0
136,1,2015,2,JPTP,170,0
136,1,2015,2,JPTP,172,0
136,1,2015,2,JPTP,174,0
136,1,2015,2,JPTP,176,0
136,1,2015,2,JPTP,178,0
136,1,2015,2,JPTP,180,0
136,1,2015,2,JPTP,182,0
136,1,2015,2,JPTP,184,0
136,1,2015,2,JPTP,186,0
136,1,2015,2,JPTP,188,0
136,1,2015,2,JPTP,190,0
136,1,2015,2,JPTP,192,0
136,1,2015,2,JPTP,194,0
136,1,2015,2,JPTP,196,0
136,1,2015,2,JPTP,198,0
137,1,2016,1,JPTP,10,0
137,1,2016,1,JPTP,12,0
137,1,2016,1,JPTP,14,0
137,1,2016,1,JPTP,16,0
137,1,2016,1,JPTP,18,0
137,1,2016,1,JPTP,20,0
137,1,2016,1,JPTP,22,0
137,1,2016,1,JPTP,24,0
137,1,2016,1,JPTP,26,0
137,1,2016,1,JPTP,28,0
137,1,2016,1,JPTP,30,0
137,1,2016,1,JPTP,32,1.71314049525916
137,1,2016,1,JPTP,34,14.2761707938263
137,1,2016,1,JPTP,36,18.2734986160977
137,1,2016,1,JPTP,38,18.8445454478507
137,1,2016,1,JPTP,40,23.4129201018751
137,1,2016,1,JPTP,42,14.2761707938263
137,1,2016,1,JPTP,44,13.1340771303202
137,1,2016,1,JPTP,46,3.99732782227136
137,1,2016,1,JPTP,48,0
137,1,2016,1,JPTP,50,1.1420936635061
137,1,2016,1,JPTP,52,1.1420936635061
137,1,2016,1,JPTP,54,0.571046831753052
137,1,2016,1,JPTP,56,0.571046831753052
137,1,2016,1,JPTP,58,0
137,1,2016,1,JPTP,60,0
137,1,2016,1,JPTP,62,0
137,1,2016,1,JPTP,64,0
137,1,2016,1,JPTP,66,0
137,1,2016,1,JPTP,68,0
137,1,2016,1,JPTP,70,0
137,1,2016,1,JPTP,72,0
137,1,2016,1,JPTP,74,0
137,1,2016,1,JPTP,76,0
137,1,2016,1,JPTP,78,0
137,1,2016,1,JPTP,80,0
137,1,2016,1,JPTP,82,0
137,1,2016,1,JPTP,84,0
137,1,2016,1,JPTP,86,0
137,1,2016,1,JPTP,88,0
137,1,2016,1,JPTP,90,0
137,1,2016,1,JPTP,92,0
137,1,2016,1,JPTP,94,0
137,1,2016,1,JPTP,96,0
137,1,2016,1,JPTP,98,0
137,1,2016,1,JPTP,100,0
137,1,2016,1,JPTP,102,0
137,1,2016,1,JPTP,104,0
137,1,2016,1,JPTP,106,0
137,1,2016,1,JPTP,108,0
137,1,2016,1,JPTP,110,0
137,1,2016,1,JPTP,112,0
137,1,2016,1,JPTP,114,0
137,1,2016,1,JPTP,116,0
137,1,2016,1,JPTP,118,0
137,1,2016,1,JPTP,120,0
137,1,2016,1,JPTP,122,0
137,1,2016,1,JPTP,124,0
137,1,2016,1,JPTP,126,0
137,1,2016,1,JPTP,128,0
137,1,2016,1,JPTP,130,0
137,1,2016,1,JPTP,132,0
137,1,2016,1,JPTP,134,0
137,1,2016,1,JPTP,136,0
137,1,2016,1,JPTP,138,0
137,1,2016,1,JPTP,140,0
137,1,2016,1,JPTP,142,0
137,1,2016,1,JPTP,144,0
137,1,2016,1,JPTP,146,0
137,1,2016,1,JPTP,148,0
137,1,2016,1,JPTP,150,0
137,1,2016,1,JPTP,152,0
137,1,2016,1,JPTP,154,0
137,1,2016,1,JPTP,156,0
137,1,2016,1,JPTP,158,0
137,1,2016,1,JPTP,160,0
137,1,2016,1,JPTP,162,0
137,1,2016,1,JPTP,164,0
137,1,2016,1,JPTP,166,0
137,1,2016,1,JPTP,168,0
137,1,2016,1,JPTP,170,0
137,1,2016,1,JPTP,172,0
137,1,2016,1,JPTP,174,0
137,1,2016,1,JPTP,176,0
137,1,2016,1,JPTP,178,0
137,1,2016,1,JPTP,180,0
137,1,2016,1,JPTP,182,0
137,1,2016,1,JPTP,184,0
137,1,2016,1,JPTP,186,0
137,1,2016,1,JPTP,188,0
137,1,2016,1,JPTP,190,0
137,1,2016,1,JPTP,192,0
137,1,2016,1,JPTP,194,0
137,1,2016,1,JPTP,196,0
137,1,2016,1,JPTP,198,0
138,1,2016,2,JPTP,10,0
138,1,2016,2,JPTP,12,0
138,1,2016,2,JPTP,14,0
138,1,2016,2,JPTP,16,0
138,1,2016,2,JPTP,18,0
138,1,2016,2,JPTP,20,0
138,1,2016,2,JPTP,22,0
138,1,2016,2,JPTP,24,0
138,1,2016,2,JPTP,26,0
138,1,2016,2,JPTP,28,0
138,1,2016,2,JPTP,30,0
138,1,2016,2,JPTP,32,0
138,1,2016,2,JPTP,34,0
138,1,2016,2,JPTP,36,0
138,1,2016,2,JPTP,38,4.6597421471049
138,1,2016,2,JPTP,40,5.177491274561
138,1,2016,2,JPTP,42,17.0857212060513
138,1,2016,2,JPTP,44,12.4259790589464
138,1,2016,2,JPTP,46,10.8727316765781
138,1,2016,2,JPTP,48,3.1064947647366
138,1,2016,2,JPTP,50,0
138,1,2016,2,JPTP,52,0
138,1,2016,2,JPTP,54,0
138,1,2016,2,JPTP,56,0
138,1,2016,2,JPTP,58,0
138,1,2016,2,JPTP,60,0
138,1,2016,2,JPTP,62,0
138,1,2016,2,JPTP,64,0
138,1,2016,2,JPTP,66,0
138,1,2016,2,JPTP,68,0
138,1,2016,2,JPTP,70,0
138,1,2016,2,JPTP,72,0
138,1,2016,2,JPTP,74,0
138,1,2016,2,JPTP,76,0
138,1,2016,2,JPTP,78,0
138,1,2016,2,JPTP,80,0
138,1,2016,2,JPTP,82,0
138,1,2016,2,JPTP,84,0
138,1,2016,2,JPTP,86,0
138,1,2016,2,JPTP,88,0
138,1,2016,2,JPTP,90,0
138,1,2016,2,JPTP,92,0
138,1,2016,2,JPTP,94,0
138,1,2016,2,JPTP,96,0
138,1,2016,2,JPTP,98,0
138,1,2016,2,JPTP,100,0
138,1,2016,2,JPTP,102,0
138,1,2016,2,JPTP,104,0
138,1,2016,2,JPTP,106,0
138,1,2016,2,JPTP,108,0
138,1,2016,2,JPTP,110,0
138,1,2016,2,JPTP,112,0
138,1,2016,2,JPTP,114,0
138,1,2016,2,JPTP,116,0
138,1,2016,2,JPTP,118,0
138,1,2016,2,JPTP,120,0
138,1,2016,2,JPTP,122,0
138,1,2016,2,JPTP,124,0
138,1,2016,2,JPTP,126,0
138,1,2016,2,JPTP,128,0
138,1,2016,2,JPTP,130,0
138,1,2016,2,JPTP,132,0
138,1,2016,2,JPTP,134,0
138,1,2016,2,JPTP,136,0
138,1,2016,2,JPTP,138,0
138,1,2016,2,JPTP,140,0
138,1,2016,2,JPTP,142,0
138,1,2016,2,JPTP,144,0
138,1,2016,2,JPTP,146,0
138,1,2016,2,JPTP,148,0
138,1,2016,2,JPTP,150,0
138,1,2016,2,JPTP,152,0
138,1,2016,2,JPTP,154,0
138,1,2016,2,JPTP,156,0
138,1,2016,2,JPTP,158,0
138,1,2016,2,JPTP,160,0
138,1,2016,2,JPTP,162,0
138,1,2016,2,JPTP,164,0
138,1,2016,2,JPTP,166,0
138,1,2016,2,JPTP,168,0
138,1,2016,2,JPTP,170,0
138,1,2016,2,JPTP,172,0
138,1,2016,2,JPTP,174,0
138,1,2016,2,JPTP,176,0
138,1,2016,2,JPTP,178,0
138,1,2016,2,JPTP,180,0
138,1,2016,2,JPTP,182,0
138,1,2016,2,JPTP,184,0
138,1,2016,2,JPTP,186,0
138,1,2016,2,JPTP,188,0
138,1,2016,2,JPTP,190,0
138,1,2016,2,JPTP,192,0
138,1,2016,2,JPTP,194,0
138,1,2016,2,JPTP,196,0
138,1,2016,2,JPTP,198,0
139,1,2017,1,JPTP,10,0
139,1,2017,1,JPTP,12,0
139,1,2017,1,JPTP,14,0
139,1,2017,1,JPTP,16,0
139,1,2017,1,JPTP,18,0
139,1,2017,1,JPTP,20,0
139,1,2017,1,JPTP,22,0
139,1,2017,1,JPTP,24,0
139,1,2017,1,JPTP,26,0
139,1,2017,1,JPTP,28,0
139,1,2017,1,JPTP,30,0
139,1,2017,1,JPTP,32,0
139,1,2017,1,JPTP,34,1.10946241597736
139,1,2017,1,JPTP,36,0.739641610651572
139,1,2017,1,JPTP,38,2.5887456372805
139,1,2017,1,JPTP,40,13.6833697970541
139,1,2017,1,JPTP,42,16.2721154343346
139,1,2017,1,JPTP,44,15.9022946290088
139,1,2017,1,JPTP,46,7.02659530118993
139,1,2017,1,JPTP,48,1.47928322130314
139,1,2017,1,JPTP,50,0
139,1,2017,1,JPTP,52,0.369820805325786
139,1,2017,1,JPTP,54,0
139,1,2017,1,JPTP,56,0
139,1,2017,1,JPTP,58,0
139,1,2017,1,JPTP,60,0
139,1,2017,1,JPTP,62,0
139,1,2017,1,JPTP,64,0
139,1,2017,1,JPTP,66,0
139,1,2017,1,JPTP,68,0
139,1,2017,1,JPTP,70,0
139,1,2017,1,JPTP,72,0
139,1,2017,1,JPTP,74,0
139,1,2017,1,JPTP,76,0
139,1,2017,1,JPTP,78,0
139,1,2017,1,JPTP,80,0
139,1,2017,1,JPTP,82,0
139,1,2017,1,JPTP,84,0
139,1,2017,1,JPTP,86,0
139,1,2017,1,JPTP,88,0
139,1,2017,1,JPTP,90,0
139,1,2017,1,JPTP,92,0
139,1,2017,1,JPTP,94,0
139,1,2017,1,JPTP,96,0
139,1,2017,1,JPTP,98,0
139,1,2017,1,JPTP,100,0
139,1,2017,1,JPTP,102,0
139,1,2017,1,JPTP,104,0
139,1,2017,1,JPTP,106,0
139,1,2017,1,JPTP,108,0
139,1,2017,1,JPTP,110,0
139,1,2017,1,JPTP,112,0
139,1,2017,1,JPTP,114,0
139,1,2017,1,JPTP,116,0
139,1,2017,1,JPTP,118,0
139,1,2017,1,JPTP,120,0
139,1,2017,1,JPTP,122,0
139,1,2017,1,JPTP,124,0
139,1,2017,1,JPTP,126,0
139,1,2017,1,JPTP,128,0
139,1,2017,1,JPTP,130,0
139,1,2017,1,JPTP,132,0
139,1,2017,1,JPTP,134,0
139,1,2017,1,JPTP,136,0
139,1,2017,1,JPTP,138,0
139,1,2017,1,JPTP,140,0
139,1,2017,1,JPTP,142,0
139,1,2017,1,JPTP,144,0
139,1,2017,1,JPTP,146,0
139,1,2017,1,JPTP,148,0
139,1,2017,1,JPTP,150,0
139,1,2017,1,JPTP,152,0
139,1,2017,1,JPTP,154,0
139,1,2017,1,JPTP,156,0
139,1,2017,1,JPTP,158,0
139,1,2017,1,JPTP,160,0
139,1,2017,1,JPTP,162,0
139,1,2017,1,JPTP,164,0
139,1,2017,1,JPTP,166,0
139,1,2017,1,JPTP,168,0
139,1,2017,1,JPTP,170,0
139,1,2017,1,JPTP,172,0
139,1,2017,1,JPTP,174,0
139,1,2017,1,JPTP,176,0
139,1,2017,1,JPTP,178,0
139,1,2017,1,JPTP,180,0
139,1,2017,1,JPTP,182,0
139,1,2017,1,JPTP,184,0
139,1,2017,1,JPTP,186,0
139,1,2017,1,JPTP,188,0
139,1,2017,1,JPTP,190,0
139,1,2017,1,JPTP,192,0
139,1,2017,1,JPTP,194,0
139,1,2017,1,JPTP,196,0
139,1,2017,1,JPTP,198,0
140,2,1999,2,JPTP,10,0
140,2,1999,2,JPTP,12,0
140,2,1999,2,JPTP,14,0
140,2,1999,2,JPTP,16,0
140,2,1999,2,JPTP,18,0
140,2,1999,2,JPTP,20,0
140,2,1999,2,JPTP,22,0
140,2,1999,2,JPTP,24,0
140,2,1999,2,JPTP,26,0
140,2,1999,2,JPTP,28,0
140,2,1999,2,JPTP,30,0
140,2,1999,2,JPTP,32,0
140,2,1999,2,JPTP,34,0
140,2,1999,2,JPTP,36,0
140,2,1999,2,JPTP,38,0
140,2,1999,2,JPTP,40,0
140,2,1999,2,JPTP,42,0
140,2,1999,2,JPTP,44,0
140,2,1999,2,JPTP,46,0
140,2,1999,2,JPTP,48,0
140,2,1999,2,JPTP,50,0
140,2,1999,2,JPTP,52,0
140,2,1999,2,JPTP,54,0
140,2,1999,2,JPTP,56,0
140,2,1999,2,JPTP,58,0
140,2,1999,2,JPTP,60,0
140,2,1999,2,JPTP,62,0
140,2,1999,2,JPTP,64,0
140,2,1999,2,JPTP,66,0
140,2,1999,2,JPTP,68,0.647186409320125
140,2,1999,2,JPTP,70,0
140,2,1999,2,JPTP,72,0
140,2,1999,2,JPTP,74,0.647186409320125
140,2,1999,2,JPTP,76,1.29437281864025
140,2,1999,2,JPTP,78,0.647186409320125
140,2,1999,2,JPTP,80,0
140,2,1999,2,JPTP,82,0
140,2,1999,2,JPTP,84,0
140,2,1999,2,JPTP,86,0.647186409320125
140,2,1999,2,JPTP,88,0.647186409320125
140,2,1999,2,JPTP,90,1.94155922796038
140,2,1999,2,JPTP,92,0
140,2,1999,2,JPTP,94,0.647186409320125
140,2,1999,2,JPTP,96,2.5887456372805
140,2,1999,2,JPTP,98,0.647186409320125
140,2,1999,2,JPTP,100,1.29437281864025
140,2,1999,2,JPTP,102,0.647186409320125
140,2,1999,2,JPTP,104,0.647186409320125
140,2,1999,2,JPTP,106,0
140,2,1999,2,JPTP,108,0
140,2,1999,2,JPTP,110,0.647186409320125
140,2,1999,2,JPTP,112,0
140,2,1999,2,JPTP,114,0
140,2,1999,2,JPTP,116,0
140,2,1999,2,JPTP,118,0
140,2,1999,2,JPTP,120,0.647186409320125
140,2,1999,2,JPTP,122,0
140,2,1999,2,JPTP,124,0
140,2,1999,2,JPTP,126,0.647186409320125
140,2,1999,2,JPTP,128,0
140,2,1999,2,JPTP,130,0.647186409320125
140,2,1999,2,JPTP,132,0.647186409320125
140,2,1999,2,JPTP,134,0
140,2,1999,2,JPTP,136,0
140,2,1999,2,JPTP,138,0
140,2,1999,2,JPTP,140,0
140,2,1999,2,JPTP,142,0
140,2,1999,2,JPTP,144,0
140,2,1999,2,JPTP,146,0
140,2,1999,2,JPTP,148,0
140,2,1999,2,JPTP,150,0
140,2,1999,2,JPTP,152,0
140,2,1999,2,JPTP,154,0
140,2,1999,2,JPTP,156,0
140,2,1999,2,JPTP,158,0
140,2,1999,2,JPTP,160,0
140,2,1999,2,JPTP,162,0
140,2,1999,2,JPTP,164,0
140,2,1999,2,JPTP,166,0
140,2,1999,2,JPTP,168,0
140,2,1999,2,JPTP,170,0
140,2,1999,2,JPTP,172,0
140,2,1999,2,JPTP,174,0
140,2,1999,2,JPTP,176,0
140,2,1999,2,JPTP,178,0
140,2,1999,2,JPTP,180,0
140,2,1999,2,JPTP,182,0
140,2,1999,2,JPTP,184,0
140,2,1999,2,JPTP,186,0
140,2,1999,2,JPTP,188,0
140,2,1999,2,JPTP,190,0
140,2,1999,2,JPTP,192,0
140,2,1999,2,JPTP,194,0
140,2,1999,2,JPTP,196,0
140,2,1999,2,JPTP,198,0
141,4,2001,3,JPTP,10,0
141,4,2001,3,JPTP,12,0
141,4,2001,3,JPTP,14,0
141,4,2001,3,JPTP,16,0
141,4,2001,3,JPTP,18,0
141,4,2001,3,JPTP,20,0
141,4,2001,3,JPTP,22,0
141,4,2001,3,JPTP,24,0
141,4,2001,3,JPTP,26,0
141,4,2001,3,JPTP,28,0
141,4,2001,3,JPTP,30,0
141,4,2001,3,JPTP,32,0.647186409320125
141,4,2001,3,JPTP,34,0
141,4,2001,3,JPTP,36,0.647186409320125
141,4,2001,3,JPTP,38,0
141,4,2001,3,JPTP,40,0
141,4,2001,3,JPTP,42,0
141,4,2001,3,JPTP,44,0
141,4,2001,3,JPTP,46,0
141,4,2001,3,JPTP,48,0
141,4,2001,3,JPTP,50,1.29437281864025
141,4,2001,3,JPTP,52,0.647186409320125
141,4,2001,3,JPTP,54,1.94155922796038
141,4,2001,3,JPTP,56,2.5887456372805
141,4,2001,3,JPTP,58,2.5887456372805
141,4,2001,3,JPTP,60,1.94155922796038
141,4,2001,3,JPTP,62,1.29437281864025
141,4,2001,3,JPTP,64,0.647186409320125
141,4,2001,3,JPTP,66,0
141,4,2001,3,JPTP,68,0
141,4,2001,3,JPTP,70,1.29437281864025
141,4,2001,3,JPTP,72,0.647186409320125
141,4,2001,3,JPTP,74,0.647186409320125
141,4,2001,3,JPTP,76,1.94155922796038
141,4,2001,3,JPTP,78,0.647186409320125
141,4,2001,3,JPTP,80,1.29437281864025
141,4,2001,3,JPTP,82,0.647186409320125
141,4,2001,3,JPTP,84,0
141,4,2001,3,JPTP,86,0
141,4,2001,3,JPTP,88,0.647186409320125
141,4,2001,3,JPTP,90,0
141,4,2001,3,JPTP,92,0
141,4,2001,3,JPTP,94,0.647186409320125
141,4,2001,3,JPTP,96,0
141,4,2001,3,JPTP,98,0
141,4,2001,3,JPTP,100,0
141,4,2001,3,JPTP,102,0
141,4,2001,3,JPTP,104,0
141,4,2001,3,JPTP,106,0
141,4,2001,3,JPTP,108,0
141,4,2001,3,JPTP,110,0
141,4,2001,3,JPTP,112,0
141,4,2001,3,JPTP,114,0
141,4,2001,3,JPTP,116,0
141,4,2001,3,JPTP,118,0
141,4,2001,3,JPTP,120,0
141,4,2001,3,JPTP,122,0
141,4,2001,3,JPTP,124,0
141,4,2001,3,JPTP,126,0
141,4,2001,3,JPTP,128,0
141,4,2001,3,JPTP,130,0
141,4,2001,3,JPTP,132,0
141,4,2001,3,JPTP,134,0
141,4,2001,3,JPTP,136,0
141,4,2001,3,JPTP,138,0
141,4,2001,3,JPTP,140,0
141,4,2001,3,JPTP,142,0
141,4,2001,3,JPTP,144,0
141,4,2001,3,JPTP,146,0
141,4,2001,3,JPTP,148,0
141,4,2001,3,JPTP,150,0
141,4,2001,3,JPTP,152,0
141,4,2001,3,JPTP,154,0
141,4,2001,3,JPTP,156,0
141,4,2001,3,JPTP,158,0
141,4,2001,3,JPTP,160,0
141,4,2001,3,JPTP,162,0
141,4,2001,3,JPTP,164,0
141,4,2001,3,JPTP,166,0
141,4,2001,3,JPTP,168,0
141,4,2001,3,JPTP,170,0
141,4,2001,3,JPTP,172,0
141,4,2001,3,JPTP,174,0
141,4,2001,3,JPTP,176,0
141,4,2001,3,JPTP,178,0
141,4,2001,3,JPTP,180,0
141,4,2001,3,JPTP,182,0
141,4,2001,3,JPTP,184,0
141,4,2001,3,JPTP,186,0
141,4,2001,3,JPTP,188,0
141,4,2001,3,JPTP,190,0
141,4,2001,3,JPTP,192,0
141,4,2001,3,JPTP,194,0
141,4,2001,3,JPTP,196,0
141,4,2001,3,JPTP,198,0
142,4,2003,4,JPTP,10,0
142,4,2003,4,JPTP,12,0
142,4,2003,4,JPTP,14,0
142,4,2003,4,JPTP,16,0
142,4,2003,4,JPTP,18,0
142,4,2003,4,JPTP,20,0
142,4,2003,4,JPTP,22,0
142,4,2003,4,JPTP,24,0
142,4,2003,4,JPTP,26,0
142,4,2003,4,JPTP,28,0
142,4,2003,4,JPTP,30,0
142,4,2003,4,JPTP,32,0
142,4,2003,4,JPTP,34,0
142,4,2003,4,JPTP,36,0.647186409320125
142,4,2003,4,JPTP,38,0
142,4,2003,4,JPTP,40,1.29437281864025
142,4,2003,4,JPTP,42,0.647186409320125
142,4,2003,4,JPTP,44,1.29437281864025
142,4,2003,4,JPTP,46,0
142,4,2003,4,JPTP,48,0
142,4,2003,4,JPTP,50,0
142,4,2003,4,JPTP,52,0
142,4,2003,4,JPTP,54,0
142,4,2003,4,JPTP,56,0
142,4,2003,4,JPTP,58,2.5887456372805
142,4,2003,4,JPTP,60,2.5887456372805
142,4,2003,4,JPTP,62,7.76623691184151
142,4,2003,4,JPTP,64,4.53030486524088
142,4,2003,4,JPTP,66,9.06060973048176
142,4,2003,4,JPTP,68,4.53030486524088
142,4,2003,4,JPTP,70,0.647186409320125
142,4,2003,4,JPTP,72,0
142,4,2003,4,JPTP,74,0
142,4,2003,4,JPTP,76,0.647186409320125
142,4,2003,4,JPTP,78,0
142,4,2003,4,JPTP,80,0
142,4,2003,4,JPTP,82,0.647186409320125
142,4,2003,4,JPTP,84,1.29437281864025
142,4,2003,4,JPTP,86,0
142,4,2003,4,JPTP,88,0
142,4,2003,4,JPTP,90,0
142,4,2003,4,JPTP,92,0
142,4,2003,4,JPTP,94,1.29437281864025
142,4,2003,4,JPTP,96,0.647186409320125
142,4,2003,4,JPTP,98,0.647186409320125
142,4,2003,4,JPTP,100,0.647186409320125
142,4,2003,4,JPTP,102,0
142,4,2003,4,JPTP,104,0.647186409320125
142,4,2003,4,JPTP,106,0
142,4,2003,4,JPTP,108,0
142,4,2003,4,JPTP,110,0.647186409320125
142,4,2003,4,JPTP,112,0
142,4,2003,4,JPTP,114,0
142,4,2003,4,JPTP,116,0
142,4,2003,4,JPTP,118,0
142,4,2003,4,JPTP,120,0.647186409320125
142,4,2003,4,JPTP,122,0
142,4,2003,4,JPTP,124,0.647186409320125
142,4,2003,4,JPTP,126,0
142,4,2003,4,JPTP,128,0
142,4,2003,4,JPTP,130,0
142,4,2003,4,JPTP,132,0
142,4,2003,4,JPTP,134,0
142,4,2003,4,JPTP,136,0
142,4,2003,4,JPTP,138,0
142,4,2003,4,JPTP,140,0
142,4,2003,4,JPTP,142,0
142,4,2003,4,JPTP,144,0
142,4,2003,4,JPTP,146,0
142,4,2003,4,JPTP,148,0
142,4,2003,4,JPTP,150,0
142,4,2003,4,JPTP,152,0
142,4,2003,4,JPTP,154,0
142,4,2003,4,JPTP,156,0
142,4,2003,4,JPTP,158,0
142,4,2003,4,JPTP,160,0
142,4,2003,4,JPTP,162,0
142,4,2003,4,JPTP,164,0
142,4,2003,4,JPTP,166,0
142,4,2003,4,JPTP,168,0
142,4,2003,4,JPTP,170,0
142,4,2003,4,JPTP,172,0
142,4,2003,4,JPTP,174,0
142,4,2003,4,JPTP,176,0
142,4,2003,4,JPTP,178,0
142,4,2003,4,JPTP,180,0
142,4,2003,4,JPTP,182,0
142,4,2003,4,JPTP,184,0
142,4,2003,4,JPTP,186,0
142,4,2003,4,JPTP,188,0
142,4,2003,4,JPTP,190,0
142,4,2003,4,JPTP,192,0
142,4,2003,4,JPTP,194,0
142,4,2003,4,JPTP,196,0
142,4,2003,4,JPTP,198,0
143,4,2005,3,JPTP,10,0
143,4,2005,3,JPTP,12,0
143,4,2005,3,JPTP,14,0
143,4,2005,3,JPTP,16,0
143,4,2005,3,JPTP,18,0
143,4,2005,3,JPTP,20,0
143,4,2005,3,JPTP,22,0
143,4,2005,3,JPTP,24,0
143,4,2005,3,JPTP,26,0
143,4,2005,3,JPTP,28,0
143,4,2005,3,JPTP,30,2.19047707769889
143,4,2005,3,JPTP,32,9.30952758022027
143,4,2005,3,JPTP,34,7.11905050252138
143,4,2005,3,JPTP,36,17.5238166215911
143,4,2005,3,JPTP,38,15.3333395438922
143,4,2005,3,JPTP,40,3.28571561654833
143,4,2005,3,JPTP,42,1.09523853884944
143,4,2005,3,JPTP,44,0
143,4,2005,3,JPTP,46,1.09523853884944
143,4,2005,3,JPTP,48,1.64285780827416
143,4,2005,3,JPTP,50,1.09523853884944
143,4,2005,3,JPTP,52,1.09523853884944
143,4,2005,3,JPTP,54,0.547619269424722
143,4,2005,3,JPTP,56,7.11905050252138
143,4,2005,3,JPTP,58,6.57143123309666
143,4,2005,3,JPTP,60,2.19047707769889
143,4,2005,3,JPTP,62,0.547619269424722
143,4,2005,3,JPTP,64,0.547619269424722
143,4,2005,3,JPTP,66,1.64285780827416
143,4,2005,3,JPTP,68,1.09523853884944
143,4,2005,3,JPTP,70,2.19047707769889
143,4,2005,3,JPTP,72,2.19047707769889
143,4,2005,3,JPTP,74,3.83333488597305
143,4,2005,3,JPTP,76,1.64285780827416
143,4,2005,3,JPTP,78,1.64285780827416
143,4,2005,3,JPTP,80,2.19047707769889
143,4,2005,3,JPTP,82,1.09523853884944
143,4,2005,3,JPTP,84,2.19047707769889
143,4,2005,3,JPTP,86,0.547619269424722
143,4,2005,3,JPTP,88,1.64285780827416
143,4,2005,3,JPTP,90,1.09523853884944
143,4,2005,3,JPTP,92,1.64285780827416
143,4,2005,3,JPTP,94,0
143,4,2005,3,JPTP,96,0
143,4,2005,3,JPTP,98,0
143,4,2005,3,JPTP,100,0.547619269424722
143,4,2005,3,JPTP,102,0
143,4,2005,3,JPTP,104,0
143,4,2005,3,JPTP,106,0
143,4,2005,3,JPTP,108,0
143,4,2005,3,JPTP,110,0
143,4,2005,3,JPTP,112,0
143,4,2005,3,JPTP,114,0
143,4,2005,3,JPTP,116,0
143,4,2005,3,JPTP,118,0
143,4,2005,3,JPTP,120,0
143,4,2005,3,JPTP,122,0
143,4,2005,3,JPTP,124,0
143,4,2005,3,JPTP,126,0
143,4,2005,3,JPTP,128,0
143,4,2005,3,JPTP,130,0
143,4,2005,3,JPTP,132,0
143,4,2005,3,JPTP,134,0
143,4,2005,3,JPTP,136,0
143,4,2005,3,JPTP,138,0
143,4,2005,3,JPTP,140,0
143,4,2005,3,JPTP,142,0
143,4,2005,3,JPTP,144,0
143,4,2005,3,JPTP,146,0
143,4,2005,3,JPTP,148,0
143,4,2005,3,JPTP,150,0
143,4,2005,3,JPTP,152,0
143,4,2005,3,JPTP,154,0
143,4,2005,3,JPTP,156,0
143,4,2005,3,JPTP,158,0
143,4,2005,3,JPTP,160,0
143,4,2005,3,JPTP,162,0
143,4,2005,3,JPTP,164,0
143,4,2005,3,JPTP,166,0
143,4,2005,3,JPTP,168,0
143,4,2005,3,JPTP,170,0
143,4,2005,3,JPTP,172,0
143,4,2005,3,JPTP,174,0
143,4,2005,3,JPTP,176,0
143,4,2005,3,JPTP,178,0
143,4,2005,3,JPTP,180,0
143,4,2005,3,JPTP,182,0
143,4,2005,3,JPTP,184,0
143,4,2005,3,JPTP,186,0
143,4,2005,3,JPTP,188,0
143,4,2005,3,JPTP,190,0
143,4,2005,3,JPTP,192,0
143,4,2005,3,JPTP,194,0
143,4,2005,3,JPTP,196,0
143,4,2005,3,JPTP,198,0
