rel.group,rel.area,rel.year,rel.season,program,rel.length,rec.fishery,rec.year,rec.season,rec.number
1,2,1990,2,RTTP,40,28,1990,4,1
1,2,1990,2,RTTP,44,28,1990,4,1
1,2,1990,2,RTTP,48,28,1991,1,1
1,2,1990,2,RTTP,50,25,1991,1,1
1,2,1990,2,RTTP,52,25,1991,1,1
2,2,1990,3,RTTP,28,22,1990,3,1
2,2,1990,3,RTTP,34,22,1990,3,1
2,2,1990,3,RTTP,34,25,1991,1,1
2,2,1990,3,RTTP,34,28,1990,4,1
2,2,1990,3,RTTP,36,16,1990,4,2
2,2,1990,3,RTTP,36,22,1993,4,1
2,2,1990,3,RTTP,36,25,1991,1,1
2,2,1990,3,RTTP,36,28,1990,4,1
2,2,1990,3,RTTP,36,28,1991,1,2
2,2,1990,3,RTTP,36,28,1991,3,1
2,2,1990,3,RTTP,36,29,1992,2,1
2,2,1990,3,RTTP,38,16,1990,3,2
2,2,1990,3,RTTP,38,25,1991,1,2
2,2,1990,3,RTTP,38,25,1991,2,1
2,2,1990,3,RTTP,38,28,1990,4,1
2,2,1990,3,RTTP,38,28,1991,1,1
2,2,1990,3,RTTP,38,29,1992,1,1
2,2,1990,3,RTTP,40,16,1990,3,2
2,2,1990,3,RTTP,40,17,1991,2,1
2,2,1990,3,RTTP,40,21,1990,3,1
2,2,1990,3,RTTP,40,28,1990,3,1
2,2,1990,3,RTTP,40,28,1990,4,4
2,2,1990,3,RTTP,40,28,1991,1,1
2,2,1990,3,RTTP,40,28,1991,2,1
2,2,1990,3,RTTP,42,16,1990,3,1
2,2,1990,3,RTTP,42,19,1990,4,1
2,2,1990,3,RTTP,42,22,1990,4,1
2,2,1990,3,RTTP,42,25,1991,1,3
2,2,1990,3,RTTP,42,25,1991,2,1
2,2,1990,3,RTTP,42,25,1991,3,1
2,2,1990,3,RTTP,42,28,1990,4,3
2,2,1990,3,RTTP,42,28,1991,1,2
2,2,1990,3,RTTP,42,28,1991,3,1
2,2,1990,3,RTTP,44,22,1990,3,1
2,2,1990,3,RTTP,44,25,1990,4,1
2,2,1990,3,RTTP,44,25,1991,1,2
2,2,1990,3,RTTP,44,28,1990,4,6
2,2,1990,3,RTTP,44,28,1991,1,3
2,2,1990,3,RTTP,44,28,1991,2,1
2,2,1990,3,RTTP,44,28,1991,3,1
2,2,1990,3,RTTP,44,28,1991,4,1
2,2,1990,3,RTTP,46,19,1990,3,2
2,2,1990,3,RTTP,46,19,1990,4,2
2,2,1990,3,RTTP,46,19,1992,4,1
2,2,1990,3,RTTP,46,19,1993,1,1
2,2,1990,3,RTTP,46,22,1990,3,10
2,2,1990,3,RTTP,46,25,1991,1,1
2,2,1990,3,RTTP,46,25,1991,2,2
2,2,1990,3,RTTP,46,28,1990,4,1
2,2,1990,3,RTTP,46,28,1991,1,1
2,2,1990,3,RTTP,46,28,1991,2,2
2,2,1990,3,RTTP,46,28,1991,3,2
2,2,1990,3,RTTP,46,28,1993,4,1
2,2,1990,3,RTTP,48,19,1991,1,1
2,2,1990,3,RTTP,48,19,1991,2,2
2,2,1990,3,RTTP,48,22,1990,3,1
2,2,1990,3,RTTP,48,26,1990,4,1
2,2,1990,3,RTTP,48,28,1990,4,3
2,2,1990,3,RTTP,48,28,1991,1,3
2,2,1990,3,RTTP,48,28,1992,3,1
2,2,1990,3,RTTP,50,16,1991,1,1
2,2,1990,3,RTTP,50,28,1990,4,1
2,2,1990,3,RTTP,50,28,1991,1,1
2,2,1990,3,RTTP,50,28,1991,2,1
2,2,1990,3,RTTP,50,28,1991,3,1
2,2,1990,3,RTTP,52,28,1990,4,3
2,2,1990,3,RTTP,52,28,1991,1,2
2,2,1990,3,RTTP,52,28,1992,2,1
2,2,1990,3,RTTP,54,28,1990,4,2
2,2,1990,3,RTTP,58,19,1991,2,1
2,2,1990,3,RTTP,62,28,1991,3,1
2,2,1990,3,RTTP,62,29,1990,4,1
3,2,1991,1,RTTP,26,16,1991,1,5
3,2,1991,1,RTTP,26,16,1991,2,5
3,2,1991,1,RTTP,26,16,1991,4,2
3,2,1991,1,RTTP,26,17,1991,3,1
3,2,1991,1,RTTP,26,19,1991,2,2
3,2,1991,1,RTTP,26,19,1991,3,3
3,2,1991,1,RTTP,28,16,1991,1,22
3,2,1991,1,RTTP,28,16,1991,2,10
3,2,1991,1,RTTP,28,16,1991,3,5
3,2,1991,1,RTTP,28,16,1991,4,4
3,2,1991,1,RTTP,28,16,1992,1,1
3,2,1991,1,RTTP,28,16,1992,2,1
3,2,1991,1,RTTP,28,19,1991,2,3
3,2,1991,1,RTTP,28,19,1991,3,2
3,2,1991,1,RTTP,28,28,1991,3,2
3,2,1991,1,RTTP,30,16,1991,1,19
3,2,1991,1,RTTP,30,16,1991,2,18
3,2,1991,1,RTTP,30,16,1991,3,1
3,2,1991,1,RTTP,30,16,1991,4,4
3,2,1991,1,RTTP,30,16,1992,1,2
3,2,1991,1,RTTP,30,19,1991,2,1
3,2,1991,1,RTTP,30,19,1991,3,1
3,2,1991,1,RTTP,30,28,1991,4,1
3,2,1991,1,RTTP,32,14,1991,2,1
3,2,1991,1,RTTP,32,16,1991,1,26
3,2,1991,1,RTTP,32,16,1991,2,17
3,2,1991,1,RTTP,32,16,1991,4,1
3,2,1991,1,RTTP,32,16,1992,1,1
3,2,1991,1,RTTP,32,28,1991,2,1
3,2,1991,1,RTTP,32,28,1992,4,1
3,2,1991,1,RTTP,34,14,1991,2,2
3,2,1991,1,RTTP,34,14,1991,3,1
3,2,1991,1,RTTP,34,16,1991,1,44
3,2,1991,1,RTTP,34,16,1991,2,37
3,2,1991,1,RTTP,34,16,1991,3,1
3,2,1991,1,RTTP,34,17,1991,2,1
3,2,1991,1,RTTP,34,19,1991,2,1
3,2,1991,1,RTTP,36,14,1991,1,1
3,2,1991,1,RTTP,36,14,1991,2,1
3,2,1991,1,RTTP,36,16,1991,1,20
3,2,1991,1,RTTP,36,16,1991,2,30
3,2,1991,1,RTTP,36,16,1991,3,5
3,2,1991,1,RTTP,36,16,1991,4,4
3,2,1991,1,RTTP,36,16,1992,1,1
3,2,1991,1,RTTP,36,17,1991,3,1
3,2,1991,1,RTTP,36,28,1991,4,2
3,2,1991,1,RTTP,36,28,1992,2,1
3,2,1991,1,RTTP,38,14,1991,1,2
3,2,1991,1,RTTP,38,14,1991,2,3
3,2,1991,1,RTTP,38,15,1993,2,1
3,2,1991,1,RTTP,38,16,1991,1,18
3,2,1991,1,RTTP,38,16,1991,2,24
3,2,1991,1,RTTP,38,16,1991,3,2
3,2,1991,1,RTTP,38,16,1991,4,3
3,2,1991,1,RTTP,38,19,1991,2,2
3,2,1991,1,RTTP,38,25,1991,3,1
3,2,1991,1,RTTP,38,25,1991,4,1
3,2,1991,1,RTTP,38,28,1991,2,2
3,2,1991,1,RTTP,38,28,1991,3,6
3,2,1991,1,RTTP,38,28,1991,4,1
3,2,1991,1,RTTP,40,14,1991,1,1
3,2,1991,1,RTTP,40,14,1991,2,1
3,2,1991,1,RTTP,40,15,1993,1,1
3,2,1991,1,RTTP,40,16,1991,1,20
3,2,1991,1,RTTP,40,16,1991,2,25
3,2,1991,1,RTTP,40,16,1991,3,1
3,2,1991,1,RTTP,40,16,1992,1,1
3,2,1991,1,RTTP,40,19,1991,2,2
3,2,1991,1,RTTP,40,19,1991,4,1
3,2,1991,1,RTTP,40,28,1991,2,3
3,2,1991,1,RTTP,40,28,1991,3,5
3,2,1991,1,RTTP,40,28,1992,3,1
3,2,1991,1,RTTP,42,14,1991,1,1
3,2,1991,1,RTTP,42,16,1991,1,5
3,2,1991,1,RTTP,42,16,1991,2,12
3,2,1991,1,RTTP,42,16,1991,3,1
3,2,1991,1,RTTP,42,28,1991,2,1
3,2,1991,1,RTTP,44,14,1991,1,2
3,2,1991,1,RTTP,44,14,1991,2,1
3,2,1991,1,RTTP,44,16,1991,1,1
3,2,1991,1,RTTP,44,16,1991,2,4
3,2,1991,1,RTTP,44,16,1991,4,1
3,2,1991,1,RTTP,44,31,1992,1,1
3,2,1991,1,RTTP,46,16,1991,2,4
3,2,1991,1,RTTP,46,28,1991,3,1
3,2,1991,1,RTTP,48,16,1991,1,4
3,2,1991,1,RTTP,50,16,1991,1,1
3,2,1991,1,RTTP,50,16,1991,4,1
3,2,1991,1,RTTP,52,16,1991,1,1
3,2,1991,1,RTTP,52,16,1991,3,1
3,2,1991,1,RTTP,54,15,1993,2,1
3,2,1991,1,RTTP,54,16,1991,1,1
3,2,1991,1,RTTP,54,28,1991,3,1
3,2,1991,1,RTTP,60,16,1991,2,1
3,2,1991,1,RTTP,62,14,1991,2,1
3,2,1991,1,RTTP,66,14,1991,1,1
4,2,1991,2,RTTP,24,19,1991,2,1
4,2,1991,2,RTTP,26,19,1991,2,10
4,2,1991,2,RTTP,26,19,1991,3,1
4,2,1991,2,RTTP,26,22,1991,2,4
4,2,1991,2,RTTP,26,22,1992,4,1
4,2,1991,2,RTTP,28,25,1992,1,1
4,2,1991,2,RTTP,28,28,1991,2,2
4,2,1991,2,RTTP,30,16,1991,2,1
4,2,1991,2,RTTP,30,19,1991,2,3
4,2,1991,2,RTTP,30,25,1992,1,1
4,2,1991,2,RTTP,30,25,1992,2,1
4,2,1991,2,RTTP,30,28,1991,2,1
4,2,1991,2,RTTP,30,28,1991,3,1
4,2,1991,2,RTTP,32,5,1991,4,1
4,2,1991,2,RTTP,32,16,1991,2,5
4,2,1991,2,RTTP,32,16,1991,3,1
4,2,1991,2,RTTP,32,19,1991,2,7
4,2,1991,2,RTTP,32,19,1991,3,2
4,2,1991,2,RTTP,32,19,1992,1,1
4,2,1991,2,RTTP,32,22,1991,2,2
4,2,1991,2,RTTP,32,22,1992,1,2
4,2,1991,2,RTTP,32,22,1992,3,3
4,2,1991,2,RTTP,32,22,1993,1,2
4,2,1991,2,RTTP,34,16,1991,2,1
4,2,1991,2,RTTP,34,19,1991,2,5
4,2,1991,2,RTTP,34,19,1991,3,4
4,2,1991,2,RTTP,34,19,1992,3,1
4,2,1991,2,RTTP,34,22,1991,2,3
4,2,1991,2,RTTP,34,22,1991,3,1
4,2,1991,2,RTTP,34,22,1992,1,4
4,2,1991,2,RTTP,34,22,1992,3,3
4,2,1991,2,RTTP,34,28,1991,2,3
4,2,1991,2,RTTP,34,28,1991,3,1
4,2,1991,2,RTTP,36,17,1991,2,1
4,2,1991,2,RTTP,36,19,1991,2,23
4,2,1991,2,RTTP,36,19,1991,3,1
4,2,1991,2,RTTP,36,19,1992,1,2
4,2,1991,2,RTTP,36,22,1991,3,2
4,2,1991,2,RTTP,36,22,1992,1,1
4,2,1991,2,RTTP,36,22,1992,3,1
4,2,1991,2,RTTP,36,25,1991,2,1
4,2,1991,2,RTTP,36,25,1992,2,1
4,2,1991,2,RTTP,36,25,1992,3,1
4,2,1991,2,RTTP,36,28,1991,2,17
4,2,1991,2,RTTP,36,28,1991,3,10
4,2,1991,2,RTTP,36,28,1992,2,1
4,2,1991,2,RTTP,36,28,1992,3,1
4,2,1991,2,RTTP,36,29,1991,4,1
4,2,1991,2,RTTP,36,29,1992,1,1
4,2,1991,2,RTTP,36,30,1993,1,1
4,2,1991,2,RTTP,38,16,1991,2,1
4,2,1991,2,RTTP,38,16,1991,3,1
4,2,1991,2,RTTP,38,19,1991,2,17
4,2,1991,2,RTTP,38,19,1991,4,1
4,2,1991,2,RTTP,38,19,1992,1,2
4,2,1991,2,RTTP,38,22,1991,2,1
4,2,1991,2,RTTP,38,22,1991,3,1
4,2,1991,2,RTTP,38,22,1991,4,1
4,2,1991,2,RTTP,38,25,1991,3,1
4,2,1991,2,RTTP,38,25,1991,4,1
4,2,1991,2,RTTP,38,25,1992,2,1
4,2,1991,2,RTTP,38,28,1991,2,7
4,2,1991,2,RTTP,38,28,1991,3,1
4,2,1991,2,RTTP,38,31,1992,2,1
4,2,1991,2,RTTP,40,16,1991,2,3
4,2,1991,2,RTTP,40,16,1991,3,1
4,2,1991,2,RTTP,40,16,1992,1,1
4,2,1991,2,RTTP,40,19,1991,2,4
4,2,1991,2,RTTP,40,19,1991,3,1
4,2,1991,2,RTTP,40,22,1991,2,1
4,2,1991,2,RTTP,40,22,1991,3,2
4,2,1991,2,RTTP,40,22,1992,3,4
4,2,1991,2,RTTP,40,25,1992,2,1
4,2,1991,2,RTTP,40,28,1991,2,2
4,2,1991,2,RTTP,40,28,1991,3,1
4,2,1991,2,RTTP,40,28,1992,2,1
4,2,1991,2,RTTP,42,19,1991,2,2
4,2,1991,2,RTTP,42,19,1991,4,2
4,2,1991,2,RTTP,42,19,1992,1,1
4,2,1991,2,RTTP,42,22,1991,3,1
4,2,1991,2,RTTP,42,22,1994,4,1
4,2,1991,2,RTTP,42,28,1991,3,1
4,2,1991,2,RTTP,42,28,1991,4,1
4,2,1991,2,RTTP,44,19,1991,2,1
4,2,1991,2,RTTP,44,19,1991,3,2
4,2,1991,2,RTTP,44,19,1992,4,1
4,2,1991,2,RTTP,44,22,1991,3,3
4,2,1991,2,RTTP,44,28,1991,4,1
4,2,1991,2,RTTP,46,28,1991,3,2
4,2,1991,2,RTTP,48,19,1992,1,1
4,2,1991,2,RTTP,48,28,1991,3,1
4,2,1991,2,RTTP,50,16,1991,3,1
4,2,1991,2,RTTP,50,28,1991,2,1
4,2,1991,2,RTTP,50,28,1991,4,1
4,2,1991,2,RTTP,52,28,1991,2,1
4,2,1991,2,RTTP,54,17,1991,3,1
4,2,1991,2,RTTP,54,19,1991,2,1
4,2,1991,2,RTTP,54,22,1991,2,1
4,2,1991,2,RTTP,54,28,1991,2,2
4,2,1991,2,RTTP,56,28,1991,3,1
4,2,1991,2,RTTP,56,28,1993,2,1
4,2,1991,2,RTTP,58,28,1991,3,2
4,2,1991,2,RTTP,60,28,1991,3,1
4,2,1991,2,RTTP,62,19,1991,3,1
4,2,1991,2,RTTP,62,28,1991,3,1
4,2,1991,2,RTTP,64,28,1991,3,1
4,2,1991,2,RTTP,70,28,1991,2,1
4,2,1991,2,RTTP,84,28,1991,3,1
6,2,1992,3,RTTP,22,19,1992,3,2
6,2,1992,3,RTTP,24,16,1992,3,1
6,2,1992,3,RTTP,24,19,1992,3,1
6,2,1992,3,RTTP,24,19,1993,2,1
6,2,1992,3,RTTP,24,22,1992,4,4
6,2,1992,3,RTTP,24,22,1993,1,1
6,2,1992,3,RTTP,24,22,1993,4,1
6,2,1992,3,RTTP,26,19,1992,3,8
6,2,1992,3,RTTP,26,19,1992,4,3
6,2,1992,3,RTTP,26,19,1993,1,1
6,2,1992,3,RTTP,26,22,1992,3,1
6,2,1992,3,RTTP,26,22,1993,1,1
6,2,1992,3,RTTP,28,19,1992,3,23
6,2,1992,3,RTTP,28,19,1992,4,1
6,2,1992,3,RTTP,28,19,1993,2,1
6,2,1992,3,RTTP,28,22,1992,3,3
6,2,1992,3,RTTP,30,5,1992,4,1
6,2,1992,3,RTTP,30,15,1992,4,1
6,2,1992,3,RTTP,30,19,1992,3,14
6,2,1992,3,RTTP,30,19,1992,4,5
6,2,1992,3,RTTP,30,19,1993,1,1
6,2,1992,3,RTTP,30,19,1993,2,1
6,2,1992,3,RTTP,30,22,1992,3,10
6,2,1992,3,RTTP,30,22,1992,4,2
6,2,1992,3,RTTP,30,22,1995,4,1
6,2,1992,3,RTTP,32,16,1992,3,1
6,2,1992,3,RTTP,32,19,1992,3,5
6,2,1992,3,RTTP,32,19,1992,4,13
6,2,1992,3,RTTP,32,19,1993,1,4
6,2,1992,3,RTTP,32,19,1993,2,2
6,2,1992,3,RTTP,32,22,1992,3,12
6,2,1992,3,RTTP,32,22,1992,4,11
6,2,1992,3,RTTP,32,22,1993,1,4
6,2,1992,3,RTTP,34,5,1992,4,1
6,2,1992,3,RTTP,34,16,1992,3,1
6,2,1992,3,RTTP,34,19,1992,3,15
6,2,1992,3,RTTP,34,19,1992,4,35
6,2,1992,3,RTTP,34,19,1993,1,9
6,2,1992,3,RTTP,34,19,1993,2,1
6,2,1992,3,RTTP,34,22,1992,3,32
6,2,1992,3,RTTP,34,22,1992,4,12
6,2,1992,3,RTTP,34,22,1993,1,5
6,2,1992,3,RTTP,36,19,1992,3,14
6,2,1992,3,RTTP,36,19,1992,4,22
6,2,1992,3,RTTP,36,19,1993,1,11
6,2,1992,3,RTTP,36,19,1993,2,2
6,2,1992,3,RTTP,36,22,1992,3,36
6,2,1992,3,RTTP,36,22,1992,4,13
6,2,1992,3,RTTP,36,22,1993,1,6
6,2,1992,3,RTTP,38,19,1992,3,19
6,2,1992,3,RTTP,38,19,1992,4,4
6,2,1992,3,RTTP,38,19,1993,2,1
6,2,1992,3,RTTP,38,22,1992,3,1
6,2,1992,3,RTTP,38,22,1992,4,1
6,2,1992,3,RTTP,40,19,1992,3,25
6,2,1992,3,RTTP,40,19,1992,4,4
6,2,1992,3,RTTP,40,19,1993,1,1
6,2,1992,3,RTTP,40,22,1992,3,2
6,2,1992,3,RTTP,40,22,1992,4,2
6,2,1992,3,RTTP,42,19,1992,3,33
6,2,1992,3,RTTP,42,19,1992,4,6
6,2,1992,3,RTTP,42,19,1993,1,1
6,2,1992,3,RTTP,42,22,1992,3,3
6,2,1992,3,RTTP,42,22,1992,4,1
6,2,1992,3,RTTP,42,22,1993,4,1
6,2,1992,3,RTTP,44,15,1992,4,1
6,2,1992,3,RTTP,44,19,1992,3,26
6,2,1992,3,RTTP,44,22,1992,3,4
6,2,1992,3,RTTP,44,22,1992,4,2
6,2,1992,3,RTTP,46,15,1992,3,1
6,2,1992,3,RTTP,46,19,1992,3,8
6,2,1992,3,RTTP,46,19,1992,4,2
6,2,1992,3,RTTP,46,22,1992,3,2
6,2,1992,3,RTTP,46,22,1992,4,1
6,2,1992,3,RTTP,48,19,1992,3,6
6,2,1992,3,RTTP,48,22,1992,3,1
6,2,1992,3,RTTP,48,22,1993,2,1
6,2,1992,3,RTTP,50,19,1992,4,1
6,2,1992,3,RTTP,50,22,1992,3,1
6,2,1992,3,RTTP,56,22,1992,3,1
7,2,1992,4,RTTP,22,19,1992,4,8
7,2,1992,4,RTTP,22,21,1993,3,1
7,2,1992,4,RTTP,24,19,1992,4,27
7,2,1992,4,RTTP,24,19,1993,1,2
7,2,1992,4,RTTP,24,22,1992,4,1
7,2,1992,4,RTTP,26,15,1992,4,2
7,2,1992,4,RTTP,26,15,1993,1,2
7,2,1992,4,RTTP,26,16,1992,4,2
7,2,1992,4,RTTP,26,16,1993,3,1
7,2,1992,4,RTTP,26,19,1992,4,89
7,2,1992,4,RTTP,26,19,1993,1,13
7,2,1992,4,RTTP,26,22,1992,4,5
7,2,1992,4,RTTP,26,22,1993,1,1
7,2,1992,4,RTTP,26,28,1993,3,1
7,2,1992,4,RTTP,28,15,1992,4,3
7,2,1992,4,RTTP,28,16,1992,4,2
7,2,1992,4,RTTP,28,19,1992,4,123
7,2,1992,4,RTTP,28,19,1993,1,10
7,2,1992,4,RTTP,28,19,1993,2,1
7,2,1992,4,RTTP,28,19,1993,3,1
7,2,1992,4,RTTP,28,22,1992,4,2
7,2,1992,4,RTTP,30,15,1992,4,4
7,2,1992,4,RTTP,30,19,1992,4,116
7,2,1992,4,RTTP,30,19,1993,1,3
7,2,1992,4,RTTP,30,22,1992,4,5
7,2,1992,4,RTTP,30,22,1993,1,1
7,2,1992,4,RTTP,32,15,1992,4,4
7,2,1992,4,RTTP,32,16,1993,1,1
7,2,1992,4,RTTP,32,19,1992,4,127
7,2,1992,4,RTTP,32,19,1993,1,2
7,2,1992,4,RTTP,32,19,1993,2,1
7,2,1992,4,RTTP,32,22,1992,4,5
7,2,1992,4,RTTP,34,15,1992,4,1
7,2,1992,4,RTTP,34,15,1993,1,1
7,2,1992,4,RTTP,34,19,1992,4,100
7,2,1992,4,RTTP,34,19,1993,1,4
7,2,1992,4,RTTP,34,22,1992,4,2
7,2,1992,4,RTTP,36,15,1992,4,3
7,2,1992,4,RTTP,36,19,1992,4,57
7,2,1992,4,RTTP,36,19,1993,1,1
7,2,1992,4,RTTP,38,19,1992,4,60
7,2,1992,4,RTTP,38,19,1993,1,2
7,2,1992,4,RTTP,38,22,1992,4,3
7,2,1992,4,RTTP,38,31,1993,3,1
7,2,1992,4,RTTP,40,15,1992,4,2
7,2,1992,4,RTTP,40,16,1992,4,1
7,2,1992,4,RTTP,40,19,1992,4,82
7,2,1992,4,RTTP,40,19,1993,1,1
7,2,1992,4,RTTP,40,22,1992,4,1
7,2,1992,4,RTTP,42,19,1992,4,35
7,2,1992,4,RTTP,42,19,1993,1,1
7,2,1992,4,RTTP,42,28,1993,1,1
7,2,1992,4,RTTP,44,19,1992,4,8
7,2,1992,4,RTTP,46,19,1992,4,7
7,2,1992,4,RTTP,48,19,1992,4,4
7,2,1992,4,RTTP,50,15,1992,4,1
7,2,1992,4,RTTP,50,19,1992,4,4
7,2,1992,4,RTTP,50,22,1992,4,1
7,2,1992,4,RTTP,52,19,1992,4,3
7,2,1992,4,RTTP,56,19,1992,4,1
8,3,1989,3,RTTP,48,24,1989,3,1
8,3,1989,3,RTTP,48,25,1989,3,4
8,3,1989,3,RTTP,48,25,1989,4,1
8,3,1989,3,RTTP,50,29,1992,1,1
8,3,1989,3,RTTP,52,25,1989,4,3
8,3,1989,3,RTTP,56,24,1989,4,1
8,3,1989,3,RTTP,56,25,1989,3,2
8,3,1989,3,RTTP,56,25,1989,4,2
8,3,1989,3,RTTP,56,25,1990,2,1
8,3,1989,3,RTTP,58,25,1989,3,1
8,3,1989,3,RTTP,58,25,1990,1,1
8,3,1989,3,RTTP,60,25,1989,3,2
8,3,1989,3,RTTP,62,25,1989,4,1
9,3,1989,4,RTTP,30,24,1990,2,1
9,3,1989,4,RTTP,30,25,1990,1,1
9,3,1989,4,RTTP,32,25,1990,2,1
9,3,1989,4,RTTP,36,25,1990,1,11
9,3,1989,4,RTTP,36,25,1991,2,1
9,3,1989,4,RTTP,36,25,1991,3,1
9,3,1989,4,RTTP,38,25,1990,1,14
9,3,1989,4,RTTP,38,25,1991,1,1
9,3,1989,4,RTTP,38,25,1991,2,1
9,3,1989,4,RTTP,40,25,1990,1,1
9,3,1989,4,RTTP,40,25,1990,2,1
9,3,1989,4,RTTP,50,25,1990,1,1
10,3,1990,1,RTTP,26,28,1990,2,1
10,3,1990,1,RTTP,28,28,1990,1,1
10,3,1990,1,RTTP,30,25,1990,2,1
10,3,1990,1,RTTP,32,24,1990,3,1
10,3,1990,1,RTTP,32,25,1990,1,1
10,3,1990,1,RTTP,32,25,1990,2,1
10,3,1990,1,RTTP,34,10,1990,4,1
10,3,1990,1,RTTP,34,17,1991,3,1
10,3,1990,1,RTTP,34,24,1990,2,2
10,3,1990,1,RTTP,34,24,1990,3,4
10,3,1990,1,RTTP,34,24,1990,4,1
10,3,1990,1,RTTP,34,25,1990,1,4
10,3,1990,1,RTTP,34,25,1990,2,5
10,3,1990,1,RTTP,34,25,1990,3,2
10,3,1990,1,RTTP,34,25,1991,2,1
10,3,1990,1,RTTP,34,25,1992,1,2
10,3,1990,1,RTTP,34,28,1990,4,1
10,3,1990,1,RTTP,34,28,1991,3,1
10,3,1990,1,RTTP,36,10,1990,4,2
10,3,1990,1,RTTP,36,24,1990,2,2
10,3,1990,1,RTTP,36,24,1990,3,2
10,3,1990,1,RTTP,36,25,1990,1,2
10,3,1990,1,RTTP,36,25,1990,2,8
10,3,1990,1,RTTP,36,25,1990,3,2
10,3,1990,1,RTTP,36,25,1990,4,5
10,3,1990,1,RTTP,36,25,1991,1,2
10,3,1990,1,RTTP,36,28,1990,2,2
10,3,1990,1,RTTP,36,28,1990,4,2
10,3,1990,1,RTTP,36,28,1991,2,1
10,3,1990,1,RTTP,38,19,1991,2,2
10,3,1990,1,RTTP,38,25,1990,1,4
10,3,1990,1,RTTP,38,25,1990,2,5
10,3,1990,1,RTTP,38,25,1990,3,2
10,3,1990,1,RTTP,38,25,1990,4,1
10,3,1990,1,RTTP,38,25,1991,1,1
10,3,1990,1,RTTP,38,26,1990,3,1
10,3,1990,1,RTTP,38,28,1990,4,1
10,3,1990,1,RTTP,38,28,1991,1,1
10,3,1990,1,RTTP,40,24,1991,4,1
10,3,1990,1,RTTP,40,25,1990,1,3
10,3,1990,1,RTTP,40,25,1990,2,3
10,3,1990,1,RTTP,40,25,1990,3,7
10,3,1990,1,RTTP,40,25,1990,4,1
10,3,1990,1,RTTP,40,25,1991,1,2
10,3,1990,1,RTTP,40,25,1992,3,1
10,3,1990,1,RTTP,40,26,1990,2,1
10,3,1990,1,RTTP,40,27,1990,2,1
10,3,1990,1,RTTP,40,28,1990,3,1
10,3,1990,1,RTTP,40,28,1991,1,1
10,3,1990,1,RTTP,42,10,1990,4,1
10,3,1990,1,RTTP,42,25,1990,1,1
10,3,1990,1,RTTP,42,25,1990,3,1
10,3,1990,1,RTTP,42,25,1991,1,2
10,3,1990,1,RTTP,42,25,1991,3,1
10,3,1990,1,RTTP,42,28,1990,2,2
10,3,1990,1,RTTP,42,28,1990,3,1
10,3,1990,1,RTTP,42,28,1990,4,1
10,3,1990,1,RTTP,42,28,1991,1,2
10,3,1990,1,RTTP,44,19,1990,3,1
10,3,1990,1,RTTP,44,19,1991,2,1
10,3,1990,1,RTTP,44,19,1991,4,1
10,3,1990,1,RTTP,44,24,1990,3,1
10,3,1990,1,RTTP,44,24,1990,4,1
10,3,1990,1,RTTP,44,25,1990,1,1
10,3,1990,1,RTTP,44,25,1990,2,3
10,3,1990,1,RTTP,44,25,1990,3,5
10,3,1990,1,RTTP,44,25,1990,4,2
10,3,1990,1,RTTP,44,25,1991,1,1
10,3,1990,1,RTTP,44,25,1991,4,1
10,3,1990,1,RTTP,44,28,1990,2,2
10,3,1990,1,RTTP,44,28,1990,3,2
10,3,1990,1,RTTP,44,28,1990,4,4
10,3,1990,1,RTTP,44,28,1991,3,1
10,3,1990,1,RTTP,44,28,1993,2,1
10,3,1990,1,RTTP,44,31,1992,1,1
10,3,1990,1,RTTP,46,17,1991,3,1
10,3,1990,1,RTTP,46,19,1991,2,1
10,3,1990,1,RTTP,46,25,1990,1,2
10,3,1990,1,RTTP,46,25,1990,2,7
10,3,1990,1,RTTP,46,25,1990,3,4
10,3,1990,1,RTTP,46,25,1990,4,3
10,3,1990,1,RTTP,46,25,1991,1,4
10,3,1990,1,RTTP,46,25,1991,2,1
10,3,1990,1,RTTP,46,25,1991,4,1
10,3,1990,1,RTTP,46,26,1990,4,3
10,3,1990,1,RTTP,46,28,1990,1,1
10,3,1990,1,RTTP,46,28,1990,2,1
10,3,1990,1,RTTP,46,28,1990,3,1
10,3,1990,1,RTTP,46,28,1990,4,6
10,3,1990,1,RTTP,46,28,1991,1,3
10,3,1990,1,RTTP,46,28,1991,2,2
10,3,1990,1,RTTP,46,28,1991,3,1
10,3,1990,1,RTTP,46,28,1992,3,1
10,3,1990,1,RTTP,46,29,1990,2,1
10,3,1990,1,RTTP,46,29,1990,3,1
10,3,1990,1,RTTP,48,10,1990,4,1
10,3,1990,1,RTTP,48,17,1990,3,1
10,3,1990,1,RTTP,48,19,1991,2,2
10,3,1990,1,RTTP,48,25,1990,1,1
10,3,1990,1,RTTP,48,25,1990,2,10
10,3,1990,1,RTTP,48,25,1990,3,10
10,3,1990,1,RTTP,48,25,1990,4,5
10,3,1990,1,RTTP,48,25,1991,1,13
10,3,1990,1,RTTP,48,25,1991,2,9
10,3,1990,1,RTTP,48,25,1991,3,1
10,3,1990,1,RTTP,48,25,1991,4,2
10,3,1990,1,RTTP,48,26,1990,2,1
10,3,1990,1,RTTP,48,26,1991,4,1
10,3,1990,1,RTTP,48,28,1990,1,2
10,3,1990,1,RTTP,48,28,1990,2,7
10,3,1990,1,RTTP,48,28,1990,3,7
10,3,1990,1,RTTP,48,28,1990,4,5
10,3,1990,1,RTTP,48,28,1991,1,2
10,3,1990,1,RTTP,48,28,1991,2,5
10,3,1990,1,RTTP,48,28,1991,3,4
10,3,1990,1,RTTP,48,28,1991,4,1
10,3,1990,1,RTTP,48,29,1990,3,2
10,3,1990,1,RTTP,48,29,1991,3,2
10,3,1990,1,RTTP,48,29,1992,4,1
10,3,1990,1,RTTP,50,10,1992,1,1
10,3,1990,1,RTTP,50,11,1992,4,0
10,3,1990,1,RTTP,50,17,1990,3,2
10,3,1990,1,RTTP,50,17,1990,4,1
10,3,1990,1,RTTP,50,19,1990,3,1
10,3,1990,1,RTTP,50,19,1991,2,1
10,3,1990,1,RTTP,50,24,1990,1,1
10,3,1990,1,RTTP,50,24,1990,2,1
10,3,1990,1,RTTP,50,25,1990,1,5
10,3,1990,1,RTTP,50,25,1990,2,13
10,3,1990,1,RTTP,50,25,1990,3,6
10,3,1990,1,RTTP,50,25,1990,4,6
10,3,1990,1,RTTP,50,25,1991,1,4
10,3,1990,1,RTTP,50,25,1991,2,1
10,3,1990,1,RTTP,50,25,1991,3,3
10,3,1990,1,RTTP,50,25,1991,4,2
10,3,1990,1,RTTP,50,25,1992,1,1
10,3,1990,1,RTTP,50,25,1992,2,1
10,3,1990,1,RTTP,50,26,1990,2,1
10,3,1990,1,RTTP,50,26,1990,4,1
10,3,1990,1,RTTP,50,26,1991,4,1
10,3,1990,1,RTTP,50,28,1990,2,8
10,3,1990,1,RTTP,50,28,1990,3,7
10,3,1990,1,RTTP,50,28,1990,4,7
10,3,1990,1,RTTP,50,28,1991,2,1
10,3,1990,1,RTTP,50,28,1992,1,1
10,3,1990,1,RTTP,50,28,1992,4,1
10,3,1990,1,RTTP,50,29,1990,3,2
10,3,1990,1,RTTP,50,29,1992,2,1
10,3,1990,1,RTTP,50,30,1993,3,1
10,3,1990,1,RTTP,52,10,1990,4,1
10,3,1990,1,RTTP,52,24,1990,4,1
10,3,1990,1,RTTP,52,25,1990,1,2
10,3,1990,1,RTTP,52,25,1990,2,8
10,3,1990,1,RTTP,52,25,1990,3,3
10,3,1990,1,RTTP,52,25,1990,4,2
10,3,1990,1,RTTP,52,25,1991,2,2
10,3,1990,1,RTTP,52,25,1991,3,2
10,3,1990,1,RTTP,52,25,1991,4,1
10,3,1990,1,RTTP,52,26,1990,2,1
10,3,1990,1,RTTP,52,28,1990,2,3
10,3,1990,1,RTTP,52,28,1990,3,1
10,3,1990,1,RTTP,52,28,1990,4,1
10,3,1990,1,RTTP,54,24,1990,2,1
10,3,1990,1,RTTP,54,25,1990,1,1
10,3,1990,1,RTTP,54,25,1990,2,2
10,3,1990,1,RTTP,54,25,1990,3,2
10,3,1990,1,RTTP,54,28,1990,2,1
10,3,1990,1,RTTP,54,28,1990,3,1
10,3,1990,1,RTTP,54,28,1991,1,1
10,3,1990,1,RTTP,56,25,1990,2,1
10,3,1990,1,RTTP,58,25,1990,2,2
10,3,1990,1,RTTP,58,25,1990,3,1
10,3,1990,1,RTTP,58,30,1992,1,1
10,3,1990,1,RTTP,60,25,1990,2,1
10,3,1990,1,RTTP,68,25,1990,2,1
10,3,1990,1,RTTP,70,28,1992,1,1
10,3,1990,1,RTTP,72,25,1991,1,1
10,3,1990,1,RTTP,72,25,1992,3,1
10,3,1990,1,RTTP,74,25,1990,3,1
10,3,1990,1,RTTP,74,29,1993,1,1
10,3,1990,1,RTTP,76,25,1990,4,1
11,3,1990,2,RTTP,32,25,1990,2,1
11,3,1990,2,RTTP,34,16,1990,3,2
11,3,1990,2,RTTP,34,25,1991,2,1
11,3,1990,2,RTTP,34,28,1990,4,1
11,3,1990,2,RTTP,34,28,1991,3,1
11,3,1990,2,RTTP,36,16,1990,3,1
11,3,1990,2,RTTP,36,16,1991,3,1
11,3,1990,2,RTTP,36,25,1991,1,2
11,3,1990,2,RTTP,36,25,1991,2,1
11,3,1990,2,RTTP,36,25,1991,4,1
11,3,1990,2,RTTP,36,28,1990,3,2
11,3,1990,2,RTTP,36,28,1991,1,1
11,3,1990,2,RTTP,36,28,1991,3,1
11,3,1990,2,RTTP,36,28,1991,4,1
11,3,1990,2,RTTP,38,10,1990,4,1
11,3,1990,2,RTTP,38,16,1990,4,1
11,3,1990,2,RTTP,38,17,1991,2,1
11,3,1990,2,RTTP,38,19,1991,2,1
11,3,1990,2,RTTP,38,25,1991,2,3
11,3,1990,2,RTTP,38,28,1990,3,1
11,3,1990,2,RTTP,38,28,1990,4,1
11,3,1990,2,RTTP,38,28,1992,3,1
11,3,1990,2,RTTP,40,14,1990,4,4
11,3,1990,2,RTTP,40,16,1990,3,2
11,3,1990,2,RTTP,40,17,1991,2,2
11,3,1990,2,RTTP,40,19,1991,2,1
11,3,1990,2,RTTP,40,24,1991,2,1
11,3,1990,2,RTTP,40,25,1990,2,3
11,3,1990,2,RTTP,40,25,1990,3,9
11,3,1990,2,RTTP,40,25,1990,4,1
11,3,1990,2,RTTP,40,25,1991,1,1
11,3,1990,2,RTTP,40,25,1991,2,1
11,3,1990,2,RTTP,40,25,1991,3,1
11,3,1990,2,RTTP,40,28,1990,3,3
11,3,1990,2,RTTP,40,28,1990,4,1
11,3,1990,2,RTTP,40,28,1991,3,1
11,3,1990,2,RTTP,40,28,1994,1,1
11,3,1990,2,RTTP,40,29,1990,4,1
11,3,1990,2,RTTP,42,16,1990,3,1
11,3,1990,2,RTTP,42,25,1990,2,3
11,3,1990,2,RTTP,42,25,1990,3,5
11,3,1990,2,RTTP,42,25,1990,4,2
11,3,1990,2,RTTP,42,25,1991,2,5
11,3,1990,2,RTTP,42,25,1991,3,1
11,3,1990,2,RTTP,42,28,1990,2,1
11,3,1990,2,RTTP,42,28,1990,3,1
11,3,1990,2,RTTP,42,28,1990,4,2
11,3,1990,2,RTTP,42,28,1991,4,1
11,3,1990,2,RTTP,42,28,1992,1,1
11,3,1990,2,RTTP,44,10,1990,4,1
11,3,1990,2,RTTP,44,10,1991,1,1
11,3,1990,2,RTTP,44,14,1990,4,1
11,3,1990,2,RTTP,44,19,1991,2,1
11,3,1990,2,RTTP,44,24,1990,2,1
11,3,1990,2,RTTP,44,24,1993,4,1
11,3,1990,2,RTTP,44,25,1990,2,9
11,3,1990,2,RTTP,44,25,1990,3,17
11,3,1990,2,RTTP,44,25,1990,4,5
11,3,1990,2,RTTP,44,25,1991,1,2
11,3,1990,2,RTTP,44,25,1991,2,5
11,3,1990,2,RTTP,44,25,1991,3,2
11,3,1990,2,RTTP,44,25,1991,4,1
11,3,1990,2,RTTP,44,26,1990,3,1
11,3,1990,2,RTTP,44,28,1990,3,2
11,3,1990,2,RTTP,44,28,1990,4,3
11,3,1990,2,RTTP,44,28,1991,1,1
11,3,1990,2,RTTP,44,28,1991,3,1
11,3,1990,2,RTTP,44,28,1991,4,1
11,3,1990,2,RTTP,46,10,1990,4,1
11,3,1990,2,RTTP,46,10,1991,1,1
11,3,1990,2,RTTP,46,14,1990,4,1
11,3,1990,2,RTTP,46,16,1991,2,1
11,3,1990,2,RTTP,46,17,1991,2,2
11,3,1990,2,RTTP,46,20,1990,4,1
11,3,1990,2,RTTP,46,25,1990,2,8
11,3,1990,2,RTTP,46,25,1990,3,14
11,3,1990,2,RTTP,46,25,1990,4,1
11,3,1990,2,RTTP,46,25,1991,1,5
11,3,1990,2,RTTP,46,25,1991,2,3
11,3,1990,2,RTTP,46,25,1991,3,2
11,3,1990,2,RTTP,46,26,1990,3,1
11,3,1990,2,RTTP,46,28,1990,4,1
11,3,1990,2,RTTP,46,28,1991,1,1
11,3,1990,2,RTTP,46,28,1991,3,1
11,3,1990,2,RTTP,48,7,1991,1,1
11,3,1990,2,RTTP,48,10,1990,4,1
11,3,1990,2,RTTP,48,19,1991,2,1
11,3,1990,2,RTTP,48,19,1991,3,1
11,3,1990,2,RTTP,48,25,1990,2,8
11,3,1990,2,RTTP,48,25,1990,3,13
11,3,1990,2,RTTP,48,25,1990,4,1
11,3,1990,2,RTTP,48,25,1991,1,4
11,3,1990,2,RTTP,48,25,1991,2,4
11,3,1990,2,RTTP,48,25,1991,3,1
11,3,1990,2,RTTP,48,25,1992,1,1
11,3,1990,2,RTTP,48,25,1992,2,1
11,3,1990,2,RTTP,48,28,1990,3,3
11,3,1990,2,RTTP,48,28,1990,4,6
11,3,1990,2,RTTP,48,28,1991,1,1
11,3,1990,2,RTTP,48,28,1991,3,1
11,3,1990,2,RTTP,48,28,1991,4,1
11,3,1990,2,RTTP,50,10,1990,4,1
11,3,1990,2,RTTP,50,17,1990,4,2
11,3,1990,2,RTTP,50,25,1990,2,4
11,3,1990,2,RTTP,50,25,1990,3,18
11,3,1990,2,RTTP,50,25,1990,4,2
11,3,1990,2,RTTP,50,25,1991,1,5
11,3,1990,2,RTTP,50,25,1991,2,3
11,3,1990,2,RTTP,50,26,1990,2,3
11,3,1990,2,RTTP,50,26,1992,1,1
11,3,1990,2,RTTP,50,28,1990,3,1
11,3,1990,2,RTTP,50,28,1990,4,4
11,3,1990,2,RTTP,50,28,1991,1,1
11,3,1990,2,RTTP,50,28,1991,2,4
11,3,1990,2,RTTP,50,28,1991,3,3
11,3,1990,2,RTTP,50,29,1990,3,1
11,3,1990,2,RTTP,50,29,1991,4,1
11,3,1990,2,RTTP,52,10,1990,4,1
11,3,1990,2,RTTP,52,17,1991,3,2
11,3,1990,2,RTTP,52,19,1991,2,3
11,3,1990,2,RTTP,52,22,1990,3,1
11,3,1990,2,RTTP,52,25,1990,2,6
11,3,1990,2,RTTP,52,25,1990,3,21
11,3,1990,2,RTTP,52,25,1990,4,3
11,3,1990,2,RTTP,52,25,1991,1,5
11,3,1990,2,RTTP,52,25,1991,2,6
11,3,1990,2,RTTP,52,25,1991,3,2
11,3,1990,2,RTTP,52,25,1992,1,1
11,3,1990,2,RTTP,52,26,1990,2,2
11,3,1990,2,RTTP,52,28,1990,2,1
11,3,1990,2,RTTP,52,28,1990,3,7
11,3,1990,2,RTTP,52,28,1990,4,5
11,3,1990,2,RTTP,52,28,1991,2,1
11,3,1990,2,RTTP,52,28,1991,3,3
11,3,1990,2,RTTP,54,17,1990,4,1
11,3,1990,2,RTTP,54,19,1991,2,2
11,3,1990,2,RTTP,54,19,1991,4,1
11,3,1990,2,RTTP,54,20,1990,4,1
11,3,1990,2,RTTP,54,25,1990,2,11
11,3,1990,2,RTTP,54,25,1990,3,13
11,3,1990,2,RTTP,54,25,1990,4,2
11,3,1990,2,RTTP,54,25,1991,1,1
11,3,1990,2,RTTP,54,25,1991,2,7
11,3,1990,2,RTTP,54,25,1991,3,2
11,3,1990,2,RTTP,54,25,1991,4,2
11,3,1990,2,RTTP,54,26,1990,2,1
11,3,1990,2,RTTP,54,28,1990,2,2
11,3,1990,2,RTTP,54,28,1990,3,3
11,3,1990,2,RTTP,54,28,1990,4,5
11,3,1990,2,RTTP,54,28,1991,1,1
11,3,1990,2,RTTP,54,28,1991,2,3
11,3,1990,2,RTTP,54,28,1991,3,3
11,3,1990,2,RTTP,54,29,1992,1,1
11,3,1990,2,RTTP,56,19,1991,1,1
11,3,1990,2,RTTP,56,19,1991,2,1
11,3,1990,2,RTTP,56,25,1990,2,3
11,3,1990,2,RTTP,56,25,1990,3,4
11,3,1990,2,RTTP,56,25,1990,4,1
11,3,1990,2,RTTP,56,25,1991,1,4
11,3,1990,2,RTTP,56,25,1991,2,4
11,3,1990,2,RTTP,56,25,1992,1,1
11,3,1990,2,RTTP,56,28,1990,2,1
11,3,1990,2,RTTP,56,28,1990,3,2
11,3,1990,2,RTTP,56,28,1990,4,3
11,3,1990,2,RTTP,56,28,1991,1,1
11,3,1990,2,RTTP,56,28,1991,2,1
11,3,1990,2,RTTP,56,28,1991,3,1
11,3,1990,2,RTTP,56,28,1992,1,1
11,3,1990,2,RTTP,56,29,1990,4,1
11,3,1990,2,RTTP,58,25,1990,2,1
11,3,1990,2,RTTP,58,25,1991,1,1
11,3,1990,2,RTTP,58,25,1991,2,5
11,3,1990,2,RTTP,58,28,1990,4,1
12,3,1991,1,RTTP,28,25,1991,2,1
12,3,1991,1,RTTP,32,25,1991,4,1
12,3,1991,1,RTTP,36,28,1991,3,1
12,3,1991,1,RTTP,38,24,1991,4,1
12,3,1991,1,RTTP,38,25,1991,2,2
12,3,1991,1,RTTP,40,25,1991,1,1
12,3,1991,1,RTTP,40,25,1991,2,4
12,3,1991,1,RTTP,40,28,1991,4,2
12,3,1991,1,RTTP,40,30,1991,3,1
12,3,1991,1,RTTP,42,10,1991,4,1
12,3,1991,1,RTTP,42,25,1991,2,1
12,3,1991,1,RTTP,42,25,1991,3,1
12,3,1991,1,RTTP,42,25,1992,1,1
12,3,1991,1,RTTP,42,28,1992,1,1
12,3,1991,1,RTTP,44,28,1992,3,1
12,3,1991,1,RTTP,46,10,1991,1,1
12,3,1991,1,RTTP,46,10,1991,4,1
12,3,1991,1,RTTP,46,19,1991,2,1
12,3,1991,1,RTTP,46,24,1992,1,1
12,3,1991,1,RTTP,46,25,1991,1,7
12,3,1991,1,RTTP,46,25,1991,2,2
12,3,1991,1,RTTP,46,25,1991,3,3
12,3,1991,1,RTTP,46,25,1991,4,2
12,3,1991,1,RTTP,46,29,1992,1,1
12,3,1991,1,RTTP,46,29,1992,2,1
12,3,1991,1,RTTP,48,16,1991,3,1
12,3,1991,1,RTTP,48,24,1991,2,1
12,3,1991,1,RTTP,48,25,1991,1,16
12,3,1991,1,RTTP,48,25,1991,2,2
12,3,1991,1,RTTP,48,25,1991,3,1
12,3,1991,1,RTTP,48,28,1991,4,1
12,3,1991,1,RTTP,48,31,1993,2,1
12,3,1991,1,RTTP,50,10,1991,1,1
12,3,1991,1,RTTP,50,10,1991,2,1
12,3,1991,1,RTTP,50,10,1991,4,1
12,3,1991,1,RTTP,50,25,1991,1,14
12,3,1991,1,RTTP,50,25,1991,2,3
12,3,1991,1,RTTP,50,25,1991,4,6
12,3,1991,1,RTTP,50,28,1992,2,1
12,3,1991,1,RTTP,50,30,1992,1,1
12,3,1991,1,RTTP,52,10,1991,1,3
12,3,1991,1,RTTP,52,25,1991,1,15
12,3,1991,1,RTTP,52,25,1991,2,3
12,3,1991,1,RTTP,52,29,1992,2,1
12,3,1991,1,RTTP,54,10,1991,1,6
12,3,1991,1,RTTP,54,25,1991,1,15
12,3,1991,1,RTTP,54,25,1991,2,1
12,3,1991,1,RTTP,54,30,1992,3,1
12,3,1991,1,RTTP,56,10,1991,1,1
12,3,1991,1,RTTP,56,24,1991,2,1
12,3,1991,1,RTTP,56,25,1991,1,18
12,3,1991,1,RTTP,56,28,1992,2,1
12,3,1991,1,RTTP,58,10,1991,1,2
12,3,1991,1,RTTP,58,25,1991,1,9
12,3,1991,1,RTTP,58,25,1991,2,1
12,3,1991,1,RTTP,58,25,1991,3,1
12,3,1991,1,RTTP,58,25,1992,1,1
12,3,1991,1,RTTP,60,10,1991,1,5
12,3,1991,1,RTTP,60,10,1991,3,1
12,3,1991,1,RTTP,60,25,1991,1,7
12,3,1991,1,RTTP,60,25,1991,2,1
12,3,1991,1,RTTP,62,25,1991,1,4
12,3,1991,1,RTTP,62,25,1991,3,2
12,3,1991,1,RTTP,64,25,1991,1,1
12,3,1991,1,RTTP,66,25,1991,3,1
12,3,1991,1,RTTP,72,25,1991,1,1
13,3,1991,2,RTTP,32,25,1991,3,1
13,3,1991,2,RTTP,34,25,1991,3,1
13,3,1991,2,RTTP,50,29,1992,3,1
13,3,1991,2,RTTP,52,28,1991,3,1
13,3,1991,2,RTTP,54,25,1991,3,1
13,3,1991,2,RTTP,54,28,1991,4,1
13,3,1991,2,RTTP,54,30,1992,3,1
14,3,1991,3,RTTP,42,25,1991,4,2
14,3,1991,3,RTTP,50,25,1991,4,2
14,3,1991,3,RTTP,52,24,1992,4,1
14,3,1991,3,RTTP,52,25,1991,4,2
14,3,1991,3,RTTP,52,25,1992,1,1
14,3,1991,3,RTTP,54,25,1991,4,2
14,3,1991,3,RTTP,56,25,1991,4,1
14,3,1991,3,RTTP,56,25,1992,4,1
14,3,1991,3,RTTP,58,24,1991,4,1
14,3,1991,3,RTTP,58,24,1992,1,1
14,3,1991,3,RTTP,58,25,1991,4,1
14,3,1991,3,RTTP,58,25,1992,1,3
14,3,1991,3,RTTP,58,25,1992,2,1
14,3,1991,3,RTTP,58,25,1992,4,1
14,3,1991,3,RTTP,60,24,1992,1,1
14,3,1991,3,RTTP,60,25,1991,4,4
14,3,1991,3,RTTP,62,25,1991,4,1
14,3,1991,3,RTTP,68,25,1991,4,1
14,3,1991,3,RTTP,74,25,1991,4,1
14,3,1991,3,RTTP,78,25,1991,4,1
14,3,1991,3,RTTP,80,25,1991,4,2
14,3,1991,3,RTTP,86,25,1991,4,1
15,3,1991,4,RTTP,32,25,1991,4,1
15,3,1991,4,RTTP,34,25,1991,4,2
15,3,1991,4,RTTP,36,25,1991,4,1
15,3,1991,4,RTTP,44,25,1991,4,1
15,3,1991,4,RTTP,44,25,1992,2,1
15,3,1991,4,RTTP,44,25,1992,3,2
15,3,1991,4,RTTP,46,24,1991,4,1
15,3,1991,4,RTTP,46,24,1992,3,1
15,3,1991,4,RTTP,46,28,1991,4,2
15,3,1991,4,RTTP,48,10,1993,4,1
15,3,1991,4,RTTP,48,25,1992,1,1
15,3,1991,4,RTTP,48,25,1992,2,1
15,3,1991,4,RTTP,50,10,1993,4,1
15,3,1991,4,RTTP,50,25,1991,4,4
15,3,1991,4,RTTP,50,25,1992,1,1
15,3,1991,4,RTTP,50,25,1992,3,1
15,3,1991,4,RTTP,50,28,1991,4,2
15,3,1991,4,RTTP,50,28,1992,2,1
15,3,1991,4,RTTP,50,28,1993,3,1
15,3,1991,4,RTTP,52,10,1993,4,1
15,3,1991,4,RTTP,52,25,1991,4,4
15,3,1991,4,RTTP,52,28,1991,4,1
15,3,1991,4,RTTP,54,25,1991,4,1
15,3,1991,4,RTTP,54,25,1992,2,1
15,3,1991,4,RTTP,54,25,1993,4,1
15,3,1991,4,RTTP,56,25,1991,4,1
15,3,1991,4,RTTP,56,28,1992,2,1
15,3,1991,4,RTTP,56,28,1992,3,1
15,3,1991,4,RTTP,58,24,1992,4,1
15,3,1991,4,RTTP,58,28,1992,1,1
15,3,1991,4,RTTP,58,28,1992,3,1
15,3,1991,4,RTTP,60,24,1992,2,1
15,3,1991,4,RTTP,60,25,1992,2,1
15,3,1991,4,RTTP,60,30,1992,3,1
15,3,1991,4,RTTP,62,28,1992,1,1
15,3,1991,4,RTTP,62,30,1993,3,1
15,3,1991,4,RTTP,64,25,1992,1,1
16,3,1992,3,RTTP,52,29,1993,1,1
17,4,1990,2,RTTP,42,28,1990,2,2
17,4,1990,2,RTTP,44,26,1990,4,1
17,4,1990,2,RTTP,44,28,1990,2,4
17,4,1990,2,RTTP,46,28,1990,2,7
17,4,1990,2,RTTP,46,28,1990,3,1
17,4,1990,2,RTTP,48,28,1990,2,4
17,4,1990,2,RTTP,50,28,1990,2,2
17,4,1990,2,RTTP,52,28,1990,2,2
17,4,1990,2,RTTP,52,29,1991,3,1
17,4,1990,2,RTTP,54,28,1990,2,4
17,4,1990,2,RTTP,56,28,1990,3,1
17,4,1990,2,RTTP,58,28,1990,2,1
18,4,1990,3,RTTP,26,28,1991,2,1
18,4,1990,3,RTTP,30,25,1991,1,1
18,4,1990,3,RTTP,30,28,1990,4,1
18,4,1990,3,RTTP,32,28,1991,4,1
18,4,1990,3,RTTP,36,25,1991,1,2
18,4,1990,3,RTTP,36,25,1992,3,1
18,4,1990,3,RTTP,36,28,1990,4,1
18,4,1990,3,RTTP,36,28,1991,3,1
18,4,1990,3,RTTP,36,29,1992,1,1
18,4,1990,3,RTTP,38,25,1991,1,2
18,4,1990,3,RTTP,38,25,1991,2,1
18,4,1990,3,RTTP,38,25,1992,1,1
18,4,1990,3,RTTP,38,28,1990,4,3
18,4,1990,3,RTTP,38,28,1991,1,1
18,4,1990,3,RTTP,38,28,1991,3,1
18,4,1990,3,RTTP,38,28,1991,4,1
18,4,1990,3,RTTP,38,29,1992,1,1
18,4,1990,3,RTTP,40,19,1991,2,1
18,4,1990,3,RTTP,40,25,1991,1,2
18,4,1990,3,RTTP,40,25,1991,4,1
18,4,1990,3,RTTP,40,28,1990,4,6
18,4,1990,3,RTTP,40,28,1991,1,2
18,4,1990,3,RTTP,40,28,1991,2,1
18,4,1990,3,RTTP,42,25,1991,1,1
18,4,1990,3,RTTP,42,28,1990,4,2
18,4,1990,3,RTTP,44,25,1990,4,1
18,4,1990,3,RTTP,44,25,1991,3,1
18,4,1990,3,RTTP,44,28,1991,1,1
18,4,1990,3,RTTP,46,28,1990,4,1
18,4,1990,3,RTTP,46,28,1991,4,1
18,4,1990,3,RTTP,48,28,1991,2,1
18,4,1990,3,RTTP,50,28,1993,2,1
18,4,1990,3,RTTP,52,28,1991,2,1
18,4,1990,3,RTTP,52,28,1992,4,1
18,4,1990,3,RTTP,54,28,1990,4,1
18,4,1990,3,RTTP,54,28,1991,4,1
18,4,1990,3,RTTP,56,28,1990,4,1
18,4,1990,3,RTTP,56,28,1991,1,1
18,4,1990,3,RTTP,56,28,1991,3,1
18,4,1990,3,RTTP,58,28,1990,4,1
18,4,1990,3,RTTP,60,28,1991,1,1
18,4,1990,3,RTTP,62,19,1991,2,1
18,4,1990,3,RTTP,62,28,1991,1,1
18,4,1990,3,RTTP,62,28,1991,3,2
18,4,1990,3,RTTP,64,25,1992,1,1
18,4,1990,3,RTTP,64,28,1990,4,1
18,4,1990,3,RTTP,66,28,1990,4,1
18,4,1990,3,RTTP,66,28,1991,1,1
19,4,1990,4,RTTP,44,25,1992,1,1
19,4,1990,4,RTTP,46,28,1993,2,1
19,4,1990,4,RTTP,46,29,1990,4,1
21,4,1991,3,RTTP,26,28,1991,3,1
21,4,1991,3,RTTP,28,28,1991,3,1
21,4,1991,3,RTTP,30,28,1991,3,4
21,4,1991,3,RTTP,32,25,1992,1,1
21,4,1991,3,RTTP,32,28,1991,3,23
21,4,1991,3,RTTP,34,10,1992,3,1
21,4,1991,3,RTTP,34,28,1991,3,10
21,4,1991,3,RTTP,36,28,1991,3,5
21,4,1991,3,RTTP,36,28,1992,1,2
21,4,1991,3,RTTP,36,28,1992,3,1
21,4,1991,3,RTTP,36,29,1992,1,1
21,4,1991,3,RTTP,38,25,1991,4,1
21,4,1991,3,RTTP,38,25,1992,2,1
21,4,1991,3,RTTP,38,28,1991,3,3
21,4,1991,3,RTTP,40,25,1992,1,1
21,4,1991,3,RTTP,40,28,1991,3,4
21,4,1991,3,RTTP,40,28,1992,4,1
21,4,1991,3,RTTP,40,29,1992,1,1
21,4,1991,3,RTTP,40,31,1992,2,1
21,4,1991,3,RTTP,42,25,1991,4,2
21,4,1991,3,RTTP,42,28,1991,3,9
21,4,1991,3,RTTP,42,28,1991,4,1
21,4,1991,3,RTTP,42,28,1992,2,1
21,4,1991,3,RTTP,44,5,1992,2,1
21,4,1991,3,RTTP,44,28,1991,3,5
21,4,1991,3,RTTP,44,28,1991,4,1
21,4,1991,3,RTTP,44,28,1993,2,1
21,4,1991,3,RTTP,44,29,1992,1,2
21,4,1991,3,RTTP,46,28,1991,3,1
21,4,1991,3,RTTP,46,29,1991,4,1
21,4,1991,3,RTTP,50,25,1991,4,1
21,4,1991,3,RTTP,50,28,1992,1,1
21,4,1991,3,RTTP,50,29,1992,1,2
21,4,1991,3,RTTP,50,30,1991,4,1
21,4,1991,3,RTTP,52,28,1992,3,1
21,4,1991,3,RTTP,52,29,1992,2,1
21,4,1991,3,RTTP,52,29,1993,2,1
21,4,1991,3,RTTP,54,28,1991,3,2
21,4,1991,3,RTTP,54,31,1992,2,2
21,4,1991,3,RTTP,56,25,1991,4,1
21,4,1991,3,RTTP,56,25,1992,1,1
21,4,1991,3,RTTP,56,28,1991,3,2
21,4,1991,3,RTTP,56,28,1991,4,2
21,4,1991,3,RTTP,56,28,1992,3,1
21,4,1991,3,RTTP,56,28,1993,4,1
21,4,1991,3,RTTP,56,29,1992,1,2
21,4,1991,3,RTTP,56,29,1992,2,2
21,4,1991,3,RTTP,58,25,1991,4,1
21,4,1991,3,RTTP,58,28,1991,4,1
21,4,1991,3,RTTP,58,29,1991,4,3
21,4,1991,3,RTTP,58,29,1992,1,1
21,4,1991,3,RTTP,58,29,1992,2,1
21,4,1991,3,RTTP,58,29,1992,3,1
21,4,1991,3,RTTP,58,29,1993,1,1
21,4,1991,3,RTTP,58,30,1993,1,1
21,4,1991,3,RTTP,58,31,1992,2,2
21,4,1991,3,RTTP,58,31,1992,3,1
21,4,1991,3,RTTP,60,25,1991,4,2
21,4,1991,3,RTTP,60,25,1992,1,1
21,4,1991,3,RTTP,60,27,1991,3,1
21,4,1991,3,RTTP,60,27,1991,4,1
21,4,1991,3,RTTP,60,28,1991,3,1
21,4,1991,3,RTTP,60,28,1991,4,2
21,4,1991,3,RTTP,60,28,1992,1,1
21,4,1991,3,RTTP,60,28,1992,4,1
21,4,1991,3,RTTP,60,29,1991,4,2
21,4,1991,3,RTTP,60,29,1992,2,4
21,4,1991,3,RTTP,60,30,1992,4,2
21,4,1991,3,RTTP,60,30,1993,1,1
21,4,1991,3,RTTP,60,31,1992,1,1
21,4,1991,3,RTTP,60,31,1992,2,1
21,4,1991,3,RTTP,62,25,1991,4,1
21,4,1991,3,RTTP,62,25,1992,2,1
21,4,1991,3,RTTP,62,27,1991,4,2
21,4,1991,3,RTTP,62,28,1991,4,3
21,4,1991,3,RTTP,62,28,1992,3,1
21,4,1991,3,RTTP,62,28,1992,4,1
21,4,1991,3,RTTP,62,28,1994,3,1
21,4,1991,3,RTTP,62,28,1995,1,1
21,4,1991,3,RTTP,62,29,1992,2,2
21,4,1991,3,RTTP,62,30,1993,1,1
21,4,1991,3,RTTP,62,31,1992,2,1
21,4,1991,3,RTTP,62,31,1994,2,1
21,4,1991,3,RTTP,64,7,1993,1,1
21,4,1991,3,RTTP,64,8,1992,3,1
21,4,1991,3,RTTP,64,25,1992,1,1
21,4,1991,3,RTTP,64,28,1991,4,3
21,4,1991,3,RTTP,64,28,1992,1,1
21,4,1991,3,RTTP,64,28,1992,3,1
21,4,1991,3,RTTP,64,29,1992,1,1
21,4,1991,3,RTTP,64,29,1992,2,3
21,4,1991,3,RTTP,64,30,1993,1,1
21,4,1991,3,RTTP,64,31,1993,1,1
21,4,1991,3,RTTP,66,9,1993,4,1
21,4,1991,3,RTTP,66,27,1991,3,1
21,4,1991,3,RTTP,66,28,1991,4,1
21,4,1991,3,RTTP,66,28,1992,1,1
21,4,1991,3,RTTP,66,29,1991,4,1
21,4,1991,3,RTTP,66,29,1992,2,1
21,4,1991,3,RTTP,66,31,1992,1,1
21,4,1991,3,RTTP,68,2,1992,4,1
21,4,1991,3,RTTP,68,7,1995,1,1
21,4,1991,3,RTTP,68,29,1991,4,1
21,4,1991,3,RTTP,70,31,1992,1,1
21,4,1991,3,RTTP,70,31,1992,2,1
21,4,1991,3,RTTP,72,29,1992,1,1
21,4,1991,3,RTTP,74,25,1991,4,1
21,4,1991,3,RTTP,74,29,1992,2,1
21,4,1991,3,RTTP,76,9,1992,2,1
21,4,1991,3,RTTP,76,31,1992,1,1
22,4,1992,1,RTTP,34,25,1993,1,1
22,4,1992,1,RTTP,34,28,1992,4,1
22,4,1992,1,RTTP,36,28,1992,4,1
22,4,1992,1,RTTP,38,25,1993,1,1
22,4,1992,1,RTTP,38,25,1993,4,1
22,4,1992,1,RTTP,38,29,1993,1,2
22,4,1992,1,RTTP,38,29,1993,3,1
22,4,1992,1,RTTP,38,31,1992,4,1
22,4,1992,1,RTTP,40,28,1992,3,2
22,4,1992,1,RTTP,40,28,1992,4,1
22,4,1992,1,RTTP,40,28,1993,2,1
22,4,1992,1,RTTP,42,28,1993,1,1
22,4,1992,1,RTTP,42,29,1992,3,1
22,4,1992,1,RTTP,44,28,1992,3,2
22,4,1992,1,RTTP,44,28,1992,4,1
22,4,1992,1,RTTP,44,28,1993,1,1
22,4,1992,1,RTTP,46,28,1992,2,1
22,4,1992,1,RTTP,46,28,1992,3,1
22,4,1992,1,RTTP,46,28,1992,4,1
22,4,1992,1,RTTP,48,28,1993,1,1
22,4,1992,1,RTTP,50,28,1992,3,2
22,4,1992,1,RTTP,50,28,1992,4,1
22,4,1992,1,RTTP,50,30,1993,4,1
22,4,1992,1,RTTP,52,28,1992,3,1
22,4,1992,1,RTTP,52,28,1993,2,1
22,4,1992,1,RTTP,52,28,1994,1,1
22,4,1992,1,RTTP,52,30,1993,3,1
22,4,1992,1,RTTP,54,31,1993,1,1
22,4,1992,1,RTTP,54,31,1993,2,1
22,4,1992,1,RTTP,58,28,1992,3,1
22,4,1992,1,RTTP,58,29,1993,2,2
22,4,1992,1,RTTP,60,28,1993,2,1
22,4,1992,1,RTTP,60,29,1993,2,1
22,4,1992,1,RTTP,84,28,1993,1,1
22,4,1992,1,RTTP,86,28,1992,3,1
23,4,1992,2,RTTP,40,30,1993,1,1
23,4,1992,2,RTTP,44,28,1992,3,1
23,4,1992,2,RTTP,46,28,1992,3,1
23,4,1992,2,RTTP,46,29,1992,3,3
23,4,1992,2,RTTP,50,25,1992,3,1
23,4,1992,2,RTTP,50,28,1992,3,4
23,4,1992,2,RTTP,50,28,1992,4,2
23,4,1992,2,RTTP,50,29,1992,2,6
23,4,1992,2,RTTP,50,29,1992,3,1
23,4,1992,2,RTTP,50,30,1992,2,1
23,4,1992,2,RTTP,52,25,1992,3,1
23,4,1992,2,RTTP,52,25,1992,4,2
23,4,1992,2,RTTP,52,28,1992,3,8
23,4,1992,2,RTTP,52,28,1992,4,2
23,4,1992,2,RTTP,52,28,1993,2,2
23,4,1992,2,RTTP,52,28,1993,4,1
23,4,1992,2,RTTP,52,29,1992,4,1
23,4,1992,2,RTTP,52,30,1992,3,1
23,4,1992,2,RTTP,52,31,1993,3,1
23,4,1992,2,RTTP,54,28,1992,2,1
23,4,1992,2,RTTP,54,28,1992,3,8
23,4,1992,2,RTTP,54,28,1992,4,2
23,4,1992,2,RTTP,54,28,1993,2,1
23,4,1992,2,RTTP,54,29,1992,2,2
23,4,1992,2,RTTP,54,30,1992,4,1
23,4,1992,2,RTTP,54,30,1993,2,1
23,4,1992,2,RTTP,56,25,1992,3,1
23,4,1992,2,RTTP,56,28,1992,3,2
23,4,1992,2,RTTP,58,29,1992,3,1
23,4,1992,2,RTTP,58,29,1993,1,1
23,4,1992,2,RTTP,100,29,1992,2,1
24,4,1992,3,RTTP,28,28,1992,3,1
24,4,1992,3,RTTP,40,28,1992,4,2
24,4,1992,3,RTTP,42,28,1992,4,1
24,4,1992,3,RTTP,42,28,1993,2,1
24,4,1992,3,RTTP,42,28,1993,4,1
24,4,1992,3,RTTP,44,19,1992,4,1
24,4,1992,3,RTTP,44,25,1992,4,1
24,4,1992,3,RTTP,44,29,1992,4,1
24,4,1992,3,RTTP,46,28,1992,3,1
24,4,1992,3,RTTP,46,28,1992,4,3
24,4,1992,3,RTTP,46,29,1993,1,1
24,4,1992,3,RTTP,46,30,1993,2,1
24,4,1992,3,RTTP,48,28,1992,3,1
24,4,1992,3,RTTP,50,28,1992,3,1
24,4,1992,3,RTTP,52,28,1992,4,1
25,5,1991,1,RTTP,36,25,1991,4,1
25,5,1991,1,RTTP,38,10,1991,1,2
25,5,1991,1,RTTP,38,25,1991,4,1
25,5,1991,1,RTTP,40,10,1991,1,1
25,5,1991,1,RTTP,40,19,1991,2,1
25,5,1991,1,RTTP,40,25,1991,2,1
25,5,1991,1,RTTP,40,25,1991,3,1
25,5,1991,1,RTTP,42,10,1991,1,1
25,5,1991,1,RTTP,42,24,1992,1,1
25,5,1991,1,RTTP,42,25,1991,1,4
25,5,1991,1,RTTP,42,28,1991,3,1
25,5,1991,1,RTTP,42,28,1992,3,1
25,5,1991,1,RTTP,44,25,1991,1,1
25,5,1991,1,RTTP,44,25,1992,1,1
25,5,1991,1,RTTP,46,10,1991,1,2
25,5,1991,1,RTTP,48,10,1991,1,3
25,5,1991,1,RTTP,48,25,1991,1,1
25,5,1991,1,RTTP,48,25,1991,2,1
25,5,1991,1,RTTP,50,10,1991,1,7
25,5,1991,1,RTTP,50,25,1991,1,1
25,5,1991,1,RTTP,50,25,1991,2,1
25,5,1991,1,RTTP,50,28,1991,3,1
25,5,1991,1,RTTP,52,10,1991,1,13
25,5,1991,1,RTTP,52,25,1991,1,2
25,5,1991,1,RTTP,52,25,1991,2,2
25,5,1991,1,RTTP,54,10,1991,1,17
25,5,1991,1,RTTP,54,10,1991,2,1
25,5,1991,1,RTTP,54,10,1992,1,1
25,5,1991,1,RTTP,54,24,1991,4,1
25,5,1991,1,RTTP,54,25,1991,1,8
25,5,1991,1,RTTP,54,25,1991,2,3
25,5,1991,1,RTTP,54,25,1991,4,1
25,5,1991,1,RTTP,54,25,1992,3,1
25,5,1991,1,RTTP,54,28,1992,3,1
25,5,1991,1,RTTP,56,10,1991,1,20
25,5,1991,1,RTTP,56,10,1992,1,1
25,5,1991,1,RTTP,56,25,1991,1,8
25,5,1991,1,RTTP,56,25,1991,2,3
25,5,1991,1,RTTP,56,25,1991,3,3
25,5,1991,1,RTTP,56,25,1991,4,2
25,5,1991,1,RTTP,56,25,1992,1,3
25,5,1991,1,RTTP,58,10,1991,1,13
25,5,1991,1,RTTP,58,25,1991,1,6
25,5,1991,1,RTTP,58,25,1991,2,4
25,5,1991,1,RTTP,58,25,1991,3,1
25,5,1991,1,RTTP,58,25,1991,4,1
25,5,1991,1,RTTP,58,25,1992,1,1
25,5,1991,1,RTTP,58,28,1992,2,1
25,5,1991,1,RTTP,60,10,1991,1,13
25,5,1991,1,RTTP,60,25,1991,1,7
25,5,1991,1,RTTP,60,25,1991,2,1
25,5,1991,1,RTTP,60,25,1991,3,2
25,5,1991,1,RTTP,60,25,1991,4,1
25,5,1991,1,RTTP,60,28,1991,2,1
25,5,1991,1,RTTP,62,10,1991,1,8
25,5,1991,1,RTTP,62,24,1991,3,1
25,5,1991,1,RTTP,62,25,1991,4,2
25,5,1991,1,RTTP,62,25,1992,3,1
25,5,1991,1,RTTP,62,28,1992,3,1
25,5,1991,1,RTTP,64,10,1991,1,3
25,5,1991,1,RTTP,64,25,1991,1,3
25,5,1991,1,RTTP,64,25,1991,2,2
25,5,1991,1,RTTP,66,10,1991,1,2
25,5,1991,1,RTTP,66,25,1992,1,1
25,5,1991,1,RTTP,66,28,1992,1,1
25,5,1991,1,RTTP,68,10,1991,1,2
26,5,1991,4,RTTP,56,25,1992,4,1
27,5,1992,1,RTTP,46,10,1992,2,1
27,5,1992,1,RTTP,46,10,1993,1,1
27,5,1992,1,RTTP,46,25,1992,4,1
27,5,1992,1,RTTP,48,10,1992,1,4
27,5,1992,1,RTTP,48,10,1992,3,1
27,5,1992,1,RTTP,48,10,1992,4,1
27,5,1992,1,RTTP,48,10,1994,2,1
27,5,1992,1,RTTP,50,10,1992,1,4
27,5,1992,1,RTTP,50,10,1992,2,2
27,5,1992,1,RTTP,50,10,1992,3,2
27,5,1992,1,RTTP,50,10,1992,4,1
27,5,1992,1,RTTP,50,26,1995,3,1
27,5,1992,1,RTTP,50,29,1994,3,1
27,5,1992,1,RTTP,50,31,1993,2,1
27,5,1992,1,RTTP,50,31,1993,3,1
27,5,1992,1,RTTP,52,7,1995,3,1
27,5,1992,1,RTTP,52,10,1992,1,7
27,5,1992,1,RTTP,52,10,1992,2,1
27,5,1992,1,RTTP,54,10,1992,1,5
27,5,1992,1,RTTP,54,29,1993,2,1
27,5,1992,1,RTTP,58,10,1992,2,1
27,5,1992,1,RTTP,60,10,1992,1,1
27,5,1992,1,RTTP,60,10,1992,3,1
27,5,1992,1,RTTP,62,10,1992,1,1
27,5,1992,1,RTTP,64,10,1992,1,1
27,5,1992,1,RTTP,74,29,1994,4,1
29,5,1992,4,RTTP,54,1,1995,3,1
29,5,1992,4,RTTP,56,10,1994,2,1
29,5,1992,4,RTTP,56,22,1996,4,1
29,5,1992,4,RTTP,56,29,1994,3,1
30,1,2020,3,PTTP,40,29,2021,2,1
30,1,2020,3,PTTP,50,29,2020,4,1
31,1,2021,3,PTTP,38,29,2021,4,1
31,1,2021,3,PTTP,46,29,2022,1,1
31,1,2021,3,PTTP,52,29,2022,1,1
32,2,2008,3,PTTP,28,14,2009,4,1
32,2,2008,3,PTTP,28,21,2008,3,2
32,2,2008,3,PTTP,28,21,2008,4,2
32,2,2008,3,PTTP,28,21,2009,2,1
32,2,2008,3,PTTP,28,28,2008,4,1
32,2,2008,3,PTTP,30,14,2008,3,1
32,2,2008,3,PTTP,30,14,2010,4,1
32,2,2008,3,PTTP,30,19,2008,3,3
32,2,2008,3,PTTP,30,19,2008,4,4
32,2,2008,3,PTTP,30,21,2008,3,8
32,2,2008,3,PTTP,30,21,2008,4,19
32,2,2008,3,PTTP,30,21,2009,1,2
32,2,2008,3,PTTP,30,21,2009,2,3
32,2,2008,3,PTTP,30,25,2008,3,1
32,2,2008,3,PTTP,30,25,2008,4,1
32,2,2008,3,PTTP,30,25,2009,1,2
32,2,2008,3,PTTP,30,25,2009,2,1
32,2,2008,3,PTTP,30,28,2008,4,2
32,2,2008,3,PTTP,30,28,2010,3,1
32,2,2008,3,PTTP,30,28,2010,4,1
32,2,2008,3,PTTP,32,19,2008,4,2
32,2,2008,3,PTTP,32,20,2008,4,1
32,2,2008,3,PTTP,32,21,2008,3,10
32,2,2008,3,PTTP,32,21,2008,4,15
32,2,2008,3,PTTP,32,21,2009,1,1
32,2,2008,3,PTTP,32,21,2009,2,2
32,2,2008,3,PTTP,32,25,2009,1,1
32,2,2008,3,PTTP,32,26,2008,4,1
32,2,2008,3,PTTP,32,28,2008,4,1
32,2,2008,3,PTTP,32,28,2009,2,2
32,2,2008,3,PTTP,34,19,2008,3,1
32,2,2008,3,PTTP,34,19,2008,4,3
32,2,2008,3,PTTP,34,21,2008,3,1
32,2,2008,3,PTTP,34,21,2008,4,4
32,2,2008,3,PTTP,34,21,2009,1,4
32,2,2008,3,PTTP,34,21,2009,2,1
32,2,2008,3,PTTP,34,25,2009,1,3
32,2,2008,3,PTTP,34,26,2008,4,1
32,2,2008,3,PTTP,36,21,2008,3,2
32,2,2008,3,PTTP,36,21,2008,4,8
32,2,2008,3,PTTP,36,21,2009,1,2
32,2,2008,3,PTTP,36,25,2009,1,2
32,2,2008,3,PTTP,36,25,2009,3,3
32,2,2008,3,PTTP,36,28,2008,4,1
32,2,2008,3,PTTP,36,28,2010,3,1
32,2,2008,3,PTTP,38,19,2008,4,1
32,2,2008,3,PTTP,38,21,2008,3,4
32,2,2008,3,PTTP,38,21,2008,4,8
32,2,2008,3,PTTP,38,21,2009,1,3
32,2,2008,3,PTTP,38,25,2009,2,1
32,2,2008,3,PTTP,38,29,2008,4,1
32,2,2008,3,PTTP,40,14,2009,3,1
32,2,2008,3,PTTP,40,19,2008,3,1
32,2,2008,3,PTTP,40,19,2008,4,1
32,2,2008,3,PTTP,40,21,2008,3,3
32,2,2008,3,PTTP,40,21,2008,4,14
32,2,2008,3,PTTP,40,21,2009,1,1
32,2,2008,3,PTTP,40,25,2009,1,3
32,2,2008,3,PTTP,40,26,2009,2,1
32,2,2008,3,PTTP,40,28,2008,3,1
32,2,2008,3,PTTP,40,28,2008,4,1
32,2,2008,3,PTTP,40,28,2009,1,1
32,2,2008,3,PTTP,40,28,2009,2,1
32,2,2008,3,PTTP,40,28,2009,3,2
32,2,2008,3,PTTP,42,21,2008,3,1
32,2,2008,3,PTTP,42,21,2008,4,4
32,2,2008,3,PTTP,42,21,2009,3,1
32,2,2008,3,PTTP,42,25,2009,2,1
32,2,2008,3,PTTP,42,25,2009,4,1
32,2,2008,3,PTTP,42,25,2010,2,1
32,2,2008,3,PTTP,42,26,2008,4,1
32,2,2008,3,PTTP,42,26,2009,4,1
32,2,2008,3,PTTP,42,28,2009,1,1
32,2,2008,3,PTTP,42,28,2009,2,1
32,2,2008,3,PTTP,44,14,2009,4,1
32,2,2008,3,PTTP,44,14,2011,1,1
32,2,2008,3,PTTP,44,21,2008,3,1
32,2,2008,3,PTTP,44,21,2008,4,2
32,2,2008,3,PTTP,44,21,2009,2,1
32,2,2008,3,PTTP,44,25,2009,3,1
32,2,2008,3,PTTP,44,29,2010,1,1
32,2,2008,3,PTTP,46,25,2009,2,1
32,2,2008,3,PTTP,46,25,2009,4,1
32,2,2008,3,PTTP,46,25,2011,1,1
32,2,2008,3,PTTP,48,25,2009,2,1
32,2,2008,3,PTTP,48,28,2009,2,1
32,2,2008,3,PTTP,50,14,2010,3,1
32,2,2008,3,PTTP,52,14,2009,2,1
32,2,2008,3,PTTP,54,21,2008,4,1
33,2,2008,4,PTTP,30,21,2008,4,3
33,2,2008,4,PTTP,30,25,2009,2,1
33,2,2008,4,PTTP,30,26,2008,4,1
33,2,2008,4,PTTP,32,21,2008,4,6
33,2,2008,4,PTTP,32,25,2008,4,1
33,2,2008,4,PTTP,34,14,2009,3,1
33,2,2008,4,PTTP,34,19,2008,4,1
33,2,2008,4,PTTP,34,21,2008,4,22
33,2,2008,4,PTTP,34,21,2009,1,7
33,2,2008,4,PTTP,34,21,2009,2,1
33,2,2008,4,PTTP,36,14,2009,3,1
33,2,2008,4,PTTP,36,19,2008,4,1
33,2,2008,4,PTTP,36,21,2008,4,37
33,2,2008,4,PTTP,36,21,2009,1,18
33,2,2008,4,PTTP,36,21,2009,2,2
33,2,2008,4,PTTP,36,21,2009,3,2
33,2,2008,4,PTTP,36,29,2010,2,1
33,2,2008,4,PTTP,38,4,2009,1,1
33,2,2008,4,PTTP,38,14,2009,3,3
33,2,2008,4,PTTP,38,14,2009,4,10
33,2,2008,4,PTTP,38,14,2010,1,5
33,2,2008,4,PTTP,38,14,2010,2,1
33,2,2008,4,PTTP,38,14,2011,1,1
33,2,2008,4,PTTP,38,19,2008,4,3
33,2,2008,4,PTTP,38,19,2009,2,2
33,2,2008,4,PTTP,38,21,2008,4,224
33,2,2008,4,PTTP,38,21,2009,1,58
33,2,2008,4,PTTP,38,21,2009,2,17
33,2,2008,4,PTTP,38,21,2009,3,5
33,2,2008,4,PTTP,38,21,2009,4,1
33,2,2008,4,PTTP,38,25,2008,4,1
33,2,2008,4,PTTP,38,25,2009,4,1
33,2,2008,4,PTTP,38,25,2010,1,1
33,2,2008,4,PTTP,38,28,2008,4,1
33,2,2008,4,PTTP,38,28,2009,1,1
33,2,2008,4,PTTP,38,28,2009,2,1
33,2,2008,4,PTTP,40,14,2009,4,2
33,2,2008,4,PTTP,40,14,2010,1,1
33,2,2008,4,PTTP,40,19,2008,4,2
33,2,2008,4,PTTP,40,21,2008,4,136
33,2,2008,4,PTTP,40,21,2009,1,29
33,2,2008,4,PTTP,40,21,2009,2,9
33,2,2008,4,PTTP,40,21,2009,3,3
33,2,2008,4,PTTP,40,21,2009,4,1
33,2,2008,4,PTTP,40,25,2009,2,3
33,2,2008,4,PTTP,40,25,2009,4,1
33,2,2008,4,PTTP,42,14,2009,4,2
33,2,2008,4,PTTP,42,14,2010,4,1
33,2,2008,4,PTTP,42,14,2013,1,1
33,2,2008,4,PTTP,42,19,2008,4,1
33,2,2008,4,PTTP,42,21,2008,4,51
33,2,2008,4,PTTP,42,21,2009,1,12
33,2,2008,4,PTTP,42,21,2009,2,1
33,2,2008,4,PTTP,42,25,2008,4,1
33,2,2008,4,PTTP,42,25,2009,1,1
33,2,2008,4,PTTP,42,25,2009,3,2
33,2,2008,4,PTTP,42,25,2010,1,1
33,2,2008,4,PTTP,42,28,2008,4,1
33,2,2008,4,PTTP,42,28,2009,1,1
33,2,2008,4,PTTP,44,14,2008,4,1
33,2,2008,4,PTTP,44,14,2010,1,1
33,2,2008,4,PTTP,44,21,2008,4,17
33,2,2008,4,PTTP,44,21,2009,1,1
33,2,2008,4,PTTP,44,21,2009,2,4
33,2,2008,4,PTTP,44,21,2009,3,1
33,2,2008,4,PTTP,44,25,2009,1,4
33,2,2008,4,PTTP,44,25,2009,2,1
33,2,2008,4,PTTP,44,25,2009,4,2
33,2,2008,4,PTTP,44,25,2011,2,1
33,2,2008,4,PTTP,44,28,2008,4,1
33,2,2008,4,PTTP,44,28,2009,3,2
33,2,2008,4,PTTP,46,14,2009,4,1
33,2,2008,4,PTTP,46,14,2010,1,1
33,2,2008,4,PTTP,46,21,2008,4,9
33,2,2008,4,PTTP,46,21,2009,1,2
33,2,2008,4,PTTP,46,25,2008,4,1
33,2,2008,4,PTTP,46,25,2009,1,4
33,2,2008,4,PTTP,46,25,2009,3,3
33,2,2008,4,PTTP,46,25,2009,4,3
33,2,2008,4,PTTP,46,25,2010,4,1
33,2,2008,4,PTTP,46,26,2012,4,1
33,2,2008,4,PTTP,46,28,2009,1,1
33,2,2008,4,PTTP,46,28,2009,2,1
33,2,2008,4,PTTP,48,21,2008,4,7
33,2,2008,4,PTTP,48,21,2009,1,1
33,2,2008,4,PTTP,48,25,2008,4,1
33,2,2008,4,PTTP,48,25,2009,1,1
33,2,2008,4,PTTP,48,26,2010,4,1
33,2,2008,4,PTTP,48,28,2008,4,1
33,2,2008,4,PTTP,48,28,2009,1,1
33,2,2008,4,PTTP,48,28,2009,2,1
33,2,2008,4,PTTP,48,28,2009,3,1
33,2,2008,4,PTTP,50,21,2008,4,3
33,2,2008,4,PTTP,50,21,2009,2,1
33,2,2008,4,PTTP,50,25,2009,1,2
33,2,2008,4,PTTP,50,25,2009,3,1
33,2,2008,4,PTTP,52,21,2008,4,2
33,2,2008,4,PTTP,52,25,2009,2,1
33,2,2008,4,PTTP,52,28,2009,2,1
33,2,2008,4,PTTP,54,21,2008,4,2
33,2,2008,4,PTTP,54,25,2008,4,1
34,2,2009,3,PTTP,28,21,2009,4,2
34,2,2009,3,PTTP,28,21,2010,1,1
34,2,2009,3,PTTP,30,14,2010,4,2
34,2,2009,3,PTTP,30,21,2009,3,7
34,2,2009,3,PTTP,30,21,2009,4,7
34,2,2009,3,PTTP,30,21,2010,1,2
34,2,2009,3,PTTP,30,21,2010,2,1
34,2,2009,3,PTTP,30,25,2010,1,3
34,2,2009,3,PTTP,32,19,2010,2,1
34,2,2009,3,PTTP,32,21,2009,3,21
34,2,2009,3,PTTP,32,21,2009,4,25
34,2,2009,3,PTTP,32,21,2010,1,5
34,2,2009,3,PTTP,32,21,2010,2,1
34,2,2009,3,PTTP,32,25,2009,4,1
34,2,2009,3,PTTP,32,25,2010,1,2
34,2,2009,3,PTTP,32,25,2010,3,1
34,2,2009,3,PTTP,32,26,2011,2,1
34,2,2009,3,PTTP,32,30,2010,1,1
34,2,2009,3,PTTP,34,16,2009,3,1
34,2,2009,3,PTTP,34,21,2009,3,22
34,2,2009,3,PTTP,34,21,2009,4,48
34,2,2009,3,PTTP,34,21,2010,1,8
34,2,2009,3,PTTP,34,21,2010,2,1
34,2,2009,3,PTTP,34,25,2010,1,3
34,2,2009,3,PTTP,34,25,2010,2,2
34,2,2009,3,PTTP,34,25,2011,2,1
34,2,2009,3,PTTP,34,25,2011,3,1
34,2,2009,3,PTTP,36,14,2010,4,2
34,2,2009,3,PTTP,36,14,2011,1,1
34,2,2009,3,PTTP,36,21,2009,3,19
34,2,2009,3,PTTP,36,21,2009,4,49
34,2,2009,3,PTTP,36,21,2010,1,7
34,2,2009,3,PTTP,36,21,2010,2,6
34,2,2009,3,PTTP,36,25,2009,3,1
34,2,2009,3,PTTP,36,25,2009,4,2
34,2,2009,3,PTTP,36,25,2010,1,4
34,2,2009,3,PTTP,36,25,2011,2,1
34,2,2009,3,PTTP,36,26,2009,3,1
34,2,2009,3,PTTP,36,26,2010,2,1
34,2,2009,3,PTTP,36,26,2010,3,1
34,2,2009,3,PTTP,36,28,2009,4,1
34,2,2009,3,PTTP,38,14,2010,2,1
34,2,2009,3,PTTP,38,14,2010,3,1
34,2,2009,3,PTTP,38,14,2011,3,1
34,2,2009,3,PTTP,38,21,2009,3,5
34,2,2009,3,PTTP,38,21,2009,4,36
34,2,2009,3,PTTP,38,21,2010,1,7
34,2,2009,3,PTTP,38,21,2010,2,4
34,2,2009,3,PTTP,38,25,2009,4,2
34,2,2009,3,PTTP,38,25,2010,1,3
34,2,2009,3,PTTP,38,25,2010,3,1
34,2,2009,3,PTTP,38,25,2012,3,1
34,2,2009,3,PTTP,38,26,2011,3,1
34,2,2009,3,PTTP,40,14,2010,4,1
34,2,2009,3,PTTP,40,21,2009,3,7
34,2,2009,3,PTTP,40,21,2009,4,37
34,2,2009,3,PTTP,40,21,2010,1,13
34,2,2009,3,PTTP,40,21,2010,2,2
34,2,2009,3,PTTP,40,25,2010,1,4
34,2,2009,3,PTTP,40,28,2010,1,1
34,2,2009,3,PTTP,42,14,2010,3,1
34,2,2009,3,PTTP,42,14,2011,1,1
34,2,2009,3,PTTP,42,15,2009,3,1
34,2,2009,3,PTTP,42,21,2009,3,13
34,2,2009,3,PTTP,42,21,2009,4,18
34,2,2009,3,PTTP,42,21,2010,1,11
34,2,2009,3,PTTP,42,25,2010,2,1
34,2,2009,3,PTTP,42,26,2011,2,1
34,2,2009,3,PTTP,44,14,2010,2,2
34,2,2009,3,PTTP,44,14,2010,4,2
34,2,2009,3,PTTP,44,14,2011,2,1
34,2,2009,3,PTTP,44,19,2010,2,1
34,2,2009,3,PTTP,44,21,2009,3,4
34,2,2009,3,PTTP,44,21,2009,4,12
34,2,2009,3,PTTP,44,21,2010,1,2
34,2,2009,3,PTTP,46,14,2010,3,1
34,2,2009,3,PTTP,46,21,2009,3,1
34,2,2009,3,PTTP,46,21,2009,4,4
34,2,2009,3,PTTP,46,21,2010,1,2
34,2,2009,3,PTTP,48,21,2009,3,2
34,2,2009,3,PTTP,48,21,2009,4,1
34,2,2009,3,PTTP,50,21,2009,4,4
34,2,2009,3,PTTP,52,14,2010,1,1
34,2,2009,3,PTTP,52,21,2009,4,1
34,2,2009,3,PTTP,56,21,2009,4,1
34,2,2009,3,PTTP,60,14,2011,2,1
34,2,2009,3,PTTP,62,21,2010,1,1
35,2,2019,3,PTTP,38,19,2019,4,1
35,2,2019,3,PTTP,40,28,2019,4,1
35,2,2019,3,PTTP,42,28,2020,1,1
35,2,2019,3,PTTP,48,19,2019,4,1
35,2,2019,3,PTTP,48,19,2020,2,1
35,2,2019,3,PTTP,52,25,2020,1,1
35,2,2019,3,PTTP,54,28,2020,1,2
35,2,2019,3,PTTP,60,19,2019,4,1
35,2,2019,3,PTTP,66,19,2019,4,1
36,3,2006,3,PTTP,28,25,2007,1,1
36,3,2006,3,PTTP,28,25,2007,2,1
36,3,2006,3,PTTP,30,25,2006,3,2
36,3,2006,3,PTTP,30,25,2006,4,2
36,3,2006,3,PTTP,30,25,2007,1,1
36,3,2006,3,PTTP,32,25,2006,3,3
36,3,2006,3,PTTP,32,25,2006,4,6
36,3,2006,3,PTTP,32,25,2007,1,2
36,3,2006,3,PTTP,32,25,2007,2,2
36,3,2006,3,PTTP,34,25,2006,3,6
36,3,2006,3,PTTP,34,25,2006,4,12
36,3,2006,3,PTTP,34,25,2007,1,1
36,3,2006,3,PTTP,34,25,2007,2,2
36,3,2006,3,PTTP,34,28,2007,1,1
36,3,2006,3,PTTP,36,25,2006,3,15
36,3,2006,3,PTTP,36,25,2006,4,25
36,3,2006,3,PTTP,36,28,2007,1,1
36,3,2006,3,PTTP,38,25,2006,3,17
36,3,2006,3,PTTP,38,25,2006,4,48
36,3,2006,3,PTTP,38,25,2007,2,2
36,3,2006,3,PTTP,38,26,2006,4,1
36,3,2006,3,PTTP,38,26,2007,3,1
36,3,2006,3,PTTP,38,26,2008,1,1
36,3,2006,3,PTTP,38,28,2006,4,1
36,3,2006,3,PTTP,40,25,2006,3,13
36,3,2006,3,PTTP,40,25,2006,4,21
36,3,2006,3,PTTP,40,25,2007,1,1
36,3,2006,3,PTTP,40,25,2007,3,2
36,3,2006,3,PTTP,40,26,2006,4,1
36,3,2006,3,PTTP,40,28,2007,1,1
36,3,2006,3,PTTP,42,25,2006,3,20
36,3,2006,3,PTTP,42,25,2006,4,43
36,3,2006,3,PTTP,42,25,2007,1,4
36,3,2006,3,PTTP,42,25,2007,3,1
36,3,2006,3,PTTP,42,25,2008,1,1
36,3,2006,3,PTTP,42,28,2008,2,1
36,3,2006,3,PTTP,42,29,2007,3,1
36,3,2006,3,PTTP,44,25,2006,3,27
36,3,2006,3,PTTP,44,25,2006,4,75
36,3,2006,3,PTTP,44,25,2007,1,2
36,3,2006,3,PTTP,44,25,2007,2,1
36,3,2006,3,PTTP,44,25,2007,3,1
36,3,2006,3,PTTP,44,25,2007,4,1
36,3,2006,3,PTTP,44,28,2007,4,2
36,3,2006,3,PTTP,46,15,2008,3,1
36,3,2006,3,PTTP,46,25,2006,3,36
36,3,2006,3,PTTP,46,25,2006,4,110
36,3,2006,3,PTTP,46,25,2007,1,4
36,3,2006,3,PTTP,46,25,2007,2,3
36,3,2006,3,PTTP,46,25,2007,3,2
36,3,2006,3,PTTP,46,25,2007,4,1
36,3,2006,3,PTTP,46,25,2009,2,1
36,3,2006,3,PTTP,46,26,2007,1,1
36,3,2006,3,PTTP,46,28,2006,4,1
36,3,2006,3,PTTP,46,28,2007,3,2
36,3,2006,3,PTTP,46,29,2007,3,1
36,3,2006,3,PTTP,48,25,2006,3,35
36,3,2006,3,PTTP,48,25,2006,4,110
36,3,2006,3,PTTP,48,25,2007,1,5
36,3,2006,3,PTTP,48,25,2007,2,1
36,3,2006,3,PTTP,48,25,2007,3,1
36,3,2006,3,PTTP,48,28,2006,4,1
36,3,2006,3,PTTP,48,28,2007,4,2
36,3,2006,3,PTTP,48,29,2007,3,1
36,3,2006,3,PTTP,50,25,2006,3,43
36,3,2006,3,PTTP,50,25,2006,4,94
36,3,2006,3,PTTP,50,25,2007,1,2
36,3,2006,3,PTTP,50,25,2007,2,1
36,3,2006,3,PTTP,50,25,2007,3,2
36,3,2006,3,PTTP,50,25,2009,2,2
36,3,2006,3,PTTP,50,25,2010,1,1
36,3,2006,3,PTTP,50,26,2007,4,1
36,3,2006,3,PTTP,50,28,2006,3,1
36,3,2006,3,PTTP,50,28,2007,4,1
36,3,2006,3,PTTP,50,29,2007,3,1
36,3,2006,3,PTTP,52,19,2007,3,1
36,3,2006,3,PTTP,52,25,2006,3,39
36,3,2006,3,PTTP,52,25,2006,4,58
36,3,2006,3,PTTP,52,25,2007,1,1
36,3,2006,3,PTTP,52,25,2007,2,5
36,3,2006,3,PTTP,52,25,2007,3,1
36,3,2006,3,PTTP,52,25,2007,4,1
36,3,2006,3,PTTP,52,25,2008,4,1
36,3,2006,3,PTTP,52,25,2009,2,1
36,3,2006,3,PTTP,52,25,2011,2,1
36,3,2006,3,PTTP,52,29,2007,1,1
36,3,2006,3,PTTP,54,25,2006,3,51
36,3,2006,3,PTTP,54,25,2006,4,34
36,3,2006,3,PTTP,54,25,2007,1,2
36,3,2006,3,PTTP,54,25,2007,2,6
36,3,2006,3,PTTP,54,25,2007,3,3
36,3,2006,3,PTTP,54,25,2007,4,1
36,3,2006,3,PTTP,54,25,2010,2,1
36,3,2006,3,PTTP,54,28,2009,1,1
36,3,2006,3,PTTP,56,25,2006,3,61
36,3,2006,3,PTTP,56,25,2006,4,18
36,3,2006,3,PTTP,56,25,2007,1,4
36,3,2006,3,PTTP,56,25,2007,4,2
36,3,2006,3,PTTP,56,26,2006,4,1
36,3,2006,3,PTTP,56,26,2008,4,1
36,3,2006,3,PTTP,58,25,2006,3,42
36,3,2006,3,PTTP,58,25,2006,4,10
36,3,2006,3,PTTP,58,25,2007,1,1
36,3,2006,3,PTTP,58,25,2007,3,1
36,3,2006,3,PTTP,58,26,2007,3,1
36,3,2006,3,PTTP,58,26,2008,2,1
36,3,2006,3,PTTP,60,14,2008,2,1
36,3,2006,3,PTTP,60,25,2006,3,26
36,3,2006,3,PTTP,60,25,2006,4,9
36,3,2006,3,PTTP,60,25,2007,1,2
36,3,2006,3,PTTP,60,25,2007,2,3
36,3,2006,3,PTTP,60,26,2007,2,1
36,3,2006,3,PTTP,60,28,2007,4,1
36,3,2006,3,PTTP,62,25,2006,3,6
36,3,2006,3,PTTP,62,25,2006,4,3
36,3,2006,3,PTTP,64,25,2006,4,3
36,3,2006,3,PTTP,64,25,2007,1,1
36,3,2006,3,PTTP,66,25,2006,4,1
36,3,2006,3,PTTP,66,25,2009,2,1
36,3,2006,3,PTTP,68,25,2006,4,1
36,3,2006,3,PTTP,78,25,2006,3,1
36,3,2006,3,PTTP,90,25,2006,4,1
36,3,2006,3,PTTP,98,25,2007,1,1
36,3,2006,3,PTTP,100,25,2006,4,2
36,3,2006,3,PTTP,102,25,2006,4,1
36,3,2006,3,PTTP,104,28,2006,4,1
36,3,2006,3,PTTP,108,25,2006,4,1
37,3,2006,4,PTTP,30,25,2006,4,1
37,3,2006,4,PTTP,32,25,2007,2,1
37,3,2006,4,PTTP,32,25,2007,4,1
37,3,2006,4,PTTP,32,25,2011,3,1
37,3,2006,4,PTTP,34,25,2006,4,2
37,3,2006,4,PTTP,34,25,2007,3,1
37,3,2006,4,PTTP,38,25,2006,4,9
37,3,2006,4,PTTP,38,25,2008,2,1
37,3,2006,4,PTTP,40,25,2006,4,10
37,3,2006,4,PTTP,40,25,2007,1,3
37,3,2006,4,PTTP,40,25,2007,2,2
37,3,2006,4,PTTP,40,28,2007,4,1
37,3,2006,4,PTTP,42,10,2008,3,1
37,3,2006,4,PTTP,42,25,2006,4,23
37,3,2006,4,PTTP,42,25,2007,1,1
37,3,2006,4,PTTP,42,25,2007,2,1
37,3,2006,4,PTTP,42,25,2007,3,2
37,3,2006,4,PTTP,42,25,2008,2,1
37,3,2006,4,PTTP,42,25,2009,3,1
37,3,2006,4,PTTP,44,25,2006,4,30
37,3,2006,4,PTTP,44,25,2007,1,5
37,3,2006,4,PTTP,44,25,2007,2,3
37,3,2006,4,PTTP,44,25,2007,3,1
37,3,2006,4,PTTP,44,25,2009,2,1
37,3,2006,4,PTTP,44,26,2007,3,1
37,3,2006,4,PTTP,44,28,2007,2,3
37,3,2006,4,PTTP,44,28,2010,3,1
37,3,2006,4,PTTP,44,29,2007,4,1
37,3,2006,4,PTTP,46,14,2008,2,1
37,3,2006,4,PTTP,46,25,2006,4,27
37,3,2006,4,PTTP,46,25,2007,1,6
37,3,2006,4,PTTP,46,25,2007,2,3
37,3,2006,4,PTTP,46,25,2007,3,3
37,3,2006,4,PTTP,46,25,2008,3,2
37,3,2006,4,PTTP,46,28,2007,1,1
37,3,2006,4,PTTP,46,28,2011,1,1
37,3,2006,4,PTTP,48,25,2006,4,49
37,3,2006,4,PTTP,48,25,2007,1,9
37,3,2006,4,PTTP,48,25,2007,2,6
37,3,2006,4,PTTP,48,25,2007,3,1
37,3,2006,4,PTTP,48,25,2007,4,1
37,3,2006,4,PTTP,48,25,2008,1,1
37,3,2006,4,PTTP,48,25,2008,2,2
37,3,2006,4,PTTP,48,25,2009,1,1
37,3,2006,4,PTTP,48,25,2009,2,1
37,3,2006,4,PTTP,48,26,2008,4,1
37,3,2006,4,PTTP,48,28,2007,1,4
37,3,2006,4,PTTP,48,28,2007,2,2
37,3,2006,4,PTTP,48,28,2007,4,1
37,3,2006,4,PTTP,48,28,2008,1,1
37,3,2006,4,PTTP,50,25,2006,4,62
37,3,2006,4,PTTP,50,25,2007,1,5
37,3,2006,4,PTTP,50,25,2007,2,3
37,3,2006,4,PTTP,50,25,2007,3,8
37,3,2006,4,PTTP,50,25,2007,4,1
37,3,2006,4,PTTP,50,25,2008,4,1
37,3,2006,4,PTTP,50,25,2009,2,1
37,3,2006,4,PTTP,50,26,2006,4,1
37,3,2006,4,PTTP,50,28,2007,1,2
37,3,2006,4,PTTP,50,28,2007,3,1
37,3,2006,4,PTTP,50,28,2007,4,1
37,3,2006,4,PTTP,52,14,2007,2,1
37,3,2006,4,PTTP,52,25,2006,4,32
37,3,2006,4,PTTP,52,25,2007,1,4
37,3,2006,4,PTTP,52,25,2007,2,2
37,3,2006,4,PTTP,52,25,2007,3,2
37,3,2006,4,PTTP,52,25,2007,4,1
37,3,2006,4,PTTP,52,25,2008,2,1
37,3,2006,4,PTTP,52,25,2009,1,1
37,3,2006,4,PTTP,52,25,2009,2,1
37,3,2006,4,PTTP,52,26,2007,3,2
37,3,2006,4,PTTP,52,26,2010,3,1
37,3,2006,4,PTTP,52,28,2006,4,1
37,3,2006,4,PTTP,52,28,2007,2,1
37,3,2006,4,PTTP,52,28,2007,4,1
37,3,2006,4,PTTP,52,29,2011,2,1
37,3,2006,4,PTTP,54,25,2006,4,23
37,3,2006,4,PTTP,54,25,2007,1,4
37,3,2006,4,PTTP,54,25,2007,2,4
37,3,2006,4,PTTP,54,25,2007,3,7
37,3,2006,4,PTTP,54,25,2008,2,1
37,3,2006,4,PTTP,54,25,2008,4,1
37,3,2006,4,PTTP,54,25,2009,1,2
37,3,2006,4,PTTP,54,28,2007,2,2
37,3,2006,4,PTTP,56,21,2007,1,1
37,3,2006,4,PTTP,56,25,2006,4,6
37,3,2006,4,PTTP,56,25,2007,2,3
37,3,2006,4,PTTP,56,25,2007,3,2
37,3,2006,4,PTTP,56,25,2009,4,1
37,3,2006,4,PTTP,56,26,2006,4,1
37,3,2006,4,PTTP,56,26,2007,3,1
37,3,2006,4,PTTP,56,28,2007,1,1
37,3,2006,4,PTTP,58,25,2006,4,8
37,3,2006,4,PTTP,58,25,2007,1,3
37,3,2006,4,PTTP,58,25,2007,3,5
37,3,2006,4,PTTP,58,26,2007,3,1
37,3,2006,4,PTTP,58,28,2006,4,1
37,3,2006,4,PTTP,58,28,2007,3,1
37,3,2006,4,PTTP,58,29,2009,4,1
37,3,2006,4,PTTP,60,14,2008,4,1
37,3,2006,4,PTTP,60,25,2006,4,2
37,3,2006,4,PTTP,60,25,2007,2,1
37,3,2006,4,PTTP,60,25,2007,3,2
37,3,2006,4,PTTP,60,25,2008,2,1
37,3,2006,4,PTTP,60,26,2007,3,1
37,3,2006,4,PTTP,60,28,2007,2,1
37,3,2006,4,PTTP,62,25,2007,2,1
37,3,2006,4,PTTP,62,25,2007,3,1
37,3,2006,4,PTTP,62,25,2009,2,1
37,3,2006,4,PTTP,62,29,2008,3,1
37,3,2006,4,PTTP,64,25,2006,4,1
37,3,2006,4,PTTP,64,25,2007,2,1
37,3,2006,4,PTTP,64,25,2008,3,1
37,3,2006,4,PTTP,66,25,2006,4,2
37,3,2006,4,PTTP,66,25,2007,1,1
37,3,2006,4,PTTP,68,25,2006,4,1
37,3,2006,4,PTTP,70,25,2006,4,1
37,3,2006,4,PTTP,74,25,2007,1,1
37,3,2006,4,PTTP,76,28,2008,3,1
37,3,2006,4,PTTP,96,25,2006,4,1
38,3,2007,1,PTTP,28,25,2007,2,1
38,3,2007,1,PTTP,30,25,2007,1,1
38,3,2007,1,PTTP,30,25,2007,2,3
38,3,2007,1,PTTP,30,25,2007,3,1
38,3,2007,1,PTTP,30,25,2007,4,1
38,3,2007,1,PTTP,30,26,2008,3,1
38,3,2007,1,PTTP,32,25,2007,2,6
38,3,2007,1,PTTP,32,25,2007,4,1
38,3,2007,1,PTTP,34,14,2009,2,1
38,3,2007,1,PTTP,34,19,2007,3,1
38,3,2007,1,PTTP,34,21,2007,4,1
38,3,2007,1,PTTP,34,25,2007,1,1
38,3,2007,1,PTTP,34,25,2007,2,12
38,3,2007,1,PTTP,34,25,2007,3,7
38,3,2007,1,PTTP,34,25,2007,4,1
38,3,2007,1,PTTP,34,25,2008,1,1
38,3,2007,1,PTTP,34,25,2008,2,1
38,3,2007,1,PTTP,34,25,2009,1,1
38,3,2007,1,PTTP,34,25,2009,2,1
38,3,2007,1,PTTP,34,26,2007,2,1
38,3,2007,1,PTTP,34,26,2007,3,1
38,3,2007,1,PTTP,34,28,2007,3,1
38,3,2007,1,PTTP,34,28,2007,4,2
38,3,2007,1,PTTP,36,10,2007,1,1
38,3,2007,1,PTTP,36,14,2008,2,1
38,3,2007,1,PTTP,36,14,2008,3,1
38,3,2007,1,PTTP,36,20,2007,3,1
38,3,2007,1,PTTP,36,21,2007,3,1
38,3,2007,1,PTTP,36,25,2007,1,1
38,3,2007,1,PTTP,36,25,2007,2,19
38,3,2007,1,PTTP,36,25,2007,3,22
38,3,2007,1,PTTP,36,25,2007,4,1
38,3,2007,1,PTTP,36,25,2008,3,1
38,3,2007,1,PTTP,36,25,2008,4,1
38,3,2007,1,PTTP,36,25,2009,2,2
38,3,2007,1,PTTP,36,25,2009,4,2
38,3,2007,1,PTTP,36,25,2010,2,1
38,3,2007,1,PTTP,36,25,2011,3,1
38,3,2007,1,PTTP,36,26,2007,2,1
38,3,2007,1,PTTP,36,26,2007,3,1
38,3,2007,1,PTTP,36,26,2007,4,1
38,3,2007,1,PTTP,36,26,2010,1,1
38,3,2007,1,PTTP,36,28,2007,3,1
38,3,2007,1,PTTP,36,28,2007,4,1
38,3,2007,1,PTTP,38,6,2007,3,1
38,3,2007,1,PTTP,38,6,2008,1,1
38,3,2007,1,PTTP,38,14,2008,3,1
38,3,2007,1,PTTP,38,19,2007,2,1
38,3,2007,1,PTTP,38,25,2007,2,30
38,3,2007,1,PTTP,38,25,2007,3,21
38,3,2007,1,PTTP,38,25,2007,4,2
38,3,2007,1,PTTP,38,25,2008,1,1
38,3,2007,1,PTTP,38,25,2008,2,2
38,3,2007,1,PTTP,38,25,2008,3,1
38,3,2007,1,PTTP,38,25,2008,4,1
38,3,2007,1,PTTP,38,25,2009,2,1
38,3,2007,1,PTTP,38,25,2010,3,1
38,3,2007,1,PTTP,38,25,2011,2,2
38,3,2007,1,PTTP,38,25,2013,3,1
38,3,2007,1,PTTP,38,26,2007,2,8
38,3,2007,1,PTTP,38,26,2007,3,7
38,3,2007,1,PTTP,38,26,2007,4,2
38,3,2007,1,PTTP,38,28,2007,4,3
38,3,2007,1,PTTP,38,28,2008,1,1
38,3,2007,1,PTTP,40,14,2008,2,1
38,3,2007,1,PTTP,40,19,2007,3,2
38,3,2007,1,PTTP,40,25,2007,1,1
38,3,2007,1,PTTP,40,25,2007,2,20
38,3,2007,1,PTTP,40,25,2007,3,28
38,3,2007,1,PTTP,40,25,2007,4,4
38,3,2007,1,PTTP,40,25,2008,1,2
38,3,2007,1,PTTP,40,25,2008,2,2
38,3,2007,1,PTTP,40,25,2008,3,3
38,3,2007,1,PTTP,40,25,2008,4,1
38,3,2007,1,PTTP,40,25,2009,2,1
38,3,2007,1,PTTP,40,26,2007,1,1
38,3,2007,1,PTTP,40,26,2007,2,4
38,3,2007,1,PTTP,40,26,2007,3,1
38,3,2007,1,PTTP,40,28,2007,2,1
38,3,2007,1,PTTP,40,28,2007,3,1
38,3,2007,1,PTTP,40,28,2007,4,1
38,3,2007,1,PTTP,40,28,2008,2,1
38,3,2007,1,PTTP,42,25,2007,1,1
38,3,2007,1,PTTP,42,25,2007,2,7
38,3,2007,1,PTTP,42,25,2007,3,14
38,3,2007,1,PTTP,42,25,2007,4,1
38,3,2007,1,PTTP,42,25,2008,1,1
38,3,2007,1,PTTP,42,25,2008,3,1
38,3,2007,1,PTTP,42,25,2008,4,1
38,3,2007,1,PTTP,42,25,2010,2,1
38,3,2007,1,PTTP,42,25,2011,2,1
38,3,2007,1,PTTP,42,26,2007,3,1
38,3,2007,1,PTTP,42,26,2008,3,1
38,3,2007,1,PTTP,42,26,2009,3,1
38,3,2007,1,PTTP,42,28,2007,2,1
38,3,2007,1,PTTP,42,28,2007,4,1
38,3,2007,1,PTTP,44,25,2007,1,1
38,3,2007,1,PTTP,44,25,2007,2,4
38,3,2007,1,PTTP,44,25,2007,3,9
38,3,2007,1,PTTP,44,25,2007,4,3
38,3,2007,1,PTTP,44,25,2008,2,1
38,3,2007,1,PTTP,44,25,2008,3,2
38,3,2007,1,PTTP,44,25,2008,4,1
38,3,2007,1,PTTP,44,25,2012,3,1
38,3,2007,1,PTTP,44,26,2007,2,1
38,3,2007,1,PTTP,44,28,2007,2,1
38,3,2007,1,PTTP,44,28,2007,4,1
38,3,2007,1,PTTP,46,24,2007,1,1
38,3,2007,1,PTTP,46,25,2007,1,1
38,3,2007,1,PTTP,46,25,2007,2,6
38,3,2007,1,PTTP,46,25,2007,3,3
38,3,2007,1,PTTP,46,25,2007,4,2
38,3,2007,1,PTTP,46,25,2008,3,1
38,3,2007,1,PTTP,46,25,2008,4,4
38,3,2007,1,PTTP,46,26,2007,1,1
38,3,2007,1,PTTP,46,26,2008,2,1
38,3,2007,1,PTTP,46,28,2007,4,1
38,3,2007,1,PTTP,48,10,2007,3,1
38,3,2007,1,PTTP,48,25,2007,1,2
38,3,2007,1,PTTP,48,25,2007,3,10
38,3,2007,1,PTTP,48,25,2007,4,6
38,3,2007,1,PTTP,48,25,2008,1,1
38,3,2007,1,PTTP,48,25,2008,3,1
38,3,2007,1,PTTP,48,25,2008,4,1
38,3,2007,1,PTTP,48,25,2009,1,1
38,3,2007,1,PTTP,48,26,2008,2,1
38,3,2007,1,PTTP,48,28,2007,2,2
38,3,2007,1,PTTP,48,28,2007,4,2
38,3,2007,1,PTTP,48,29,2007,3,1
38,3,2007,1,PTTP,48,29,2012,4,1
38,3,2007,1,PTTP,50,10,2008,3,1
38,3,2007,1,PTTP,50,11,2008,3,0
38,3,2007,1,PTTP,50,24,2007,2,1
38,3,2007,1,PTTP,50,25,2007,1,3
38,3,2007,1,PTTP,50,25,2007,2,8
38,3,2007,1,PTTP,50,25,2007,3,12
38,3,2007,1,PTTP,50,25,2007,4,5
38,3,2007,1,PTTP,50,25,2008,1,5
38,3,2007,1,PTTP,50,25,2008,2,2
38,3,2007,1,PTTP,50,25,2008,4,1
38,3,2007,1,PTTP,50,25,2009,4,1
38,3,2007,1,PTTP,50,25,2011,2,1
38,3,2007,1,PTTP,50,26,2007,3,1
38,3,2007,1,PTTP,50,26,2011,4,1
38,3,2007,1,PTTP,50,28,2007,2,1
38,3,2007,1,PTTP,50,28,2007,4,4
38,3,2007,1,PTTP,50,28,2008,4,1
38,3,2007,1,PTTP,50,29,2007,4,1
38,3,2007,1,PTTP,50,29,2013,1,1
38,3,2007,1,PTTP,52,25,2007,2,5
38,3,2007,1,PTTP,52,25,2007,3,5
38,3,2007,1,PTTP,52,25,2007,4,6
38,3,2007,1,PTTP,52,25,2008,2,3
38,3,2007,1,PTTP,52,25,2008,3,2
38,3,2007,1,PTTP,52,25,2008,4,2
38,3,2007,1,PTTP,52,25,2009,1,1
38,3,2007,1,PTTP,52,25,2009,2,1
38,3,2007,1,PTTP,52,25,2009,3,2
38,3,2007,1,PTTP,52,26,2012,2,1
38,3,2007,1,PTTP,52,28,2007,2,3
38,3,2007,1,PTTP,52,28,2007,3,2
38,3,2007,1,PTTP,52,28,2007,4,2
38,3,2007,1,PTTP,52,28,2008,4,1
38,3,2007,1,PTTP,52,28,2009,2,1
38,3,2007,1,PTTP,54,25,2007,1,5
38,3,2007,1,PTTP,54,25,2007,2,5
38,3,2007,1,PTTP,54,25,2007,3,9
38,3,2007,1,PTTP,54,25,2007,4,1
38,3,2007,1,PTTP,54,25,2008,2,2
38,3,2007,1,PTTP,54,25,2008,3,2
38,3,2007,1,PTTP,54,25,2011,3,1
38,3,2007,1,PTTP,54,25,2012,2,1
38,3,2007,1,PTTP,54,28,2007,2,2
38,3,2007,1,PTTP,54,28,2007,3,2
38,3,2007,1,PTTP,54,28,2008,1,1
38,3,2007,1,PTTP,56,8,2009,2,1
38,3,2007,1,PTTP,56,10,2008,1,1
38,3,2007,1,PTTP,56,10,2009,4,1
38,3,2007,1,PTTP,56,11,2008,3,0
38,3,2007,1,PTTP,56,25,2007,2,6
38,3,2007,1,PTTP,56,25,2007,3,3
38,3,2007,1,PTTP,56,25,2007,4,1
38,3,2007,1,PTTP,56,25,2008,1,1
38,3,2007,1,PTTP,56,25,2008,4,2
38,3,2007,1,PTTP,56,26,2007,2,1
38,3,2007,1,PTTP,56,26,2007,4,1
38,3,2007,1,PTTP,56,26,2012,4,1
38,3,2007,1,PTTP,56,28,2007,3,1
38,3,2007,1,PTTP,58,6,2008,1,1
38,3,2007,1,PTTP,58,6,2008,4,1
38,3,2007,1,PTTP,58,10,2008,4,1
38,3,2007,1,PTTP,58,25,2007,1,1
38,3,2007,1,PTTP,58,25,2007,2,1
38,3,2007,1,PTTP,58,25,2008,1,1
38,3,2007,1,PTTP,58,25,2008,4,1
38,3,2007,1,PTTP,58,28,2007,2,1
38,3,2007,1,PTTP,58,28,2007,3,1
38,3,2007,1,PTTP,58,28,2007,4,1
38,3,2007,1,PTTP,60,6,2008,3,1
38,3,2007,1,PTTP,60,25,2007,1,2
38,3,2007,1,PTTP,60,25,2007,3,4
38,3,2007,1,PTTP,60,25,2008,3,1
38,3,2007,1,PTTP,60,25,2008,4,2
38,3,2007,1,PTTP,60,26,2008,4,1
38,3,2007,1,PTTP,60,28,2007,2,1
38,3,2007,1,PTTP,60,28,2007,3,1
38,3,2007,1,PTTP,60,28,2008,2,1
38,3,2007,1,PTTP,62,10,2007,1,1
38,3,2007,1,PTTP,62,28,2007,2,1
38,3,2007,1,PTTP,64,25,2009,1,1
38,3,2007,1,PTTP,64,25,2013,3,1
38,3,2007,1,PTTP,64,26,2008,1,1
38,3,2007,1,PTTP,64,28,2007,2,1
38,3,2007,1,PTTP,64,28,2008,1,1
38,3,2007,1,PTTP,66,25,2007,4,1
38,3,2007,1,PTTP,68,25,2009,2,1
38,3,2007,1,PTTP,68,28,2007,2,1
38,3,2007,1,PTTP,68,29,2008,3,1
38,3,2007,1,PTTP,70,25,2008,1,1
38,3,2007,1,PTTP,72,25,2007,2,1
38,3,2007,1,PTTP,72,25,2009,2,1
38,3,2007,1,PTTP,72,28,2007,3,1
38,3,2007,1,PTTP,74,25,2007,2,1
38,3,2007,1,PTTP,74,25,2007,3,1
38,3,2007,1,PTTP,74,25,2008,3,1
38,3,2007,1,PTTP,76,25,2007,2,1
38,3,2007,1,PTTP,76,25,2007,3,1
38,3,2007,1,PTTP,78,25,2007,3,1
38,3,2007,1,PTTP,84,25,2008,2,1
39,3,2007,2,PTTP,28,25,2007,2,3
39,3,2007,2,PTTP,30,25,2007,2,6
39,3,2007,2,PTTP,30,26,2007,2,2
39,3,2007,2,PTTP,30,28,2007,2,1
39,3,2007,2,PTTP,32,12,2007,2,1
39,3,2007,2,PTTP,32,25,2007,2,10
39,3,2007,2,PTTP,32,25,2007,3,2
39,3,2007,2,PTTP,32,25,2008,3,1
39,3,2007,2,PTTP,32,26,2007,3,1
39,3,2007,2,PTTP,34,25,2007,2,27
39,3,2007,2,PTTP,34,25,2007,3,4
39,3,2007,2,PTTP,34,28,2007,2,1
39,3,2007,2,PTTP,36,14,2009,4,1
39,3,2007,2,PTTP,36,21,2007,3,2
39,3,2007,2,PTTP,36,25,2007,2,44
39,3,2007,2,PTTP,36,25,2007,3,14
39,3,2007,2,PTTP,36,25,2007,4,2
39,3,2007,2,PTTP,36,25,2008,1,2
39,3,2007,2,PTTP,36,25,2008,2,1
39,3,2007,2,PTTP,36,25,2009,1,1
39,3,2007,2,PTTP,36,26,2007,2,2
39,3,2007,2,PTTP,36,26,2007,3,3
39,3,2007,2,PTTP,36,29,2012,2,1
39,3,2007,2,PTTP,38,6,2010,3,1
39,3,2007,2,PTTP,38,14,2008,1,1
39,3,2007,2,PTTP,38,14,2008,3,1
39,3,2007,2,PTTP,38,14,2008,4,1
39,3,2007,2,PTTP,38,19,2007,2,1
39,3,2007,2,PTTP,38,19,2007,3,2
39,3,2007,2,PTTP,38,21,2007,2,1
39,3,2007,2,PTTP,38,21,2007,3,2
39,3,2007,2,PTTP,38,21,2008,1,1
39,3,2007,2,PTTP,38,25,2007,2,67
39,3,2007,2,PTTP,38,25,2007,3,27
39,3,2007,2,PTTP,38,25,2007,4,4
39,3,2007,2,PTTP,38,25,2008,1,2
39,3,2007,2,PTTP,38,25,2008,2,1
39,3,2007,2,PTTP,38,25,2008,3,2
39,3,2007,2,PTTP,38,25,2009,2,1
39,3,2007,2,PTTP,38,25,2010,2,1
39,3,2007,2,PTTP,38,25,2011,2,1
39,3,2007,2,PTTP,38,26,2007,2,3
39,3,2007,2,PTTP,38,26,2007,3,7
39,3,2007,2,PTTP,38,26,2007,4,1
39,3,2007,2,PTTP,38,28,2007,3,2
39,3,2007,2,PTTP,38,28,2008,2,1
39,3,2007,2,PTTP,38,28,2008,3,2
39,3,2007,2,PTTP,38,28,2008,4,1
39,3,2007,2,PTTP,38,28,2010,1,1
39,3,2007,2,PTTP,38,28,2010,3,1
39,3,2007,2,PTTP,38,29,2007,2,1
39,3,2007,2,PTTP,40,6,2007,3,1
39,3,2007,2,PTTP,40,14,2008,1,1
39,3,2007,2,PTTP,40,14,2008,3,1
39,3,2007,2,PTTP,40,14,2009,1,1
39,3,2007,2,PTTP,40,21,2007,3,2
39,3,2007,2,PTTP,40,21,2007,4,2
39,3,2007,2,PTTP,40,25,2007,2,86
39,3,2007,2,PTTP,40,25,2007,3,37
39,3,2007,2,PTTP,40,25,2007,4,12
39,3,2007,2,PTTP,40,25,2008,2,6
39,3,2007,2,PTTP,40,25,2008,3,1
39,3,2007,2,PTTP,40,25,2008,4,1
39,3,2007,2,PTTP,40,25,2009,2,1
39,3,2007,2,PTTP,40,25,2009,3,1
39,3,2007,2,PTTP,40,26,2007,2,3
39,3,2007,2,PTTP,40,26,2007,3,7
39,3,2007,2,PTTP,40,26,2007,4,1
39,3,2007,2,PTTP,40,26,2008,2,1
39,3,2007,2,PTTP,40,26,2012,3,1
39,3,2007,2,PTTP,40,28,2007,2,1
39,3,2007,2,PTTP,40,28,2007,3,1
39,3,2007,2,PTTP,40,28,2007,4,3
39,3,2007,2,PTTP,40,29,2008,3,1
39,3,2007,2,PTTP,40,30,2009,1,1
39,3,2007,2,PTTP,42,14,2008,3,3
39,3,2007,2,PTTP,42,19,2007,3,1
39,3,2007,2,PTTP,42,19,2007,4,1
39,3,2007,2,PTTP,42,21,2007,3,1
39,3,2007,2,PTTP,42,24,2007,2,1
39,3,2007,2,PTTP,42,25,2007,2,60
39,3,2007,2,PTTP,42,25,2007,3,34
39,3,2007,2,PTTP,42,25,2007,4,4
39,3,2007,2,PTTP,42,25,2008,1,4
39,3,2007,2,PTTP,42,25,2008,3,5
39,3,2007,2,PTTP,42,25,2009,1,2
39,3,2007,2,PTTP,42,26,2007,2,9
39,3,2007,2,PTTP,42,26,2007,3,5
39,3,2007,2,PTTP,42,26,2007,4,2
39,3,2007,2,PTTP,42,26,2008,2,1
39,3,2007,2,PTTP,42,26,2008,3,1
39,3,2007,2,PTTP,42,26,2012,3,1
39,3,2007,2,PTTP,42,28,2007,3,1
39,3,2007,2,PTTP,42,28,2007,4,1
39,3,2007,2,PTTP,42,28,2008,1,1
39,3,2007,2,PTTP,42,28,2009,2,2
39,3,2007,2,PTTP,44,6,2007,3,1
39,3,2007,2,PTTP,44,14,2008,3,1
39,3,2007,2,PTTP,44,14,2009,1,1
39,3,2007,2,PTTP,44,21,2007,3,1
39,3,2007,2,PTTP,44,25,2007,2,24
39,3,2007,2,PTTP,44,25,2007,3,24
39,3,2007,2,PTTP,44,25,2007,4,4
39,3,2007,2,PTTP,44,25,2008,1,1
39,3,2007,2,PTTP,44,25,2008,2,3
39,3,2007,2,PTTP,44,25,2008,3,4
39,3,2007,2,PTTP,44,25,2008,4,2
39,3,2007,2,PTTP,44,25,2009,1,1
39,3,2007,2,PTTP,44,26,2007,2,4
39,3,2007,2,PTTP,44,26,2007,3,2
39,3,2007,2,PTTP,44,26,2008,2,1
39,3,2007,2,PTTP,44,28,2007,4,2
39,3,2007,2,PTTP,44,28,2008,1,2
39,3,2007,2,PTTP,44,28,2022,3,1
39,3,2007,2,PTTP,44,29,2008,3,1
39,3,2007,2,PTTP,46,14,2008,4,1
39,3,2007,2,PTTP,46,14,2009,3,1
39,3,2007,2,PTTP,46,25,2007,2,13
39,3,2007,2,PTTP,46,25,2007,3,14
39,3,2007,2,PTTP,46,25,2007,4,8
39,3,2007,2,PTTP,46,25,2008,1,1
39,3,2007,2,PTTP,46,25,2008,2,2
39,3,2007,2,PTTP,46,25,2008,4,1
39,3,2007,2,PTTP,46,25,2009,4,1
39,3,2007,2,PTTP,46,25,2010,2,1
39,3,2007,2,PTTP,46,26,2007,2,3
39,3,2007,2,PTTP,46,26,2007,3,3
39,3,2007,2,PTTP,46,28,2008,1,1
39,3,2007,2,PTTP,46,28,2008,2,2
39,3,2007,2,PTTP,46,28,2009,1,1
39,3,2007,2,PTTP,48,10,2007,4,1
39,3,2007,2,PTTP,48,25,2007,2,13
39,3,2007,2,PTTP,48,25,2007,3,12
39,3,2007,2,PTTP,48,25,2008,1,1
39,3,2007,2,PTTP,48,25,2008,3,2
39,3,2007,2,PTTP,48,25,2008,4,1
39,3,2007,2,PTTP,48,25,2009,2,1
39,3,2007,2,PTTP,48,26,2007,2,1
39,3,2007,2,PTTP,48,26,2007,3,3
39,3,2007,2,PTTP,48,28,2007,2,1
39,3,2007,2,PTTP,48,28,2007,4,2
39,3,2007,2,PTTP,50,6,2007,2,1
39,3,2007,2,PTTP,50,25,2007,2,15
39,3,2007,2,PTTP,50,25,2007,3,19
39,3,2007,2,PTTP,50,25,2007,4,6
39,3,2007,2,PTTP,50,25,2008,1,3
39,3,2007,2,PTTP,50,25,2008,2,3
39,3,2007,2,PTTP,50,25,2009,2,2
39,3,2007,2,PTTP,50,26,2007,3,1
39,3,2007,2,PTTP,50,26,2008,1,1
39,3,2007,2,PTTP,50,28,2007,4,2
39,3,2007,2,PTTP,50,28,2008,1,1
39,3,2007,2,PTTP,50,28,2008,2,1
39,3,2007,2,PTTP,50,28,2008,4,1
39,3,2007,2,PTTP,50,28,2012,3,1
39,3,2007,2,PTTP,52,25,2007,2,11
39,3,2007,2,PTTP,52,25,2007,3,10
39,3,2007,2,PTTP,52,25,2007,4,4
39,3,2007,2,PTTP,52,25,2008,1,3
39,3,2007,2,PTTP,52,25,2008,2,1
39,3,2007,2,PTTP,52,25,2008,3,1
39,3,2007,2,PTTP,52,25,2008,4,2
39,3,2007,2,PTTP,52,25,2009,1,2
39,3,2007,2,PTTP,52,25,2013,2,1
39,3,2007,2,PTTP,52,26,2008,3,2
39,3,2007,2,PTTP,52,28,2007,2,2
39,3,2007,2,PTTP,52,28,2007,4,1
39,3,2007,2,PTTP,52,28,2008,1,1
39,3,2007,2,PTTP,52,29,2011,4,1
39,3,2007,2,PTTP,54,25,2007,2,4
39,3,2007,2,PTTP,54,25,2007,4,4
39,3,2007,2,PTTP,54,25,2008,1,2
39,3,2007,2,PTTP,54,25,2009,1,1
39,3,2007,2,PTTP,54,26,2007,3,2
39,3,2007,2,PTTP,54,26,2012,4,1
39,3,2007,2,PTTP,54,28,2008,3,1
39,3,2007,2,PTTP,54,28,2008,4,1
39,3,2007,2,PTTP,54,29,2007,4,1
39,3,2007,2,PTTP,56,25,2007,2,1
39,3,2007,2,PTTP,56,25,2007,3,1
39,3,2007,2,PTTP,56,25,2007,4,1
39,3,2007,2,PTTP,56,25,2008,1,1
39,3,2007,2,PTTP,56,25,2008,2,2
39,3,2007,2,PTTP,56,25,2008,3,1
39,3,2007,2,PTTP,56,26,2007,3,1
39,3,2007,2,PTTP,56,29,2009,4,1
39,3,2007,2,PTTP,58,25,2007,2,1
39,3,2007,2,PTTP,58,25,2007,3,1
39,3,2007,2,PTTP,58,26,2007,3,1
39,3,2007,2,PTTP,58,28,2007,4,1
39,3,2007,2,PTTP,60,25,2008,1,2
39,3,2007,2,PTTP,62,28,2007,3,1
39,3,2007,2,PTTP,64,25,2007,2,1
39,3,2007,2,PTTP,64,28,2007,4,1
39,3,2007,2,PTTP,68,25,2007,3,1
39,3,2007,2,PTTP,68,25,2007,4,1
39,3,2007,2,PTTP,68,26,2007,3,1
39,3,2007,2,PTTP,68,28,2007,2,1
39,3,2007,2,PTTP,68,29,2007,3,1
39,3,2007,2,PTTP,70,25,2010,1,1
39,3,2007,2,PTTP,70,28,2007,2,1
39,3,2007,2,PTTP,74,14,2007,3,1
39,3,2007,2,PTTP,74,25,2007,4,1
39,3,2007,2,PTTP,74,28,2007,2,1
39,3,2007,2,PTTP,74,28,2007,3,1
39,3,2007,2,PTTP,78,25,2007,3,1
39,3,2007,2,PTTP,86,10,2007,3,1
39,3,2007,2,PTTP,86,25,2007,3,1
40,3,2007,4,PTTP,28,25,2008,1,1
40,3,2007,4,PTTP,28,25,2008,4,1
40,3,2007,4,PTTP,30,25,2007,4,3
40,3,2007,4,PTTP,30,25,2008,1,2
40,3,2007,4,PTTP,30,25,2008,2,1
40,3,2007,4,PTTP,30,25,2008,3,1
40,3,2007,4,PTTP,30,25,2008,4,1
40,3,2007,4,PTTP,30,26,2008,1,1
40,3,2007,4,PTTP,30,28,2008,1,1
40,3,2007,4,PTTP,32,10,2007,4,2
40,3,2007,4,PTTP,32,25,2007,4,13
40,3,2007,4,PTTP,32,25,2008,1,4
40,3,2007,4,PTTP,32,25,2008,3,1
40,3,2007,4,PTTP,32,25,2008,4,3
40,3,2007,4,PTTP,32,25,2009,2,2
40,3,2007,4,PTTP,32,25,2009,4,1
40,3,2007,4,PTTP,32,26,2007,4,1
40,3,2007,4,PTTP,32,26,2008,1,3
40,3,2007,4,PTTP,32,26,2008,4,1
40,3,2007,4,PTTP,32,29,2008,2,1
40,3,2007,4,PTTP,34,10,2007,4,2
40,3,2007,4,PTTP,34,25,2007,4,24
40,3,2007,4,PTTP,34,25,2008,1,15
40,3,2007,4,PTTP,34,25,2008,2,2
40,3,2007,4,PTTP,34,25,2008,3,2
40,3,2007,4,PTTP,34,25,2008,4,4
40,3,2007,4,PTTP,34,25,2009,2,1
40,3,2007,4,PTTP,34,25,2009,3,1
40,3,2007,4,PTTP,34,26,2008,4,2
40,3,2007,4,PTTP,34,30,2008,2,1
40,3,2007,4,PTTP,36,24,2007,4,1
40,3,2007,4,PTTP,36,25,2007,4,73
40,3,2007,4,PTTP,36,25,2008,1,33
40,3,2007,4,PTTP,36,25,2008,2,1
40,3,2007,4,PTTP,36,25,2008,3,2
40,3,2007,4,PTTP,36,25,2008,4,15
40,3,2007,4,PTTP,36,25,2009,1,1
40,3,2007,4,PTTP,36,26,2008,1,1
40,3,2007,4,PTTP,36,28,2007,4,1
40,3,2007,4,PTTP,36,28,2008,1,1
40,3,2007,4,PTTP,38,19,2009,2,1
40,3,2007,4,PTTP,38,25,2007,4,31
40,3,2007,4,PTTP,38,25,2008,1,13
40,3,2007,4,PTTP,38,25,2008,2,10
40,3,2007,4,PTTP,38,25,2008,3,6
40,3,2007,4,PTTP,38,25,2008,4,7
40,3,2007,4,PTTP,38,25,2009,1,2
40,3,2007,4,PTTP,38,26,2007,4,1
40,3,2007,4,PTTP,38,26,2008,4,1
40,3,2007,4,PTTP,38,28,2008,1,2
40,3,2007,4,PTTP,38,28,2008,2,1
40,3,2007,4,PTTP,40,25,2007,4,14
40,3,2007,4,PTTP,40,25,2008,1,6
40,3,2007,4,PTTP,40,25,2009,2,1
40,3,2007,4,PTTP,40,28,2008,1,1
40,3,2007,4,PTTP,42,25,2007,4,9
40,3,2007,4,PTTP,42,25,2008,1,1
40,3,2007,4,PTTP,42,25,2008,4,1
40,3,2007,4,PTTP,44,24,2008,3,1
40,3,2007,4,PTTP,44,25,2007,4,11
40,3,2007,4,PTTP,44,25,2008,1,1
40,3,2007,4,PTTP,44,25,2008,3,1
40,3,2007,4,PTTP,44,25,2008,4,2
40,3,2007,4,PTTP,44,26,2008,1,1
40,3,2007,4,PTTP,44,28,2007,4,1
40,3,2007,4,PTTP,46,10,2007,4,1
40,3,2007,4,PTTP,46,25,2007,4,24
40,3,2007,4,PTTP,46,25,2008,1,6
40,3,2007,4,PTTP,46,25,2008,3,3
40,3,2007,4,PTTP,46,25,2008,4,2
40,3,2007,4,PTTP,46,25,2009,2,1
40,3,2007,4,PTTP,48,10,2007,4,1
40,3,2007,4,PTTP,48,25,2007,4,44
40,3,2007,4,PTTP,48,25,2008,1,25
40,3,2007,4,PTTP,48,25,2008,2,4
40,3,2007,4,PTTP,48,25,2008,3,3
40,3,2007,4,PTTP,48,25,2008,4,3
40,3,2007,4,PTTP,48,25,2009,2,1
40,3,2007,4,PTTP,48,26,2007,4,1
40,3,2007,4,PTTP,48,28,2009,2,1
40,3,2007,4,PTTP,50,10,2007,4,3
40,3,2007,4,PTTP,50,24,2007,4,1
40,3,2007,4,PTTP,50,25,2007,4,58
40,3,2007,4,PTTP,50,25,2008,1,45
40,3,2007,4,PTTP,50,25,2008,2,5
40,3,2007,4,PTTP,50,25,2008,3,7
40,3,2007,4,PTTP,50,25,2008,4,17
40,3,2007,4,PTTP,50,26,2008,1,1
40,3,2007,4,PTTP,50,26,2008,2,1
40,3,2007,4,PTTP,50,28,2008,2,1
40,3,2007,4,PTTP,52,8,2009,2,1
40,3,2007,4,PTTP,52,10,2008,2,1
40,3,2007,4,PTTP,52,10,2008,4,1
40,3,2007,4,PTTP,52,24,2007,4,1
40,3,2007,4,PTTP,52,25,2007,4,33
40,3,2007,4,PTTP,52,25,2008,1,19
40,3,2007,4,PTTP,52,25,2008,2,6
40,3,2007,4,PTTP,52,25,2008,3,9
40,3,2007,4,PTTP,52,25,2008,4,5
40,3,2007,4,PTTP,52,26,2008,2,2
40,3,2007,4,PTTP,54,10,2007,4,1
40,3,2007,4,PTTP,54,10,2008,4,1
40,3,2007,4,PTTP,54,25,2007,4,9
40,3,2007,4,PTTP,54,25,2008,1,16
40,3,2007,4,PTTP,54,25,2008,2,4
40,3,2007,4,PTTP,54,25,2008,3,4
40,3,2007,4,PTTP,54,25,2008,4,1
40,3,2007,4,PTTP,54,26,2007,4,1
40,3,2007,4,PTTP,54,26,2008,1,1
40,3,2007,4,PTTP,54,26,2008,2,2
40,3,2007,4,PTTP,56,25,2007,4,1
40,3,2007,4,PTTP,56,25,2008,1,3
40,3,2007,4,PTTP,56,25,2008,2,1
40,3,2007,4,PTTP,56,25,2008,3,1
40,3,2007,4,PTTP,56,25,2008,4,1
40,3,2007,4,PTTP,56,25,2009,1,1
40,3,2007,4,PTTP,56,25,2010,3,1
40,3,2007,4,PTTP,56,26,2008,1,1
40,3,2007,4,PTTP,58,25,2007,4,2
40,3,2007,4,PTTP,58,25,2008,1,2
40,3,2007,4,PTTP,58,28,2008,3,1
40,3,2007,4,PTTP,60,25,2007,4,1
40,3,2007,4,PTTP,60,25,2008,2,1
40,3,2007,4,PTTP,60,25,2008,3,1
40,3,2007,4,PTTP,62,25,2007,4,2
40,3,2007,4,PTTP,62,26,2008,4,1
40,3,2007,4,PTTP,66,25,2007,4,1
40,3,2007,4,PTTP,68,25,2008,1,1
41,3,2008,1,PTTP,28,24,2008,2,1
41,3,2008,1,PTTP,28,25,2008,1,2
41,3,2008,1,PTTP,28,25,2008,2,8
41,3,2008,1,PTTP,28,25,2008,3,3
41,3,2008,1,PTTP,28,28,2009,4,1
41,3,2008,1,PTTP,28,28,2010,1,1
41,3,2008,1,PTTP,30,24,2008,1,1
41,3,2008,1,PTTP,30,25,2008,1,30
41,3,2008,1,PTTP,30,25,2008,2,48
41,3,2008,1,PTTP,30,25,2008,3,11
41,3,2008,1,PTTP,30,25,2008,4,3
41,3,2008,1,PTTP,30,25,2009,1,3
41,3,2008,1,PTTP,30,25,2009,2,4
41,3,2008,1,PTTP,30,26,2008,2,2
41,3,2008,1,PTTP,30,26,2008,3,1
41,3,2008,1,PTTP,30,26,2011,4,1
41,3,2008,1,PTTP,30,28,2008,2,9
41,3,2008,1,PTTP,30,28,2008,3,4
41,3,2008,1,PTTP,30,28,2009,1,1
41,3,2008,1,PTTP,30,28,2009,2,1
41,3,2008,1,PTTP,30,28,2010,1,1
41,3,2008,1,PTTP,30,28,2010,3,1
41,3,2008,1,PTTP,32,21,2008,3,1
41,3,2008,1,PTTP,32,24,2008,1,1
41,3,2008,1,PTTP,32,25,2008,1,34
41,3,2008,1,PTTP,32,25,2008,2,96
41,3,2008,1,PTTP,32,25,2008,3,12
41,3,2008,1,PTTP,32,25,2008,4,9
41,3,2008,1,PTTP,32,25,2009,1,5
41,3,2008,1,PTTP,32,25,2009,2,1
41,3,2008,1,PTTP,32,25,2009,3,7
41,3,2008,1,PTTP,32,25,2009,4,2
41,3,2008,1,PTTP,32,25,2010,3,1
41,3,2008,1,PTTP,32,26,2008,1,1
41,3,2008,1,PTTP,32,26,2008,2,2
41,3,2008,1,PTTP,32,26,2008,3,3
41,3,2008,1,PTTP,32,26,2008,4,1
41,3,2008,1,PTTP,32,28,2008,1,1
41,3,2008,1,PTTP,32,28,2008,2,10
41,3,2008,1,PTTP,32,28,2008,3,11
41,3,2008,1,PTTP,32,28,2008,4,5
41,3,2008,1,PTTP,32,28,2009,1,1
41,3,2008,1,PTTP,32,28,2009,2,1
41,3,2008,1,PTTP,34,10,2008,4,1
41,3,2008,1,PTTP,34,19,2008,2,1
41,3,2008,1,PTTP,34,21,2009,1,1
41,3,2008,1,PTTP,34,24,2008,1,2
41,3,2008,1,PTTP,34,24,2008,2,3
41,3,2008,1,PTTP,34,25,2008,1,10
41,3,2008,1,PTTP,34,25,2008,2,59
41,3,2008,1,PTTP,34,25,2008,3,23
41,3,2008,1,PTTP,34,25,2008,4,7
41,3,2008,1,PTTP,34,25,2009,1,5
41,3,2008,1,PTTP,34,25,2009,2,3
41,3,2008,1,PTTP,34,25,2009,3,3
41,3,2008,1,PTTP,34,25,2010,1,2
41,3,2008,1,PTTP,34,26,2008,2,3
41,3,2008,1,PTTP,34,26,2008,3,1
41,3,2008,1,PTTP,34,26,2008,4,1
41,3,2008,1,PTTP,34,28,2008,2,10
41,3,2008,1,PTTP,34,28,2008,3,1
41,3,2008,1,PTTP,34,28,2008,4,2
41,3,2008,1,PTTP,34,28,2009,1,2
41,3,2008,1,PTTP,34,28,2009,2,3
41,3,2008,1,PTTP,34,28,2009,4,1
41,3,2008,1,PTTP,34,28,2011,1,1
41,3,2008,1,PTTP,36,12,2009,1,1
41,3,2008,1,PTTP,36,19,2009,2,1
41,3,2008,1,PTTP,36,24,2008,1,2
41,3,2008,1,PTTP,36,24,2008,2,3
41,3,2008,1,PTTP,36,24,2008,4,2
41,3,2008,1,PTTP,36,25,2008,1,32
41,3,2008,1,PTTP,36,25,2008,2,85
41,3,2008,1,PTTP,36,25,2008,3,57
41,3,2008,1,PTTP,36,25,2008,4,15
41,3,2008,1,PTTP,36,25,2009,1,6
41,3,2008,1,PTTP,36,25,2009,2,7
41,3,2008,1,PTTP,36,25,2009,3,4
41,3,2008,1,PTTP,36,25,2009,4,1
41,3,2008,1,PTTP,36,25,2010,1,1
41,3,2008,1,PTTP,36,25,2010,2,2
41,3,2008,1,PTTP,36,25,2011,2,1
41,3,2008,1,PTTP,36,26,2008,2,8
41,3,2008,1,PTTP,36,26,2008,3,1
41,3,2008,1,PTTP,36,26,2008,4,1
41,3,2008,1,PTTP,36,28,2008,2,7
41,3,2008,1,PTTP,36,28,2008,3,3
41,3,2008,1,PTTP,36,28,2008,4,2
41,3,2008,1,PTTP,36,28,2009,1,1
41,3,2008,1,PTTP,36,28,2009,2,1
41,3,2008,1,PTTP,36,29,2008,2,1
41,3,2008,1,PTTP,36,29,2008,4,1
41,3,2008,1,PTTP,36,29,2009,3,1
41,3,2008,1,PTTP,38,10,2008,1,1
41,3,2008,1,PTTP,38,14,2009,1,1
41,3,2008,1,PTTP,38,21,2008,4,2
41,3,2008,1,PTTP,38,24,2008,2,4
41,3,2008,1,PTTP,38,25,2008,1,46
41,3,2008,1,PTTP,38,25,2008,2,90
41,3,2008,1,PTTP,38,25,2008,3,59
41,3,2008,1,PTTP,38,25,2008,4,19
41,3,2008,1,PTTP,38,25,2009,1,9
41,3,2008,1,PTTP,38,25,2009,2,6
41,3,2008,1,PTTP,38,25,2009,3,5
41,3,2008,1,PTTP,38,25,2009,4,1
41,3,2008,1,PTTP,38,25,2010,3,1
41,3,2008,1,PTTP,38,25,2011,1,1
41,3,2008,1,PTTP,38,26,2008,1,1
41,3,2008,1,PTTP,38,26,2008,2,2
41,3,2008,1,PTTP,38,26,2008,3,2
41,3,2008,1,PTTP,38,26,2008,4,2
41,3,2008,1,PTTP,38,26,2009,2,1
41,3,2008,1,PTTP,38,28,2008,1,1
41,3,2008,1,PTTP,38,28,2008,2,10
41,3,2008,1,PTTP,38,28,2008,3,10
41,3,2008,1,PTTP,38,28,2008,4,5
41,3,2008,1,PTTP,38,28,2009,1,3
41,3,2008,1,PTTP,38,28,2009,2,1
41,3,2008,1,PTTP,38,29,2009,3,1
41,3,2008,1,PTTP,38,29,2009,4,1
41,3,2008,1,PTTP,38,31,2008,2,1
41,3,2008,1,PTTP,40,8,2009,2,1
41,3,2008,1,PTTP,40,10,2010,1,1
41,3,2008,1,PTTP,40,19,2009,1,1
41,3,2008,1,PTTP,40,21,2008,3,1
41,3,2008,1,PTTP,40,21,2008,4,1
41,3,2008,1,PTTP,40,24,2008,2,3
41,3,2008,1,PTTP,40,24,2008,3,1
41,3,2008,1,PTTP,40,24,2008,4,1
41,3,2008,1,PTTP,40,25,2008,1,17
41,3,2008,1,PTTP,40,25,2008,2,75
41,3,2008,1,PTTP,40,25,2008,3,75
41,3,2008,1,PTTP,40,25,2008,4,19
41,3,2008,1,PTTP,40,25,2009,1,8
41,3,2008,1,PTTP,40,25,2009,2,6
41,3,2008,1,PTTP,40,25,2009,3,2
41,3,2008,1,PTTP,40,25,2009,4,3
41,3,2008,1,PTTP,40,25,2010,1,1
41,3,2008,1,PTTP,40,25,2010,3,1
41,3,2008,1,PTTP,40,26,2008,1,2
41,3,2008,1,PTTP,40,26,2008,2,3
41,3,2008,1,PTTP,40,26,2008,3,2
41,3,2008,1,PTTP,40,26,2008,4,1
41,3,2008,1,PTTP,40,26,2009,4,2
41,3,2008,1,PTTP,40,26,2011,1,1
41,3,2008,1,PTTP,40,26,2013,4,1
41,3,2008,1,PTTP,40,28,2008,1,1
41,3,2008,1,PTTP,40,28,2008,2,7
41,3,2008,1,PTTP,40,28,2008,3,10
41,3,2008,1,PTTP,40,28,2008,4,1
41,3,2008,1,PTTP,40,28,2009,1,2
41,3,2008,1,PTTP,40,28,2009,4,1
41,3,2008,1,PTTP,42,25,2008,1,1
41,3,2008,1,PTTP,42,25,2008,2,24
41,3,2008,1,PTTP,42,25,2008,3,22
41,3,2008,1,PTTP,42,25,2008,4,8
41,3,2008,1,PTTP,42,25,2009,1,5
41,3,2008,1,PTTP,42,25,2009,2,2
41,3,2008,1,PTTP,42,25,2009,3,1
41,3,2008,1,PTTP,42,25,2009,4,1
41,3,2008,1,PTTP,42,26,2008,2,1
41,3,2008,1,PTTP,42,28,2008,2,3
41,3,2008,1,PTTP,42,28,2008,3,2
41,3,2008,1,PTTP,42,28,2008,4,1
41,3,2008,1,PTTP,42,28,2009,1,2
41,3,2008,1,PTTP,42,28,2009,2,1
41,3,2008,1,PTTP,44,25,2008,2,5
41,3,2008,1,PTTP,44,25,2008,3,5
41,3,2008,1,PTTP,44,25,2008,4,3
41,3,2008,1,PTTP,44,25,2009,1,1
41,3,2008,1,PTTP,44,25,2009,2,2
41,3,2008,1,PTTP,44,25,2010,1,1
41,3,2008,1,PTTP,44,26,2008,2,1
41,3,2008,1,PTTP,44,28,2008,3,2
41,3,2008,1,PTTP,44,28,2009,1,1
41,3,2008,1,PTTP,44,28,2009,2,1
41,3,2008,1,PTTP,44,30,2008,2,1
41,3,2008,1,PTTP,46,25,2008,1,1
41,3,2008,1,PTTP,46,25,2008,3,2
41,3,2008,1,PTTP,46,25,2008,4,1
41,3,2008,1,PTTP,46,25,2009,2,1
41,3,2008,1,PTTP,46,28,2008,4,1
41,3,2008,1,PTTP,46,28,2009,2,1
41,3,2008,1,PTTP,48,25,2008,1,1
41,3,2008,1,PTTP,48,25,2008,2,4
41,3,2008,1,PTTP,48,25,2008,3,1
41,3,2008,1,PTTP,48,25,2008,4,2
41,3,2008,1,PTTP,48,25,2009,1,2
41,3,2008,1,PTTP,48,25,2010,3,1
41,3,2008,1,PTTP,48,26,2008,2,1
41,3,2008,1,PTTP,50,25,2008,1,1
41,3,2008,1,PTTP,50,25,2008,2,3
41,3,2008,1,PTTP,50,25,2008,3,1
41,3,2008,1,PTTP,50,25,2009,1,1
41,3,2008,1,PTTP,50,25,2009,2,1
41,3,2008,1,PTTP,50,28,2008,2,2
41,3,2008,1,PTTP,52,25,2008,2,2
41,3,2008,1,PTTP,52,25,2008,4,1
41,3,2008,1,PTTP,52,28,2008,2,3
41,3,2008,1,PTTP,54,25,2008,2,1
41,3,2008,1,PTTP,54,25,2008,3,1
41,3,2008,1,PTTP,54,25,2008,4,2
41,3,2008,1,PTTP,54,28,2008,2,1
41,3,2008,1,PTTP,54,28,2008,3,2
41,3,2008,1,PTTP,56,25,2008,2,1
41,3,2008,1,PTTP,56,25,2008,3,3
41,3,2008,1,PTTP,56,25,2008,4,2
41,3,2008,1,PTTP,56,28,2008,3,1
41,3,2008,1,PTTP,56,29,2008,3,1
41,3,2008,1,PTTP,56,30,2008,2,1
41,3,2008,1,PTTP,58,10,2008,4,1
41,3,2008,1,PTTP,58,25,2008,1,2
41,3,2008,1,PTTP,58,25,2008,3,2
41,3,2008,1,PTTP,58,25,2008,4,2
41,3,2008,1,PTTP,58,25,2009,1,1
41,3,2008,1,PTTP,58,28,2008,2,1
41,3,2008,1,PTTP,60,25,2008,2,3
41,3,2008,1,PTTP,60,25,2008,3,1
41,3,2008,1,PTTP,60,25,2008,4,6
41,3,2008,1,PTTP,60,26,2008,2,1
41,3,2008,1,PTTP,62,25,2008,1,2
41,3,2008,1,PTTP,62,25,2008,2,2
41,3,2008,1,PTTP,62,25,2008,3,4
41,3,2008,1,PTTP,62,25,2008,4,4
41,3,2008,1,PTTP,62,26,2008,4,1
41,3,2008,1,PTTP,62,28,2008,2,1
41,3,2008,1,PTTP,62,28,2009,1,2
41,3,2008,1,PTTP,64,25,2008,1,3
41,3,2008,1,PTTP,64,25,2008,2,1
41,3,2008,1,PTTP,64,25,2008,3,9
41,3,2008,1,PTTP,64,25,2008,4,6
41,3,2008,1,PTTP,64,25,2009,4,1
41,3,2008,1,PTTP,64,26,2008,2,1
41,3,2008,1,PTTP,64,28,2008,4,1
41,3,2008,1,PTTP,66,10,2008,4,1
41,3,2008,1,PTTP,66,25,2008,1,1
41,3,2008,1,PTTP,66,25,2008,2,1
41,3,2008,1,PTTP,66,25,2008,3,4
41,3,2008,1,PTTP,66,25,2008,4,3
41,3,2008,1,PTTP,66,25,2009,1,2
41,3,2008,1,PTTP,66,28,2008,2,1
41,3,2008,1,PTTP,66,28,2009,4,1
41,3,2008,1,PTTP,66,28,2011,3,1
41,3,2008,1,PTTP,68,25,2008,2,2
41,3,2008,1,PTTP,68,25,2008,3,4
41,3,2008,1,PTTP,68,25,2008,4,1
41,3,2008,1,PTTP,68,25,2009,3,1
41,3,2008,1,PTTP,68,26,2008,3,1
41,3,2008,1,PTTP,68,28,2008,3,1
41,3,2008,1,PTTP,70,25,2008,3,2
41,3,2008,1,PTTP,70,28,2008,2,1
41,3,2008,1,PTTP,74,25,2008,2,1
41,3,2008,1,PTTP,80,25,2009,2,1
41,3,2008,1,PTTP,82,25,2008,2,1
42,3,2008,2,PTTP,30,25,2009,2,1
42,3,2008,2,PTTP,32,25,2008,2,2
42,3,2008,2,PTTP,32,25,2009,3,2
42,3,2008,2,PTTP,34,14,2009,1,1
42,3,2008,2,PTTP,34,25,2008,2,4
42,3,2008,2,PTTP,34,25,2008,3,3
42,3,2008,2,PTTP,34,28,2008,2,2
42,3,2008,2,PTTP,36,21,2008,3,1
42,3,2008,2,PTTP,36,25,2008,2,42
42,3,2008,2,PTTP,36,25,2008,3,2
42,3,2008,2,PTTP,36,25,2008,4,5
42,3,2008,2,PTTP,36,25,2009,1,4
42,3,2008,2,PTTP,36,25,2009,3,1
42,3,2008,2,PTTP,36,26,2011,4,1
42,3,2008,2,PTTP,36,26,2014,1,1
42,3,2008,2,PTTP,36,28,2008,2,4
42,3,2008,2,PTTP,36,28,2008,3,1
42,3,2008,2,PTTP,36,29,2009,1,1
42,3,2008,2,PTTP,38,25,2008,2,61
42,3,2008,2,PTTP,38,25,2008,3,11
42,3,2008,2,PTTP,38,25,2008,4,6
42,3,2008,2,PTTP,38,25,2009,1,3
42,3,2008,2,PTTP,38,25,2009,2,3
42,3,2008,2,PTTP,38,25,2009,3,1
42,3,2008,2,PTTP,38,25,2009,4,2
42,3,2008,2,PTTP,38,25,2011,2,1
42,3,2008,2,PTTP,38,28,2008,2,6
42,3,2008,2,PTTP,38,28,2008,3,6
42,3,2008,2,PTTP,38,28,2008,4,1
42,3,2008,2,PTTP,38,28,2009,1,1
42,3,2008,2,PTTP,38,28,2009,2,1
42,3,2008,2,PTTP,38,28,2010,3,1
42,3,2008,2,PTTP,38,29,2008,2,1
42,3,2008,2,PTTP,40,10,2008,2,2
42,3,2008,2,PTTP,40,24,2008,2,1
42,3,2008,2,PTTP,40,24,2008,3,2
42,3,2008,2,PTTP,40,25,2008,2,51
42,3,2008,2,PTTP,40,25,2008,3,29
42,3,2008,2,PTTP,40,25,2008,4,8
42,3,2008,2,PTTP,40,25,2009,1,4
42,3,2008,2,PTTP,40,25,2009,2,4
42,3,2008,2,PTTP,40,25,2009,4,1
42,3,2008,2,PTTP,40,26,2008,2,8
42,3,2008,2,PTTP,40,26,2008,3,1
42,3,2008,2,PTTP,40,26,2008,4,2
42,3,2008,2,PTTP,40,28,2008,2,4
42,3,2008,2,PTTP,40,28,2008,4,1
42,3,2008,2,PTTP,40,28,2009,3,1
42,3,2008,2,PTTP,42,10,2008,2,1
42,3,2008,2,PTTP,42,24,2008,2,2
42,3,2008,2,PTTP,42,24,2008,3,1
42,3,2008,2,PTTP,42,25,2008,2,20
42,3,2008,2,PTTP,42,25,2008,3,22
42,3,2008,2,PTTP,42,25,2008,4,14
42,3,2008,2,PTTP,42,25,2009,1,3
42,3,2008,2,PTTP,42,25,2009,2,1
42,3,2008,2,PTTP,42,25,2009,3,2
42,3,2008,2,PTTP,42,25,2009,4,2
42,3,2008,2,PTTP,42,26,2008,2,1
42,3,2008,2,PTTP,42,26,2008,3,1
42,3,2008,2,PTTP,42,26,2008,4,1
42,3,2008,2,PTTP,42,28,2008,2,2
42,3,2008,2,PTTP,42,28,2008,4,1
42,3,2008,2,PTTP,42,28,2009,1,1
42,3,2008,2,PTTP,44,10,2010,1,1
42,3,2008,2,PTTP,44,25,2008,2,7
42,3,2008,2,PTTP,44,25,2008,3,1
42,3,2008,2,PTTP,44,25,2009,4,2
42,3,2008,2,PTTP,44,26,2008,2,1
42,3,2008,2,PTTP,44,28,2008,2,1
42,3,2008,2,PTTP,44,28,2009,1,1
42,3,2008,2,PTTP,46,25,2008,2,2
42,3,2008,2,PTTP,46,28,2009,1,1
42,3,2008,2,PTTP,48,25,2008,2,1
42,3,2008,2,PTTP,50,25,2008,2,2
42,3,2008,2,PTTP,52,25,2008,2,2
42,3,2008,2,PTTP,52,25,2009,4,1
42,3,2008,2,PTTP,58,25,2008,3,1
42,3,2008,2,PTTP,58,28,2008,2,1
42,3,2008,2,PTTP,60,25,2008,2,2
42,3,2008,2,PTTP,60,28,2008,3,1
42,3,2008,2,PTTP,66,26,2008,2,1
42,3,2008,2,PTTP,68,25,2009,1,1
43,3,2008,4,PTTP,30,25,2008,4,6
43,3,2008,4,PTTP,30,25,2009,1,4
43,3,2008,4,PTTP,30,25,2009,2,2
43,3,2008,4,PTTP,30,25,2009,3,2
43,3,2008,4,PTTP,30,28,2008,4,1
43,3,2008,4,PTTP,30,28,2009,2,1
43,3,2008,4,PTTP,30,28,2009,3,1
43,3,2008,4,PTTP,30,28,2009,4,1
43,3,2008,4,PTTP,30,29,2009,4,1
43,3,2008,4,PTTP,30,29,2010,1,1
43,3,2008,4,PTTP,32,10,2008,4,3
43,3,2008,4,PTTP,32,14,2010,1,1
43,3,2008,4,PTTP,32,25,2008,4,11
43,3,2008,4,PTTP,32,25,2009,1,19
43,3,2008,4,PTTP,32,25,2009,2,3
43,3,2008,4,PTTP,32,25,2009,3,3
43,3,2008,4,PTTP,32,25,2009,4,1
43,3,2008,4,PTTP,32,25,2010,1,1
43,3,2008,4,PTTP,32,25,2010,2,1
43,3,2008,4,PTTP,32,25,2010,3,1
43,3,2008,4,PTTP,32,26,2009,1,1
43,3,2008,4,PTTP,32,26,2010,2,1
43,3,2008,4,PTTP,32,28,2009,1,2
43,3,2008,4,PTTP,32,28,2009,2,1
43,3,2008,4,PTTP,32,28,2009,3,3
43,3,2008,4,PTTP,32,28,2010,1,1
43,3,2008,4,PTTP,32,29,2009,4,1
43,3,2008,4,PTTP,34,10,2008,4,5
43,3,2008,4,PTTP,34,25,2008,4,9
43,3,2008,4,PTTP,34,25,2009,1,32
43,3,2008,4,PTTP,34,25,2009,2,1
43,3,2008,4,PTTP,34,25,2009,3,1
43,3,2008,4,PTTP,34,25,2010,1,3
43,3,2008,4,PTTP,34,25,2010,2,1
43,3,2008,4,PTTP,34,28,2008,4,2
43,3,2008,4,PTTP,34,28,2009,1,5
43,3,2008,4,PTTP,34,28,2009,2,1
43,3,2008,4,PTTP,34,28,2009,3,1
43,3,2008,4,PTTP,34,29,2009,4,2
43,3,2008,4,PTTP,36,25,2008,4,2
43,3,2008,4,PTTP,36,25,2009,1,9
43,3,2008,4,PTTP,36,25,2009,2,1
43,3,2008,4,PTTP,36,25,2011,2,1
43,3,2008,4,PTTP,36,28,2009,1,2
43,3,2008,4,PTTP,36,28,2009,2,2
43,3,2008,4,PTTP,36,28,2009,3,1
43,3,2008,4,PTTP,38,25,2008,4,2
43,3,2008,4,PTTP,38,25,2009,1,1
43,3,2008,4,PTTP,38,25,2009,2,1
43,3,2008,4,PTTP,38,28,2009,1,1
43,3,2008,4,PTTP,40,25,2008,4,3
43,3,2008,4,PTTP,40,25,2009,1,3
43,3,2008,4,PTTP,40,25,2009,4,1
43,3,2008,4,PTTP,40,26,2009,2,2
43,3,2008,4,PTTP,40,28,2009,1,1
43,3,2008,4,PTTP,40,28,2009,2,2
43,3,2008,4,PTTP,40,28,2011,4,1
43,3,2008,4,PTTP,42,12,2011,2,1
43,3,2008,4,PTTP,42,12,2012,2,1
43,3,2008,4,PTTP,42,14,2009,3,2
43,3,2008,4,PTTP,42,21,2008,4,1
43,3,2008,4,PTTP,42,25,2008,4,47
43,3,2008,4,PTTP,42,25,2009,1,2
43,3,2008,4,PTTP,42,25,2009,2,5
43,3,2008,4,PTTP,42,25,2009,3,1
43,3,2008,4,PTTP,42,25,2009,4,2
43,3,2008,4,PTTP,42,25,2010,4,1
43,3,2008,4,PTTP,42,26,2009,4,1
43,3,2008,4,PTTP,42,26,2010,2,1
43,3,2008,4,PTTP,42,28,2008,4,2
43,3,2008,4,PTTP,42,28,2009,1,1
43,3,2008,4,PTTP,42,28,2009,2,2
43,3,2008,4,PTTP,42,28,2009,3,3
43,3,2008,4,PTTP,42,28,2010,3,1
43,3,2008,4,PTTP,42,28,2011,4,2
43,3,2008,4,PTTP,42,29,2009,3,1
43,3,2008,4,PTTP,42,29,2009,4,1
43,3,2008,4,PTTP,44,14,2010,1,1
43,3,2008,4,PTTP,44,19,2009,1,1
43,3,2008,4,PTTP,44,21,2008,4,1
43,3,2008,4,PTTP,44,21,2009,2,1
43,3,2008,4,PTTP,44,25,2008,4,54
43,3,2008,4,PTTP,44,25,2009,1,11
43,3,2008,4,PTTP,44,25,2009,2,5
43,3,2008,4,PTTP,44,25,2009,4,3
43,3,2008,4,PTTP,44,25,2010,1,2
43,3,2008,4,PTTP,44,25,2010,2,2
43,3,2008,4,PTTP,44,25,2011,2,1
43,3,2008,4,PTTP,44,25,2013,2,1
43,3,2008,4,PTTP,44,28,2008,4,3
43,3,2008,4,PTTP,44,28,2009,1,2
43,3,2008,4,PTTP,44,28,2009,2,3
43,3,2008,4,PTTP,44,28,2009,3,1
43,3,2008,4,PTTP,44,28,2010,1,1
43,3,2008,4,PTTP,44,28,2010,3,1
43,3,2008,4,PTTP,44,30,2010,1,1
43,3,2008,4,PTTP,44,30,2012,1,1
43,3,2008,4,PTTP,46,25,2008,4,15
43,3,2008,4,PTTP,46,25,2009,1,3
43,3,2008,4,PTTP,46,25,2009,4,2
43,3,2008,4,PTTP,46,26,2009,1,1
43,3,2008,4,PTTP,46,26,2009,3,1
43,3,2008,4,PTTP,46,26,2010,1,1
43,3,2008,4,PTTP,46,28,2008,4,1
43,3,2008,4,PTTP,46,28,2009,1,2
43,3,2008,4,PTTP,46,28,2009,3,2
43,3,2008,4,PTTP,46,28,2009,4,1
43,3,2008,4,PTTP,46,28,2010,3,1
43,3,2008,4,PTTP,46,28,2011,4,1
43,3,2008,4,PTTP,46,29,2012,2,1
43,3,2008,4,PTTP,48,25,2008,4,5
43,3,2008,4,PTTP,48,25,2009,1,1
43,3,2008,4,PTTP,48,25,2009,2,1
43,3,2008,4,PTTP,48,25,2009,4,1
43,3,2008,4,PTTP,48,28,2008,4,1
43,3,2008,4,PTTP,48,28,2009,1,2
43,3,2008,4,PTTP,48,28,2010,2,1
43,3,2008,4,PTTP,48,29,2009,2,1
43,3,2008,4,PTTP,48,29,2009,3,1
43,3,2008,4,PTTP,48,29,2009,4,1
43,3,2008,4,PTTP,50,25,2008,4,1
43,3,2008,4,PTTP,50,25,2009,1,1
43,3,2008,4,PTTP,50,25,2011,2,1
43,3,2008,4,PTTP,50,28,2009,3,1
43,3,2008,4,PTTP,50,28,2010,2,1
43,3,2008,4,PTTP,50,29,2009,4,1
43,3,2008,4,PTTP,52,25,2008,4,2
43,3,2008,4,PTTP,52,25,2009,2,1
43,3,2008,4,PTTP,52,28,2009,2,2
43,3,2008,4,PTTP,52,28,2010,3,1
43,3,2008,4,PTTP,54,25,2009,2,1
43,3,2008,4,PTTP,54,28,2009,2,1
43,3,2008,4,PTTP,56,28,2011,3,1
43,3,2008,4,PTTP,60,25,2009,1,1
43,3,2008,4,PTTP,60,25,2009,4,1
43,3,2008,4,PTTP,62,28,2009,2,1
43,3,2008,4,PTTP,62,29,2011,2,1
43,3,2008,4,PTTP,66,25,2008,4,1
43,3,2008,4,PTTP,66,28,2009,2,1
44,3,2009,2,PTTP,30,25,2009,2,1
44,3,2009,2,PTTP,30,25,2009,3,13
44,3,2009,2,PTTP,30,25,2009,4,4
44,3,2009,2,PTTP,30,25,2010,1,2
44,3,2009,2,PTTP,30,25,2010,2,1
44,3,2009,2,PTTP,30,25,2010,4,1
44,3,2009,2,PTTP,32,14,2010,2,1
44,3,2009,2,PTTP,32,21,2009,2,1
44,3,2009,2,PTTP,32,25,2009,2,30
44,3,2009,2,PTTP,32,25,2009,3,71
44,3,2009,2,PTTP,32,25,2009,4,35
44,3,2009,2,PTTP,32,25,2010,1,13
44,3,2009,2,PTTP,32,25,2010,2,3
44,3,2009,2,PTTP,32,25,2010,3,3
44,3,2009,2,PTTP,32,25,2011,1,1
44,3,2009,2,PTTP,32,26,2011,2,1
44,3,2009,2,PTTP,32,28,2009,4,3
44,3,2009,2,PTTP,32,28,2010,2,1
44,3,2009,2,PTTP,32,29,2010,1,1
44,3,2009,2,PTTP,34,21,2009,4,1
44,3,2009,2,PTTP,34,21,2010,2,1
44,3,2009,2,PTTP,34,25,2009,2,58
44,3,2009,2,PTTP,34,25,2009,3,105
44,3,2009,2,PTTP,34,25,2009,4,28
44,3,2009,2,PTTP,34,25,2010,1,9
44,3,2009,2,PTTP,34,25,2010,2,6
44,3,2009,2,PTTP,34,25,2010,3,1
44,3,2009,2,PTTP,34,25,2013,1,1
44,3,2009,2,PTTP,34,25,2013,3,1
44,3,2009,2,PTTP,34,28,2009,4,1
44,3,2009,2,PTTP,34,28,2010,1,2
44,3,2009,2,PTTP,34,28,2011,2,1
44,3,2009,2,PTTP,34,29,2010,1,1
44,3,2009,2,PTTP,36,25,2009,2,22
44,3,2009,2,PTTP,36,25,2009,3,41
44,3,2009,2,PTTP,36,25,2009,4,20
44,3,2009,2,PTTP,36,25,2010,2,2
44,3,2009,2,PTTP,36,26,2010,2,1
44,3,2009,2,PTTP,36,26,2010,3,1
44,3,2009,2,PTTP,36,26,2012,1,1
44,3,2009,2,PTTP,36,28,2010,1,1
44,3,2009,2,PTTP,36,28,2010,2,1
44,3,2009,2,PTTP,36,29,2009,4,1
44,3,2009,2,PTTP,38,25,2009,2,3
44,3,2009,2,PTTP,38,25,2009,3,10
44,3,2009,2,PTTP,38,25,2009,4,5
44,3,2009,2,PTTP,38,31,2009,3,1
44,3,2009,2,PTTP,40,25,2009,2,4
44,3,2009,2,PTTP,40,25,2009,3,14
44,3,2009,2,PTTP,40,25,2009,4,5
44,3,2009,2,PTTP,40,25,2010,1,1
44,3,2009,2,PTTP,40,28,2010,3,1
44,3,2009,2,PTTP,42,25,2009,2,8
44,3,2009,2,PTTP,42,25,2009,3,62
44,3,2009,2,PTTP,42,25,2009,4,20
44,3,2009,2,PTTP,42,25,2010,1,4
44,3,2009,2,PTTP,42,25,2010,3,2
44,3,2009,2,PTTP,42,25,2011,4,1
44,3,2009,2,PTTP,44,10,2010,4,1
44,3,2009,2,PTTP,44,10,2011,1,1
44,3,2009,2,PTTP,44,25,2009,2,16
44,3,2009,2,PTTP,44,25,2009,3,87
44,3,2009,2,PTTP,44,25,2009,4,31
44,3,2009,2,PTTP,44,25,2010,1,10
44,3,2009,2,PTTP,44,25,2010,2,2
44,3,2009,2,PTTP,44,25,2010,3,2
44,3,2009,2,PTTP,44,25,2010,4,1
44,3,2009,2,PTTP,44,25,2012,4,1
44,3,2009,2,PTTP,44,28,2009,4,3
44,3,2009,2,PTTP,44,28,2011,1,1
44,3,2009,2,PTTP,46,10,2010,1,1
44,3,2009,2,PTTP,46,25,2009,2,15
44,3,2009,2,PTTP,46,25,2009,3,46
44,3,2009,2,PTTP,46,25,2009,4,26
44,3,2009,2,PTTP,46,25,2010,1,5
44,3,2009,2,PTTP,46,25,2010,2,1
44,3,2009,2,PTTP,46,25,2010,3,2
44,3,2009,2,PTTP,46,25,2011,1,1
44,3,2009,2,PTTP,46,28,2010,2,1
44,3,2009,2,PTTP,48,25,2009,2,3
44,3,2009,2,PTTP,48,25,2009,3,13
44,3,2009,2,PTTP,48,25,2009,4,5
44,3,2009,2,PTTP,48,25,2010,1,3
44,3,2009,2,PTTP,48,28,2010,1,1
44,3,2009,2,PTTP,50,25,2009,2,2
44,3,2009,2,PTTP,50,25,2009,3,5
44,3,2009,2,PTTP,50,25,2009,4,1
44,3,2009,2,PTTP,50,25,2010,1,2
44,3,2009,2,PTTP,52,25,2009,3,5
44,3,2009,2,PTTP,52,25,2009,4,1
44,3,2009,2,PTTP,52,25,2010,1,1
44,3,2009,2,PTTP,54,25,2009,2,1
44,3,2009,2,PTTP,54,25,2009,3,4
44,3,2009,2,PTTP,54,25,2009,4,1
44,3,2009,2,PTTP,54,25,2010,4,1
44,3,2009,2,PTTP,56,25,2009,3,1
44,3,2009,2,PTTP,58,25,2009,3,3
44,3,2009,2,PTTP,58,25,2009,4,1
44,3,2009,2,PTTP,60,25,2010,2,1
44,3,2009,2,PTTP,62,25,2009,3,3
44,3,2009,2,PTTP,64,25,2009,3,1
44,3,2009,2,PTTP,64,25,2009,4,1
44,3,2009,2,PTTP,66,25,2009,2,1
44,3,2009,2,PTTP,68,25,2009,3,1
44,3,2009,2,PTTP,70,25,2009,3,3
44,3,2009,2,PTTP,70,25,2009,4,1
44,3,2009,2,PTTP,72,25,2009,2,1
44,3,2009,2,PTTP,72,25,2009,3,1
45,3,2009,3,PTTP,34,25,2009,3,1
45,3,2009,3,PTTP,34,25,2009,4,1
45,3,2009,3,PTTP,36,25,2009,3,12
45,3,2009,3,PTTP,36,25,2009,4,5
45,3,2009,3,PTTP,36,25,2010,1,1
45,3,2009,3,PTTP,36,26,2009,4,2
45,3,2009,3,PTTP,38,25,2009,3,26
45,3,2009,3,PTTP,38,25,2009,4,14
45,3,2009,3,PTTP,38,25,2010,2,2
45,3,2009,3,PTTP,38,25,2010,4,2
45,3,2009,3,PTTP,38,26,2010,1,1
45,3,2009,3,PTTP,38,26,2010,2,2
45,3,2009,3,PTTP,38,26,2010,3,1
45,3,2009,3,PTTP,38,26,2011,3,1
45,3,2009,3,PTTP,38,26,2011,4,1
45,3,2009,3,PTTP,38,28,2009,3,1
45,3,2009,3,PTTP,38,28,2009,4,2
45,3,2009,3,PTTP,38,29,2012,1,1
45,3,2009,3,PTTP,40,25,2009,3,22
45,3,2009,3,PTTP,40,25,2009,4,9
45,3,2009,3,PTTP,40,25,2010,1,5
45,3,2009,3,PTTP,40,25,2010,2,4
45,3,2009,3,PTTP,40,25,2010,3,2
45,3,2009,3,PTTP,40,25,2011,1,1
45,3,2009,3,PTTP,40,25,2013,4,1
45,3,2009,3,PTTP,40,26,2009,3,2
45,3,2009,3,PTTP,40,26,2011,3,1
45,3,2009,3,PTTP,40,28,2009,3,1
45,3,2009,3,PTTP,40,28,2009,4,1
45,3,2009,3,PTTP,40,28,2010,3,1
45,3,2009,3,PTTP,40,28,2010,4,1
45,3,2009,3,PTTP,40,28,2011,1,1
45,3,2009,3,PTTP,42,21,2009,4,1
45,3,2009,3,PTTP,42,25,2009,3,26
45,3,2009,3,PTTP,42,25,2009,4,7
45,3,2009,3,PTTP,42,25,2010,1,2
45,3,2009,3,PTTP,42,25,2010,2,2
45,3,2009,3,PTTP,42,25,2010,3,1
45,3,2009,3,PTTP,42,25,2011,3,2
45,3,2009,3,PTTP,42,26,2010,2,1
45,3,2009,3,PTTP,42,26,2010,3,1
45,3,2009,3,PTTP,42,28,2010,2,1
45,3,2009,3,PTTP,42,28,2010,4,1
45,3,2009,3,PTTP,44,21,2009,4,1
45,3,2009,3,PTTP,44,25,2009,3,16
45,3,2009,3,PTTP,44,25,2009,4,5
45,3,2009,3,PTTP,44,25,2010,1,3
45,3,2009,3,PTTP,44,25,2010,2,1
45,3,2009,3,PTTP,44,25,2010,3,3
45,3,2009,3,PTTP,44,25,2010,4,2
45,3,2009,3,PTTP,44,25,2011,1,1
45,3,2009,3,PTTP,44,25,2011,2,1
45,3,2009,3,PTTP,44,25,2012,4,1
45,3,2009,3,PTTP,44,26,2010,1,1
45,3,2009,3,PTTP,44,26,2010,2,1
45,3,2009,3,PTTP,44,26,2011,3,1
45,3,2009,3,PTTP,46,25,2009,3,12
45,3,2009,3,PTTP,46,25,2009,4,8
45,3,2009,3,PTTP,46,25,2010,1,2
45,3,2009,3,PTTP,46,25,2010,2,4
45,3,2009,3,PTTP,46,25,2010,3,3
45,3,2009,3,PTTP,46,25,2010,4,4
45,3,2009,3,PTTP,46,25,2011,1,1
45,3,2009,3,PTTP,46,26,2009,4,1
45,3,2009,3,PTTP,46,26,2010,2,2
45,3,2009,3,PTTP,46,26,2011,4,1
45,3,2009,3,PTTP,46,28,2010,3,1
45,3,2009,3,PTTP,48,25,2009,3,6
45,3,2009,3,PTTP,48,25,2009,4,8
45,3,2009,3,PTTP,48,25,2010,1,5
45,3,2009,3,PTTP,48,25,2010,2,5
45,3,2009,3,PTTP,48,25,2010,3,3
45,3,2009,3,PTTP,48,25,2010,4,1
45,3,2009,3,PTTP,48,25,2011,3,1
45,3,2009,3,PTTP,48,25,2011,4,1
45,3,2009,3,PTTP,48,26,2010,2,2
45,3,2009,3,PTTP,48,26,2011,4,1
45,3,2009,3,PTTP,48,28,2010,4,1
45,3,2009,3,PTTP,50,10,2011,4,1
45,3,2009,3,PTTP,50,25,2009,3,8
45,3,2009,3,PTTP,50,25,2009,4,16
45,3,2009,3,PTTP,50,25,2010,1,6
45,3,2009,3,PTTP,50,25,2010,2,8
45,3,2009,3,PTTP,50,25,2010,3,7
45,3,2009,3,PTTP,50,25,2010,4,2
45,3,2009,3,PTTP,50,25,2011,2,1
45,3,2009,3,PTTP,50,25,2011,3,1
45,3,2009,3,PTTP,50,25,2013,2,1
45,3,2009,3,PTTP,50,26,2009,4,1
45,3,2009,3,PTTP,50,26,2010,1,1
45,3,2009,3,PTTP,50,26,2010,2,1
45,3,2009,3,PTTP,50,26,2010,3,1
45,3,2009,3,PTTP,50,26,2011,1,1
45,3,2009,3,PTTP,50,26,2011,3,1
45,3,2009,3,PTTP,50,26,2011,4,1
45,3,2009,3,PTTP,50,28,2011,1,1
45,3,2009,3,PTTP,50,30,2010,3,1
45,3,2009,3,PTTP,52,25,2009,3,8
45,3,2009,3,PTTP,52,25,2009,4,13
45,3,2009,3,PTTP,52,25,2010,1,4
45,3,2009,3,PTTP,52,25,2010,2,3
45,3,2009,3,PTTP,52,25,2010,3,3
45,3,2009,3,PTTP,52,25,2010,4,1
45,3,2009,3,PTTP,52,25,2011,1,1
45,3,2009,3,PTTP,52,25,2012,1,1
45,3,2009,3,PTTP,52,25,2013,2,1
45,3,2009,3,PTTP,52,26,2009,3,1
45,3,2009,3,PTTP,52,26,2009,4,2
45,3,2009,3,PTTP,52,26,2010,3,2
45,3,2009,3,PTTP,52,26,2011,1,1
45,3,2009,3,PTTP,52,26,2011,2,1
45,3,2009,3,PTTP,52,26,2012,2,1
45,3,2009,3,PTTP,52,28,2010,1,1
45,3,2009,3,PTTP,52,28,2010,3,1
45,3,2009,3,PTTP,52,28,2011,2,1
45,3,2009,3,PTTP,54,25,2009,3,7
45,3,2009,3,PTTP,54,25,2009,4,11
45,3,2009,3,PTTP,54,25,2010,1,2
45,3,2009,3,PTTP,54,25,2010,2,2
45,3,2009,3,PTTP,54,25,2010,3,2
45,3,2009,3,PTTP,54,26,2009,4,1
45,3,2009,3,PTTP,54,26,2010,2,1
45,3,2009,3,PTTP,54,26,2011,2,1
45,3,2009,3,PTTP,54,28,2009,4,1
45,3,2009,3,PTTP,56,25,2009,3,5
45,3,2009,3,PTTP,56,25,2009,4,5
45,3,2009,3,PTTP,56,25,2010,1,2
45,3,2009,3,PTTP,56,25,2010,2,3
45,3,2009,3,PTTP,56,25,2010,3,5
45,3,2009,3,PTTP,56,25,2010,4,2
45,3,2009,3,PTTP,56,25,2011,2,1
45,3,2009,3,PTTP,56,26,2010,2,1
45,3,2009,3,PTTP,56,26,2010,3,1
45,3,2009,3,PTTP,56,26,2010,4,1
45,3,2009,3,PTTP,58,25,2009,3,3
45,3,2009,3,PTTP,58,25,2009,4,3
45,3,2009,3,PTTP,58,25,2010,1,4
45,3,2009,3,PTTP,58,25,2010,3,3
45,3,2009,3,PTTP,58,25,2010,4,2
45,3,2009,3,PTTP,58,26,2009,4,2
45,3,2009,3,PTTP,60,25,2009,4,2
45,3,2009,3,PTTP,60,26,2010,2,1
45,3,2009,3,PTTP,60,26,2011,4,1
45,3,2009,3,PTTP,62,25,2009,4,1
45,3,2009,3,PTTP,72,28,2010,1,1
45,3,2009,3,PTTP,74,25,2010,4,1
46,3,2009,4,PTTP,40,26,2010,1,1
46,3,2009,4,PTTP,42,10,2010,1,1
46,3,2009,4,PTTP,42,25,2010,1,1
46,3,2009,4,PTTP,42,29,2009,4,1
46,3,2009,4,PTTP,44,25,2009,4,2
46,3,2009,4,PTTP,44,25,2010,1,1
46,3,2009,4,PTTP,44,25,2010,2,5
46,3,2009,4,PTTP,44,25,2010,4,1
46,3,2009,4,PTTP,44,26,2010,1,1
46,3,2009,4,PTTP,44,26,2010,3,1
46,3,2009,4,PTTP,44,28,2010,1,1
46,3,2009,4,PTTP,44,28,2010,2,2
46,3,2009,4,PTTP,46,10,2009,4,4
46,3,2009,4,PTTP,46,10,2010,1,1
46,3,2009,4,PTTP,46,25,2009,4,3
46,3,2009,4,PTTP,46,25,2010,1,10
46,3,2009,4,PTTP,46,25,2010,2,3
46,3,2009,4,PTTP,46,25,2010,3,2
46,3,2009,4,PTTP,46,25,2010,4,1
46,3,2009,4,PTTP,46,25,2011,1,1
46,3,2009,4,PTTP,46,26,2010,3,1
46,3,2009,4,PTTP,46,26,2011,4,1
46,3,2009,4,PTTP,46,28,2009,4,3
46,3,2009,4,PTTP,46,28,2010,1,4
46,3,2009,4,PTTP,46,28,2010,2,4
46,3,2009,4,PTTP,46,28,2011,3,1
46,3,2009,4,PTTP,48,25,2009,4,8
46,3,2009,4,PTTP,48,25,2010,1,4
46,3,2009,4,PTTP,48,25,2010,2,4
46,3,2009,4,PTTP,48,25,2010,3,3
46,3,2009,4,PTTP,48,25,2010,4,1
46,3,2009,4,PTTP,48,25,2011,2,2
46,3,2009,4,PTTP,48,26,2012,2,1
46,3,2009,4,PTTP,48,28,2009,4,4
46,3,2009,4,PTTP,48,28,2010,1,1
46,3,2009,4,PTTP,48,28,2010,2,5
46,3,2009,4,PTTP,48,28,2010,3,3
46,3,2009,4,PTTP,48,28,2010,4,1
46,3,2009,4,PTTP,48,29,2010,1,4
46,3,2009,4,PTTP,48,29,2010,2,1
46,3,2009,4,PTTP,48,30,2010,1,2
46,3,2009,4,PTTP,50,25,2009,4,4
46,3,2009,4,PTTP,50,25,2010,1,3
46,3,2009,4,PTTP,50,25,2010,2,3
46,3,2009,4,PTTP,50,26,2011,2,1
46,3,2009,4,PTTP,50,28,2010,1,2
46,3,2009,4,PTTP,50,28,2010,2,2
46,3,2009,4,PTTP,50,28,2010,3,1
46,3,2009,4,PTTP,50,29,2009,4,1
46,3,2009,4,PTTP,50,29,2010,1,2
46,3,2009,4,PTTP,50,29,2012,2,1
46,3,2009,4,PTTP,52,25,2009,4,2
46,3,2009,4,PTTP,52,25,2010,1,1
46,3,2009,4,PTTP,52,25,2010,2,1
46,3,2009,4,PTTP,52,26,2009,4,1
46,3,2009,4,PTTP,52,26,2010,2,1
46,3,2009,4,PTTP,52,28,2010,1,2
46,3,2009,4,PTTP,52,28,2010,2,1
46,3,2009,4,PTTP,52,28,2011,3,1
46,3,2009,4,PTTP,54,25,2009,4,1
46,3,2009,4,PTTP,54,25,2010,3,2
46,3,2009,4,PTTP,54,25,2011,4,1
46,3,2009,4,PTTP,54,28,2009,4,1
46,3,2009,4,PTTP,54,28,2010,3,1
46,3,2009,4,PTTP,56,25,2009,4,1
46,3,2009,4,PTTP,56,25,2010,3,1
46,3,2009,4,PTTP,56,25,2011,1,1
46,3,2009,4,PTTP,56,25,2011,2,1
46,3,2009,4,PTTP,56,26,2010,2,1
46,3,2009,4,PTTP,56,26,2010,4,1
46,3,2009,4,PTTP,56,28,2010,2,1
46,3,2009,4,PTTP,56,28,2011,3,1
46,3,2009,4,PTTP,58,25,2010,1,2
46,3,2009,4,PTTP,58,25,2010,3,1
46,3,2009,4,PTTP,58,25,2011,1,2
46,3,2009,4,PTTP,58,28,2010,1,1
46,3,2009,4,PTTP,58,28,2012,3,1
46,3,2009,4,PTTP,60,25,2010,4,1
46,3,2009,4,PTTP,60,26,2010,2,1
46,3,2009,4,PTTP,62,25,2009,4,1
46,3,2009,4,PTTP,62,26,2010,2,1
46,3,2009,4,PTTP,64,25,2011,1,1
47,3,2011,2,PTTP,28,25,2011,2,2
47,3,2011,2,PTTP,30,21,2011,3,1
47,3,2011,2,PTTP,30,25,2011,2,75
47,3,2011,2,PTTP,30,25,2011,3,6
47,3,2011,2,PTTP,30,25,2011,4,3
47,3,2011,2,PTTP,30,26,2011,2,2
47,3,2011,2,PTTP,30,26,2011,3,1
47,3,2011,2,PTTP,30,26,2011,4,1
47,3,2011,2,PTTP,30,26,2012,4,1
47,3,2011,2,PTTP,30,30,2013,2,1
47,3,2011,2,PTTP,32,21,2011,3,2
47,3,2011,2,PTTP,32,21,2011,4,1
47,3,2011,2,PTTP,32,25,2011,2,92
47,3,2011,2,PTTP,32,25,2011,3,14
47,3,2011,2,PTTP,32,25,2011,4,5
47,3,2011,2,PTTP,32,25,2012,2,2
47,3,2011,2,PTTP,32,25,2012,3,1
47,3,2011,2,PTTP,32,25,2012,4,3
47,3,2011,2,PTTP,32,26,2011,2,5
47,3,2011,2,PTTP,32,26,2011,3,6
47,3,2011,2,PTTP,32,26,2011,4,1
47,3,2011,2,PTTP,32,26,2012,1,1
47,3,2011,2,PTTP,32,26,2012,2,2
47,3,2011,2,PTTP,32,26,2012,3,3
47,3,2011,2,PTTP,32,28,2011,3,3
47,3,2011,2,PTTP,32,29,2011,4,1
47,3,2011,2,PTTP,32,30,2011,3,2
47,3,2011,2,PTTP,32,31,2011,3,1
47,3,2011,2,PTTP,34,21,2011,2,4
47,3,2011,2,PTTP,34,21,2011,3,12
47,3,2011,2,PTTP,34,21,2011,4,4
47,3,2011,2,PTTP,34,24,2011,2,1
47,3,2011,2,PTTP,34,25,2011,2,119
47,3,2011,2,PTTP,34,25,2011,3,50
47,3,2011,2,PTTP,34,25,2011,4,13
47,3,2011,2,PTTP,34,25,2012,2,5
47,3,2011,2,PTTP,34,25,2012,3,1
47,3,2011,2,PTTP,34,25,2012,4,2
47,3,2011,2,PTTP,34,25,2013,1,1
47,3,2011,2,PTTP,34,25,2013,2,1
47,3,2011,2,PTTP,34,25,2013,4,1
47,3,2011,2,PTTP,34,26,2011,2,19
47,3,2011,2,PTTP,34,26,2011,3,16
47,3,2011,2,PTTP,34,26,2011,4,6
47,3,2011,2,PTTP,34,26,2012,2,3
47,3,2011,2,PTTP,34,26,2012,3,1
47,3,2011,2,PTTP,34,26,2013,1,1
47,3,2011,2,PTTP,34,26,2013,2,1
47,3,2011,2,PTTP,34,26,2013,3,1
47,3,2011,2,PTTP,34,28,2011,2,1
47,3,2011,2,PTTP,34,28,2011,3,1
47,3,2011,2,PTTP,34,29,2011,4,1
47,3,2011,2,PTTP,34,30,2011,3,1
47,3,2011,2,PTTP,34,30,2012,2,1
47,3,2011,2,PTTP,36,21,2011,2,2
47,3,2011,2,PTTP,36,21,2011,3,4
47,3,2011,2,PTTP,36,21,2011,4,1
47,3,2011,2,PTTP,36,25,2011,2,139
47,3,2011,2,PTTP,36,25,2011,3,53
47,3,2011,2,PTTP,36,25,2011,4,8
47,3,2011,2,PTTP,36,25,2012,1,2
47,3,2011,2,PTTP,36,25,2012,2,2
47,3,2011,2,PTTP,36,25,2012,3,4
47,3,2011,2,PTTP,36,25,2013,1,1
47,3,2011,2,PTTP,36,26,2011,2,14
47,3,2011,2,PTTP,36,26,2011,3,20
47,3,2011,2,PTTP,36,26,2011,4,5
47,3,2011,2,PTTP,36,26,2012,1,1
47,3,2011,2,PTTP,36,26,2012,2,2
47,3,2011,2,PTTP,36,26,2012,3,1
47,3,2011,2,PTTP,36,26,2012,4,1
47,3,2011,2,PTTP,36,26,2013,1,1
47,3,2011,2,PTTP,36,28,2011,3,3
47,3,2011,2,PTTP,36,28,2011,4,1
47,3,2011,2,PTTP,36,28,2012,1,1
47,3,2011,2,PTTP,36,28,2012,2,1
47,3,2011,2,PTTP,36,30,2011,3,3
47,3,2011,2,PTTP,38,10,2011,4,1
47,3,2011,2,PTTP,38,21,2011,3,1
47,3,2011,2,PTTP,38,21,2011,4,2
47,3,2011,2,PTTP,38,25,2011,2,121
47,3,2011,2,PTTP,38,25,2011,3,34
47,3,2011,2,PTTP,38,25,2011,4,4
47,3,2011,2,PTTP,38,25,2012,1,2
47,3,2011,2,PTTP,38,25,2012,2,1
47,3,2011,2,PTTP,38,25,2012,3,1
47,3,2011,2,PTTP,38,25,2012,4,1
47,3,2011,2,PTTP,38,25,2013,2,1
47,3,2011,2,PTTP,38,25,2013,4,2
47,3,2011,2,PTTP,38,25,2014,2,1
47,3,2011,2,PTTP,38,26,2011,2,13
47,3,2011,2,PTTP,38,26,2011,3,16
47,3,2011,2,PTTP,38,26,2011,4,3
47,3,2011,2,PTTP,38,26,2012,1,1
47,3,2011,2,PTTP,38,26,2012,2,5
47,3,2011,2,PTTP,38,26,2012,3,4
47,3,2011,2,PTTP,38,26,2012,4,1
47,3,2011,2,PTTP,38,28,2011,4,1
47,3,2011,2,PTTP,38,30,2011,2,1
47,3,2011,2,PTTP,40,6,2012,3,1
47,3,2011,2,PTTP,40,10,2011,4,2
47,3,2011,2,PTTP,40,21,2011,3,3
47,3,2011,2,PTTP,40,25,2011,2,94
47,3,2011,2,PTTP,40,25,2011,3,33
47,3,2011,2,PTTP,40,25,2011,4,7
47,3,2011,2,PTTP,40,25,2012,1,5
47,3,2011,2,PTTP,40,25,2012,2,1
47,3,2011,2,PTTP,40,25,2012,3,1
47,3,2011,2,PTTP,40,25,2012,4,1
47,3,2011,2,PTTP,40,25,2013,1,2
47,3,2011,2,PTTP,40,25,2013,4,1
47,3,2011,2,PTTP,40,26,2011,2,11
47,3,2011,2,PTTP,40,26,2011,3,22
47,3,2011,2,PTTP,40,26,2011,4,4
47,3,2011,2,PTTP,40,26,2012,1,4
47,3,2011,2,PTTP,40,26,2012,2,5
47,3,2011,2,PTTP,40,26,2012,3,6
47,3,2011,2,PTTP,40,26,2012,4,3
47,3,2011,2,PTTP,40,26,2013,2,1
47,3,2011,2,PTTP,40,26,2013,4,1
47,3,2011,2,PTTP,40,28,2011,2,2
47,3,2011,2,PTTP,40,28,2011,3,1
47,3,2011,2,PTTP,40,29,2012,2,1
47,3,2011,2,PTTP,40,30,2012,2,1
47,3,2011,2,PTTP,42,21,2011,3,1
47,3,2011,2,PTTP,42,21,2011,4,2
47,3,2011,2,PTTP,42,24,2011,4,1
47,3,2011,2,PTTP,42,25,2011,2,61
47,3,2011,2,PTTP,42,25,2011,3,26
47,3,2011,2,PTTP,42,25,2011,4,9
47,3,2011,2,PTTP,42,25,2012,1,6
47,3,2011,2,PTTP,42,25,2012,2,2
47,3,2011,2,PTTP,42,25,2012,4,3
47,3,2011,2,PTTP,42,25,2013,2,1
47,3,2011,2,PTTP,42,25,2013,3,1
47,3,2011,2,PTTP,42,25,2013,4,1
47,3,2011,2,PTTP,42,26,2011,2,8
47,3,2011,2,PTTP,42,26,2011,3,14
47,3,2011,2,PTTP,42,26,2011,4,2
47,3,2011,2,PTTP,42,26,2012,1,3
47,3,2011,2,PTTP,42,26,2012,2,5
47,3,2011,2,PTTP,42,26,2012,3,7
47,3,2011,2,PTTP,42,26,2012,4,6
47,3,2011,2,PTTP,42,26,2013,3,1
47,3,2011,2,PTTP,42,26,2013,4,1
47,3,2011,2,PTTP,42,26,2014,1,1
47,3,2011,2,PTTP,42,28,2011,2,1
47,3,2011,2,PTTP,42,28,2011,3,1
47,3,2011,2,PTTP,42,28,2011,4,2
47,3,2011,2,PTTP,42,28,2012,1,1
47,3,2011,2,PTTP,42,28,2012,4,1
47,3,2011,2,PTTP,42,28,2013,1,1
47,3,2011,2,PTTP,42,29,2012,1,1
47,3,2011,2,PTTP,42,29,2012,2,1
47,3,2011,2,PTTP,42,30,2011,3,1
47,3,2011,2,PTTP,44,21,2011,3,1
47,3,2011,2,PTTP,44,21,2011,4,1
47,3,2011,2,PTTP,44,24,2011,2,1
47,3,2011,2,PTTP,44,25,2011,2,55
47,3,2011,2,PTTP,44,25,2011,3,34
47,3,2011,2,PTTP,44,25,2011,4,22
47,3,2011,2,PTTP,44,25,2012,1,3
47,3,2011,2,PTTP,44,25,2012,2,2
47,3,2011,2,PTTP,44,25,2012,3,4
47,3,2011,2,PTTP,44,25,2012,4,4
47,3,2011,2,PTTP,44,25,2013,1,2
47,3,2011,2,PTTP,44,25,2013,2,1
47,3,2011,2,PTTP,44,26,2011,2,5
47,3,2011,2,PTTP,44,26,2011,3,14
47,3,2011,2,PTTP,44,26,2011,4,11
47,3,2011,2,PTTP,44,26,2012,1,8
47,3,2011,2,PTTP,44,26,2012,2,7
47,3,2011,2,PTTP,44,26,2012,3,6
47,3,2011,2,PTTP,44,26,2012,4,5
47,3,2011,2,PTTP,44,26,2013,2,1
47,3,2011,2,PTTP,44,26,2013,3,2
47,3,2011,2,PTTP,44,26,2013,4,1
47,3,2011,2,PTTP,44,28,2011,2,1
47,3,2011,2,PTTP,44,28,2011,3,1
47,3,2011,2,PTTP,44,28,2011,4,2
47,3,2011,2,PTTP,44,28,2012,1,1
47,3,2011,2,PTTP,44,28,2012,2,2
47,3,2011,2,PTTP,44,28,2012,4,1
47,3,2011,2,PTTP,44,28,2013,1,1
47,3,2011,2,PTTP,44,29,2011,2,1
47,3,2011,2,PTTP,44,29,2012,3,2
47,3,2011,2,PTTP,44,30,2011,3,1
47,3,2011,2,PTTP,44,30,2011,4,1
47,3,2011,2,PTTP,44,30,2012,2,1
47,3,2011,2,PTTP,44,31,2011,3,1
47,3,2011,2,PTTP,46,6,2012,2,2
47,3,2011,2,PTTP,46,10,2012,1,1
47,3,2011,2,PTTP,46,10,2012,3,1
47,3,2011,2,PTTP,46,25,2011,2,46
47,3,2011,2,PTTP,46,25,2011,3,34
47,3,2011,2,PTTP,46,25,2011,4,14
47,3,2011,2,PTTP,46,25,2012,1,1
47,3,2011,2,PTTP,46,25,2012,2,2
47,3,2011,2,PTTP,46,25,2012,3,3
47,3,2011,2,PTTP,46,25,2012,4,1
47,3,2011,2,PTTP,46,25,2013,1,1
47,3,2011,2,PTTP,46,25,2013,2,1
47,3,2011,2,PTTP,46,25,2013,4,2
47,3,2011,2,PTTP,46,26,2011,2,11
47,3,2011,2,PTTP,46,26,2011,3,8
47,3,2011,2,PTTP,46,26,2011,4,16
47,3,2011,2,PTTP,46,26,2012,1,4
47,3,2011,2,PTTP,46,26,2012,2,4
47,3,2011,2,PTTP,46,26,2012,3,5
47,3,2011,2,PTTP,46,26,2012,4,11
47,3,2011,2,PTTP,46,26,2013,1,1
47,3,2011,2,PTTP,46,26,2013,2,1
47,3,2011,2,PTTP,46,28,2011,2,2
47,3,2011,2,PTTP,46,28,2011,3,2
47,3,2011,2,PTTP,46,28,2011,4,2
47,3,2011,2,PTTP,46,28,2012,1,1
47,3,2011,2,PTTP,46,28,2013,1,1
47,3,2011,2,PTTP,46,28,2013,3,1
47,3,2011,2,PTTP,46,29,2012,3,2
47,3,2011,2,PTTP,46,30,2012,2,1
47,3,2011,2,PTTP,46,30,2013,2,1
47,3,2011,2,PTTP,48,6,2012,2,1
47,3,2011,2,PTTP,48,14,2012,3,1
47,3,2011,2,PTTP,48,25,2011,2,31
47,3,2011,2,PTTP,48,25,2011,3,28
47,3,2011,2,PTTP,48,25,2011,4,5
47,3,2011,2,PTTP,48,25,2012,1,3
47,3,2011,2,PTTP,48,25,2012,2,2
47,3,2011,2,PTTP,48,25,2012,3,2
47,3,2011,2,PTTP,48,25,2012,4,2
47,3,2011,2,PTTP,48,25,2013,4,1
47,3,2011,2,PTTP,48,26,2011,2,1
47,3,2011,2,PTTP,48,26,2011,3,10
47,3,2011,2,PTTP,48,26,2011,4,7
47,3,2011,2,PTTP,48,26,2012,1,2
47,3,2011,2,PTTP,48,26,2012,2,3
47,3,2011,2,PTTP,48,26,2012,3,4
47,3,2011,2,PTTP,48,26,2012,4,6
47,3,2011,2,PTTP,48,26,2013,1,1
47,3,2011,2,PTTP,48,26,2013,3,2
47,3,2011,2,PTTP,48,26,2013,4,1
47,3,2011,2,PTTP,48,26,2015,2,1
47,3,2011,2,PTTP,48,28,2011,3,3
47,3,2011,2,PTTP,48,28,2011,4,3
47,3,2011,2,PTTP,48,28,2012,1,1
47,3,2011,2,PTTP,48,28,2012,2,1
47,3,2011,2,PTTP,48,28,2012,4,1
47,3,2011,2,PTTP,48,30,2011,3,2
47,3,2011,2,PTTP,48,30,2013,2,1
47,3,2011,2,PTTP,50,25,2011,2,30
47,3,2011,2,PTTP,50,25,2011,3,11
47,3,2011,2,PTTP,50,25,2011,4,5
47,3,2011,2,PTTP,50,25,2012,1,1
47,3,2011,2,PTTP,50,25,2012,3,1
47,3,2011,2,PTTP,50,25,2012,4,2
47,3,2011,2,PTTP,50,26,2011,2,3
47,3,2011,2,PTTP,50,26,2011,3,14
47,3,2011,2,PTTP,50,26,2011,4,5
47,3,2011,2,PTTP,50,26,2012,1,7
47,3,2011,2,PTTP,50,26,2012,2,4
47,3,2011,2,PTTP,50,26,2012,3,3
47,3,2011,2,PTTP,50,26,2012,4,3
47,3,2011,2,PTTP,50,26,2013,1,2
47,3,2011,2,PTTP,50,26,2013,4,1
47,3,2011,2,PTTP,50,26,2014,1,1
47,3,2011,2,PTTP,50,28,2011,2,1
47,3,2011,2,PTTP,50,28,2011,3,2
47,3,2011,2,PTTP,50,28,2012,1,2
47,3,2011,2,PTTP,50,28,2012,3,1
47,3,2011,2,PTTP,50,28,2012,4,1
47,3,2011,2,PTTP,50,29,2012,3,1
47,3,2011,2,PTTP,50,30,2012,2,1
47,3,2011,2,PTTP,52,10,2011,4,1
47,3,2011,2,PTTP,52,25,2011,2,10
47,3,2011,2,PTTP,52,25,2011,3,9
47,3,2011,2,PTTP,52,25,2011,4,8
47,3,2011,2,PTTP,52,25,2012,1,4
47,3,2011,2,PTTP,52,25,2012,3,2
47,3,2011,2,PTTP,52,25,2012,4,2
47,3,2011,2,PTTP,52,25,2013,2,2
47,3,2011,2,PTTP,52,25,2014,4,1
47,3,2011,2,PTTP,52,26,2011,2,3
47,3,2011,2,PTTP,52,26,2011,3,5
47,3,2011,2,PTTP,52,26,2011,4,10
47,3,2011,2,PTTP,52,26,2012,1,2
47,3,2011,2,PTTP,52,26,2012,2,1
47,3,2011,2,PTTP,52,26,2012,3,2
47,3,2011,2,PTTP,52,26,2012,4,2
47,3,2011,2,PTTP,52,26,2013,2,2
47,3,2011,2,PTTP,52,26,2013,3,1
47,3,2011,2,PTTP,52,28,2011,3,3
47,3,2011,2,PTTP,52,28,2011,4,2
47,3,2011,2,PTTP,52,28,2012,1,4
47,3,2011,2,PTTP,52,28,2012,2,1
47,3,2011,2,PTTP,52,28,2013,1,1
47,3,2011,2,PTTP,52,28,2013,3,1
47,3,2011,2,PTTP,52,29,2011,4,1
47,3,2011,2,PTTP,52,29,2012,1,1
47,3,2011,2,PTTP,52,29,2012,3,1
47,3,2011,2,PTTP,52,30,2011,3,1
47,3,2011,2,PTTP,52,30,2013,4,1
47,3,2011,2,PTTP,54,14,2016,2,1
47,3,2011,2,PTTP,54,25,2011,2,8
47,3,2011,2,PTTP,54,25,2011,3,11
47,3,2011,2,PTTP,54,25,2011,4,5
47,3,2011,2,PTTP,54,25,2012,1,2
47,3,2011,2,PTTP,54,25,2013,2,1
47,3,2011,2,PTTP,54,26,2011,3,5
47,3,2011,2,PTTP,54,26,2011,4,3
47,3,2011,2,PTTP,54,26,2012,1,2
47,3,2011,2,PTTP,54,26,2012,4,1
47,3,2011,2,PTTP,54,28,2011,3,7
47,3,2011,2,PTTP,54,28,2011,4,3
47,3,2011,2,PTTP,54,28,2012,1,3
47,3,2011,2,PTTP,54,28,2013,2,1
47,3,2011,2,PTTP,54,29,2011,4,3
47,3,2011,2,PTTP,54,29,2012,2,1
47,3,2011,2,PTTP,54,29,2012,4,1
47,3,2011,2,PTTP,54,30,2013,3,1
47,3,2011,2,PTTP,56,25,2011,2,2
47,3,2011,2,PTTP,56,25,2011,3,4
47,3,2011,2,PTTP,56,25,2011,4,3
47,3,2011,2,PTTP,56,25,2012,1,2
47,3,2011,2,PTTP,56,25,2012,3,1
47,3,2011,2,PTTP,56,25,2013,4,1
47,3,2011,2,PTTP,56,26,2011,2,2
47,3,2011,2,PTTP,56,26,2011,4,3
47,3,2011,2,PTTP,56,26,2012,2,1
47,3,2011,2,PTTP,56,28,2011,3,3
47,3,2011,2,PTTP,56,28,2011,4,1
47,3,2011,2,PTTP,56,28,2012,1,1
47,3,2011,2,PTTP,56,28,2012,2,1
47,3,2011,2,PTTP,56,30,2012,1,1
47,3,2011,2,PTTP,58,25,2011,2,1
47,3,2011,2,PTTP,58,25,2011,3,10
47,3,2011,2,PTTP,58,25,2011,4,3
47,3,2011,2,PTTP,58,25,2012,1,1
47,3,2011,2,PTTP,58,26,2011,3,1
47,3,2011,2,PTTP,58,26,2011,4,1
47,3,2011,2,PTTP,58,26,2012,2,1
47,3,2011,2,PTTP,58,26,2012,4,1
47,3,2011,2,PTTP,58,28,2011,2,1
47,3,2011,2,PTTP,58,28,2011,3,7
47,3,2011,2,PTTP,58,28,2011,4,4
47,3,2011,2,PTTP,58,28,2012,1,1
47,3,2011,2,PTTP,58,29,2011,4,1
47,3,2011,2,PTTP,60,25,2011,3,1
47,3,2011,2,PTTP,60,25,2011,4,2
47,3,2011,2,PTTP,60,28,2011,3,2
47,3,2011,2,PTTP,60,28,2011,4,3
47,3,2011,2,PTTP,60,29,2011,4,1
47,3,2011,2,PTTP,60,30,2011,3,2
47,3,2011,2,PTTP,62,25,2012,1,1
47,3,2011,2,PTTP,62,29,2011,4,1
47,3,2011,2,PTTP,64,25,2011,4,1
47,3,2011,2,PTTP,66,25,2011,4,1
47,3,2011,2,PTTP,66,28,2011,3,1
47,3,2011,2,PTTP,66,29,2011,4,1
47,3,2011,2,PTTP,68,10,2011,4,1
47,3,2011,2,PTTP,68,25,2011,4,1
47,3,2011,2,PTTP,70,25,2011,3,1
47,3,2011,2,PTTP,78,26,2011,4,1
47,3,2011,2,PTTP,90,25,2011,2,1
48,3,2011,3,PTTP,48,25,2011,4,2
48,3,2011,3,PTTP,48,25,2012,1,1
48,3,2011,3,PTTP,50,25,2011,3,1
48,3,2011,3,PTTP,50,25,2012,3,1
48,3,2011,3,PTTP,50,26,2011,3,2
48,3,2011,3,PTTP,50,28,2011,3,1
48,3,2011,3,PTTP,50,30,2012,1,1
48,3,2011,3,PTTP,52,25,2011,3,1
48,3,2011,3,PTTP,52,25,2012,1,1
48,3,2011,3,PTTP,52,26,2012,3,1
48,3,2011,3,PTTP,52,26,2013,3,1
48,3,2011,3,PTTP,52,28,2011,4,1
48,3,2011,3,PTTP,52,28,2012,2,1
48,3,2011,3,PTTP,52,28,2013,1,1
48,3,2011,3,PTTP,54,25,2011,3,2
48,3,2011,3,PTTP,54,25,2011,4,2
48,3,2011,3,PTTP,54,25,2012,1,2
48,3,2011,3,PTTP,54,26,2011,4,1
48,3,2011,3,PTTP,54,28,2011,3,2
48,3,2011,3,PTTP,54,28,2011,4,1
48,3,2011,3,PTTP,54,28,2012,1,1
48,3,2011,3,PTTP,54,28,2012,2,1
48,3,2011,3,PTTP,56,25,2011,3,3
48,3,2011,3,PTTP,56,25,2011,4,1
48,3,2011,3,PTTP,56,25,2012,1,2
48,3,2011,3,PTTP,56,26,2011,3,1
48,3,2011,3,PTTP,56,26,2011,4,1
48,3,2011,3,PTTP,56,28,2011,4,2
48,3,2011,3,PTTP,56,28,2012,1,1
48,3,2011,3,PTTP,58,25,2011,3,1
48,3,2011,3,PTTP,58,25,2011,4,1
48,3,2011,3,PTTP,58,26,2012,1,1
48,3,2011,3,PTTP,58,28,2011,3,1
48,3,2011,3,PTTP,62,26,2011,3,1
48,3,2011,3,PTTP,62,28,2011,3,1
49,3,2012,1,PTTP,30,6,2018,3,1
49,3,2012,1,PTTP,30,25,2012,4,1
49,3,2012,1,PTTP,30,26,2012,2,1
49,3,2012,1,PTTP,32,25,2012,1,1
49,3,2012,1,PTTP,32,25,2012,3,2
49,3,2012,1,PTTP,32,25,2012,4,1
49,3,2012,1,PTTP,32,25,2013,1,1
49,3,2012,1,PTTP,32,25,2013,3,1
49,3,2012,1,PTTP,34,25,2012,1,9
49,3,2012,1,PTTP,34,25,2012,2,3
49,3,2012,1,PTTP,34,25,2012,3,5
49,3,2012,1,PTTP,34,25,2012,4,1
49,3,2012,1,PTTP,34,25,2013,1,2
49,3,2012,1,PTTP,34,25,2013,2,1
49,3,2012,1,PTTP,34,25,2013,4,1
49,3,2012,1,PTTP,34,25,2014,1,1
49,3,2012,1,PTTP,34,26,2012,1,1
49,3,2012,1,PTTP,34,26,2012,2,6
49,3,2012,1,PTTP,34,26,2012,3,5
49,3,2012,1,PTTP,34,26,2012,4,3
49,3,2012,1,PTTP,34,26,2013,4,1
49,3,2012,1,PTTP,34,28,2012,1,2
49,3,2012,1,PTTP,34,28,2012,2,1
49,3,2012,1,PTTP,34,28,2012,4,3
49,3,2012,1,PTTP,34,28,2013,1,1
49,3,2012,1,PTTP,34,28,2013,2,1
49,3,2012,1,PTTP,34,28,2018,4,1
49,3,2012,1,PTTP,34,29,2013,1,1
49,3,2012,1,PTTP,34,29,2014,1,1
49,3,2012,1,PTTP,34,30,2012,2,1
49,3,2012,1,PTTP,36,25,2012,1,6
49,3,2012,1,PTTP,36,25,2012,2,4
49,3,2012,1,PTTP,36,25,2012,3,5
49,3,2012,1,PTTP,36,25,2012,4,8
49,3,2012,1,PTTP,36,25,2013,1,2
49,3,2012,1,PTTP,36,25,2013,2,1
49,3,2012,1,PTTP,36,26,2012,1,1
49,3,2012,1,PTTP,36,26,2012,2,5
49,3,2012,1,PTTP,36,26,2012,3,11
49,3,2012,1,PTTP,36,26,2012,4,10
49,3,2012,1,PTTP,36,26,2013,1,1
49,3,2012,1,PTTP,36,26,2013,2,1
49,3,2012,1,PTTP,36,26,2013,4,1
49,3,2012,1,PTTP,36,28,2012,3,2
49,3,2012,1,PTTP,36,28,2012,4,3
49,3,2012,1,PTTP,36,28,2013,1,3
49,3,2012,1,PTTP,36,29,2012,3,2
49,3,2012,1,PTTP,36,30,2013,4,1
49,3,2012,1,PTTP,38,25,2012,1,10
49,3,2012,1,PTTP,38,25,2012,2,4
49,3,2012,1,PTTP,38,25,2012,3,6
49,3,2012,1,PTTP,38,25,2012,4,7
49,3,2012,1,PTTP,38,25,2013,4,2
49,3,2012,1,PTTP,38,25,2014,1,1
49,3,2012,1,PTTP,38,26,2012,1,3
49,3,2012,1,PTTP,38,26,2012,2,9
49,3,2012,1,PTTP,38,26,2012,3,7
49,3,2012,1,PTTP,38,26,2012,4,8
49,3,2012,1,PTTP,38,26,2013,1,1
49,3,2012,1,PTTP,38,26,2013,2,2
49,3,2012,1,PTTP,38,26,2013,3,1
49,3,2012,1,PTTP,38,26,2013,4,1
49,3,2012,1,PTTP,38,26,2014,2,1
49,3,2012,1,PTTP,38,28,2012,4,2
49,3,2012,1,PTTP,38,28,2013,1,2
49,3,2012,1,PTTP,38,28,2013,2,1
49,3,2012,1,PTTP,38,28,2014,2,1
49,3,2012,1,PTTP,38,30,2012,2,1
49,3,2012,1,PTTP,40,25,2012,1,12
49,3,2012,1,PTTP,40,25,2012,2,4
49,3,2012,1,PTTP,40,25,2012,3,5
49,3,2012,1,PTTP,40,25,2012,4,6
49,3,2012,1,PTTP,40,25,2013,1,1
49,3,2012,1,PTTP,40,25,2013,2,2
49,3,2012,1,PTTP,40,25,2013,3,2
49,3,2012,1,PTTP,40,25,2013,4,2
49,3,2012,1,PTTP,40,26,2012,1,5
49,3,2012,1,PTTP,40,26,2012,2,9
49,3,2012,1,PTTP,40,26,2012,3,8
49,3,2012,1,PTTP,40,26,2012,4,2
49,3,2012,1,PTTP,40,26,2013,3,1
49,3,2012,1,PTTP,40,26,2014,2,1
49,3,2012,1,PTTP,40,26,2015,2,1
49,3,2012,1,PTTP,40,28,2012,2,1
49,3,2012,1,PTTP,40,28,2012,4,1
49,3,2012,1,PTTP,40,28,2013,1,1
49,3,2012,1,PTTP,40,28,2013,2,2
49,3,2012,1,PTTP,40,29,2014,1,1
49,3,2012,1,PTTP,40,30,2012,2,1
49,3,2012,1,PTTP,40,31,2013,4,1
49,3,2012,1,PTTP,42,25,2012,1,13
49,3,2012,1,PTTP,42,25,2012,2,3
49,3,2012,1,PTTP,42,25,2012,3,3
49,3,2012,1,PTTP,42,25,2012,4,6
49,3,2012,1,PTTP,42,25,2013,1,2
49,3,2012,1,PTTP,42,25,2013,2,2
49,3,2012,1,PTTP,42,25,2013,3,1
49,3,2012,1,PTTP,42,26,2012,1,1
49,3,2012,1,PTTP,42,26,2012,2,9
49,3,2012,1,PTTP,42,26,2012,3,9
49,3,2012,1,PTTP,42,26,2012,4,3
49,3,2012,1,PTTP,42,26,2013,1,1
49,3,2012,1,PTTP,42,26,2013,2,2
49,3,2012,1,PTTP,42,26,2013,3,4
49,3,2012,1,PTTP,42,26,2013,4,1
49,3,2012,1,PTTP,42,28,2012,2,1
49,3,2012,1,PTTP,42,28,2012,4,1
49,3,2012,1,PTTP,42,28,2013,2,2
49,3,2012,1,PTTP,42,29,2012,2,1
49,3,2012,1,PTTP,42,30,2012,1,2
49,3,2012,1,PTTP,44,25,2012,1,15
49,3,2012,1,PTTP,44,25,2012,2,7
49,3,2012,1,PTTP,44,25,2012,3,2
49,3,2012,1,PTTP,44,25,2012,4,6
49,3,2012,1,PTTP,44,25,2013,1,3
49,3,2012,1,PTTP,44,25,2013,2,1
49,3,2012,1,PTTP,44,25,2013,3,2
49,3,2012,1,PTTP,44,25,2013,4,1
49,3,2012,1,PTTP,44,25,2014,1,2
49,3,2012,1,PTTP,44,26,2012,1,6
49,3,2012,1,PTTP,44,26,2012,2,9
49,3,2012,1,PTTP,44,26,2012,3,9
49,3,2012,1,PTTP,44,26,2012,4,6
49,3,2012,1,PTTP,44,26,2013,1,4
49,3,2012,1,PTTP,44,26,2013,2,2
49,3,2012,1,PTTP,44,28,2012,1,1
49,3,2012,1,PTTP,44,28,2012,2,1
49,3,2012,1,PTTP,44,28,2012,4,1
49,3,2012,1,PTTP,44,28,2013,4,1
49,3,2012,1,PTTP,44,28,2018,4,1
49,3,2012,1,PTTP,44,29,2012,2,1
49,3,2012,1,PTTP,44,29,2012,4,2
49,3,2012,1,PTTP,44,30,2012,1,3
49,3,2012,1,PTTP,44,30,2012,2,2
49,3,2012,1,PTTP,44,30,2013,4,1
49,3,2012,1,PTTP,46,25,2012,1,6
49,3,2012,1,PTTP,46,25,2012,2,7
49,3,2012,1,PTTP,46,25,2012,3,6
49,3,2012,1,PTTP,46,25,2012,4,8
49,3,2012,1,PTTP,46,25,2013,1,2
49,3,2012,1,PTTP,46,25,2013,2,3
49,3,2012,1,PTTP,46,25,2013,3,1
49,3,2012,1,PTTP,46,26,2012,2,9
49,3,2012,1,PTTP,46,26,2012,3,9
49,3,2012,1,PTTP,46,26,2012,4,12
49,3,2012,1,PTTP,46,26,2013,1,1
49,3,2012,1,PTTP,46,26,2013,2,2
49,3,2012,1,PTTP,46,26,2013,3,4
49,3,2012,1,PTTP,46,26,2014,1,1
49,3,2012,1,PTTP,46,28,2012,2,4
49,3,2012,1,PTTP,46,28,2012,4,2
49,3,2012,1,PTTP,46,29,2012,2,1
49,3,2012,1,PTTP,46,30,2012,1,4
49,3,2012,1,PTTP,46,30,2012,2,1
49,3,2012,1,PTTP,48,25,2012,1,8
49,3,2012,1,PTTP,48,25,2012,2,2
49,3,2012,1,PTTP,48,25,2012,3,9
49,3,2012,1,PTTP,48,25,2012,4,4
49,3,2012,1,PTTP,48,25,2013,1,4
49,3,2012,1,PTTP,48,25,2013,2,4
49,3,2012,1,PTTP,48,25,2013,4,1
49,3,2012,1,PTTP,48,26,2012,1,2
49,3,2012,1,PTTP,48,26,2012,2,7
49,3,2012,1,PTTP,48,26,2012,3,19
49,3,2012,1,PTTP,48,26,2012,4,15
49,3,2012,1,PTTP,48,26,2013,1,2
49,3,2012,1,PTTP,48,26,2013,3,5
49,3,2012,1,PTTP,48,26,2014,1,1
49,3,2012,1,PTTP,48,26,2015,1,1
49,3,2012,1,PTTP,48,28,2012,1,2
49,3,2012,1,PTTP,48,28,2012,2,1
49,3,2012,1,PTTP,48,28,2012,4,1
49,3,2012,1,PTTP,48,28,2013,1,1
49,3,2012,1,PTTP,48,28,2013,3,2
49,3,2012,1,PTTP,48,28,2021,3,1
49,3,2012,1,PTTP,48,29,2012,2,1
49,3,2012,1,PTTP,48,30,2012,1,2
49,3,2012,1,PTTP,48,30,2012,2,1
49,3,2012,1,PTTP,48,30,2012,3,1
49,3,2012,1,PTTP,48,31,2012,3,1
49,3,2012,1,PTTP,50,25,2012,1,19
49,3,2012,1,PTTP,50,25,2012,2,11
49,3,2012,1,PTTP,50,25,2012,3,9
49,3,2012,1,PTTP,50,25,2012,4,12
49,3,2012,1,PTTP,50,25,2013,1,6
49,3,2012,1,PTTP,50,25,2013,2,2
49,3,2012,1,PTTP,50,25,2013,3,2
49,3,2012,1,PTTP,50,25,2013,4,2
49,3,2012,1,PTTP,50,26,2012,1,4
49,3,2012,1,PTTP,50,26,2012,2,17
49,3,2012,1,PTTP,50,26,2012,3,29
49,3,2012,1,PTTP,50,26,2012,4,21
49,3,2012,1,PTTP,50,26,2013,1,2
49,3,2012,1,PTTP,50,26,2013,2,1
49,3,2012,1,PTTP,50,26,2013,3,2
49,3,2012,1,PTTP,50,26,2013,4,3
49,3,2012,1,PTTP,50,28,2012,1,3
49,3,2012,1,PTTP,50,28,2012,2,5
49,3,2012,1,PTTP,50,28,2012,3,3
49,3,2012,1,PTTP,50,28,2012,4,2
49,3,2012,1,PTTP,50,28,2013,1,5
49,3,2012,1,PTTP,50,28,2013,3,1
49,3,2012,1,PTTP,50,29,2012,3,1
49,3,2012,1,PTTP,50,29,2012,4,2
49,3,2012,1,PTTP,50,30,2012,1,2
49,3,2012,1,PTTP,50,30,2012,2,3
49,3,2012,1,PTTP,50,30,2013,2,1
49,3,2012,1,PTTP,50,30,2013,4,1
49,3,2012,1,PTTP,52,25,2012,1,16
49,3,2012,1,PTTP,52,25,2012,2,14
49,3,2012,1,PTTP,52,25,2012,3,13
49,3,2012,1,PTTP,52,25,2012,4,11
49,3,2012,1,PTTP,52,25,2013,1,6
49,3,2012,1,PTTP,52,25,2013,2,1
49,3,2012,1,PTTP,52,25,2013,3,3
49,3,2012,1,PTTP,52,25,2013,4,1
49,3,2012,1,PTTP,52,26,2012,1,4
49,3,2012,1,PTTP,52,26,2012,2,11
49,3,2012,1,PTTP,52,26,2012,3,31
49,3,2012,1,PTTP,52,26,2012,4,20
49,3,2012,1,PTTP,52,26,2013,1,5
49,3,2012,1,PTTP,52,26,2013,2,3
49,3,2012,1,PTTP,52,26,2013,3,4
49,3,2012,1,PTTP,52,26,2013,4,2
49,3,2012,1,PTTP,52,26,2014,1,1
49,3,2012,1,PTTP,52,28,2012,1,3
49,3,2012,1,PTTP,52,28,2012,2,2
49,3,2012,1,PTTP,52,28,2013,1,2
49,3,2012,1,PTTP,52,28,2013,2,1
49,3,2012,1,PTTP,52,28,2014,2,1
49,3,2012,1,PTTP,52,29,2012,2,2
49,3,2012,1,PTTP,52,29,2012,4,3
49,3,2012,1,PTTP,52,30,2012,1,1
49,3,2012,1,PTTP,52,30,2012,2,2
49,3,2012,1,PTTP,52,30,2012,4,1
49,3,2012,1,PTTP,54,14,2014,3,1
49,3,2012,1,PTTP,54,25,2012,1,11
49,3,2012,1,PTTP,54,25,2012,2,6
49,3,2012,1,PTTP,54,25,2012,3,7
49,3,2012,1,PTTP,54,25,2012,4,7
49,3,2012,1,PTTP,54,25,2013,1,2
49,3,2012,1,PTTP,54,25,2013,2,2
49,3,2012,1,PTTP,54,25,2013,3,4
49,3,2012,1,PTTP,54,25,2013,4,7
49,3,2012,1,PTTP,54,26,2012,1,2
49,3,2012,1,PTTP,54,26,2012,2,3
49,3,2012,1,PTTP,54,26,2012,3,16
49,3,2012,1,PTTP,54,26,2012,4,16
49,3,2012,1,PTTP,54,26,2013,1,2
49,3,2012,1,PTTP,54,26,2013,2,2
49,3,2012,1,PTTP,54,26,2013,3,3
49,3,2012,1,PTTP,54,26,2013,4,1
49,3,2012,1,PTTP,54,26,2014,2,1
49,3,2012,1,PTTP,54,28,2012,2,3
49,3,2012,1,PTTP,54,28,2012,3,2
49,3,2012,1,PTTP,54,28,2013,1,1
49,3,2012,1,PTTP,54,28,2013,2,3
49,3,2012,1,PTTP,54,28,2013,3,1
49,3,2012,1,PTTP,54,28,2013,4,1
49,3,2012,1,PTTP,54,29,2012,2,2
49,3,2012,1,PTTP,54,29,2012,4,2
49,3,2012,1,PTTP,54,29,2013,1,1
49,3,2012,1,PTTP,54,29,2014,1,1
49,3,2012,1,PTTP,54,30,2012,4,1
49,3,2012,1,PTTP,54,30,2013,1,1
49,3,2012,1,PTTP,54,30,2013,2,1
49,3,2012,1,PTTP,56,25,2012,1,4
49,3,2012,1,PTTP,56,25,2012,2,2
49,3,2012,1,PTTP,56,25,2012,3,12
49,3,2012,1,PTTP,56,25,2012,4,3
49,3,2012,1,PTTP,56,25,2013,1,1
49,3,2012,1,PTTP,56,25,2013,2,1
49,3,2012,1,PTTP,56,25,2013,4,1
49,3,2012,1,PTTP,56,25,2014,3,1
49,3,2012,1,PTTP,56,25,2019,3,1
49,3,2012,1,PTTP,56,26,2012,1,2
49,3,2012,1,PTTP,56,26,2012,2,5
49,3,2012,1,PTTP,56,26,2012,3,16
49,3,2012,1,PTTP,56,26,2012,4,16
49,3,2012,1,PTTP,56,26,2013,1,2
49,3,2012,1,PTTP,56,26,2013,2,2
49,3,2012,1,PTTP,56,26,2013,3,2
49,3,2012,1,PTTP,56,26,2013,4,1
49,3,2012,1,PTTP,56,28,2012,2,1
49,3,2012,1,PTTP,56,28,2012,3,2
49,3,2012,1,PTTP,56,28,2012,4,1
49,3,2012,1,PTTP,56,28,2013,1,1
49,3,2012,1,PTTP,56,29,2012,2,1
49,3,2012,1,PTTP,56,29,2012,3,1
49,3,2012,1,PTTP,56,30,2012,3,1
49,3,2012,1,PTTP,56,30,2013,2,1
49,3,2012,1,PTTP,58,24,2012,1,1
49,3,2012,1,PTTP,58,25,2012,1,1
49,3,2012,1,PTTP,58,25,2012,3,2
49,3,2012,1,PTTP,58,25,2012,4,4
49,3,2012,1,PTTP,58,25,2013,2,3
49,3,2012,1,PTTP,58,26,2012,2,2
49,3,2012,1,PTTP,58,26,2012,3,15
49,3,2012,1,PTTP,58,26,2012,4,8
49,3,2012,1,PTTP,58,26,2013,1,3
49,3,2012,1,PTTP,58,26,2013,3,1
49,3,2012,1,PTTP,58,26,2013,4,1
49,3,2012,1,PTTP,58,26,2014,2,1
49,3,2012,1,PTTP,58,28,2012,3,1
49,3,2012,1,PTTP,58,28,2012,4,1
49,3,2012,1,PTTP,58,28,2013,2,1
49,3,2012,1,PTTP,58,29,2012,2,1
49,3,2012,1,PTTP,58,29,2012,4,1
49,3,2012,1,PTTP,58,30,2012,2,1
49,3,2012,1,PTTP,58,31,2013,1,1
49,3,2012,1,PTTP,60,25,2012,1,1
49,3,2012,1,PTTP,60,25,2012,2,1
49,3,2012,1,PTTP,60,25,2012,3,3
49,3,2012,1,PTTP,60,25,2012,4,1
49,3,2012,1,PTTP,60,25,2013,1,1
49,3,2012,1,PTTP,60,25,2013,2,1
49,3,2012,1,PTTP,60,25,2013,4,1
49,3,2012,1,PTTP,60,26,2012,2,2
49,3,2012,1,PTTP,60,26,2012,3,8
49,3,2012,1,PTTP,60,26,2012,4,5
49,3,2012,1,PTTP,60,26,2013,2,4
49,3,2012,1,PTTP,60,28,2012,4,2
49,3,2012,1,PTTP,60,29,2012,2,1
49,3,2012,1,PTTP,60,29,2013,4,1
49,3,2012,1,PTTP,62,6,2012,2,1
49,3,2012,1,PTTP,62,25,2012,1,3
49,3,2012,1,PTTP,62,25,2012,2,3
49,3,2012,1,PTTP,62,25,2012,3,5
49,3,2012,1,PTTP,62,25,2012,4,7
49,3,2012,1,PTTP,62,25,2013,1,3
49,3,2012,1,PTTP,62,25,2013,4,2
49,3,2012,1,PTTP,62,25,2014,4,1
49,3,2012,1,PTTP,62,26,2012,2,3
49,3,2012,1,PTTP,62,26,2012,3,9
49,3,2012,1,PTTP,62,26,2012,4,8
49,3,2012,1,PTTP,62,26,2013,1,2
49,3,2012,1,PTTP,62,26,2013,2,1
49,3,2012,1,PTTP,62,26,2013,3,1
49,3,2012,1,PTTP,62,26,2013,4,1
49,3,2012,1,PTTP,62,26,2014,1,1
49,3,2012,1,PTTP,62,28,2012,2,1
49,3,2012,1,PTTP,62,28,2013,1,1
49,3,2012,1,PTTP,62,28,2014,4,1
49,3,2012,1,PTTP,64,25,2012,1,1
49,3,2012,1,PTTP,64,25,2012,2,3
49,3,2012,1,PTTP,64,25,2012,3,5
49,3,2012,1,PTTP,64,25,2012,4,4
49,3,2012,1,PTTP,64,25,2013,1,4
49,3,2012,1,PTTP,64,25,2013,3,2
49,3,2012,1,PTTP,64,25,2013,4,3
49,3,2012,1,PTTP,64,26,2012,1,1
49,3,2012,1,PTTP,64,26,2012,2,2
49,3,2012,1,PTTP,64,26,2012,3,9
49,3,2012,1,PTTP,64,26,2012,4,10
49,3,2012,1,PTTP,64,26,2013,1,1
49,3,2012,1,PTTP,64,26,2013,3,1
49,3,2012,1,PTTP,64,26,2014,4,1
49,3,2012,1,PTTP,64,28,2012,4,2
49,3,2012,1,PTTP,64,28,2013,1,1
49,3,2012,1,PTTP,64,28,2013,2,1
49,3,2012,1,PTTP,64,29,2013,2,1
49,3,2012,1,PTTP,64,30,2012,2,1
49,3,2012,1,PTTP,64,30,2012,3,1
49,3,2012,1,PTTP,66,25,2012,2,1
49,3,2012,1,PTTP,66,25,2012,3,1
49,3,2012,1,PTTP,66,25,2013,1,2
49,3,2012,1,PTTP,66,26,2012,2,5
49,3,2012,1,PTTP,66,26,2012,3,2
49,3,2012,1,PTTP,66,26,2012,4,2
49,3,2012,1,PTTP,66,26,2013,2,1
49,3,2012,1,PTTP,66,26,2013,4,1
49,3,2012,1,PTTP,66,26,2014,4,2
49,3,2012,1,PTTP,66,28,2012,2,2
49,3,2012,1,PTTP,66,28,2012,4,1
49,3,2012,1,PTTP,68,25,2012,3,2
49,3,2012,1,PTTP,68,25,2013,2,1
49,3,2012,1,PTTP,68,25,2014,1,1
49,3,2012,1,PTTP,68,26,2012,2,4
49,3,2012,1,PTTP,68,26,2012,3,1
49,3,2012,1,PTTP,68,26,2012,4,2
49,3,2012,1,PTTP,68,26,2013,1,1
49,3,2012,1,PTTP,68,26,2015,1,1
49,3,2012,1,PTTP,68,28,2012,2,1
49,3,2012,1,PTTP,68,28,2012,4,1
49,3,2012,1,PTTP,70,25,2012,2,1
49,3,2012,1,PTTP,70,25,2012,4,2
49,3,2012,1,PTTP,70,26,2012,2,1
49,3,2012,1,PTTP,70,26,2012,3,1
49,3,2012,1,PTTP,72,25,2013,1,1
49,3,2012,1,PTTP,72,26,2012,3,1
49,3,2012,1,PTTP,72,26,2013,3,1
49,3,2012,1,PTTP,74,26,2012,3,1
49,3,2012,1,PTTP,76,25,2012,3,1
49,3,2012,1,PTTP,76,28,2013,1,1
49,3,2012,1,PTTP,78,25,2012,4,1
50,3,2013,2,PTTP,30,25,2013,2,4
50,3,2013,2,PTTP,30,25,2013,3,11
50,3,2013,2,PTTP,30,25,2017,4,1
50,3,2013,2,PTTP,30,26,2013,2,2
50,3,2013,2,PTTP,30,26,2013,3,4
50,3,2013,2,PTTP,30,26,2013,4,1
50,3,2013,2,PTTP,30,26,2014,2,1
50,3,2013,2,PTTP,32,25,2013,2,24
50,3,2013,2,PTTP,32,25,2013,3,29
50,3,2013,2,PTTP,32,25,2013,4,5
50,3,2013,2,PTTP,32,25,2016,4,1
50,3,2013,2,PTTP,32,25,2017,4,1
50,3,2013,2,PTTP,32,26,2013,2,10
50,3,2013,2,PTTP,32,26,2013,3,17
50,3,2013,2,PTTP,32,26,2013,4,3
50,3,2013,2,PTTP,32,26,2014,1,1
50,3,2013,2,PTTP,32,26,2014,3,1
50,3,2013,2,PTTP,34,14,2016,2,1
50,3,2013,2,PTTP,34,21,2013,3,1
50,3,2013,2,PTTP,34,25,2013,2,26
50,3,2013,2,PTTP,34,25,2013,3,26
50,3,2013,2,PTTP,34,25,2013,4,3
50,3,2013,2,PTTP,34,25,2014,4,1
50,3,2013,2,PTTP,34,26,2013,2,21
50,3,2013,2,PTTP,34,26,2013,3,23
50,3,2013,2,PTTP,34,26,2013,4,3
50,3,2013,2,PTTP,34,26,2014,1,2
50,3,2013,2,PTTP,34,28,2013,3,1
50,3,2013,2,PTTP,34,28,2013,4,1
50,3,2013,2,PTTP,36,25,2013,2,17
50,3,2013,2,PTTP,36,25,2013,3,22
50,3,2013,2,PTTP,36,25,2013,4,6
50,3,2013,2,PTTP,36,25,2014,3,2
50,3,2013,2,PTTP,36,25,2014,4,1
50,3,2013,2,PTTP,36,26,2013,2,17
50,3,2013,2,PTTP,36,26,2013,3,20
50,3,2013,2,PTTP,36,26,2013,4,4
50,3,2013,2,PTTP,36,26,2014,1,4
50,3,2013,2,PTTP,36,26,2014,2,1
50,3,2013,2,PTTP,36,26,2014,3,2
50,3,2013,2,PTTP,36,26,2015,1,1
50,3,2013,2,PTTP,36,28,2013,2,1
50,3,2013,2,PTTP,36,28,2013,3,2
50,3,2013,2,PTTP,36,29,2014,1,1
50,3,2013,2,PTTP,36,30,2013,3,2
50,3,2013,2,PTTP,38,25,2013,2,7
50,3,2013,2,PTTP,38,25,2013,3,23
50,3,2013,2,PTTP,38,25,2013,4,4
50,3,2013,2,PTTP,38,25,2014,2,1
50,3,2013,2,PTTP,38,26,2013,2,9
50,3,2013,2,PTTP,38,26,2013,3,17
50,3,2013,2,PTTP,38,26,2013,4,5
50,3,2013,2,PTTP,38,26,2014,1,3
50,3,2013,2,PTTP,38,26,2014,3,1
50,3,2013,2,PTTP,38,28,2013,3,1
50,3,2013,2,PTTP,40,25,2013,2,11
50,3,2013,2,PTTP,40,25,2013,3,19
50,3,2013,2,PTTP,40,25,2013,4,9
50,3,2013,2,PTTP,40,25,2014,2,1
50,3,2013,2,PTTP,40,25,2017,4,1
50,3,2013,2,PTTP,40,26,2013,2,6
50,3,2013,2,PTTP,40,26,2013,3,12
50,3,2013,2,PTTP,40,26,2013,4,7
50,3,2013,2,PTTP,40,28,2013,2,1
50,3,2013,2,PTTP,40,28,2015,1,1
50,3,2013,2,PTTP,40,30,2014,1,1
50,3,2013,2,PTTP,42,25,2013,2,4
50,3,2013,2,PTTP,42,25,2013,3,14
50,3,2013,2,PTTP,42,25,2013,4,6
50,3,2013,2,PTTP,42,25,2014,1,3
50,3,2013,2,PTTP,42,25,2014,2,2
50,3,2013,2,PTTP,42,25,2014,3,1
50,3,2013,2,PTTP,42,25,2017,4,1
50,3,2013,2,PTTP,42,26,2013,2,3
50,3,2013,2,PTTP,42,26,2013,3,6
50,3,2013,2,PTTP,42,26,2013,4,8
50,3,2013,2,PTTP,42,26,2014,2,2
50,3,2013,2,PTTP,42,26,2014,4,1
50,3,2013,2,PTTP,42,28,2013,2,5
50,3,2013,2,PTTP,42,28,2014,1,1
50,3,2013,2,PTTP,42,29,2013,2,1
50,3,2013,2,PTTP,44,25,2013,2,7
50,3,2013,2,PTTP,44,25,2013,3,3
50,3,2013,2,PTTP,44,25,2013,4,5
50,3,2013,2,PTTP,44,26,2013,2,4
50,3,2013,2,PTTP,44,26,2013,3,2
50,3,2013,2,PTTP,44,26,2013,4,1
50,3,2013,2,PTTP,44,26,2014,1,1
50,3,2013,2,PTTP,44,26,2014,3,1
50,3,2013,2,PTTP,44,28,2013,2,1
50,3,2013,2,PTTP,44,28,2013,4,1
50,3,2013,2,PTTP,44,28,2014,1,2
50,3,2013,2,PTTP,44,28,2014,2,1
50,3,2013,2,PTTP,44,29,2013,2,1
50,3,2013,2,PTTP,44,29,2014,2,1
50,3,2013,2,PTTP,44,29,2017,3,1
50,3,2013,2,PTTP,46,14,2013,4,1
50,3,2013,2,PTTP,46,25,2013,2,1
50,3,2013,2,PTTP,46,25,2013,3,7
50,3,2013,2,PTTP,46,25,2013,4,2
50,3,2013,2,PTTP,46,25,2014,1,1
50,3,2013,2,PTTP,46,25,2014,2,1
50,3,2013,2,PTTP,46,25,2015,1,1
50,3,2013,2,PTTP,46,26,2013,2,2
50,3,2013,2,PTTP,46,26,2013,3,5
50,3,2013,2,PTTP,46,26,2013,4,2
50,3,2013,2,PTTP,46,26,2014,2,1
50,3,2013,2,PTTP,46,26,2014,3,1
50,3,2013,2,PTTP,46,26,2015,1,1
50,3,2013,2,PTTP,46,28,2013,3,1
50,3,2013,2,PTTP,46,28,2013,4,2
50,3,2013,2,PTTP,46,28,2014,4,1
50,3,2013,2,PTTP,46,29,2014,1,2
50,3,2013,2,PTTP,46,29,2014,2,1
50,3,2013,2,PTTP,48,25,2013,2,3
50,3,2013,2,PTTP,48,25,2013,3,5
50,3,2013,2,PTTP,48,25,2013,4,1
50,3,2013,2,PTTP,48,25,2014,3,1
50,3,2013,2,PTTP,48,25,2015,1,1
50,3,2013,2,PTTP,48,26,2013,2,3
50,3,2013,2,PTTP,48,26,2013,3,7
50,3,2013,2,PTTP,48,26,2013,4,3
50,3,2013,2,PTTP,48,26,2014,1,2
50,3,2013,2,PTTP,48,26,2015,1,1
50,3,2013,2,PTTP,48,28,2013,3,1
50,3,2013,2,PTTP,48,28,2013,4,1
50,3,2013,2,PTTP,48,28,2014,1,1
50,3,2013,2,PTTP,48,29,2014,2,1
50,3,2013,2,PTTP,48,30,2013,4,1
50,3,2013,2,PTTP,50,6,2014,3,1
50,3,2013,2,PTTP,50,25,2013,2,4
50,3,2013,2,PTTP,50,25,2013,3,3
50,3,2013,2,PTTP,50,25,2013,4,4
50,3,2013,2,PTTP,50,25,2014,4,1
50,3,2013,2,PTTP,50,26,2013,2,3
50,3,2013,2,PTTP,50,26,2013,3,4
50,3,2013,2,PTTP,50,26,2013,4,1
50,3,2013,2,PTTP,50,26,2014,4,1
50,3,2013,2,PTTP,50,28,2013,3,3
50,3,2013,2,PTTP,50,28,2013,4,2
50,3,2013,2,PTTP,50,28,2014,1,2
50,3,2013,2,PTTP,50,30,2013,3,1
50,3,2013,2,PTTP,52,25,2013,2,1
50,3,2013,2,PTTP,52,25,2013,4,2
50,3,2013,2,PTTP,52,25,2017,4,1
50,3,2013,2,PTTP,52,26,2013,2,4
50,3,2013,2,PTTP,52,26,2013,3,6
50,3,2013,2,PTTP,52,26,2013,4,2
50,3,2013,2,PTTP,52,28,2013,2,3
50,3,2013,2,PTTP,52,28,2013,3,1
50,3,2013,2,PTTP,52,29,2014,1,1
50,3,2013,2,PTTP,52,29,2014,2,2
50,3,2013,2,PTTP,52,30,2013,3,1
50,3,2013,2,PTTP,52,30,2014,1,1
50,3,2013,2,PTTP,54,25,2013,2,2
50,3,2013,2,PTTP,54,25,2013,4,2
50,3,2013,2,PTTP,54,25,2015,1,1
50,3,2013,2,PTTP,54,26,2013,2,3
50,3,2013,2,PTTP,54,26,2013,3,2
50,3,2013,2,PTTP,54,26,2013,4,1
50,3,2013,2,PTTP,54,26,2014,1,1
50,3,2013,2,PTTP,54,28,2013,2,4
50,3,2013,2,PTTP,54,28,2013,3,1
50,3,2013,2,PTTP,54,28,2013,4,2
50,3,2013,2,PTTP,54,29,2014,2,1
50,3,2013,2,PTTP,54,29,2015,1,1
50,3,2013,2,PTTP,54,30,2013,3,2
50,3,2013,2,PTTP,54,30,2013,4,1
50,3,2013,2,PTTP,54,30,2014,2,1
50,3,2013,2,PTTP,56,25,2013,2,2
50,3,2013,2,PTTP,56,25,2013,3,3
50,3,2013,2,PTTP,56,25,2013,4,4
50,3,2013,2,PTTP,56,25,2014,3,1
50,3,2013,2,PTTP,56,26,2013,3,4
50,3,2013,2,PTTP,56,26,2013,4,2
50,3,2013,2,PTTP,56,26,2014,1,2
50,3,2013,2,PTTP,56,26,2014,2,1
50,3,2013,2,PTTP,56,26,2015,3,1
50,3,2013,2,PTTP,56,28,2013,3,4
50,3,2013,2,PTTP,56,28,2013,4,4
50,3,2013,2,PTTP,56,28,2014,1,1
50,3,2013,2,PTTP,56,29,2016,4,1
50,3,2013,2,PTTP,56,30,2013,3,1
50,3,2013,2,PTTP,56,30,2013,4,1
50,3,2013,2,PTTP,58,25,2013,2,4
50,3,2013,2,PTTP,58,25,2013,3,1
50,3,2013,2,PTTP,58,25,2013,4,1
50,3,2013,2,PTTP,58,26,2013,3,1
50,3,2013,2,PTTP,58,26,2014,2,1
50,3,2013,2,PTTP,58,28,2013,2,1
50,3,2013,2,PTTP,58,28,2013,3,1
50,3,2013,2,PTTP,58,28,2016,3,1
50,3,2013,2,PTTP,58,30,2013,4,1
50,3,2013,2,PTTP,60,25,2013,3,2
50,3,2013,2,PTTP,60,25,2013,4,1
50,3,2013,2,PTTP,60,25,2015,2,1
50,3,2013,2,PTTP,60,26,2013,3,2
50,3,2013,2,PTTP,60,26,2013,4,2
50,3,2013,2,PTTP,60,26,2014,2,1
50,3,2013,2,PTTP,60,28,2013,3,1
50,3,2013,2,PTTP,62,25,2014,1,2
50,3,2013,2,PTTP,62,26,2013,3,1
50,3,2013,2,PTTP,62,26,2013,4,1
50,3,2013,2,PTTP,62,26,2014,1,1
50,3,2013,2,PTTP,62,26,2014,2,1
50,3,2013,2,PTTP,64,25,2013,2,1
50,3,2013,2,PTTP,64,25,2013,4,3
50,3,2013,2,PTTP,64,25,2014,2,2
50,3,2013,2,PTTP,64,25,2014,4,1
50,3,2013,2,PTTP,64,26,2013,4,1
50,3,2013,2,PTTP,64,26,2014,1,1
50,3,2013,2,PTTP,66,25,2013,2,3
50,3,2013,2,PTTP,66,25,2013,3,1
50,3,2013,2,PTTP,66,25,2013,4,2
50,3,2013,2,PTTP,66,26,2013,3,1
50,3,2013,2,PTTP,66,26,2013,4,1
50,3,2013,2,PTTP,66,26,2014,1,2
50,3,2013,2,PTTP,66,28,2013,2,1
50,3,2013,2,PTTP,66,28,2013,3,3
50,3,2013,2,PTTP,66,30,2013,3,1
50,3,2013,2,PTTP,68,25,2013,2,2
50,3,2013,2,PTTP,68,25,2013,3,1
50,3,2013,2,PTTP,68,25,2013,4,2
50,3,2013,2,PTTP,68,25,2014,1,1
50,3,2013,2,PTTP,68,25,2014,2,1
50,3,2013,2,PTTP,68,26,2013,3,1
50,3,2013,2,PTTP,68,26,2013,4,2
50,3,2013,2,PTTP,68,26,2014,1,1
50,3,2013,2,PTTP,68,28,2013,2,1
50,3,2013,2,PTTP,68,28,2013,4,1
50,3,2013,2,PTTP,68,30,2013,3,1
50,3,2013,2,PTTP,70,25,2013,2,2
50,3,2013,2,PTTP,70,25,2013,3,2
50,3,2013,2,PTTP,70,25,2013,4,2
50,3,2013,2,PTTP,70,25,2014,1,1
50,3,2013,2,PTTP,70,25,2014,4,1
50,3,2013,2,PTTP,70,26,2013,3,2
50,3,2013,2,PTTP,70,26,2013,4,3
50,3,2013,2,PTTP,70,28,2013,4,1
50,3,2013,2,PTTP,70,28,2014,1,1
50,3,2013,2,PTTP,70,29,2013,4,1
50,3,2013,2,PTTP,72,25,2013,3,1
50,3,2013,2,PTTP,72,25,2013,4,4
50,3,2013,2,PTTP,72,26,2013,3,1
50,3,2013,2,PTTP,72,26,2015,4,1
50,3,2013,2,PTTP,72,29,2013,4,1
50,3,2013,2,PTTP,72,29,2014,1,2
50,3,2013,2,PTTP,74,25,2013,4,1
50,3,2013,2,PTTP,74,26,2013,3,1
50,3,2013,2,PTTP,74,26,2013,4,1
50,3,2013,2,PTTP,74,28,2013,2,1
50,3,2013,2,PTTP,74,29,2014,1,1
50,3,2013,2,PTTP,76,25,2013,4,1
50,3,2013,2,PTTP,76,28,2013,4,1
50,3,2013,2,PTTP,78,28,2013,3,1
50,3,2013,2,PTTP,82,25,2013,2,1
51,3,2017,3,PTTP,32,25,2017,3,1
51,3,2017,3,PTTP,32,25,2017,4,2
51,3,2017,3,PTTP,32,26,2017,4,1
51,3,2017,3,PTTP,32,29,2017,4,1
51,3,2017,3,PTTP,34,25,2017,4,1
51,3,2017,3,PTTP,34,26,2017,4,1
51,3,2017,3,PTTP,36,25,2017,4,2
51,3,2017,3,PTTP,36,26,2017,4,2
51,3,2017,3,PTTP,36,26,2018,3,1
51,3,2017,3,PTTP,38,25,2018,4,1
51,3,2017,3,PTTP,38,26,2017,4,3
51,3,2017,3,PTTP,38,26,2018,1,1
51,3,2017,3,PTTP,40,25,2017,4,1
51,3,2017,3,PTTP,40,26,2017,4,1
51,3,2017,3,PTTP,40,28,2018,2,1
51,3,2017,3,PTTP,42,26,2017,4,1
51,3,2017,3,PTTP,42,26,2020,4,1
51,3,2017,3,PTTP,44,25,2017,4,3
51,3,2017,3,PTTP,44,25,2018,4,1
51,3,2017,3,PTTP,44,26,2017,4,1
51,3,2017,3,PTTP,46,25,2017,4,3
51,3,2017,3,PTTP,46,25,2018,1,3
51,3,2017,3,PTTP,46,26,2017,3,1
51,3,2017,3,PTTP,46,26,2017,4,4
51,3,2017,3,PTTP,46,26,2020,3,1
51,3,2017,3,PTTP,46,28,2017,4,1
51,3,2017,3,PTTP,48,10,2017,4,1
51,3,2017,3,PTTP,48,25,2017,4,2
51,3,2017,3,PTTP,48,25,2018,1,1
51,3,2017,3,PTTP,48,26,2017,4,3
51,3,2017,3,PTTP,48,26,2018,1,1
51,3,2017,3,PTTP,48,28,2018,4,2
51,3,2017,3,PTTP,50,25,2017,4,1
51,3,2017,3,PTTP,50,26,2017,3,2
51,3,2017,3,PTTP,50,26,2017,4,3
51,3,2017,3,PTTP,50,26,2024,4,2
51,3,2017,3,PTTP,50,28,2018,4,1
51,3,2017,3,PTTP,50,30,2018,3,1
51,3,2017,3,PTTP,52,25,2017,4,1
51,3,2017,3,PTTP,52,26,2024,4,1
51,3,2017,3,PTTP,52,30,2020,3,1
51,3,2017,3,PTTP,54,25,2017,3,1
51,3,2017,3,PTTP,54,25,2017,4,4
51,3,2017,3,PTTP,54,26,2017,4,2
51,3,2017,3,PTTP,54,26,2024,4,1
51,3,2017,3,PTTP,56,25,2017,4,1
51,3,2017,3,PTTP,56,30,2018,1,1
51,3,2017,3,PTTP,58,25,2018,1,1
51,3,2017,3,PTTP,58,26,2017,4,1
51,3,2017,3,PTTP,60,25,2019,3,1
51,3,2017,3,PTTP,62,25,2017,4,1
51,3,2017,3,PTTP,62,25,2018,4,1
51,3,2017,3,PTTP,64,25,2018,1,1
51,3,2017,3,PTTP,64,30,2019,3,1
51,3,2017,3,PTTP,66,26,2017,4,1
52,3,2017,4,PTTP,34,29,2018,3,1
52,3,2017,4,PTTP,38,25,2017,4,2
52,3,2017,4,PTTP,40,25,2017,4,1
52,3,2017,4,PTTP,42,25,2017,4,6
52,3,2017,4,PTTP,42,25,2018,1,3
52,3,2017,4,PTTP,44,24,2018,2,1
52,3,2017,4,PTTP,44,25,2017,4,23
52,3,2017,4,PTTP,44,25,2018,1,10
52,3,2017,4,PTTP,44,25,2018,2,1
52,3,2017,4,PTTP,44,25,2018,3,2
52,3,2017,4,PTTP,44,25,2022,3,1
52,3,2017,4,PTTP,44,26,2017,4,1
52,3,2017,4,PTTP,46,10,2017,4,1
52,3,2017,4,PTTP,46,24,2017,4,1
52,3,2017,4,PTTP,46,24,2018,1,1
52,3,2017,4,PTTP,46,25,2017,4,20
52,3,2017,4,PTTP,46,25,2018,1,10
52,3,2017,4,PTTP,46,25,2018,2,2
52,3,2017,4,PTTP,46,25,2018,3,2
52,3,2017,4,PTTP,46,25,2018,4,3
52,3,2017,4,PTTP,46,26,2017,4,1
52,3,2017,4,PTTP,46,26,2018,1,1
52,3,2017,4,PTTP,46,28,2018,4,1
52,3,2017,4,PTTP,48,10,2017,4,2
52,3,2017,4,PTTP,48,10,2018,1,1
52,3,2017,4,PTTP,48,25,2017,4,53
52,3,2017,4,PTTP,48,25,2018,1,15
52,3,2017,4,PTTP,48,25,2018,2,2
52,3,2017,4,PTTP,48,25,2018,3,2
52,3,2017,4,PTTP,48,25,2018,4,5
52,3,2017,4,PTTP,48,26,2017,4,2
52,3,2017,4,PTTP,48,26,2018,1,1
52,3,2017,4,PTTP,48,28,2017,4,2
52,3,2017,4,PTTP,48,28,2018,1,2
52,3,2017,4,PTTP,50,7,2019,4,1
52,3,2017,4,PTTP,50,10,2017,4,2
52,3,2017,4,PTTP,50,10,2018,1,1
52,3,2017,4,PTTP,50,25,2017,4,40
52,3,2017,4,PTTP,50,25,2018,1,9
52,3,2017,4,PTTP,50,25,2018,2,4
52,3,2017,4,PTTP,50,25,2018,3,3
52,3,2017,4,PTTP,50,25,2019,1,1
52,3,2017,4,PTTP,50,26,2017,4,5
52,3,2017,4,PTTP,50,28,2017,4,1
52,3,2017,4,PTTP,50,30,2019,3,1
52,3,2017,4,PTTP,52,10,2017,4,4
52,3,2017,4,PTTP,52,25,2017,4,27
52,3,2017,4,PTTP,52,25,2018,1,8
52,3,2017,4,PTTP,52,25,2018,2,1
52,3,2017,4,PTTP,52,25,2018,3,1
52,3,2017,4,PTTP,52,25,2018,4,2
52,3,2017,4,PTTP,52,26,2017,4,3
52,3,2017,4,PTTP,52,28,2018,1,1
52,3,2017,4,PTTP,52,30,2018,1,1
52,3,2017,4,PTTP,54,10,2017,4,1
52,3,2017,4,PTTP,54,25,2017,4,18
52,3,2017,4,PTTP,54,25,2018,1,5
52,3,2017,4,PTTP,54,25,2018,3,1
52,3,2017,4,PTTP,54,28,2017,4,1
52,3,2017,4,PTTP,54,28,2018,2,2
52,3,2017,4,PTTP,56,10,2017,4,1
52,3,2017,4,PTTP,56,25,2017,4,9
52,3,2017,4,PTTP,56,25,2018,1,2
52,3,2017,4,PTTP,56,25,2019,1,1
52,3,2017,4,PTTP,56,28,2018,1,1
52,3,2017,4,PTTP,56,28,2018,2,1
52,3,2017,4,PTTP,58,25,2017,4,3
52,3,2017,4,PTTP,58,28,2018,1,1
52,3,2017,4,PTTP,60,25,2017,4,1
52,3,2017,4,PTTP,60,25,2018,3,1
52,3,2017,4,PTTP,70,25,2017,4,1
53,3,2019,3,PTTP,42,26,2020,3,1
53,3,2019,3,PTTP,42,28,2019,3,1
53,3,2019,3,PTTP,44,25,2024,3,1
53,3,2019,3,PTTP,44,26,2019,3,1
53,3,2019,3,PTTP,44,26,2020,3,1
53,3,2019,3,PTTP,46,26,2019,3,1
53,3,2019,3,PTTP,46,28,2019,3,1
53,3,2019,3,PTTP,46,28,2019,4,1
53,3,2019,3,PTTP,46,30,2019,3,1
53,3,2019,3,PTTP,56,26,2019,3,2
53,3,2019,3,PTTP,56,28,2020,2,1
53,3,2019,3,PTTP,58,25,2020,2,1
53,3,2019,3,PTTP,58,26,2019,3,1
53,3,2019,3,PTTP,58,26,2019,4,1
53,3,2019,3,PTTP,58,26,2020,2,1
53,3,2019,3,PTTP,60,26,2019,3,1
53,3,2019,3,PTTP,70,24,2019,4,1
53,3,2019,3,PTTP,72,26,2019,3,1
53,3,2019,3,PTTP,76,26,2019,4,1
54,3,2022,3,PTTP,32,25,2022,4,3
54,3,2022,3,PTTP,34,25,2022,4,12
54,3,2022,3,PTTP,36,25,2022,4,23
54,3,2022,3,PTTP,36,25,2023,1,2
54,3,2022,3,PTTP,36,28,2022,4,2
54,3,2022,3,PTTP,38,25,2022,4,17
54,3,2022,3,PTTP,40,25,2022,4,9
54,3,2022,3,PTTP,40,25,2023,1,1
54,3,2022,3,PTTP,42,25,2022,4,19
54,3,2022,3,PTTP,42,25,2023,3,1
54,3,2022,3,PTTP,42,25,2023,4,1
54,3,2022,3,PTTP,42,28,2022,4,2
54,3,2022,3,PTTP,44,25,2022,3,1
54,3,2022,3,PTTP,44,25,2022,4,6
54,3,2022,3,PTTP,44,25,2023,1,1
54,3,2022,3,PTTP,46,25,2022,4,7
54,3,2022,3,PTTP,46,25,2023,1,2
54,3,2022,3,PTTP,46,28,2022,4,1
54,3,2022,3,PTTP,46,28,2023,1,1
54,3,2022,3,PTTP,48,25,2022,3,1
54,3,2022,3,PTTP,48,25,2022,4,4
54,3,2022,3,PTTP,50,25,2022,3,1
54,3,2022,3,PTTP,50,25,2022,4,2
54,3,2022,3,PTTP,52,25,2022,4,1
54,3,2022,3,PTTP,56,25,2022,4,1
54,3,2022,3,PTTP,58,25,2022,4,1
55,3,2022,4,PTTP,38,25,2022,4,4
55,3,2022,4,PTTP,40,25,2022,4,2
55,3,2022,4,PTTP,46,25,2022,4,2
55,3,2022,4,PTTP,52,25,2022,4,1
56,4,2008,1,PTTP,34,25,2008,3,1
56,4,2008,1,PTTP,34,28,2008,1,1
56,4,2008,1,PTTP,36,25,2008,2,2
56,4,2008,1,PTTP,36,25,2009,1,1
56,4,2008,1,PTTP,36,28,2008,3,1
56,4,2008,1,PTTP,38,25,2008,2,1
56,4,2008,1,PTTP,38,25,2008,3,1
56,4,2008,1,PTTP,38,25,2008,4,2
56,4,2008,1,PTTP,38,28,2008,2,1
56,4,2008,1,PTTP,40,25,2008,2,2
56,4,2008,1,PTTP,40,25,2008,4,5
56,4,2008,1,PTTP,40,25,2009,1,1
56,4,2008,1,PTTP,40,25,2009,2,1
56,4,2008,1,PTTP,40,28,2008,2,1
56,4,2008,1,PTTP,40,28,2008,3,3
56,4,2008,1,PTTP,40,28,2009,2,1
56,4,2008,1,PTTP,40,29,2008,2,1
56,4,2008,1,PTTP,40,29,2008,4,1
56,4,2008,1,PTTP,42,14,2009,1,1
56,4,2008,1,PTTP,42,25,2008,2,1
56,4,2008,1,PTTP,42,25,2008,3,2
56,4,2008,1,PTTP,42,25,2008,4,3
56,4,2008,1,PTTP,42,25,2009,1,1
56,4,2008,1,PTTP,42,26,2011,1,1
56,4,2008,1,PTTP,42,28,2008,2,2
56,4,2008,1,PTTP,42,28,2009,2,1
56,4,2008,1,PTTP,44,25,2008,2,1
56,4,2008,1,PTTP,44,25,2009,1,1
56,4,2008,1,PTTP,44,25,2009,3,1
56,4,2008,1,PTTP,44,28,2008,2,1
56,4,2008,1,PTTP,44,28,2009,1,1
56,4,2008,1,PTTP,46,25,2009,2,1
56,4,2008,1,PTTP,52,25,2008,2,2
56,4,2008,1,PTTP,62,25,2008,4,1
57,4,2008,2,PTTP,30,28,2008,3,6
57,4,2008,2,PTTP,32,28,2008,3,9
57,4,2008,2,PTTP,34,28,2008,3,13
57,4,2008,2,PTTP,36,28,2008,2,1
57,4,2008,2,PTTP,36,28,2008,3,16
57,4,2008,2,PTTP,36,28,2008,4,1
57,4,2008,2,PTTP,36,29,2008,4,1
57,4,2008,2,PTTP,38,28,2008,3,9
57,4,2008,2,PTTP,40,28,2008,3,10
57,4,2008,2,PTTP,42,28,2008,3,6
57,4,2008,2,PTTP,44,28,2008,3,1
57,4,2008,2,PTTP,46,29,2008,3,1
57,4,2008,2,PTTP,50,25,2008,2,1
57,4,2008,2,PTTP,50,28,2008,3,1
57,4,2008,2,PTTP,50,31,2008,4,1
57,4,2008,2,PTTP,52,25,2008,2,1
57,4,2008,2,PTTP,52,28,2008,3,5
57,4,2008,2,PTTP,52,28,2008,4,1
57,4,2008,2,PTTP,52,29,2008,2,1
57,4,2008,2,PTTP,52,29,2008,3,2
57,4,2008,2,PTTP,52,29,2008,4,1
57,4,2008,2,PTTP,54,25,2008,2,5
57,4,2008,2,PTTP,54,28,2008,2,5
57,4,2008,2,PTTP,54,28,2008,3,3
57,4,2008,2,PTTP,54,28,2009,1,1
57,4,2008,2,PTTP,54,29,2008,3,1
57,4,2008,2,PTTP,56,25,2008,2,1
57,4,2008,2,PTTP,56,28,2008,2,1
57,4,2008,2,PTTP,56,28,2008,3,1
57,4,2008,2,PTTP,56,29,2008,4,1
57,4,2008,2,PTTP,58,25,2008,2,2
57,4,2008,2,PTTP,58,28,2008,3,2
57,4,2008,2,PTTP,60,29,2008,4,3
57,4,2008,2,PTTP,62,28,2008,3,9
57,4,2008,2,PTTP,62,28,2009,1,1
57,4,2008,2,PTTP,64,28,2008,3,3
57,4,2008,2,PTTP,64,29,2008,2,1
57,4,2008,2,PTTP,64,29,2008,3,1
57,4,2008,2,PTTP,66,28,2008,3,2
57,4,2008,2,PTTP,66,29,2008,3,1
57,4,2008,2,PTTP,68,29,2008,4,1
57,4,2008,2,PTTP,70,29,2008,3,1
58,4,2008,3,PTTP,28,21,2008,4,1
58,4,2008,3,PTTP,30,19,2008,3,1
58,4,2008,3,PTTP,30,21,2008,4,2
58,4,2008,3,PTTP,30,21,2009,1,1
58,4,2008,3,PTTP,30,25,2008,3,1
58,4,2008,3,PTTP,30,25,2008,4,3
58,4,2008,3,PTTP,30,25,2009,1,4
58,4,2008,3,PTTP,30,25,2009,3,1
58,4,2008,3,PTTP,30,25,2009,4,1
58,4,2008,3,PTTP,30,26,2008,3,1
58,4,2008,3,PTTP,30,28,2008,3,1
58,4,2008,3,PTTP,30,28,2008,4,1
58,4,2008,3,PTTP,30,28,2009,2,3
58,4,2008,3,PTTP,30,28,2009,4,2
58,4,2008,3,PTTP,30,29,2008,4,2
58,4,2008,3,PTTP,32,10,2009,1,1
58,4,2008,3,PTTP,32,21,2008,4,1
58,4,2008,3,PTTP,32,25,2008,3,1
58,4,2008,3,PTTP,32,25,2008,4,5
58,4,2008,3,PTTP,32,25,2009,1,3
58,4,2008,3,PTTP,32,25,2009,2,1
58,4,2008,3,PTTP,32,25,2009,3,1
58,4,2008,3,PTTP,32,25,2009,4,1
58,4,2008,3,PTTP,32,25,2010,2,1
58,4,2008,3,PTTP,32,25,2011,3,1
58,4,2008,3,PTTP,32,28,2008,3,4
58,4,2008,3,PTTP,32,28,2008,4,4
58,4,2008,3,PTTP,32,28,2009,1,1
58,4,2008,3,PTTP,32,28,2009,2,2
58,4,2008,3,PTTP,32,28,2009,3,1
58,4,2008,3,PTTP,34,25,2008,4,2
58,4,2008,3,PTTP,34,25,2009,2,1
58,4,2008,3,PTTP,34,25,2009,3,1
58,4,2008,3,PTTP,34,26,2009,1,1
58,4,2008,3,PTTP,34,28,2008,3,4
58,4,2008,3,PTTP,34,28,2008,4,2
58,4,2008,3,PTTP,34,28,2009,1,1
58,4,2008,3,PTTP,34,28,2009,2,2
58,4,2008,3,PTTP,34,29,2008,4,2
58,4,2008,3,PTTP,36,19,2008,3,1
58,4,2008,3,PTTP,36,21,2009,1,1
58,4,2008,3,PTTP,36,25,2008,4,2
58,4,2008,3,PTTP,36,28,2008,4,2
58,4,2008,3,PTTP,36,28,2009,1,2
58,4,2008,3,PTTP,36,29,2008,3,1
58,4,2008,3,PTTP,38,28,2008,3,1
58,4,2008,3,PTTP,44,28,2008,3,1
58,4,2008,3,PTTP,46,28,2008,3,1
58,4,2008,3,PTTP,50,28,2009,1,1
58,4,2008,3,PTTP,50,30,2010,3,1
58,4,2008,3,PTTP,56,25,2010,2,1
58,4,2008,3,PTTP,60,25,2009,2,1
59,4,2008,4,PTTP,30,25,2009,1,2
59,4,2008,4,PTTP,30,25,2009,3,1
59,4,2008,4,PTTP,30,28,2009,1,2
59,4,2008,4,PTTP,30,28,2009,4,1
59,4,2008,4,PTTP,32,25,2008,4,3
59,4,2008,4,PTTP,32,25,2009,1,4
59,4,2008,4,PTTP,32,25,2009,2,1
59,4,2008,4,PTTP,32,28,2008,4,3
59,4,2008,4,PTTP,32,28,2009,1,2
59,4,2008,4,PTTP,32,28,2009,3,1
59,4,2008,4,PTTP,32,28,2010,2,1
59,4,2008,4,PTTP,32,28,2010,3,1
59,4,2008,4,PTTP,32,28,2012,1,1
59,4,2008,4,PTTP,32,29,2009,3,1
59,4,2008,4,PTTP,34,25,2008,4,1
59,4,2008,4,PTTP,34,25,2009,1,2
59,4,2008,4,PTTP,34,25,2009,3,1
59,4,2008,4,PTTP,34,29,2010,1,1
59,4,2008,4,PTTP,36,25,2008,4,1
59,4,2008,4,PTTP,36,25,2009,4,1
59,4,2008,4,PTTP,38,25,2008,4,1
59,4,2008,4,PTTP,40,25,2009,1,1
59,4,2008,4,PTTP,40,28,2009,3,1
59,4,2008,4,PTTP,42,25,2009,1,1
59,4,2008,4,PTTP,42,25,2009,4,1
59,4,2008,4,PTTP,42,28,2008,4,3
59,4,2008,4,PTTP,44,25,2009,1,1
59,4,2008,4,PTTP,44,25,2018,1,1
59,4,2008,4,PTTP,44,28,2008,4,2
59,4,2008,4,PTTP,46,25,2009,1,1
59,4,2008,4,PTTP,46,25,2009,2,1
59,4,2008,4,PTTP,46,28,2008,4,1
59,4,2008,4,PTTP,46,28,2009,2,1
59,4,2008,4,PTTP,48,25,2009,2,1
59,4,2008,4,PTTP,48,25,2010,1,1
59,4,2008,4,PTTP,48,28,2008,4,2
59,4,2008,4,PTTP,50,25,2009,2,1
60,4,2009,1,PTTP,30,25,2009,2,1
60,4,2009,1,PTTP,30,28,2009,2,1
60,4,2009,1,PTTP,34,25,2009,3,1
60,4,2009,1,PTTP,34,28,2009,2,1
60,4,2009,1,PTTP,36,25,2009,2,1
60,4,2009,1,PTTP,36,25,2009,3,1
60,4,2009,1,PTTP,36,25,2009,4,1
60,4,2009,1,PTTP,36,28,2009,2,2
60,4,2009,1,PTTP,36,28,2009,3,1
60,4,2009,1,PTTP,38,25,2009,2,2
60,4,2009,1,PTTP,38,25,2009,3,1
60,4,2009,1,PTTP,38,29,2009,4,1
60,4,2009,1,PTTP,40,28,2009,2,2
60,4,2009,1,PTTP,40,28,2009,3,1
60,4,2009,1,PTTP,40,29,2009,4,1
60,4,2009,1,PTTP,42,25,2009,2,4
60,4,2009,1,PTTP,42,28,2009,2,4
60,4,2009,1,PTTP,42,28,2009,3,2
60,4,2009,1,PTTP,44,25,2009,2,5
60,4,2009,1,PTTP,44,28,2009,2,16
60,4,2009,1,PTTP,44,28,2009,3,4
60,4,2009,1,PTTP,44,28,2010,2,1
60,4,2009,1,PTTP,44,31,2009,3,1
60,4,2009,1,PTTP,46,6,2009,4,1
60,4,2009,1,PTTP,46,25,2009,2,18
60,4,2009,1,PTTP,46,25,2009,4,1
60,4,2009,1,PTTP,46,28,2009,2,33
60,4,2009,1,PTTP,46,28,2009,3,8
60,4,2009,1,PTTP,46,28,2009,4,2
60,4,2009,1,PTTP,46,29,2009,2,2
60,4,2009,1,PTTP,48,25,2009,2,26
60,4,2009,1,PTTP,48,26,2009,3,1
60,4,2009,1,PTTP,48,28,2009,2,52
60,4,2009,1,PTTP,48,28,2009,3,9
60,4,2009,1,PTTP,48,28,2009,4,1
60,4,2009,1,PTTP,48,28,2010,1,1
60,4,2009,1,PTTP,48,29,2009,2,1
60,4,2009,1,PTTP,48,29,2009,3,2
60,4,2009,1,PTTP,48,29,2009,4,3
60,4,2009,1,PTTP,48,30,2011,3,1
60,4,2009,1,PTTP,50,25,2009,2,13
60,4,2009,1,PTTP,50,28,2009,2,19
60,4,2009,1,PTTP,50,28,2009,3,1
60,4,2009,1,PTTP,50,28,2011,4,1
60,4,2009,1,PTTP,50,30,2009,3,1
60,4,2009,1,PTTP,52,25,2009,2,4
60,4,2009,1,PTTP,52,28,2009,2,9
60,4,2009,1,PTTP,54,25,2009,2,2
60,4,2009,1,PTTP,54,28,2009,2,4
60,4,2009,1,PTTP,54,29,2009,3,1
60,4,2009,1,PTTP,56,25,2009,2,2
60,4,2009,1,PTTP,56,28,2009,2,2
60,4,2009,1,PTTP,56,28,2009,3,1
60,4,2009,1,PTTP,58,25,2009,2,1
60,4,2009,1,PTTP,58,28,2009,3,1
60,4,2009,1,PTTP,58,29,2009,3,1
60,4,2009,1,PTTP,60,28,2009,2,1
60,4,2009,1,PTTP,64,28,2009,2,1
61,4,2009,2,PTTP,36,28,2009,3,1
61,4,2009,2,PTTP,38,28,2011,1,1
61,4,2009,2,PTTP,40,12,2010,3,1
61,4,2009,2,PTTP,40,28,2009,2,1
61,4,2009,2,PTTP,40,29,2009,4,2
61,4,2009,2,PTTP,42,14,2010,1,1
61,4,2009,2,PTTP,42,28,2009,2,1
61,4,2009,2,PTTP,42,28,2009,3,1
61,4,2009,2,PTTP,44,25,2009,2,1
61,4,2009,2,PTTP,44,25,2009,4,1
61,4,2009,2,PTTP,44,28,2009,2,1
61,4,2009,2,PTTP,44,28,2009,3,2
61,4,2009,2,PTTP,44,28,2009,4,1
61,4,2009,2,PTTP,44,28,2010,3,2
61,4,2009,2,PTTP,44,29,2009,3,2
61,4,2009,2,PTTP,44,29,2009,4,2
61,4,2009,2,PTTP,44,31,2009,2,1
61,4,2009,2,PTTP,46,14,2010,2,1
61,4,2009,2,PTTP,46,25,2010,1,1
61,4,2009,2,PTTP,46,28,2009,2,3
61,4,2009,2,PTTP,46,28,2009,3,3
61,4,2009,2,PTTP,46,28,2009,4,2
61,4,2009,2,PTTP,46,29,2009,2,12
61,4,2009,2,PTTP,46,29,2009,3,13
61,4,2009,2,PTTP,46,29,2009,4,11
61,4,2009,2,PTTP,46,29,2010,1,3
61,4,2009,2,PTTP,46,29,2011,1,1
61,4,2009,2,PTTP,46,31,2009,3,2
61,4,2009,2,PTTP,48,8,2009,2,1
61,4,2009,2,PTTP,48,25,2011,2,1
61,4,2009,2,PTTP,48,28,2009,2,4
61,4,2009,2,PTTP,48,28,2009,3,5
61,4,2009,2,PTTP,48,28,2009,4,2
61,4,2009,2,PTTP,48,28,2010,1,1
61,4,2009,2,PTTP,48,28,2010,2,2
61,4,2009,2,PTTP,48,28,2012,1,1
61,4,2009,2,PTTP,48,28,2012,2,1
61,4,2009,2,PTTP,48,29,2009,2,22
61,4,2009,2,PTTP,48,29,2009,3,15
61,4,2009,2,PTTP,48,29,2009,4,22
61,4,2009,2,PTTP,48,29,2010,1,5
61,4,2009,2,PTTP,48,29,2010,2,1
61,4,2009,2,PTTP,48,29,2012,2,3
61,4,2009,2,PTTP,48,30,2012,1,1
61,4,2009,2,PTTP,48,31,2009,2,1
61,4,2009,2,PTTP,48,31,2009,3,1
61,4,2009,2,PTTP,48,31,2012,1,1
61,4,2009,2,PTTP,50,25,2011,1,1
61,4,2009,2,PTTP,50,28,2009,2,4
61,4,2009,2,PTTP,50,28,2009,3,6
61,4,2009,2,PTTP,50,28,2009,4,2
61,4,2009,2,PTTP,50,28,2010,1,1
61,4,2009,2,PTTP,50,28,2010,2,3
61,4,2009,2,PTTP,50,28,2010,3,2
61,4,2009,2,PTTP,50,28,2011,1,1
61,4,2009,2,PTTP,50,28,2012,1,1
61,4,2009,2,PTTP,50,29,2009,2,7
61,4,2009,2,PTTP,50,29,2009,3,10
61,4,2009,2,PTTP,50,29,2009,4,17
61,4,2009,2,PTTP,50,29,2010,1,2
61,4,2009,2,PTTP,50,29,2010,2,1
61,4,2009,2,PTTP,50,29,2011,2,1
61,4,2009,2,PTTP,50,29,2011,4,1
61,4,2009,2,PTTP,50,29,2012,1,1
61,4,2009,2,PTTP,50,31,2009,2,1
61,4,2009,2,PTTP,50,31,2009,3,1
61,4,2009,2,PTTP,52,25,2009,3,1
61,4,2009,2,PTTP,52,25,2012,1,1
61,4,2009,2,PTTP,52,26,2011,4,1
61,4,2009,2,PTTP,52,28,2009,2,1
61,4,2009,2,PTTP,52,28,2009,3,2
61,4,2009,2,PTTP,52,28,2009,4,2
61,4,2009,2,PTTP,52,28,2010,1,1
61,4,2009,2,PTTP,52,28,2010,2,1
61,4,2009,2,PTTP,52,28,2010,3,1
61,4,2009,2,PTTP,52,28,2011,3,1
61,4,2009,2,PTTP,52,29,2009,2,3
61,4,2009,2,PTTP,52,29,2009,3,4
61,4,2009,2,PTTP,52,29,2009,4,12
61,4,2009,2,PTTP,52,29,2010,1,2
61,4,2009,2,PTTP,52,29,2010,2,1
61,4,2009,2,PTTP,52,29,2011,4,1
61,4,2009,2,PTTP,52,30,2012,1,1
61,4,2009,2,PTTP,52,31,2009,3,2
61,4,2009,2,PTTP,54,9,2011,2,1
61,4,2009,2,PTTP,54,25,2010,1,1
61,4,2009,2,PTTP,54,28,2009,2,1
61,4,2009,2,PTTP,54,28,2009,3,2
61,4,2009,2,PTTP,54,28,2009,4,1
61,4,2009,2,PTTP,54,28,2010,1,2
61,4,2009,2,PTTP,54,28,2010,2,1
61,4,2009,2,PTTP,54,28,2010,3,2
61,4,2009,2,PTTP,54,28,2010,4,1
61,4,2009,2,PTTP,54,28,2012,1,1
61,4,2009,2,PTTP,54,29,2009,2,3
61,4,2009,2,PTTP,54,29,2009,3,2
61,4,2009,2,PTTP,54,29,2009,4,3
61,4,2009,2,PTTP,54,29,2010,1,3
61,4,2009,2,PTTP,54,29,2010,2,1
61,4,2009,2,PTTP,54,29,2010,4,1
61,4,2009,2,PTTP,54,29,2012,1,1
61,4,2009,2,PTTP,54,29,2014,3,1
61,4,2009,2,PTTP,54,30,2010,4,1
61,4,2009,2,PTTP,54,31,2009,2,1
61,4,2009,2,PTTP,54,31,2009,3,1
61,4,2009,2,PTTP,56,25,2010,1,1
61,4,2009,2,PTTP,56,25,2012,1,1
61,4,2009,2,PTTP,56,28,2011,4,1
61,4,2009,2,PTTP,56,29,2009,4,1
61,4,2009,2,PTTP,56,29,2010,1,1
61,4,2009,2,PTTP,56,29,2012,1,1
61,4,2009,2,PTTP,56,29,2013,1,1
61,4,2009,2,PTTP,56,30,2010,2,1
61,4,2009,2,PTTP,58,29,2011,1,1
61,4,2009,2,PTTP,62,29,2009,2,1
61,4,2009,2,PTTP,62,31,2009,3,1
61,4,2009,2,PTTP,68,29,2012,2,1
61,4,2009,2,PTTP,82,28,2010,1,1
61,4,2009,2,PTTP,82,29,2009,3,1
61,4,2009,2,PTTP,84,28,2011,4,1
61,4,2009,2,PTTP,84,29,2009,3,3
61,4,2009,2,PTTP,86,27,2009,2,1
61,4,2009,2,PTTP,86,28,2010,1,1
61,4,2009,2,PTTP,86,28,2010,3,1
61,4,2009,2,PTTP,86,29,2009,3,3
61,4,2009,2,PTTP,86,29,2009,4,1
61,4,2009,2,PTTP,86,29,2012,1,1
61,4,2009,2,PTTP,86,29,2012,2,1
61,4,2009,2,PTTP,86,31,2009,4,1
61,4,2009,2,PTTP,88,25,2011,3,1
61,4,2009,2,PTTP,88,28,2010,1,1
61,4,2009,2,PTTP,88,28,2010,3,1
61,4,2009,2,PTTP,88,28,2012,1,2
61,4,2009,2,PTTP,88,29,2009,2,3
61,4,2009,2,PTTP,88,29,2009,3,3
61,4,2009,2,PTTP,88,29,2009,4,1
61,4,2009,2,PTTP,88,29,2010,1,1
61,4,2009,2,PTTP,88,29,2011,1,1
61,4,2009,2,PTTP,88,29,2012,2,1
61,4,2009,2,PTTP,90,28,2011,4,1
61,4,2009,2,PTTP,90,29,2009,4,2
61,4,2009,2,PTTP,90,29,2011,1,1
61,4,2009,2,PTTP,92,29,2009,3,3
61,4,2009,2,PTTP,92,29,2011,2,1
61,4,2009,2,PTTP,92,29,2011,4,1
61,4,2009,2,PTTP,92,29,2012,3,1
61,4,2009,2,PTTP,92,31,2009,2,1
61,4,2009,2,PTTP,94,26,2014,4,1
61,4,2009,2,PTTP,94,29,2009,4,1
61,4,2009,2,PTTP,94,29,2011,1,1
61,4,2009,2,PTTP,96,29,2009,2,1
61,4,2009,2,PTTP,96,29,2009,4,1
61,4,2009,2,PTTP,96,29,2010,1,1
61,4,2009,2,PTTP,100,28,2010,3,1
61,4,2009,2,PTTP,100,29,2009,4,1
61,4,2009,2,PTTP,102,29,2009,3,2
61,4,2009,2,PTTP,102,29,2009,4,1
61,4,2009,2,PTTP,104,29,2009,2,1
61,4,2009,2,PTTP,104,29,2009,4,1
61,4,2009,2,PTTP,110,25,2009,4,1
62,4,2009,3,PTTP,30,28,2009,3,1
62,4,2009,3,PTTP,32,28,2010,1,1
62,4,2009,3,PTTP,36,25,2010,1,1
62,4,2009,3,PTTP,36,26,2010,1,1
62,4,2009,3,PTTP,36,28,2009,3,1
62,4,2009,3,PTTP,36,28,2009,4,3
62,4,2009,3,PTTP,36,28,2010,1,1
62,4,2009,3,PTTP,36,28,2010,2,1
62,4,2009,3,PTTP,36,29,2009,4,3
62,4,2009,3,PTTP,38,25,2010,1,2
62,4,2009,3,PTTP,38,25,2010,2,1
62,4,2009,3,PTTP,38,26,2011,2,1
62,4,2009,3,PTTP,38,27,2009,4,1
62,4,2009,3,PTTP,38,28,2009,3,2
62,4,2009,3,PTTP,38,28,2009,4,2
62,4,2009,3,PTTP,38,28,2010,1,1
62,4,2009,3,PTTP,38,28,2011,2,1
62,4,2009,3,PTTP,38,29,2009,4,2
62,4,2009,3,PTTP,38,29,2010,1,2
62,4,2009,3,PTTP,40,25,2009,4,1
62,4,2009,3,PTTP,40,25,2010,2,1
62,4,2009,3,PTTP,40,25,2010,4,1
62,4,2009,3,PTTP,40,28,2009,3,17
62,4,2009,3,PTTP,40,28,2009,4,2
62,4,2009,3,PTTP,40,29,2011,2,1
62,4,2009,3,PTTP,42,28,2009,3,5
62,4,2009,3,PTTP,42,28,2009,4,1
62,4,2009,3,PTTP,42,28,2010,1,1
62,4,2009,3,PTTP,42,28,2011,1,1
62,4,2009,3,PTTP,42,29,2010,1,1
62,4,2009,3,PTTP,42,30,2010,3,1
62,4,2009,3,PTTP,56,25,2010,1,1
62,4,2009,3,PTTP,56,29,2010,1,1
62,4,2009,3,PTTP,58,28,2010,1,1
62,4,2009,3,PTTP,62,28,2009,3,1
63,4,2009,4,PTTP,32,25,2011,1,1
63,4,2009,4,PTTP,32,28,2009,4,3
63,4,2009,4,PTTP,32,28,2010,1,1
63,4,2009,4,PTTP,32,29,2010,1,1
63,4,2009,4,PTTP,34,27,2009,4,1
63,4,2009,4,PTTP,34,28,2009,4,4
63,4,2009,4,PTTP,34,28,2010,4,1
63,4,2009,4,PTTP,34,29,2010,1,2
63,4,2009,4,PTTP,36,25,2009,4,1
63,4,2009,4,PTTP,36,25,2010,1,1
63,4,2009,4,PTTP,36,25,2010,3,1
63,4,2009,4,PTTP,36,25,2011,1,1
63,4,2009,4,PTTP,36,27,2009,4,2
63,4,2009,4,PTTP,36,28,2009,4,9
63,4,2009,4,PTTP,36,28,2010,1,2
63,4,2009,4,PTTP,36,28,2010,2,3
63,4,2009,4,PTTP,36,28,2010,4,1
63,4,2009,4,PTTP,36,28,2011,2,1
63,4,2009,4,PTTP,36,29,2010,1,1
63,4,2009,4,PTTP,36,29,2010,2,1
63,4,2009,4,PTTP,36,30,2009,4,1
63,4,2009,4,PTTP,36,30,2010,1,1
63,4,2009,4,PTTP,36,31,2012,1,1
63,4,2009,4,PTTP,38,25,2009,4,4
63,4,2009,4,PTTP,38,25,2010,1,2
63,4,2009,4,PTTP,38,27,2009,4,3
63,4,2009,4,PTTP,38,28,2009,4,5
63,4,2009,4,PTTP,38,28,2010,1,2
63,4,2009,4,PTTP,38,28,2010,3,1
63,4,2009,4,PTTP,38,29,2009,4,1
63,4,2009,4,PTTP,40,28,2009,4,1
63,4,2009,4,PTTP,40,28,2010,1,1
63,4,2009,4,PTTP,40,28,2010,2,2
63,4,2009,4,PTTP,40,29,2010,2,1
63,4,2009,4,PTTP,42,25,2010,1,1
63,4,2009,4,PTTP,42,25,2010,2,1
63,4,2009,4,PTTP,42,28,2009,4,1
63,4,2009,4,PTTP,42,28,2011,3,1
63,4,2009,4,PTTP,44,25,2010,1,1
63,4,2009,4,PTTP,44,25,2010,2,1
63,4,2009,4,PTTP,44,28,2009,4,1
63,4,2009,4,PTTP,44,28,2010,1,1
63,4,2009,4,PTTP,44,28,2010,2,2
63,4,2009,4,PTTP,44,29,2009,4,1
63,4,2009,4,PTTP,46,25,2010,2,2
63,4,2009,4,PTTP,46,25,2011,1,1
63,4,2009,4,PTTP,46,28,2009,4,1
63,4,2009,4,PTTP,46,29,2009,4,1
63,4,2009,4,PTTP,48,25,2010,1,1
63,4,2009,4,PTTP,48,25,2011,1,1
63,4,2009,4,PTTP,48,26,2010,1,1
63,4,2009,4,PTTP,48,28,2009,4,2
63,4,2009,4,PTTP,54,28,2009,4,1
63,4,2009,4,PTTP,54,30,2010,4,1
63,4,2009,4,PTTP,56,28,2009,4,2
63,4,2009,4,PTTP,66,26,2011,1,1
63,4,2009,4,PTTP,66,28,2009,4,1
63,4,2009,4,PTTP,72,29,2009,4,1
63,4,2009,4,PTTP,86,29,2009,4,1
64,4,2010,2,PTTP,50,8,2010,2,1
64,4,2010,2,PTTP,50,29,2010,2,1
64,4,2010,2,PTTP,52,29,2010,2,2
64,4,2010,2,PTTP,54,29,2010,2,1
64,4,2010,2,PTTP,58,8,2010,2,1
64,4,2010,2,PTTP,62,29,2010,2,1
64,4,2010,2,PTTP,78,8,2011,2,1
64,4,2010,2,PTTP,80,29,2012,3,1
64,4,2010,2,PTTP,98,29,2011,4,1
65,4,2010,4,PTTP,42,10,2011,1,1
65,4,2010,4,PTTP,42,28,2011,4,1
65,4,2010,4,PTTP,42,29,2011,2,1
65,4,2010,4,PTTP,44,8,2011,1,1
65,4,2010,4,PTTP,44,25,2011,4,1
65,4,2010,4,PTTP,44,28,2011,2,1
65,4,2010,4,PTTP,44,28,2011,4,1
65,4,2010,4,PTTP,44,28,2012,1,1
65,4,2010,4,PTTP,44,29,2011,2,2
65,4,2010,4,PTTP,46,10,2011,3,1
65,4,2010,4,PTTP,46,28,2011,1,2
65,4,2010,4,PTTP,46,28,2011,2,1
65,4,2010,4,PTTP,46,29,2011,1,5
65,4,2010,4,PTTP,46,29,2011,2,3
65,4,2010,4,PTTP,46,29,2011,4,2
65,4,2010,4,PTTP,48,25,2011,4,1
65,4,2010,4,PTTP,48,28,2011,1,1
65,4,2010,4,PTTP,48,29,2011,2,2
65,4,2010,4,PTTP,50,8,2013,1,1
65,4,2010,4,PTTP,50,28,2011,2,1
65,4,2010,4,PTTP,50,29,2011,2,1
65,4,2010,4,PTTP,50,29,2011,4,1
65,4,2010,4,PTTP,50,29,2012,3,1
65,4,2010,4,PTTP,52,28,2011,2,1
65,4,2010,4,PTTP,52,29,2011,1,1
65,4,2010,4,PTTP,52,29,2011,4,1
65,4,2010,4,PTTP,54,29,2011,2,1
66,4,2011,2,PTTP,48,28,2011,3,1
66,4,2011,2,PTTP,54,25,2011,3,1
66,4,2011,2,PTTP,54,26,2011,3,1
66,4,2011,2,PTTP,54,28,2012,1,1
66,4,2011,2,PTTP,56,25,2011,3,1
66,4,2011,2,PTTP,56,25,2012,1,1
66,4,2011,2,PTTP,56,26,2011,4,1
66,4,2011,2,PTTP,58,25,2012,1,1
66,4,2011,2,PTTP,58,28,2011,3,1
66,4,2011,2,PTTP,58,29,2011,4,1
67,4,2011,3,PTTP,30,25,2011,3,1
67,4,2011,3,PTTP,30,26,2011,3,1
67,4,2011,3,PTTP,34,26,2011,3,1
67,4,2011,3,PTTP,34,27,2011,3,1
67,4,2011,3,PTTP,36,27,2011,3,1
67,4,2011,3,PTTP,38,25,2013,1,1
67,4,2011,3,PTTP,38,28,2012,1,1
67,4,2011,3,PTTP,40,25,2011,4,1
67,4,2011,3,PTTP,40,25,2013,3,1
67,4,2011,3,PTTP,42,27,2011,3,1
67,4,2011,3,PTTP,42,28,2011,4,1
67,4,2011,3,PTTP,44,6,2013,1,1
67,4,2011,3,PTTP,44,25,2011,4,1
67,4,2011,3,PTTP,44,26,2011,4,1
67,4,2011,3,PTTP,44,26,2012,2,1
67,4,2011,3,PTTP,44,28,2011,3,1
67,4,2011,3,PTTP,46,25,2011,4,2
67,4,2011,3,PTTP,46,25,2012,1,1
67,4,2011,3,PTTP,46,25,2017,4,1
67,4,2011,3,PTTP,46,26,2011,4,1
67,4,2011,3,PTTP,46,26,2012,2,1
67,4,2011,3,PTTP,46,27,2011,3,2
67,4,2011,3,PTTP,46,28,2011,4,2
67,4,2011,3,PTTP,46,29,2011,4,1
67,4,2011,3,PTTP,48,25,2011,3,1
67,4,2011,3,PTTP,48,25,2011,4,4
67,4,2011,3,PTTP,48,25,2012,1,1
67,4,2011,3,PTTP,48,25,2012,2,1
67,4,2011,3,PTTP,48,26,2011,3,1
67,4,2011,3,PTTP,48,26,2011,4,2
67,4,2011,3,PTTP,48,26,2012,2,1
67,4,2011,3,PTTP,48,28,2011,3,1
67,4,2011,3,PTTP,48,28,2011,4,1
67,4,2011,3,PTTP,48,30,2012,2,1
67,4,2011,3,PTTP,50,25,2011,3,1
67,4,2011,3,PTTP,50,25,2011,4,3
67,4,2011,3,PTTP,50,25,2012,1,3
67,4,2011,3,PTTP,50,25,2012,2,2
67,4,2011,3,PTTP,50,25,2013,1,1
67,4,2011,3,PTTP,50,26,2011,3,2
67,4,2011,3,PTTP,50,26,2011,4,2
67,4,2011,3,PTTP,50,26,2012,2,1
67,4,2011,3,PTTP,50,26,2012,3,1
67,4,2011,3,PTTP,50,26,2013,1,1
67,4,2011,3,PTTP,50,26,2014,4,1
67,4,2011,3,PTTP,50,27,2011,3,2
67,4,2011,3,PTTP,50,28,2011,4,5
67,4,2011,3,PTTP,50,29,2012,1,1
67,4,2011,3,PTTP,50,29,2012,3,1
67,4,2011,3,PTTP,52,25,2011,4,1
67,4,2011,3,PTTP,52,26,2012,2,1
67,4,2011,3,PTTP,52,28,2011,3,1
67,4,2011,3,PTTP,52,28,2011,4,2
67,4,2011,3,PTTP,52,28,2012,1,1
67,4,2011,3,PTTP,54,25,2011,4,1
67,4,2011,3,PTTP,54,26,2011,4,1
67,4,2011,3,PTTP,54,28,2012,1,1
67,4,2011,3,PTTP,56,25,2011,4,2
67,4,2011,3,PTTP,56,28,2011,3,1
67,4,2011,3,PTTP,56,28,2011,4,1
67,4,2011,3,PTTP,56,29,2011,4,2
67,4,2011,3,PTTP,58,25,2011,4,1
67,4,2011,3,PTTP,62,26,2011,3,1
68,4,2011,4,PTTP,38,29,2012,2,1
68,4,2011,4,PTTP,40,28,2013,2,1
68,4,2011,4,PTTP,40,29,2011,4,1
68,4,2011,4,PTTP,40,29,2012,2,2
68,4,2011,4,PTTP,40,29,2013,1,1
68,4,2011,4,PTTP,42,26,2012,4,1
68,4,2011,4,PTTP,42,28,2013,1,1
68,4,2011,4,PTTP,44,29,2011,4,1
68,4,2011,4,PTTP,44,29,2012,2,1
68,4,2011,4,PTTP,46,26,2012,1,1
68,4,2011,4,PTTP,46,28,2012,2,1
68,4,2011,4,PTTP,46,29,2011,4,2
68,4,2011,4,PTTP,54,29,2013,1,1
68,4,2011,4,PTTP,56,29,2011,4,1
68,4,2011,4,PTTP,62,29,2011,4,3
68,4,2011,4,PTTP,62,29,2012,2,1
68,4,2011,4,PTTP,64,28,2011,4,1
68,4,2011,4,PTTP,64,29,2011,4,2
68,4,2011,4,PTTP,64,29,2012,4,1
68,4,2011,4,PTTP,64,29,2013,4,1
68,4,2011,4,PTTP,68,29,2011,4,2
68,4,2011,4,PTTP,68,29,2012,1,1
68,4,2011,4,PTTP,68,29,2012,4,1
68,4,2011,4,PTTP,84,29,2012,2,1
69,4,2012,1,PTTP,34,25,2012,1,1
69,4,2012,1,PTTP,34,25,2012,3,3
69,4,2012,1,PTTP,34,25,2013,2,1
69,4,2012,1,PTTP,34,25,2013,3,1
69,4,2012,1,PTTP,34,25,2013,4,1
69,4,2012,1,PTTP,34,26,2012,1,1
69,4,2012,1,PTTP,34,26,2012,2,1
69,4,2012,1,PTTP,34,26,2012,3,6
69,4,2012,1,PTTP,34,26,2012,4,4
69,4,2012,1,PTTP,34,26,2013,1,1
69,4,2012,1,PTTP,34,26,2013,3,2
69,4,2012,1,PTTP,34,28,2012,1,6
69,4,2012,1,PTTP,34,28,2012,4,2
69,4,2012,1,PTTP,34,28,2013,1,2
69,4,2012,1,PTTP,34,28,2013,2,1
69,4,2012,1,PTTP,34,29,2012,3,1
69,4,2012,1,PTTP,34,29,2012,4,1
69,4,2012,1,PTTP,34,30,2012,1,4
69,4,2012,1,PTTP,34,30,2012,3,1
69,4,2012,1,PTTP,36,25,2012,1,5
69,4,2012,1,PTTP,36,25,2012,2,3
69,4,2012,1,PTTP,36,25,2012,3,8
69,4,2012,1,PTTP,36,25,2012,4,6
69,4,2012,1,PTTP,36,25,2013,1,5
69,4,2012,1,PTTP,36,25,2013,2,4
69,4,2012,1,PTTP,36,25,2013,3,2
69,4,2012,1,PTTP,36,26,2012,1,1
69,4,2012,1,PTTP,36,26,2012,2,3
69,4,2012,1,PTTP,36,26,2012,3,13
69,4,2012,1,PTTP,36,26,2012,4,1
69,4,2012,1,PTTP,36,26,2013,1,2
69,4,2012,1,PTTP,36,26,2013,2,1
69,4,2012,1,PTTP,36,26,2013,4,1
69,4,2012,1,PTTP,36,28,2012,1,8
69,4,2012,1,PTTP,36,28,2012,2,1
69,4,2012,1,PTTP,36,28,2012,3,2
69,4,2012,1,PTTP,36,28,2012,4,9
69,4,2012,1,PTTP,36,28,2013,1,4
69,4,2012,1,PTTP,36,29,2012,4,1
69,4,2012,1,PTTP,36,30,2012,1,12
69,4,2012,1,PTTP,38,25,2012,1,2
69,4,2012,1,PTTP,38,25,2012,2,1
69,4,2012,1,PTTP,38,25,2012,3,2
69,4,2012,1,PTTP,38,25,2012,4,4
69,4,2012,1,PTTP,38,25,2013,1,2
69,4,2012,1,PTTP,38,25,2013,2,1
69,4,2012,1,PTTP,38,25,2013,3,1
69,4,2012,1,PTTP,38,25,2013,4,1
69,4,2012,1,PTTP,38,26,2012,2,3
69,4,2012,1,PTTP,38,26,2012,3,2
69,4,2012,1,PTTP,38,26,2012,4,4
69,4,2012,1,PTTP,38,26,2013,1,1
69,4,2012,1,PTTP,38,26,2013,4,1
69,4,2012,1,PTTP,38,28,2012,1,14
69,4,2012,1,PTTP,38,28,2012,2,2
69,4,2012,1,PTTP,38,28,2012,3,1
69,4,2012,1,PTTP,38,28,2012,4,2
69,4,2012,1,PTTP,38,28,2013,1,5
69,4,2012,1,PTTP,38,28,2013,4,1
69,4,2012,1,PTTP,38,29,2012,2,1
69,4,2012,1,PTTP,38,30,2012,1,17
69,4,2012,1,PTTP,38,30,2012,2,1
69,4,2012,1,PTTP,40,25,2012,2,4
69,4,2012,1,PTTP,40,25,2012,3,2
69,4,2012,1,PTTP,40,25,2012,4,1
69,4,2012,1,PTTP,40,25,2013,1,2
69,4,2012,1,PTTP,40,25,2013,2,1
69,4,2012,1,PTTP,40,26,2012,1,2
69,4,2012,1,PTTP,40,26,2012,2,1
69,4,2012,1,PTTP,40,26,2012,3,1
69,4,2012,1,PTTP,40,28,2012,1,7
69,4,2012,1,PTTP,40,28,2012,4,2
69,4,2012,1,PTTP,40,28,2013,1,1
69,4,2012,1,PTTP,40,28,2013,2,1
69,4,2012,1,PTTP,40,29,2013,2,1
69,4,2012,1,PTTP,40,29,2014,1,1
69,4,2012,1,PTTP,40,30,2012,1,10
69,4,2012,1,PTTP,40,30,2012,2,2
69,4,2012,1,PTTP,40,30,2012,4,1
69,4,2012,1,PTTP,42,25,2012,3,2
69,4,2012,1,PTTP,42,25,2012,4,1
69,4,2012,1,PTTP,42,25,2013,1,1
69,4,2012,1,PTTP,42,26,2012,4,1
69,4,2012,1,PTTP,42,28,2012,4,1
69,4,2012,1,PTTP,42,28,2013,1,1
69,4,2012,1,PTTP,42,28,2013,2,1
69,4,2012,1,PTTP,42,28,2013,3,1
69,4,2012,1,PTTP,42,29,2012,2,1
69,4,2012,1,PTTP,42,29,2012,4,1
69,4,2012,1,PTTP,42,30,2012,1,3
69,4,2012,1,PTTP,42,30,2013,3,1
69,4,2012,1,PTTP,44,25,2012,1,1
69,4,2012,1,PTTP,44,25,2012,3,1
69,4,2012,1,PTTP,44,26,2012,3,1
69,4,2012,1,PTTP,44,28,2012,1,3
69,4,2012,1,PTTP,44,28,2012,2,1
69,4,2012,1,PTTP,44,28,2013,1,1
69,4,2012,1,PTTP,44,28,2013,3,1
69,4,2012,1,PTTP,44,30,2012,1,2
69,4,2012,1,PTTP,44,31,2012,4,1
69,4,2012,1,PTTP,46,25,2013,1,1
69,4,2012,1,PTTP,46,28,2013,1,1
69,4,2012,1,PTTP,46,30,2012,2,1
69,4,2012,1,PTTP,48,26,2012,1,1
69,4,2012,1,PTTP,48,26,2012,3,1
69,4,2012,1,PTTP,48,28,2014,2,1
69,4,2012,1,PTTP,50,28,2012,1,1
69,4,2012,1,PTTP,50,30,2012,1,1
69,4,2012,1,PTTP,54,29,2012,4,1
69,4,2012,1,PTTP,54,29,2013,4,1
70,4,2012,4,PTTP,48,29,2012,4,1
70,4,2012,4,PTTP,50,29,2012,4,2
70,4,2012,4,PTTP,52,29,2012,4,3
70,4,2012,4,PTTP,54,29,2012,4,3
70,4,2012,4,PTTP,56,8,2013,2,1
70,4,2012,4,PTTP,56,29,2012,4,3
70,4,2012,4,PTTP,58,29,2012,4,2
70,4,2012,4,PTTP,62,29,2012,4,1
70,4,2012,4,PTTP,62,29,2013,1,1
70,4,2012,4,PTTP,64,29,2012,4,3
70,4,2012,4,PTTP,64,29,2013,3,1
70,4,2012,4,PTTP,70,29,2012,4,2
70,4,2012,4,PTTP,72,29,2013,2,1
71,4,2013,2,PTTP,38,25,2013,3,3
71,4,2013,2,PTTP,40,25,2013,3,6
71,4,2013,2,PTTP,40,25,2013,4,1
71,4,2013,2,PTTP,40,26,2013,2,1
71,4,2013,2,PTTP,40,26,2013,3,1
71,4,2013,2,PTTP,40,26,2013,4,1
71,4,2013,2,PTTP,40,26,2014,2,2
71,4,2013,2,PTTP,40,28,2013,2,1
71,4,2013,2,PTTP,40,28,2013,3,1
71,4,2013,2,PTTP,42,25,2013,3,1
71,4,2013,2,PTTP,42,26,2013,3,1
71,4,2013,2,PTTP,42,26,2013,4,1
71,4,2013,2,PTTP,42,26,2014,2,1
71,4,2013,2,PTTP,42,28,2013,3,1
71,4,2013,2,PTTP,44,25,2013,3,2
71,4,2013,2,PTTP,44,25,2014,1,1
71,4,2013,2,PTTP,46,25,2013,3,1
71,4,2013,2,PTTP,50,28,2013,3,1
71,4,2013,2,PTTP,54,30,2014,1,1
71,4,2013,2,PTTP,56,30,2013,2,1
71,4,2013,2,PTTP,68,25,2013,4,1
71,4,2013,2,PTTP,68,30,2013,4,1
71,4,2013,2,PTTP,74,28,2014,2,1
72,4,2013,4,PTTP,42,28,2014,2,2
72,4,2013,4,PTTP,42,29,2013,4,1
72,4,2013,4,PTTP,44,29,2014,1,1
72,4,2013,4,PTTP,46,29,2013,4,1
72,4,2013,4,PTTP,46,29,2014,1,3
73,4,2014,3,PTTP,48,10,2015,1,1
73,4,2014,3,PTTP,64,29,2014,4,1
73,4,2014,3,PTTP,64,29,2015,2,1
73,4,2014,3,PTTP,66,29,2015,4,1
73,4,2014,3,PTTP,72,29,2015,1,1
74,4,2015,3,PTTP,36,28,2016,1,1
74,4,2015,3,PTTP,38,25,2017,4,1
74,4,2015,3,PTTP,48,25,2017,4,1
74,4,2015,3,PTTP,54,29,2015,4,1
74,4,2015,3,PTTP,54,29,2016,3,1
74,4,2015,3,PTTP,54,29,2016,4,1
74,4,2015,3,PTTP,56,29,2015,4,1
75,4,2015,4,PTTP,38,25,2016,2,1
75,4,2015,4,PTTP,38,28,2016,2,2
75,4,2015,4,PTTP,38,29,2015,4,1
75,4,2015,4,PTTP,38,29,2017,1,1
75,4,2015,4,PTTP,42,25,2017,4,1
75,4,2015,4,PTTP,42,29,2015,4,1
75,4,2015,4,PTTP,44,28,2016,4,1
75,4,2015,4,PTTP,44,29,2015,4,1
75,4,2015,4,PTTP,48,29,2015,4,1
75,4,2015,4,PTTP,54,29,2015,4,1
75,4,2015,4,PTTP,56,29,2015,4,1
75,4,2015,4,PTTP,56,29,2017,3,1
75,4,2015,4,PTTP,58,28,2016,2,1
75,4,2015,4,PTTP,64,29,2015,4,1
76,4,2016,3,PTTP,36,28,2016,4,2
76,4,2016,3,PTTP,38,25,2017,4,2
76,4,2016,3,PTTP,38,26,2017,4,1
76,4,2016,3,PTTP,38,29,2016,4,1
76,4,2016,3,PTTP,38,29,2017,1,1
76,4,2016,3,PTTP,40,28,2016,4,14
76,4,2016,3,PTTP,40,29,2016,4,8
76,4,2016,3,PTTP,40,29,2017,1,1
76,4,2016,3,PTTP,42,28,2016,4,8
76,4,2016,3,PTTP,42,29,2016,4,10
76,4,2016,3,PTTP,44,25,2018,1,1
76,4,2016,3,PTTP,44,28,2016,4,6
76,4,2016,3,PTTP,44,28,2017,1,1
76,4,2016,3,PTTP,44,29,2016,4,3
76,4,2016,3,PTTP,46,28,2016,4,1
76,4,2016,3,PTTP,46,29,2016,4,1
76,4,2016,3,PTTP,48,28,2016,4,3
76,4,2016,3,PTTP,48,29,2016,4,1
76,4,2016,3,PTTP,48,30,2018,1,1
76,4,2016,3,PTTP,50,28,2016,4,1
76,4,2016,3,PTTP,54,28,2016,4,1
76,4,2016,3,PTTP,56,28,2016,4,1
76,4,2016,3,PTTP,58,28,2016,4,1
76,4,2016,3,PTTP,62,29,2016,4,1
76,4,2016,3,PTTP,68,28,2016,4,1
76,4,2016,3,PTTP,86,29,2016,4,1
76,4,2016,3,PTTP,102,30,2016,4,1
77,4,2016,4,PTTP,42,28,2016,4,2
77,4,2016,4,PTTP,44,28,2016,4,1
77,4,2016,4,PTTP,46,28,2017,1,1
77,4,2016,4,PTTP,46,28,2017,2,1
77,4,2016,4,PTTP,48,28,2016,4,3
77,4,2016,4,PTTP,54,28,2016,4,1
77,4,2016,4,PTTP,58,29,2016,4,1
78,4,2017,4,PTTP,48,28,2017,4,1
78,4,2017,4,PTTP,50,28,2017,4,1
78,4,2017,4,PTTP,52,10,2017,4,1
78,4,2017,4,PTTP,52,28,2017,4,2
78,4,2017,4,PTTP,52,28,2018,1,1
78,4,2017,4,PTTP,54,25,2017,4,1
78,4,2017,4,PTTP,54,28,2017,4,1
78,4,2017,4,PTTP,56,28,2017,4,1
79,4,2018,3,PTTP,34,29,2018,4,1
79,4,2018,3,PTTP,38,28,2018,3,1
79,4,2018,3,PTTP,40,28,2018,3,1
79,4,2018,3,PTTP,40,28,2019,1,1
79,4,2018,3,PTTP,42,26,2020,1,1
79,4,2018,3,PTTP,42,28,2018,4,1
79,4,2018,3,PTTP,42,29,2021,4,1
79,4,2018,3,PTTP,44,28,2020,4,1
79,4,2018,3,PTTP,44,29,2018,4,1
79,4,2018,3,PTTP,46,28,2018,4,1
79,4,2018,3,PTTP,46,29,2018,4,1
79,4,2018,3,PTTP,48,28,2019,2,1
79,4,2018,3,PTTP,48,29,2018,3,1
79,4,2018,3,PTTP,48,29,2019,1,1
79,4,2018,3,PTTP,50,28,2020,2,1
79,4,2018,3,PTTP,52,29,2018,4,1
79,4,2018,3,PTTP,54,25,2023,2,1
79,4,2018,3,PTTP,54,29,2018,4,2
79,4,2018,3,PTTP,56,28,2018,4,1
79,4,2018,3,PTTP,62,28,2018,3,1
79,4,2018,3,PTTP,62,29,2018,4,1
79,4,2018,3,PTTP,66,25,2019,1,1
79,4,2018,3,PTTP,68,28,2018,3,1
79,4,2018,3,PTTP,82,29,2019,3,1
79,4,2018,3,PTTP,92,29,2018,4,1
80,4,2019,3,PTTP,32,26,2020,2,1
80,4,2019,3,PTTP,32,30,2020,1,1
80,4,2019,3,PTTP,40,26,2019,4,1
80,4,2019,3,PTTP,44,25,2019,4,1
80,4,2019,3,PTTP,48,26,2019,4,1
80,4,2019,3,PTTP,50,28,2020,2,1
80,4,2019,3,PTTP,50,30,2019,3,1
80,4,2019,3,PTTP,52,26,2020,3,1
80,4,2019,3,PTTP,54,25,2019,3,1
80,4,2019,3,PTTP,54,30,2019,3,1
80,4,2019,3,PTTP,56,25,2023,1,1
80,4,2019,3,PTTP,56,28,2019,3,1
80,4,2019,3,PTTP,56,28,2019,4,1
80,4,2019,3,PTTP,56,29,2020,2,1
80,4,2019,3,PTTP,56,30,2019,4,1
80,4,2019,3,PTTP,56,30,2020,3,1
80,4,2019,3,PTTP,58,28,2019,3,2
80,4,2019,3,PTTP,58,28,2020,1,1
80,4,2019,3,PTTP,58,28,2020,2,1
80,4,2019,3,PTTP,58,28,2020,3,1
80,4,2019,3,PTTP,58,29,2019,4,1
80,4,2019,3,PTTP,58,30,2019,4,2
80,4,2019,3,PTTP,62,26,2019,4,1
81,4,2020,3,PTTP,34,28,2021,1,1
81,4,2020,3,PTTP,36,26,2021,1,1
81,4,2020,3,PTTP,36,29,2020,4,2
81,4,2020,3,PTTP,36,29,2021,2,1
81,4,2020,3,PTTP,38,28,2020,4,1
81,4,2020,3,PTTP,38,28,2021,1,2
81,4,2020,3,PTTP,38,29,2020,3,1
81,4,2020,3,PTTP,38,29,2020,4,4
81,4,2020,3,PTTP,38,29,2021,1,1
81,4,2020,3,PTTP,38,29,2021,3,1
81,4,2020,3,PTTP,40,28,2020,4,1
81,4,2020,3,PTTP,40,28,2021,1,1
81,4,2020,3,PTTP,40,28,2021,2,1
81,4,2020,3,PTTP,40,29,2020,4,4
81,4,2020,3,PTTP,40,29,2021,1,1
81,4,2020,3,PTTP,40,29,2021,2,2
81,4,2020,3,PTTP,40,29,2022,1,1
81,4,2020,3,PTTP,40,29,2022,2,1
81,4,2020,3,PTTP,42,29,2020,4,3
81,4,2020,3,PTTP,42,29,2021,2,2
81,4,2020,3,PTTP,42,29,2021,3,1
81,4,2020,3,PTTP,44,28,2021,2,1
81,4,2020,3,PTTP,44,29,2021,2,1
81,4,2020,3,PTTP,46,29,2020,4,1
81,4,2020,3,PTTP,46,29,2021,2,1
81,4,2020,3,PTTP,48,28,2023,2,1
81,4,2020,3,PTTP,48,29,2020,4,1
81,4,2020,3,PTTP,48,29,2021,2,1
81,4,2020,3,PTTP,50,28,2020,4,1
81,4,2020,3,PTTP,50,29,2020,4,1
81,4,2020,3,PTTP,52,28,2021,1,1
81,4,2020,3,PTTP,52,29,2021,2,1
81,4,2020,3,PTTP,56,29,2021,2,1
81,4,2020,3,PTTP,62,29,2020,4,2
81,4,2020,3,PTTP,62,31,2023,2,1
81,4,2020,3,PTTP,68,30,2022,3,1
81,4,2020,3,PTTP,72,29,2020,3,1
81,4,2020,3,PTTP,76,29,2020,4,1
81,4,2020,3,PTTP,106,29,2021,1,1
82,4,2021,3,PTTP,38,28,2022,3,1
82,4,2021,3,PTTP,38,29,2022,1,1
82,4,2021,3,PTTP,40,28,2022,1,1
82,4,2021,3,PTTP,48,29,2021,4,1
82,4,2021,3,PTTP,52,29,2021,4,2
82,4,2021,3,PTTP,54,29,2021,3,4
82,4,2021,3,PTTP,54,29,2021,4,1
82,4,2021,3,PTTP,54,29,2022,1,1
82,4,2021,3,PTTP,54,29,2022,3,1
82,4,2021,3,PTTP,54,30,2022,1,1
82,4,2021,3,PTTP,56,29,2021,3,5
82,4,2021,3,PTTP,56,29,2021,4,1
82,4,2021,3,PTTP,58,29,2021,3,3
82,4,2021,3,PTTP,58,29,2021,4,1
82,4,2021,3,PTTP,58,31,2022,4,1
82,4,2021,3,PTTP,60,28,2021,4,1
82,4,2021,3,PTTP,60,29,2021,3,1
82,4,2021,3,PTTP,60,31,2023,1,1
82,4,2021,3,PTTP,62,29,2021,3,2
82,4,2021,3,PTTP,62,29,2021,4,3
82,4,2021,3,PTTP,62,29,2022,1,1
82,4,2021,3,PTTP,62,31,2022,4,1
82,4,2021,3,PTTP,64,29,2021,3,3
82,4,2021,3,PTTP,64,29,2021,4,2
82,4,2021,3,PTTP,64,30,2022,1,1
82,4,2021,3,PTTP,64,31,2022,4,1
82,4,2021,3,PTTP,66,29,2021,3,3
82,4,2021,3,PTTP,66,29,2023,3,1
82,4,2021,3,PTTP,66,31,2022,2,1
82,4,2021,3,PTTP,68,29,2021,3,2
82,4,2021,3,PTTP,68,29,2021,4,2
82,4,2021,3,PTTP,70,29,2021,3,1
82,4,2021,3,PTTP,72,29,2021,3,2
82,4,2021,3,PTTP,72,29,2021,4,2
82,4,2021,3,PTTP,72,30,2022,1,1
82,4,2021,3,PTTP,74,8,2021,3,1
82,4,2021,3,PTTP,74,29,2021,3,1
82,4,2021,3,PTTP,74,29,2021,4,1
82,4,2021,3,PTTP,76,29,2021,3,1
82,4,2021,3,PTTP,76,29,2021,4,1
82,4,2021,3,PTTP,78,29,2023,4,1
82,4,2021,3,PTTP,84,29,2021,4,1
83,5,2008,1,PTTP,38,25,2009,3,1
83,5,2008,1,PTTP,40,25,2008,3,1
83,5,2008,1,PTTP,40,28,2008,3,1
84,5,2008,2,PTTP,38,25,2008,2,1
84,5,2008,2,PTTP,38,25,2008,4,1
84,5,2008,2,PTTP,40,10,2008,2,1
84,5,2008,2,PTTP,40,25,2008,3,2
84,5,2008,2,PTTP,40,25,2009,3,1
85,5,2009,1,PTTP,30,25,2009,3,1
85,5,2009,1,PTTP,30,25,2010,1,1
85,5,2009,1,PTTP,32,10,2011,1,1
85,5,2009,1,PTTP,32,25,2009,1,1
85,5,2009,1,PTTP,32,25,2009,3,11
85,5,2009,1,PTTP,32,25,2009,4,6
85,5,2009,1,PTTP,32,25,2010,1,3
85,5,2009,1,PTTP,32,25,2010,2,2
85,5,2009,1,PTTP,32,25,2011,2,1
85,5,2009,1,PTTP,32,26,2010,2,1
85,5,2009,1,PTTP,32,26,2011,1,1
85,5,2009,1,PTTP,32,28,2009,4,3
85,5,2009,1,PTTP,32,28,2010,1,2
85,5,2009,1,PTTP,32,28,2010,3,1
85,5,2009,1,PTTP,32,29,2010,1,1
85,5,2009,1,PTTP,34,14,2010,1,1
85,5,2009,1,PTTP,34,25,2009,2,2
85,5,2009,1,PTTP,34,25,2009,3,20
85,5,2009,1,PTTP,34,25,2009,4,23
85,5,2009,1,PTTP,34,25,2010,1,16
85,5,2009,1,PTTP,34,25,2010,2,10
85,5,2009,1,PTTP,34,25,2010,3,2
85,5,2009,1,PTTP,34,25,2010,4,2
85,5,2009,1,PTTP,34,25,2011,1,2
85,5,2009,1,PTTP,34,26,2009,4,6
85,5,2009,1,PTTP,34,26,2010,1,1
85,5,2009,1,PTTP,34,26,2010,2,1
85,5,2009,1,PTTP,34,26,2011,2,1
85,5,2009,1,PTTP,34,26,2013,2,1
85,5,2009,1,PTTP,34,28,2009,3,1
85,5,2009,1,PTTP,34,28,2009,4,1
85,5,2009,1,PTTP,34,28,2010,1,5
85,5,2009,1,PTTP,34,28,2010,2,2
85,5,2009,1,PTTP,34,28,2010,4,1
85,5,2009,1,PTTP,34,28,2011,1,1
85,5,2009,1,PTTP,34,29,2009,3,1
85,5,2009,1,PTTP,34,29,2009,4,1
85,5,2009,1,PTTP,36,10,2009,4,2
85,5,2009,1,PTTP,36,10,2010,1,1
85,5,2009,1,PTTP,36,21,2009,4,1
85,5,2009,1,PTTP,36,21,2010,1,1
85,5,2009,1,PTTP,36,25,2009,1,1
85,5,2009,1,PTTP,36,25,2009,2,2
85,5,2009,1,PTTP,36,25,2009,3,15
85,5,2009,1,PTTP,36,25,2009,4,32
85,5,2009,1,PTTP,36,25,2010,1,7
85,5,2009,1,PTTP,36,25,2010,2,6
85,5,2009,1,PTTP,36,25,2010,3,5
85,5,2009,1,PTTP,36,25,2010,4,4
85,5,2009,1,PTTP,36,25,2011,1,3
85,5,2009,1,PTTP,36,25,2011,4,2
85,5,2009,1,PTTP,36,26,2009,3,1
85,5,2009,1,PTTP,36,26,2009,4,3
85,5,2009,1,PTTP,36,26,2010,2,2
85,5,2009,1,PTTP,36,26,2010,4,1
85,5,2009,1,PTTP,36,26,2011,1,1
85,5,2009,1,PTTP,36,26,2012,1,1
85,5,2009,1,PTTP,36,28,2009,3,2
85,5,2009,1,PTTP,36,28,2009,4,2
85,5,2009,1,PTTP,36,28,2010,1,6
85,5,2009,1,PTTP,36,28,2010,2,2
85,5,2009,1,PTTP,36,28,2011,4,1
85,5,2009,1,PTTP,36,29,2010,1,1
85,5,2009,1,PTTP,38,14,2011,4,1
85,5,2009,1,PTTP,38,25,2009,2,1
85,5,2009,1,PTTP,38,25,2009,3,4
85,5,2009,1,PTTP,38,25,2009,4,10
85,5,2009,1,PTTP,38,25,2010,1,5
85,5,2009,1,PTTP,38,25,2010,2,1
85,5,2009,1,PTTP,38,25,2010,3,3
85,5,2009,1,PTTP,38,25,2010,4,2
85,5,2009,1,PTTP,38,25,2011,1,1
85,5,2009,1,PTTP,38,25,2011,2,2
85,5,2009,1,PTTP,38,25,2011,4,1
85,5,2009,1,PTTP,38,26,2009,4,1
85,5,2009,1,PTTP,38,26,2010,1,3
85,5,2009,1,PTTP,38,26,2010,2,1
85,5,2009,1,PTTP,38,29,2009,4,1
85,5,2009,1,PTTP,40,25,2009,2,1
85,5,2009,1,PTTP,40,25,2009,3,3
85,5,2009,1,PTTP,40,25,2009,4,2
85,5,2009,1,PTTP,40,25,2010,1,2
85,5,2009,1,PTTP,40,25,2010,2,1
85,5,2009,1,PTTP,40,25,2010,3,1
85,5,2009,1,PTTP,40,25,2010,4,5
85,5,2009,1,PTTP,40,25,2011,3,1
85,5,2009,1,PTTP,40,25,2011,4,1
85,5,2009,1,PTTP,40,26,2010,2,1
85,5,2009,1,PTTP,40,26,2010,3,1
85,5,2009,1,PTTP,42,7,2011,3,1
85,5,2009,1,PTTP,42,25,2009,3,1
85,5,2009,1,PTTP,42,25,2010,1,2
85,5,2009,1,PTTP,42,25,2011,1,1
85,5,2009,1,PTTP,42,26,2009,4,1
85,5,2009,1,PTTP,42,26,2011,2,1
85,5,2009,1,PTTP,42,26,2011,4,1
85,5,2009,1,PTTP,42,28,2009,4,1
85,5,2009,1,PTTP,42,28,2010,1,2
85,5,2009,1,PTTP,42,28,2011,3,1
85,5,2009,1,PTTP,42,29,2010,1,1
85,5,2009,1,PTTP,44,10,2009,4,1
85,5,2009,1,PTTP,44,25,2009,4,3
85,5,2009,1,PTTP,44,25,2010,1,1
85,5,2009,1,PTTP,44,25,2010,3,1
85,5,2009,1,PTTP,44,25,2013,2,1
85,5,2009,1,PTTP,44,26,2009,3,1
85,5,2009,1,PTTP,44,26,2009,4,1
85,5,2009,1,PTTP,44,28,2009,2,1
85,5,2009,1,PTTP,44,28,2010,2,1
85,5,2009,1,PTTP,44,28,2011,4,1
85,5,2009,1,PTTP,44,28,2012,4,1
85,5,2009,1,PTTP,44,29,2011,4,1
85,5,2009,1,PTTP,46,25,2009,4,3
85,5,2009,1,PTTP,46,25,2010,1,1
85,5,2009,1,PTTP,46,26,2009,4,1
85,5,2009,1,PTTP,46,28,2009,4,1
85,5,2009,1,PTTP,46,30,2010,3,1
85,5,2009,1,PTTP,48,25,2009,3,1
85,5,2009,1,PTTP,48,25,2009,4,1
85,5,2009,1,PTTP,48,25,2010,1,3
85,5,2009,1,PTTP,48,25,2010,4,2
85,5,2009,1,PTTP,48,26,2009,4,1
85,5,2009,1,PTTP,48,28,2009,2,1
85,5,2009,1,PTTP,48,28,2010,1,1
85,5,2009,1,PTTP,48,29,2009,3,1
85,5,2009,1,PTTP,48,29,2010,4,1
85,5,2009,1,PTTP,50,10,2011,2,1
85,5,2009,1,PTTP,50,14,2011,2,1
85,5,2009,1,PTTP,50,25,2010,1,2
85,5,2009,1,PTTP,50,25,2010,2,2
85,5,2009,1,PTTP,50,25,2010,3,1
85,5,2009,1,PTTP,50,25,2010,4,1
85,5,2009,1,PTTP,50,26,2010,1,1
85,5,2009,1,PTTP,50,26,2010,2,1
85,5,2009,1,PTTP,50,28,2009,4,1
85,5,2009,1,PTTP,50,29,2009,4,1
85,5,2009,1,PTTP,50,29,2011,1,1
85,5,2009,1,PTTP,50,31,2010,1,1
85,5,2009,1,PTTP,52,25,2010,3,1
85,5,2009,1,PTTP,52,28,2009,4,1
85,5,2009,1,PTTP,54,25,2009,3,1
85,5,2009,1,PTTP,54,25,2010,1,2
85,5,2009,1,PTTP,54,28,2009,3,1
85,5,2009,1,PTTP,56,25,2010,1,1
85,5,2009,1,PTTP,56,25,2010,2,1
85,5,2009,1,PTTP,58,10,2009,4,1
85,5,2009,1,PTTP,58,25,2009,2,1
85,5,2009,1,PTTP,58,25,2009,4,2
85,5,2009,1,PTTP,58,26,2010,1,1
85,5,2009,1,PTTP,58,26,2011,4,1
85,5,2009,1,PTTP,58,28,2009,4,1
85,5,2009,1,PTTP,60,25,2010,1,1
85,5,2009,1,PTTP,62,10,2009,2,1
85,5,2009,1,PTTP,62,25,2009,4,1
85,5,2009,1,PTTP,64,6,2012,1,1
85,5,2009,1,PTTP,64,10,2009,4,1
85,5,2009,1,PTTP,64,25,2009,2,3
85,5,2009,1,PTTP,64,25,2009,3,3
85,5,2009,1,PTTP,64,25,2010,1,1
85,5,2009,1,PTTP,64,28,2010,2,1
85,5,2009,1,PTTP,66,10,2010,1,1
85,5,2009,1,PTTP,66,25,2009,1,2
85,5,2009,1,PTTP,66,25,2009,4,3
85,5,2009,1,PTTP,66,25,2010,1,2
85,5,2009,1,PTTP,66,26,2009,4,2
85,5,2009,1,PTTP,66,26,2010,3,1
85,5,2009,1,PTTP,66,28,2009,2,1
85,5,2009,1,PTTP,66,28,2010,1,4
85,5,2009,1,PTTP,66,29,2010,1,1
85,5,2009,1,PTTP,66,31,2010,1,1
85,5,2009,1,PTTP,68,25,2009,2,3
85,5,2009,1,PTTP,68,25,2009,3,5
85,5,2009,1,PTTP,68,25,2009,4,1
85,5,2009,1,PTTP,68,25,2010,2,1
85,5,2009,1,PTTP,70,10,2009,4,1
85,5,2009,1,PTTP,70,25,2009,4,2
85,5,2009,1,PTTP,70,29,2009,3,1
85,5,2009,1,PTTP,74,25,2009,3,2
85,5,2009,1,PTTP,76,25,2009,3,1
86,5,2009,2,PTTP,32,12,2012,3,1
86,5,2009,2,PTTP,34,25,2010,1,1
86,5,2009,2,PTTP,34,25,2010,3,1
86,5,2009,2,PTTP,34,25,2011,2,1
86,5,2009,2,PTTP,34,25,2012,4,1
86,5,2009,2,PTTP,36,10,2009,4,1
86,5,2009,2,PTTP,36,25,2009,3,1
86,5,2009,2,PTTP,36,25,2009,4,1
86,5,2009,2,PTTP,38,25,2011,4,1
86,5,2009,2,PTTP,38,28,2010,1,1
86,5,2009,2,PTTP,38,28,2010,3,1
86,5,2009,2,PTTP,40,25,2009,3,1
86,5,2009,2,PTTP,42,25,2009,4,1
86,5,2009,2,PTTP,42,25,2010,1,1
86,5,2009,2,PTTP,46,25,2009,3,1
86,5,2009,2,PTTP,48,10,2010,1,1
86,5,2009,2,PTTP,48,25,2010,1,1
86,5,2009,2,PTTP,48,28,2010,1,1
86,5,2009,2,PTTP,48,29,2012,1,1
86,5,2009,2,PTTP,50,25,2010,2,1
86,5,2009,2,PTTP,52,25,2009,3,1
86,5,2009,2,PTTP,52,25,2010,2,1
86,5,2009,2,PTTP,58,25,2012,4,1
86,5,2009,2,PTTP,64,29,2011,4,1
87,5,2011,2,PTTP,32,26,2012,1,1
87,5,2011,2,PTTP,36,25,2011,4,1
87,5,2011,2,PTTP,36,26,2011,3,1
87,5,2011,2,PTTP,38,21,2011,3,1
87,5,2011,2,PTTP,38,25,2011,3,2
87,5,2011,2,PTTP,38,25,2011,4,1
87,5,2011,2,PTTP,38,26,2011,4,1
87,5,2011,2,PTTP,38,26,2012,3,2
87,5,2011,2,PTTP,40,25,2011,3,1
87,5,2011,2,PTTP,40,25,2011,4,1
87,5,2011,2,PTTP,40,26,2011,4,1
87,5,2011,2,PTTP,40,26,2012,1,1
87,5,2011,2,PTTP,40,28,2011,4,1
87,5,2011,2,PTTP,40,28,2012,1,1
87,5,2011,2,PTTP,42,25,2011,2,1
87,5,2011,2,PTTP,42,25,2011,3,1
87,5,2011,2,PTTP,42,25,2012,3,1
87,5,2011,2,PTTP,42,26,2011,4,1
87,5,2011,2,PTTP,44,25,2011,3,1
87,5,2011,2,PTTP,44,26,2011,4,2
87,5,2011,2,PTTP,44,30,2012,4,1
87,5,2011,2,PTTP,46,25,2011,4,1
87,5,2011,2,PTTP,50,25,2011,4,1
88,5,2014,3,PTTP,56,28,2015,4,1
89,1,2000,1,JPTP,36,1,2000,2,2
89,1,2000,1,JPTP,36,13,2000,4,1
89,1,2000,1,JPTP,38,1,2000,2,4
89,1,2000,1,JPTP,38,1,2000,3,1
89,1,2000,1,JPTP,38,13,2000,2,3
89,1,2000,1,JPTP,38,13,2000,3,2
89,1,2000,1,JPTP,40,1,2000,2,3
89,1,2000,1,JPTP,40,13,2000,1,1
89,1,2000,1,JPTP,40,13,2000,2,2
89,1,2000,1,JPTP,40,13,2000,3,2
89,1,2000,1,JPTP,42,1,2000,2,4
89,1,2000,1,JPTP,42,1,2000,3,2
89,1,2000,1,JPTP,42,13,2000,1,1
89,1,2000,1,JPTP,42,13,2000,2,1
89,1,2000,1,JPTP,42,13,2000,3,1
89,1,2000,1,JPTP,44,1,2000,2,2
89,1,2000,1,JPTP,46,1,2000,2,1
89,1,2000,1,JPTP,46,13,2000,2,1
89,1,2000,1,JPTP,48,13,2000,2,1
89,1,2000,1,JPTP,50,13,2000,2,1
89,1,2000,1,JPTP,54,1,2000,2,1
90,1,2000,2,JPTP,26,13,2000,3,1
90,1,2000,2,JPTP,30,13,2000,3,1
90,1,2000,2,JPTP,38,1,2000,4,1
90,1,2000,2,JPTP,38,13,2000,2,1
90,1,2000,2,JPTP,40,1,2000,2,1
90,1,2000,2,JPTP,40,13,2000,2,3
90,1,2000,2,JPTP,40,13,2000,3,3
90,1,2000,2,JPTP,42,1,2000,2,3
90,1,2000,2,JPTP,42,1,2000,3,8
90,1,2000,2,JPTP,42,1,2000,4,1
90,1,2000,2,JPTP,42,1,2001,1,1
90,1,2000,2,JPTP,42,13,2000,2,5
90,1,2000,2,JPTP,42,13,2000,3,2
90,1,2000,2,JPTP,44,1,2000,2,6
90,1,2000,2,JPTP,44,1,2000,3,7
90,1,2000,2,JPTP,44,1,2000,4,1
90,1,2000,2,JPTP,44,13,2000,2,7
90,1,2000,2,JPTP,44,13,2000,3,1
90,1,2000,2,JPTP,44,13,2000,4,1
90,1,2000,2,JPTP,46,1,2000,2,5
90,1,2000,2,JPTP,46,1,2000,3,3
90,1,2000,2,JPTP,46,1,2000,4,1
90,1,2000,2,JPTP,46,1,2001,1,1
90,1,2000,2,JPTP,46,13,2000,2,8
90,1,2000,2,JPTP,46,13,2000,3,3
90,1,2000,2,JPTP,48,1,2000,2,1
90,1,2000,2,JPTP,48,1,2000,3,1
90,1,2000,2,JPTP,48,13,2000,2,2
90,1,2000,2,JPTP,48,13,2000,3,2
90,1,2000,2,JPTP,50,1,2001,3,1
90,1,2000,2,JPTP,50,13,2000,2,2
90,1,2000,2,JPTP,52,13,2000,2,2
90,1,2000,2,JPTP,70,1,2000,2,1
91,1,2000,3,JPTP,30,1,2001,4,1
91,1,2000,3,JPTP,36,1,2001,1,1
91,1,2000,3,JPTP,52,1,2000,3,1
91,1,2000,3,JPTP,56,1,2000,4,1
91,1,2000,3,JPTP,56,13,2000,4,1
92,1,2000,4,JPTP,32,1,2000,4,1
92,1,2000,4,JPTP,34,13,2000,4,1
92,1,2000,4,JPTP,34,13,2001,1,2
92,1,2000,4,JPTP,36,1,2000,4,1
92,1,2000,4,JPTP,36,1,2001,2,1
92,1,2000,4,JPTP,36,13,2000,4,1
92,1,2000,4,JPTP,36,13,2001,2,1
92,1,2000,4,JPTP,38,1,2001,3,1
92,1,2000,4,JPTP,38,13,2001,1,1
92,1,2000,4,JPTP,40,1,2001,2,1
92,1,2000,4,JPTP,40,1,2001,3,1
92,1,2000,4,JPTP,40,12,2001,2,1
92,1,2000,4,JPTP,40,13,2001,1,1
92,1,2000,4,JPTP,40,13,2001,2,1
92,1,2000,4,JPTP,42,13,2001,2,1
92,1,2000,4,JPTP,44,13,2001,1,2
92,1,2000,4,JPTP,46,13,2001,1,1
92,1,2000,4,JPTP,58,1,2000,4,1
92,1,2000,4,JPTP,60,13,2000,4,1
92,1,2000,4,JPTP,62,13,2000,4,2
92,1,2000,4,JPTP,64,1,2000,4,1
92,1,2000,4,JPTP,64,13,2000,4,2
92,1,2000,4,JPTP,66,13,2000,4,1
92,1,2000,4,JPTP,68,13,2000,4,1
92,1,2000,4,JPTP,72,13,2001,1,1
94,1,2001,2,JPTP,26,1,2002,3,1
94,1,2001,2,JPTP,28,1,2001,3,1
94,1,2001,2,JPTP,28,13,2001,4,1
94,1,2001,2,JPTP,30,13,2001,3,1
94,1,2001,2,JPTP,32,13,2001,3,1
94,1,2001,2,JPTP,42,1,2001,2,1
94,1,2001,2,JPTP,42,1,2001,3,1
94,1,2001,2,JPTP,44,1,2001,2,1
94,1,2001,2,JPTP,44,1,2001,3,5
94,1,2001,2,JPTP,44,13,2001,2,1
94,1,2001,2,JPTP,46,1,2001,2,8
94,1,2001,2,JPTP,46,1,2001,3,5
94,1,2001,2,JPTP,46,1,2001,4,1
94,1,2001,2,JPTP,46,13,2001,2,1
94,1,2001,2,JPTP,46,13,2001,3,3
94,1,2001,2,JPTP,46,13,2001,4,1
94,1,2001,2,JPTP,48,1,2001,2,5
94,1,2001,2,JPTP,48,1,2001,3,3
94,1,2001,2,JPTP,48,13,2001,2,1
94,1,2001,2,JPTP,50,1,2001,2,1
94,1,2001,2,JPTP,50,1,2001,3,1
94,1,2001,2,JPTP,52,1,2001,2,1
94,1,2001,2,JPTP,52,1,2002,2,1
95,1,2001,3,JPTP,28,13,2001,3,1
95,1,2001,3,JPTP,30,13,2001,3,1
95,1,2001,3,JPTP,32,1,2001,3,2
95,1,2001,3,JPTP,32,1,2001,4,3
95,1,2001,3,JPTP,32,13,2001,3,1
95,1,2001,3,JPTP,32,13,2002,2,1
95,1,2001,3,JPTP,34,13,2001,4,2
95,1,2001,3,JPTP,34,22,2002,1,1
95,1,2001,3,JPTP,36,1,2001,3,1
95,1,2001,3,JPTP,36,13,2001,4,1
95,1,2001,3,JPTP,38,1,2001,3,1
95,1,2001,3,JPTP,40,1,2002,1,1
95,1,2001,3,JPTP,40,13,2001,4,1
95,1,2001,3,JPTP,44,13,2002,1,1
95,1,2001,3,JPTP,44,20,2002,1,1
95,1,2001,3,JPTP,48,1,2001,3,1
95,1,2001,3,JPTP,62,1,2001,4,2
95,1,2001,3,JPTP,62,13,2001,4,2
95,1,2001,3,JPTP,64,13,2001,4,1
95,1,2001,3,JPTP,98,1,2001,3,1
96,1,2001,4,JPTP,30,13,2002,1,1
96,1,2001,4,JPTP,30,13,2003,2,1
96,1,2001,4,JPTP,32,13,2001,4,1
96,1,2001,4,JPTP,32,13,2002,4,1
96,1,2001,4,JPTP,34,13,2001,4,1
96,1,2001,4,JPTP,36,1,2002,1,1
96,1,2001,4,JPTP,38,13,2001,4,1
96,1,2001,4,JPTP,40,13,2001,4,2
96,1,2001,4,JPTP,40,21,2002,1,1
96,1,2001,4,JPTP,42,13,2001,4,1
96,1,2001,4,JPTP,44,13,2001,4,2
96,1,2001,4,JPTP,44,13,2002,1,1
96,1,2001,4,JPTP,84,13,2001,4,1
97,1,2002,2,JPTP,30,1,2002,3,1
97,1,2002,2,JPTP,34,13,2003,2,1
97,1,2002,2,JPTP,34,21,2003,1,1
97,1,2002,2,JPTP,42,13,2002,2,1
97,1,2002,2,JPTP,42,13,2002,3,1
97,1,2002,2,JPTP,44,13,2002,3,2
97,1,2002,2,JPTP,46,1,2002,2,1
97,1,2002,2,JPTP,46,1,2002,3,1
97,1,2002,2,JPTP,46,13,2002,2,2
97,1,2002,2,JPTP,48,1,2002,2,2
97,1,2002,2,JPTP,48,1,2002,3,4
97,1,2002,2,JPTP,50,1,2002,2,1
97,1,2002,2,JPTP,50,1,2002,3,1
97,1,2002,2,JPTP,50,1,2002,4,1
97,1,2002,2,JPTP,50,13,2002,2,1
97,1,2002,2,JPTP,50,13,2002,3,1
97,1,2002,2,JPTP,50,13,2003,1,1
97,1,2002,2,JPTP,52,1,2002,2,2
97,1,2002,2,JPTP,52,1,2002,3,3
97,1,2002,2,JPTP,52,1,2002,4,2
97,1,2002,2,JPTP,52,1,2003,1,1
97,1,2002,2,JPTP,52,1,2003,2,1
97,1,2002,2,JPTP,54,1,2002,3,1
98,1,2002,3,JPTP,32,1,2003,2,1
98,1,2002,3,JPTP,34,13,2003,2,1
98,1,2002,3,JPTP,38,1,2002,3,1
98,1,2002,3,JPTP,46,1,2002,4,1
98,1,2002,3,JPTP,54,13,2002,3,1
98,1,2002,3,JPTP,56,1,2002,3,1
98,1,2002,3,JPTP,60,1,2002,3,1
99,1,2002,4,JPTP,34,21,2003,2,1
99,1,2002,4,JPTP,38,13,2003,3,1
99,1,2002,4,JPTP,40,1,2003,1,1
99,1,2002,4,JPTP,40,13,2002,4,1
99,1,2002,4,JPTP,40,13,2003,1,1
99,1,2002,4,JPTP,42,1,2002,4,1
99,1,2002,4,JPTP,42,13,2002,4,2
99,1,2002,4,JPTP,44,1,2002,4,1
100,1,2003,1,JPTP,34,1,2003,3,1
100,1,2003,1,JPTP,36,1,2003,3,1
100,1,2003,1,JPTP,36,13,2003,1,1
100,1,2003,1,JPTP,38,1,2003,2,2
100,1,2003,1,JPTP,38,1,2003,3,4
100,1,2003,1,JPTP,38,1,2003,4,1
100,1,2003,1,JPTP,38,13,2003,1,7
100,1,2003,1,JPTP,38,13,2003,2,15
100,1,2003,1,JPTP,38,13,2003,3,1
100,1,2003,1,JPTP,40,1,2003,1,1
100,1,2003,1,JPTP,40,1,2003,2,2
100,1,2003,1,JPTP,40,1,2003,4,1
100,1,2003,1,JPTP,40,13,2003,1,15
100,1,2003,1,JPTP,40,13,2003,2,20
100,1,2003,1,JPTP,40,13,2003,3,1
100,1,2003,1,JPTP,42,1,2003,1,1
100,1,2003,1,JPTP,42,1,2003,2,3
100,1,2003,1,JPTP,42,1,2003,3,1
100,1,2003,1,JPTP,42,1,2003,4,1
100,1,2003,1,JPTP,42,1,2004,2,1
100,1,2003,1,JPTP,42,13,2003,1,8
100,1,2003,1,JPTP,42,13,2003,2,9
100,1,2003,1,JPTP,42,13,2003,4,1
100,1,2003,1,JPTP,42,13,2005,2,1
100,1,2003,1,JPTP,44,1,2003,3,1
100,1,2003,1,JPTP,44,13,2003,1,3
100,1,2003,1,JPTP,44,13,2003,2,8
100,1,2003,1,JPTP,46,13,2003,1,8
100,1,2003,1,JPTP,46,13,2003,2,5
100,1,2003,1,JPTP,46,13,2003,3,2
100,1,2003,1,JPTP,48,1,2004,2,1
100,1,2003,1,JPTP,48,13,2003,1,3
100,1,2003,1,JPTP,48,13,2003,2,6
100,1,2003,1,JPTP,50,1,2003,1,1
100,1,2003,1,JPTP,50,13,2003,1,1
100,1,2003,1,JPTP,50,13,2003,2,5
100,1,2003,1,JPTP,52,13,2003,1,1
100,1,2003,1,JPTP,52,13,2003,2,1
100,1,2003,1,JPTP,54,13,2003,2,2
100,1,2003,1,JPTP,62,1,2003,1,1
100,1,2003,1,JPTP,84,1,2003,2,1
100,1,2003,1,JPTP,94,1,2003,1,1
100,1,2003,1,JPTP,96,1,2003,1,1
101,1,2003,2,JPTP,40,1,2004,1,1
101,1,2003,2,JPTP,40,13,2003,2,2
101,1,2003,2,JPTP,40,13,2004,2,1
101,1,2003,2,JPTP,42,1,2003,2,2
101,1,2003,2,JPTP,44,1,2003,2,3
101,1,2003,2,JPTP,44,1,2003,3,2
101,1,2003,2,JPTP,44,1,2004,1,1
101,1,2003,2,JPTP,44,13,2003,3,2
101,1,2003,2,JPTP,46,1,2003,2,1
101,1,2003,2,JPTP,46,1,2004,1,1
101,1,2003,2,JPTP,46,13,2003,3,1
101,1,2003,2,JPTP,48,1,2003,2,2
101,1,2003,2,JPTP,48,1,2003,3,1
101,1,2003,2,JPTP,48,13,2003,2,1
101,1,2003,2,JPTP,48,13,2003,3,1
101,1,2003,2,JPTP,50,1,2003,2,2
101,1,2003,2,JPTP,50,1,2003,3,2
101,1,2003,2,JPTP,50,13,2003,2,1
101,1,2003,2,JPTP,50,13,2004,1,1
101,1,2003,2,JPTP,52,1,2003,3,1
101,1,2003,2,JPTP,52,1,2004,1,1
101,1,2003,2,JPTP,52,13,2003,2,1
101,1,2003,2,JPTP,54,1,2003,3,1
101,1,2003,2,JPTP,56,13,2004,1,1
101,1,2003,2,JPTP,70,1,2003,2,1
101,1,2003,2,JPTP,78,1,2003,3,1
101,1,2003,2,JPTP,98,1,2003,3,1
102,1,2003,3,JPTP,46,1,2003,4,1
102,1,2003,3,JPTP,48,1,2003,3,1
102,1,2003,3,JPTP,48,13,2003,3,1
102,1,2003,3,JPTP,50,1,2004,4,1
102,1,2003,3,JPTP,52,1,2003,3,1
102,1,2003,3,JPTP,52,1,2003,4,1
102,1,2003,3,JPTP,56,1,2004,2,1
102,1,2003,3,JPTP,60,1,2003,3,1
102,1,2003,3,JPTP,60,1,2003,4,1
102,1,2003,3,JPTP,62,1,2004,1,1
102,1,2003,3,JPTP,62,13,2005,2,1
102,1,2003,3,JPTP,64,1,2003,4,1
102,1,2003,3,JPTP,64,13,2003,4,1
102,1,2003,3,JPTP,68,1,2003,4,1
103,1,2003,4,JPTP,34,1,2003,4,2
103,1,2003,4,JPTP,34,15,2004,1,1
103,1,2003,4,JPTP,36,1,2004,2,2
103,1,2003,4,JPTP,36,13,2004,2,1
103,1,2003,4,JPTP,38,13,2003,4,1
103,1,2003,4,JPTP,42,13,2004,1,1
103,1,2003,4,JPTP,44,1,2003,4,2
103,1,2003,4,JPTP,44,1,2004,3,1
103,1,2003,4,JPTP,44,13,2004,1,1
103,1,2003,4,JPTP,50,1,2003,4,1
103,1,2003,4,JPTP,52,1,2003,4,1
103,1,2003,4,JPTP,56,1,2003,4,1
103,1,2003,4,JPTP,58,1,2003,4,1
103,1,2003,4,JPTP,60,1,2003,4,1
103,1,2003,4,JPTP,60,13,2004,1,1
103,1,2003,4,JPTP,62,1,2004,3,1
103,1,2003,4,JPTP,62,1,2004,4,1
103,1,2003,4,JPTP,62,13,2003,4,1
103,1,2003,4,JPTP,66,1,2003,4,2
103,1,2003,4,JPTP,68,1,2003,4,2
103,1,2003,4,JPTP,68,1,2004,1,1
103,1,2003,4,JPTP,68,13,2003,4,1
103,1,2003,4,JPTP,74,1,2003,4,1
104,1,2004,1,JPTP,36,1,2004,2,1
104,1,2004,1,JPTP,36,13,2005,2,1
104,1,2004,1,JPTP,36,13,2005,3,1
104,1,2004,1,JPTP,40,1,2004,1,1
104,1,2004,1,JPTP,40,1,2004,2,1
104,1,2004,1,JPTP,40,1,2005,1,1
104,1,2004,1,JPTP,40,13,2004,2,1
104,1,2004,1,JPTP,42,1,2004,1,1
104,1,2004,1,JPTP,42,1,2005,2,1
104,1,2004,1,JPTP,42,13,2004,1,1
104,1,2004,1,JPTP,44,1,2004,1,3
104,1,2004,1,JPTP,44,1,2004,2,1
104,1,2004,1,JPTP,46,1,2004,2,1
104,1,2004,1,JPTP,46,1,2004,3,1
104,1,2004,1,JPTP,46,13,2004,4,1
105,1,2004,2,JPTP,36,1,2004,3,3
105,1,2004,2,JPTP,38,1,2004,2,3
105,1,2004,2,JPTP,38,1,2004,3,3
105,1,2004,2,JPTP,38,1,2006,3,1
105,1,2004,2,JPTP,38,13,2004,2,1
105,1,2004,2,JPTP,40,1,2004,2,1
105,1,2004,2,JPTP,40,1,2004,3,2
105,1,2004,2,JPTP,42,1,2004,3,1
105,1,2004,2,JPTP,42,1,2004,4,1
105,1,2004,2,JPTP,42,1,2005,3,1
105,1,2004,2,JPTP,44,1,2004,2,1
105,1,2004,2,JPTP,44,13,2005,4,1
105,1,2004,2,JPTP,46,1,2004,4,2
105,1,2004,2,JPTP,46,13,2004,3,1
105,1,2004,2,JPTP,48,13,2004,4,1
105,1,2004,2,JPTP,50,13,2004,4,2
105,1,2004,2,JPTP,54,13,2004,2,1
106,1,2004,3,JPTP,34,1,2006,1,1
106,1,2004,3,JPTP,38,1,2005,2,2
106,1,2004,3,JPTP,40,1,2005,1,1
106,1,2004,3,JPTP,46,1,2005,3,1
106,1,2004,3,JPTP,48,1,2004,3,1
106,1,2004,3,JPTP,50,1,2004,3,4
106,1,2004,3,JPTP,56,1,2004,3,1
106,1,2004,3,JPTP,56,1,2005,2,1
106,1,2004,3,JPTP,88,1,2004,3,1
107,1,2004,4,JPTP,32,1,2005,1,1
107,1,2004,4,JPTP,38,12,2005,2,1
107,1,2004,4,JPTP,38,13,2005,2,1
107,1,2004,4,JPTP,40,1,2005,1,1
107,1,2004,4,JPTP,40,1,2005,2,1
107,1,2004,4,JPTP,40,1,2005,3,1
107,1,2004,4,JPTP,40,12,2005,2,1
107,1,2004,4,JPTP,40,13,2004,4,1
107,1,2004,4,JPTP,42,1,2004,4,1
107,1,2004,4,JPTP,42,1,2005,2,4
107,1,2004,4,JPTP,42,13,2004,4,1
107,1,2004,4,JPTP,46,1,2005,4,1
107,1,2004,4,JPTP,48,1,2004,4,1
107,1,2004,4,JPTP,62,1,2004,4,1
107,1,2004,4,JPTP,64,1,2005,1,1
107,1,2004,4,JPTP,70,1,2004,4,1
108,1,2005,1,JPTP,34,13,2005,2,2
108,1,2005,1,JPTP,38,1,2005,3,1
108,1,2005,1,JPTP,38,13,2005,2,1
108,1,2005,1,JPTP,40,1,2005,2,2
108,1,2005,1,JPTP,40,13,2005,2,6
108,1,2005,1,JPTP,42,1,2005,2,2
108,1,2005,1,JPTP,42,1,2006,1,2
108,1,2005,1,JPTP,42,13,2005,2,11
108,1,2005,1,JPTP,42,13,2005,3,1
108,1,2005,1,JPTP,42,13,2005,4,1
108,1,2005,1,JPTP,42,13,2006,1,1
108,1,2005,1,JPTP,44,1,2005,2,2
108,1,2005,1,JPTP,44,1,2005,4,1
108,1,2005,1,JPTP,44,1,2006,1,1
108,1,2005,1,JPTP,44,13,2005,2,4
108,1,2005,1,JPTP,44,13,2005,3,1
108,1,2005,1,JPTP,46,13,2005,2,3
108,1,2005,1,JPTP,48,13,2005,2,1
109,1,2005,2,JPTP,44,1,2005,3,1
109,1,2005,2,JPTP,50,1,2005,4,1
109,1,2005,2,JPTP,50,1,2006,4,1
110,1,2005,3,JPTP,30,1,2005,3,1
110,1,2005,3,JPTP,36,1,2005,4,1
110,1,2005,3,JPTP,36,1,2006,2,1
110,1,2005,3,JPTP,38,1,2006,1,1
110,1,2005,3,JPTP,38,1,2006,3,1
110,1,2005,3,JPTP,38,1,2006,4,1
110,1,2005,3,JPTP,38,13,2006,1,1
110,1,2005,3,JPTP,38,13,2006,2,1
110,1,2005,3,JPTP,38,15,2007,1,1
110,1,2005,3,JPTP,42,13,2006,2,1
110,1,2005,3,JPTP,44,13,2006,2,1
110,1,2005,3,JPTP,46,1,2005,3,1
110,1,2005,3,JPTP,48,13,2005,3,1
110,1,2005,3,JPTP,52,1,2005,3,1
110,1,2005,3,JPTP,52,1,2005,4,1
110,1,2005,3,JPTP,54,1,2005,3,2
110,1,2005,3,JPTP,54,1,2006,1,1
110,1,2005,3,JPTP,58,1,2005,3,1
110,1,2005,3,JPTP,64,1,2005,3,1
111,1,2005,4,JPTP,30,13,2005,4,1
111,1,2005,4,JPTP,32,1,2005,4,1
111,1,2005,4,JPTP,32,13,2006,2,1
111,1,2005,4,JPTP,34,1,2006,1,1
111,1,2005,4,JPTP,36,1,2006,1,1
111,1,2005,4,JPTP,36,1,2006,3,1
111,1,2005,4,JPTP,36,13,2006,1,1
111,1,2005,4,JPTP,40,1,2006,3,1
111,1,2005,4,JPTP,40,13,2005,4,1
111,1,2005,4,JPTP,42,13,2005,4,1
111,1,2005,4,JPTP,46,13,2006,1,1
111,1,2005,4,JPTP,54,1,2005,4,1
111,1,2005,4,JPTP,68,1,2006,1,1
112,1,2006,1,JPTP,32,13,2006,3,1
112,1,2006,1,JPTP,76,1,2006,1,1
112,1,2006,1,JPTP,82,1,2006,2,1
113,1,2006,2,JPTP,44,1,2007,1,1
113,1,2006,2,JPTP,44,1,2007,4,1
113,1,2006,2,JPTP,46,1,2006,3,1
113,1,2006,2,JPTP,46,1,2007,3,1
113,1,2006,2,JPTP,46,13,2006,3,1
113,1,2006,2,JPTP,50,1,2007,1,1
113,1,2006,2,JPTP,50,13,2006,2,1
113,1,2006,2,JPTP,56,1,2006,3,2
114,1,2006,3,JPTP,28,1,2006,4,1
114,1,2006,3,JPTP,30,1,2007,3,1
114,1,2006,3,JPTP,30,13,2006,3,1
114,1,2006,3,JPTP,30,13,2007,2,1
114,1,2006,3,JPTP,34,13,2006,4,1
114,1,2006,3,JPTP,38,13,2006,4,3
114,1,2006,3,JPTP,40,1,2007,3,1
114,1,2006,3,JPTP,40,13,2006,4,2
114,1,2006,3,JPTP,40,21,2007,2,1
114,1,2006,3,JPTP,44,1,2006,4,1
114,1,2006,3,JPTP,44,13,2006,4,1
114,1,2006,3,JPTP,56,1,2006,3,1
114,1,2006,3,JPTP,58,13,2006,4,1
114,1,2006,3,JPTP,62,1,2006,3,1
115,1,2006,4,JPTP,28,1,2007,2,1
115,1,2006,4,JPTP,36,1,2007,2,1
115,1,2006,4,JPTP,36,13,2007,2,2
115,1,2006,4,JPTP,38,13,2007,3,1
115,1,2006,4,JPTP,40,1,2007,2,1
115,1,2006,4,JPTP,40,13,2007,2,1
115,1,2006,4,JPTP,42,13,2007,1,1
115,1,2006,4,JPTP,44,1,2007,1,1
115,1,2006,4,JPTP,44,13,2007,2,1
115,1,2006,4,JPTP,44,13,2007,3,1
115,1,2006,4,JPTP,46,13,2007,1,1
116,1,2007,2,JPTP,32,1,2009,1,1
116,1,2007,2,JPTP,32,13,2007,3,1
116,1,2007,2,JPTP,32,13,2008,3,1
116,1,2007,2,JPTP,44,13,2008,2,1
116,1,2007,2,JPTP,46,1,2008,1,1
116,1,2007,2,JPTP,46,13,2007,3,1
116,1,2007,2,JPTP,48,1,2008,2,1
116,1,2007,2,JPTP,50,12,2007,2,1
116,1,2007,2,JPTP,50,13,2008,1,2
117,1,2007,3,JPTP,32,20,2008,4,1
117,1,2007,3,JPTP,34,30,2008,1,0
117,1,2007,3,JPTP,36,1,2007,4,1
117,1,2007,3,JPTP,36,1,2008,2,1
117,1,2007,3,JPTP,36,20,2008,1,2
117,1,2007,3,JPTP,36,20,2008,3,1
117,1,2007,3,JPTP,36,26,2009,3,0
117,1,2007,3,JPTP,36,30,2008,1,0
117,1,2007,3,JPTP,38,1,2007,4,2
117,1,2007,3,JPTP,38,1,2008,1,1
117,1,2007,3,JPTP,38,13,2009,1,1
117,1,2007,3,JPTP,38,15,2008,1,1
117,1,2007,3,JPTP,38,30,2008,1,0
117,1,2007,3,JPTP,40,1,2007,4,1
117,1,2007,3,JPTP,40,12,2008,2,1
117,1,2007,3,JPTP,40,20,2008,1,1
117,1,2007,3,JPTP,42,13,2008,2,1
117,1,2007,3,JPTP,46,13,2008,2,1
117,1,2007,3,JPTP,48,1,2007,4,1
117,1,2007,3,JPTP,50,1,2007,3,1
117,1,2007,3,JPTP,52,1,2007,3,3
117,1,2007,3,JPTP,56,13,2007,3,1
117,1,2007,3,JPTP,62,1,2007,4,1
117,1,2007,3,JPTP,62,12,2008,2,1
117,1,2007,3,JPTP,62,13,2007,4,1
117,1,2007,3,JPTP,64,1,2007,3,1
117,1,2007,3,JPTP,66,1,2007,4,1
117,1,2007,3,JPTP,76,1,2008,3,1
118,1,2007,4,JPTP,34,13,2008,2,1
118,1,2007,4,JPTP,36,13,2008,2,2
118,1,2007,4,JPTP,38,13,2008,2,1
118,1,2007,4,JPTP,40,13,2008,1,1
118,1,2007,4,JPTP,42,1,2008,2,1
118,1,2007,4,JPTP,64,1,2007,4,1
118,1,2007,4,JPTP,66,1,2007,4,1
118,1,2007,4,JPTP,70,1,2007,4,1
119,1,2008,1,JPTP,54,1,2008,1,1
119,1,2008,1,JPTP,66,1,2008,1,1
119,1,2008,1,JPTP,82,1,2008,1,2
119,1,2008,1,JPTP,84,1,2008,2,1
120,1,2008,2,JPTP,40,1,2008,3,1
120,1,2008,2,JPTP,40,13,2009,1,1
120,1,2008,2,JPTP,40,15,2009,1,1
120,1,2008,2,JPTP,42,12,2009,2,1
120,1,2008,2,JPTP,42,13,2008,3,2
120,1,2008,2,JPTP,42,13,2009,1,2
120,1,2008,2,JPTP,44,13,2008,2,2
120,1,2008,2,JPTP,44,13,2008,3,3
120,1,2008,2,JPTP,44,13,2008,4,1
120,1,2008,2,JPTP,44,13,2009,1,1
120,1,2008,2,JPTP,46,1,2009,1,1
120,1,2008,2,JPTP,46,1,2009,2,1
120,1,2008,2,JPTP,46,13,2008,3,2
120,1,2008,2,JPTP,48,1,2009,3,1
120,1,2008,2,JPTP,52,1,2009,2,1
120,1,2008,2,JPTP,52,13,2008,3,1
120,1,2008,2,JPTP,52,13,2009,1,1
121,1,2008,3,JPTP,32,13,2008,4,1
121,1,2008,3,JPTP,34,13,2008,4,1
121,1,2008,3,JPTP,34,15,2008,4,1
121,1,2008,3,JPTP,34,20,2009,1,2
121,1,2008,3,JPTP,34,22,2008,4,1
121,1,2008,3,JPTP,36,12,2009,2,1
121,1,2008,3,JPTP,36,13,2009,1,1
121,1,2008,3,JPTP,36,13,2009,3,1
121,1,2008,3,JPTP,36,13,2010,1,1
121,1,2008,3,JPTP,36,20,2009,1,1
121,1,2008,3,JPTP,36,21,2009,1,1
121,1,2008,3,JPTP,36,22,2009,1,1
121,1,2008,3,JPTP,36,26,2009,3,0
121,1,2008,3,JPTP,38,13,2009,1,1
121,1,2008,3,JPTP,38,13,2009,2,2
121,1,2008,3,JPTP,38,13,2010,1,1
121,1,2008,3,JPTP,38,26,2009,1,0
121,1,2008,3,JPTP,40,17,2009,1,1
121,1,2008,3,JPTP,50,1,2008,4,2
121,1,2008,3,JPTP,50,12,2009,2,1
121,1,2008,3,JPTP,50,13,2008,4,1
121,1,2008,3,JPTP,52,13,2008,3,2
121,1,2008,3,JPTP,54,1,2009,2,1
121,1,2008,3,JPTP,54,12,2008,3,1
121,1,2008,3,JPTP,54,13,2009,4,1
121,1,2008,3,JPTP,56,1,2009,2,1
121,1,2008,3,JPTP,56,13,2008,3,1
121,1,2008,3,JPTP,58,13,2008,3,1
121,1,2008,3,JPTP,60,1,2009,3,1
121,1,2008,3,JPTP,68,1,2008,3,1
122,1,2008,4,JPTP,34,1,2010,2,1
122,1,2008,4,JPTP,34,13,2009,2,1
122,1,2008,4,JPTP,36,1,2009,2,1
122,1,2008,4,JPTP,36,1,2010,2,1
122,1,2008,4,JPTP,36,5,2009,1,0
122,1,2008,4,JPTP,38,13,2009,1,1
122,1,2008,4,JPTP,38,13,2009,2,2
122,1,2008,4,JPTP,42,1,2009,3,1
122,1,2008,4,JPTP,42,1,2009,4,1
122,1,2008,4,JPTP,42,13,2009,1,1
122,1,2008,4,JPTP,44,1,2008,4,1
122,1,2008,4,JPTP,44,1,2009,2,1
122,1,2008,4,JPTP,46,13,2008,4,1
123,1,2009,2,JPTP,48,13,2009,3,1
124,1,2009,3,JPTP,32,13,2010,4,1
124,1,2009,3,JPTP,34,1,2010,1,1
124,1,2009,3,JPTP,34,13,2010,1,3
124,1,2009,3,JPTP,34,13,2010,2,1
124,1,2009,3,JPTP,36,1,2009,4,1
124,1,2009,3,JPTP,36,1,2010,4,1
124,1,2009,3,JPTP,36,13,2009,4,2
124,1,2009,3,JPTP,36,13,2010,3,1
124,1,2009,3,JPTP,38,1,2009,4,1
124,1,2009,3,JPTP,38,13,2009,3,1
124,1,2009,3,JPTP,38,13,2009,4,1
124,1,2009,3,JPTP,40,1,2009,4,1
124,1,2009,3,JPTP,40,13,2009,3,1
124,1,2009,3,JPTP,40,13,2010,2,1
124,1,2009,3,JPTP,40,20,2010,3,1
124,1,2009,3,JPTP,40,22,2010,1,1
124,1,2009,3,JPTP,42,20,2010,1,2
124,1,2009,3,JPTP,42,21,2010,1,1
124,1,2009,3,JPTP,44,1,2009,3,1
124,1,2009,3,JPTP,44,1,2009,4,1
124,1,2009,3,JPTP,44,13,2010,2,1
124,1,2009,3,JPTP,46,1,2009,4,1
124,1,2009,3,JPTP,46,20,2010,2,1
124,1,2009,3,JPTP,48,13,2009,4,1
124,1,2009,3,JPTP,50,1,2009,3,3
124,1,2009,3,JPTP,50,1,2010,2,1
124,1,2009,3,JPTP,52,1,2009,3,2
124,1,2009,3,JPTP,52,13,2010,3,1
124,1,2009,3,JPTP,54,1,2009,3,1
124,1,2009,3,JPTP,54,1,2009,4,1
124,1,2009,3,JPTP,56,1,2009,3,3
124,1,2009,3,JPTP,60,1,2009,3,1
125,1,2009,4,JPTP,36,20,2010,1,1
126,1,2010,3,JPTP,36,1,2010,3,1
126,1,2010,3,JPTP,36,13,2010,4,2
126,1,2010,3,JPTP,42,1,2010,3,1
126,1,2010,3,JPTP,48,1,2010,3,1
126,1,2010,3,JPTP,50,1,2010,3,3
126,1,2010,3,JPTP,52,1,2010,3,1
126,1,2010,3,JPTP,52,13,2010,4,1
126,1,2010,3,JPTP,56,1,2010,3,1
127,1,2010,4,JPTP,34,13,2010,4,2
127,1,2010,4,JPTP,36,1,2011,4,1
127,1,2010,4,JPTP,36,13,2010,4,6
127,1,2010,4,JPTP,36,13,2011,1,1
127,1,2010,4,JPTP,38,13,2010,4,2
127,1,2010,4,JPTP,38,13,2011,1,1
127,1,2010,4,JPTP,40,1,2010,4,1
127,1,2010,4,JPTP,40,13,2010,4,15
127,1,2010,4,JPTP,40,13,2011,2,1
127,1,2010,4,JPTP,40,20,2011,1,1
127,1,2010,4,JPTP,42,1,2011,2,1
127,1,2010,4,JPTP,42,13,2010,4,7
127,1,2010,4,JPTP,42,20,2011,1,1
127,1,2010,4,JPTP,44,13,2010,4,10
127,1,2010,4,JPTP,44,13,2011,2,1
127,1,2010,4,JPTP,46,1,2011,1,1
127,1,2010,4,JPTP,46,13,2010,4,4
127,1,2010,4,JPTP,48,13,2010,4,3
127,1,2010,4,JPTP,52,13,2010,4,1
127,1,2010,4,JPTP,56,13,2010,4,2
127,1,2010,4,JPTP,64,1,2011,4,1
127,1,2010,4,JPTP,64,13,2010,4,1
127,1,2010,4,JPTP,66,1,2010,4,1
127,1,2010,4,JPTP,68,1,2010,4,1
127,1,2010,4,JPTP,68,13,2010,4,1
127,1,2010,4,JPTP,70,1,2011,1,1
127,1,2010,4,JPTP,90,1,2011,1,1
128,1,2011,2,JPTP,46,13,2011,3,1
128,1,2011,2,JPTP,48,1,2011,3,1
128,1,2011,2,JPTP,48,13,2011,4,1
129,1,2011,4,JPTP,30,13,2014,3,1
129,1,2011,4,JPTP,32,13,2012,2,2
129,1,2011,4,JPTP,34,13,2012,2,1
129,1,2011,4,JPTP,38,13,2012,2,1
129,1,2011,4,JPTP,42,1,2012,1,1
130,1,2012,1,JPTP,34,13,2012,2,2
130,1,2012,1,JPTP,36,1,2013,2,1
130,1,2012,1,JPTP,36,13,2012,2,2
130,1,2012,1,JPTP,36,13,2013,2,1
130,1,2012,1,JPTP,38,1,2013,2,1
130,1,2012,1,JPTP,38,1,2013,3,1
130,1,2012,1,JPTP,38,13,2012,2,2
130,1,2012,1,JPTP,38,13,2012,3,3
130,1,2012,1,JPTP,40,12,2012,2,1
130,1,2012,1,JPTP,40,13,2012,2,3
130,1,2012,1,JPTP,42,1,2012,1,1
130,1,2012,1,JPTP,42,1,2013,2,1
130,1,2012,1,JPTP,42,12,2012,2,1
130,1,2012,1,JPTP,42,13,2012,2,4
130,1,2012,1,JPTP,44,1,2014,2,1
130,1,2012,1,JPTP,44,12,2012,2,1
130,1,2012,1,JPTP,44,13,2012,3,1
130,1,2012,1,JPTP,46,13,2012,2,1
131,1,2012,2,JPTP,38,13,2012,3,1
131,1,2012,2,JPTP,40,1,2013,2,1
131,1,2012,2,JPTP,40,13,2012,2,2
131,1,2012,2,JPTP,40,13,2012,3,1
131,1,2012,2,JPTP,42,1,2012,3,1
131,1,2012,2,JPTP,42,1,2012,4,1
131,1,2012,2,JPTP,42,13,2012,2,5
131,1,2012,2,JPTP,42,13,2012,3,1
131,1,2012,2,JPTP,42,13,2013,2,1
131,1,2012,2,JPTP,44,1,2012,3,1
131,1,2012,2,JPTP,44,1,2012,4,1
131,1,2012,2,JPTP,44,1,2013,2,1
131,1,2012,2,JPTP,44,13,2012,2,1
131,1,2012,2,JPTP,44,13,2012,4,1
131,1,2012,2,JPTP,44,13,2013,2,1
131,1,2012,2,JPTP,46,12,2012,2,1
131,1,2012,2,JPTP,46,13,2012,3,1
132,1,2013,2,JPTP,44,13,2013,2,1
132,1,2013,2,JPTP,46,13,2013,3,1
132,1,2013,2,JPTP,46,13,2016,4,1
133,1,2014,1,JPTP,38,1,2014,2,1
133,1,2014,1,JPTP,40,1,2014,2,1
133,1,2014,1,JPTP,42,1,2014,3,2
133,1,2014,1,JPTP,42,1,2014,4,1
133,1,2014,1,JPTP,42,13,2014,2,2
133,1,2014,1,JPTP,44,13,2014,2,1
133,1,2014,1,JPTP,44,13,2014,3,1
133,1,2014,1,JPTP,44,13,2015,1,1
133,1,2014,1,JPTP,46,13,2014,2,1
134,1,2014,2,JPTP,42,1,2014,3,1
134,1,2014,2,JPTP,42,1,2015,1,1
134,1,2014,2,JPTP,44,1,2014,3,1
134,1,2014,2,JPTP,44,1,2014,4,1
134,1,2014,2,JPTP,44,13,2014,4,1
134,1,2014,2,JPTP,46,1,2014,2,1
134,1,2014,2,JPTP,46,1,2014,3,2
134,1,2014,2,JPTP,46,13,2014,2,1
134,1,2014,2,JPTP,50,1,2014,3,1
134,1,2014,2,JPTP,50,13,2015,3,1
135,1,2015,1,JPTP,40,1,2016,2,1
135,1,2015,1,JPTP,40,13,2015,2,2
135,1,2015,1,JPTP,40,13,2015,3,1
135,1,2015,1,JPTP,42,1,2015,2,2
135,1,2015,1,JPTP,42,1,2015,4,1
135,1,2015,1,JPTP,42,13,2015,2,7
135,1,2015,1,JPTP,42,13,2015,3,3
135,1,2015,1,JPTP,42,13,2015,4,1
135,1,2015,1,JPTP,44,1,2015,3,1
135,1,2015,1,JPTP,44,13,2015,2,6
135,1,2015,1,JPTP,44,13,2015,3,4
135,1,2015,1,JPTP,46,13,2015,1,1
135,1,2015,1,JPTP,46,13,2015,2,3
136,1,2015,2,JPTP,46,1,2015,4,1
137,1,2016,1,JPTP,34,1,2017,2,1
137,1,2016,1,JPTP,34,13,2016,2,3
137,1,2016,1,JPTP,36,1,2016,2,1
137,1,2016,1,JPTP,36,1,2016,3,1
137,1,2016,1,JPTP,36,13,2016,2,1
137,1,2016,1,JPTP,36,13,2016,3,1
137,1,2016,1,JPTP,38,1,2016,2,2
137,1,2016,1,JPTP,38,13,2016,2,1
137,1,2016,1,JPTP,40,1,2016,2,2
137,1,2016,1,JPTP,40,13,2016,3,1
137,1,2016,1,JPTP,42,1,2016,3,1
138,1,2016,2,JPTP,40,13,2016,3,1
138,1,2016,2,JPTP,42,1,2016,3,1
138,1,2016,2,JPTP,42,13,2016,2,1
138,1,2016,2,JPTP,44,13,2016,3,1
138,1,2016,2,JPTP,46,1,2016,2,2
138,1,2016,2,JPTP,46,13,2016,2,1
138,1,2016,2,JPTP,48,13,2016,3,1
139,1,2017,1,JPTP,40,1,2017,3,1
139,1,2017,1,JPTP,42,1,2017,2,1
139,1,2017,1,JPTP,42,15,2018,3,1
139,1,2017,1,JPTP,44,1,2017,3,1
143,4,2005,3,JPTP,32,31,2005,3,1
143,4,2005,3,JPTP,34,31,2005,3,2
143,4,2005,3,JPTP,36,31,2005,3,6
143,4,2005,3,JPTP,38,31,2005,3,1
143,4,2005,3,JPTP,40,31,2005,3,1
