year,season,fishery,area,catch
1952,1,1,1,429.163
1953,1,1,1,650.392
1954,1,1,1,901.979
1955,1,1,1,889.584
1956,1,1,1,1195.52
1957,1,1,1,976.733
1958,1,1,1,582.482
1959,1,1,1,2299.46
1960,1,1,1,2360.74
1961,1,1,1,1027.16
1962,1,1,1,2826.37
1963,1,1,1,1196.2
1964,1,1,1,734.105
1965,1,1,1,877.169
1966,1,1,1,941.976
1967,1,1,1,1182.44
1968,1,1,1,999.475
1969,1,1,1,879.8
1970,1,1,1,2523.44
1971,1,1,1,1073.58
1972,1,1,1,1138.5
1973,1,1,1,678.366
1974,1,1,1,1643.41
1975,1,1,1,2094.53
1976,1,1,1,2108.05
1977,1,1,1,2459.82
1978,1,1,1,3914.68
1979,1,1,1,3049.83
1980,1,1,1,3146.59
1981,1,1,1,2103.26
1982,1,1,1,1850.54
1983,1,1,1,2798.17
1984,1,1,1,2650.74
1985,1,1,1,1794.94
1986,1,1,1,2704.86
1987,1,1,1,1943.38
1988,1,1,1,2365.98
1989,1,1,1,2235.3
1990,1,1,1,1621.54
1991,1,1,1,2504.9
1992,1,1,1,2726.34
1993,1,1,1,2544.82
1994,1,1,1,1205.6
1995,1,1,1,1876.72
1996,1,1,1,690.248
1997,1,1,1,1226.12
1998,1,1,1,1728.4
1999,1,1,1,996.434
2000,1,1,1,2259.15
2001,1,1,1,1273.28
2002,1,1,1,672.578
2003,1,1,1,1531.95
2004,1,1,1,866.247
2005,1,1,1,864.067
2006,1,1,1,1842.75
2007,1,1,1,904.723
2008,1,1,1,1135.06
2009,1,1,1,1793.44
2010,1,1,1,1373.64
2011,1,1,1,1522.43
2012,1,1,1,1354.36
2013,1,1,1,1184.6
2014,1,1,1,805.719
2015,1,1,1,1938.74
2016,1,1,1,1441.92
2017,1,1,1,1519.79
2018,1,1,1,1594.9
2019,1,1,1,2549.84
2020,1,1,1,1073.99
2021,1,1,1,2482.7
2022,1,1,1,832.996
2023,1,1,1,1283.52
2024,1,1,1,3128.95
1952,1,2,1,209.273
1953,1,2,1,510.382
1954,1,2,1,65.6516
1955,1,2,1,122.083
1956,1,2,1,192.692
1957,1,2,1,276.414
1958,1,2,1,224.364
1959,1,2,1,2373.61
1960,1,2,1,1288.03
1961,1,2,1,1672.36
1962,1,2,1,2023.07
1963,1,2,1,1236.66
1964,1,2,1,703.653
1965,1,2,1,1106.99
1966,1,2,1,569.53
1967,1,2,1,1018.47
1968,1,2,1,559.063
1969,1,2,1,596.762
1970,1,2,1,2019.28
1971,1,2,1,1508.65
1972,1,2,1,608.526
1973,1,2,1,650.087
1974,1,2,1,1625.7
1975,1,2,1,782.868
1976,1,2,1,1131.93
1977,1,2,1,810.838
1978,1,2,1,1139.05
1979,1,2,1,1866.26
1980,1,2,1,1937.1
1981,1,2,1,1192.88
1982,1,2,1,1347.31
1983,1,2,1,667.593
1984,1,2,1,1031.28
1985,1,2,1,714.936
1986,1,2,1,1342.85
1987,1,2,1,1179.08
1988,1,2,1,2570.98
1989,1,2,1,1631.21
1990,1,2,1,1278.28
1991,1,2,1,1710.56
1992,1,2,1,537.888
1993,1,2,1,2191.32
1994,1,2,1,1133.32
1995,1,2,1,1916.73
1996,1,2,1,707.661
1997,1,2,1,873.498
1998,1,2,1,229.315
1999,1,2,1,470.293
2000,1,2,1,584.118
2001,1,2,1,284.139
2002,1,2,1,274.164
2003,1,2,1,1058.83
2004,1,2,1,426.021
2005,1,2,1,920.977
2006,1,2,1,739.309
2007,1,2,1,190.587
2008,1,2,1,758.51
2009,1,2,1,235.89
2010,1,2,1,52.2249
2011,1,2,1,416.58
2012,1,2,1,546.351
2013,1,2,1,526.704
2014,1,2,1,267.277
2015,1,2,1,424.649
2016,1,2,1,644.375
2017,1,2,1,2926.23
2018,1,2,1,2063.76
2019,1,2,1,2343
2020,1,2,1,1309.47
2021,1,2,1,3517.61
2022,1,2,1,1637.66
2023,1,2,1,991.122
2024,1,2,1,6957.71
1952,1,3,1,0
1953,1,3,1,0
1954,1,3,1,0
1955,1,3,1,0
1956,1,3,1,0
1957,1,3,1,0
1958,1,3,1,0
1959,1,3,1,0
1960,1,3,1,0
1961,1,3,1,0
1962,1,3,1,0
1963,1,3,1,0
1964,1,3,1,0
1965,1,3,1,0
1966,1,3,1,0
1967,1,3,1,0
1968,1,3,1,0
1969,1,3,1,0
1970,1,3,1,0
1971,1,3,1,0
1972,1,3,1,0
1973,1,3,1,0
1974,1,3,1,0
1975,1,3,1,0
1976,1,3,1,0
1977,1,3,1,0
1978,1,3,1,0
1979,1,3,1,0
1980,1,3,1,0
1981,1,3,1,0
1982,1,3,1,0
1983,1,3,1,0
1984,1,3,1,0
1985,1,3,1,0
1986,1,3,1,0
1987,1,3,1,0
1988,1,3,1,0
1989,1,3,1,0
1990,1,3,1,0
1991,1,3,1,118.927
1992,1,3,1,102.612
1993,1,3,1,202.848
1994,1,3,1,163.232
1995,1,3,1,244.098
1996,1,3,1,222.44
1997,1,3,1,252.417
1998,1,3,1,101.845
1999,1,3,1,159.91
2000,1,3,1,122.361
2001,1,3,1,170.45
2002,1,3,1,55.1943
2003,1,3,1,473.599
2004,1,3,1,98.9672
2005,1,3,1,434.64
2006,1,3,1,279.408
2007,1,3,1,118.537
2008,1,3,1,564.485
2009,1,3,1,109.735
2010,1,3,1,114.007
2011,1,3,1,364.302
2012,1,3,1,271
2013,1,3,1,234.077
2014,1,3,1,224.255
2015,1,3,1,222.716
2016,1,3,1,310.03
2017,1,3,1,619.196
2018,1,3,1,538.749
2019,1,3,1,364.97
2020,1,3,1,300.165
2021,1,3,1,552.388
2022,1,3,1,539.359
2023,1,3,1,519.282
2024,1,3,1,1002.94
1952,1,4,2,2856.53
1953,1,4,2,490.238
1954,1,4,2,1233.52
1955,1,4,2,803.795
1956,1,4,2,908.986
1957,1,4,2,598.827
1958,1,4,2,822.972
1959,1,4,2,1836.39
1960,1,4,2,2764.21
1961,1,4,2,2073.73
1962,1,4,2,3774.26
1963,1,4,2,1358.22
1964,1,4,2,1836.26
1965,1,4,2,1226.47
1966,1,4,2,2005.23
1967,1,4,2,1648.34
1968,1,4,2,2671.03
1969,1,4,2,1597.34
1970,1,4,2,1011.81
1971,1,4,2,1314.26
1972,1,4,2,945.637
1973,1,4,2,3751.03
1974,1,4,2,5735.75
1975,1,4,2,2562.05
1976,1,4,2,3292.21
1977,1,4,2,2839.57
1978,1,4,2,2963.17
1979,1,4,2,2708.52
1980,1,4,2,2521.91
1981,1,4,2,4179.78
1982,1,4,2,846.763
1983,1,4,2,887.69
1984,1,4,2,1206.92
1985,1,4,2,693.206
1986,1,4,2,713.451
1987,1,4,2,629.763
1988,1,4,2,728.729
1989,1,4,2,777.469
1990,1,4,2,1152.54
1991,1,4,2,935.469
1992,1,4,2,1089.94
1993,1,4,2,837.227
1994,1,4,2,1279.09
1995,1,4,2,1215.07
1996,1,4,2,508.464
1997,1,4,2,319.783
1998,1,4,2,185.437
1999,1,4,2,147.076
2000,1,4,2,372.299
2001,1,4,2,694.648
2002,1,4,2,392.034
2003,1,4,2,455.248
2004,1,4,2,275.631
2005,1,4,2,241.705
2006,1,4,2,287.1
2007,1,4,2,258.771
2008,1,4,2,206.915
2009,1,4,2,356.202
2010,1,4,2,272.326
2011,1,4,2,307.146
2012,1,4,2,214.438
2013,1,4,2,94.8857
2014,1,4,2,131.193
2015,1,4,2,301.753
2016,1,4,2,332.284
2017,1,4,2,336.402
2018,1,4,2,389.044
2019,1,4,2,300.413
2020,1,4,2,51.3979
2021,1,4,2,241.872
2022,1,4,2,199.477
2023,1,4,2,195.628
2024,1,4,2,185.22
1952,1,5,2,0
1953,1,5,2,0
1954,1,5,2,0
1955,1,5,2,0
1956,1,5,2,0
1957,1,5,2,0
1958,1,5,2,961.335
1959,1,5,2,770.392
1960,1,5,2,763.817
1961,1,5,2,870.806
1962,1,5,2,874.249
1963,1,5,2,523.029
1964,1,5,2,990.124
1965,1,5,2,1114.26
1966,1,5,2,1340.63
1967,1,5,2,1104.3
1968,1,5,2,1599.25
1969,1,5,2,1332.04
1970,1,5,2,1789.15
1971,1,5,2,1389.83
1972,1,5,2,1112.4
1973,1,5,2,1842.8
1974,1,5,2,2101.05
1975,1,5,2,3804.11
1976,1,5,2,3842.56
1977,1,5,2,5057.29
1978,1,5,2,7271.5
1979,1,5,2,9485.71
1980,1,5,2,8098.09
1981,1,5,2,10266.5
1982,1,5,2,6842.85
1983,1,5,2,7468.51
1984,1,5,2,6902.9
1985,1,5,2,6407.12
1986,1,5,2,6361.96
1987,1,5,2,7727.34
1988,1,5,2,7917.25
1989,1,5,2,7679.75
1990,1,5,2,6937.18
1991,1,5,2,6889.63
1992,1,5,2,7905.3
1993,1,5,2,6149
1994,1,5,2,6167.25
1995,1,5,2,6824.46
1996,1,5,2,8733.75
1997,1,5,2,6736.6
1998,1,5,2,8760.22
1999,1,5,2,8098.79
2000,1,5,2,12564.3
2001,1,5,2,14081.3
2002,1,5,2,14523.5
2003,1,5,2,14293.8
2004,1,5,2,14072
2005,1,5,2,11614.6
2006,1,5,2,13115
2007,1,5,2,12661
2008,1,5,2,13972.2
2009,1,5,2,15949.5
2010,1,5,2,14883
2011,1,5,2,17301.6
2012,1,5,2,15039
2013,1,5,2,18893.6
2014,1,5,2,18349.1
2015,1,5,2,18434.3
2016,1,5,2,12874.3
2017,1,5,2,11593.3
2018,1,5,2,18075.2
2019,1,5,2,15388.9
2020,1,5,2,11345.7
2021,1,5,2,11879.5
2022,1,5,2,23199.3
2023,1,5,2,13727.4
2024,1,5,2,1647.2
1952,1,6,3,274.54
1953,1,6,3,2330
1954,1,6,3,1865.13
1955,1,6,3,638.235
1956,1,6,3,2283.52
1957,1,6,3,2593.6
1958,1,6,3,2855.87
1959,1,6,3,138.521
1960,1,6,3,2150.75
1961,1,6,3,1793.41
1962,1,6,3,4289.47
1963,1,6,3,1132.72
1964,1,6,3,1069.07
1965,1,6,3,298.521
1966,1,6,3,860.73
1967,1,6,3,1011.43
1968,1,6,3,1490.08
1969,1,6,3,260.043
1970,1,6,3,39.9462
1971,1,6,3,259.557
1972,1,6,3,101.046
1973,1,6,3,2019.04
1974,1,6,3,335.607
1975,1,6,3,110.575
1976,1,6,3,1131.85
1977,1,6,3,938.665
1978,1,6,3,1184.3
1979,1,6,3,670.315
1980,1,6,3,2576.84
1981,1,6,3,2460.96
1982,1,6,3,1825.14
1983,1,6,3,1745.8
1984,1,6,3,1459.38
1985,1,6,3,1007.57
1986,1,6,3,925.81
1987,1,6,3,205.787
1988,1,6,3,424.191
1989,1,6,3,200.918
1990,1,6,3,17.4224
1991,1,6,3,366.601
1992,1,6,3,35.8269
1993,1,6,3,0.0547801
1994,1,6,3,35.4062
1995,1,6,3,708.524
1996,1,6,3,74.1526
1997,1,6,3,159.178
1998,1,6,3,216.327
1999,1,6,3,107.337
2000,1,6,3,134.42
2001,1,6,3,129.178
2002,1,6,3,457.007
2003,1,6,3,534.853
2004,1,6,3,361.543
2005,1,6,3,307.317
2006,1,6,3,525.112
2007,1,6,3,443.266
2008,1,6,3,406.075
2009,1,6,3,579.333
2010,1,6,3,533.545
2011,1,6,3,1259.89
2012,1,6,3,662.811
2013,1,6,3,388.688
2014,1,6,3,584.399
2015,1,6,3,259.595
2016,1,6,3,942.364
2017,1,6,3,552.744
2018,1,6,3,558.008
2019,1,6,3,936.013
2020,1,6,3,368.24
2021,1,6,3,538.123
2022,1,6,3,1388.93
2023,1,6,3,1315.17
2024,1,6,3,649.117
1952,1,7,4,1601.44
1953,1,7,4,1469.1
1954,1,7,4,779.778
1955,1,7,4,2317.97
1956,1,7,4,3126.03
1957,1,7,4,5010.31
1958,1,7,4,3130.98
1959,1,7,4,4382.53
1960,1,7,4,8074.8
1961,1,7,4,5345.35
1962,1,7,4,3659.02
1963,1,7,4,3741.83
1964,1,7,4,5475.76
1965,1,7,4,3283.39
1966,1,7,4,5415.38
1967,1,7,4,2705.31
1968,1,7,4,3453.84
1969,1,7,4,2286.55
1970,1,7,4,4326.97
1971,1,7,4,5080.22
1972,1,7,4,7638.66
1973,1,7,4,2255.89
1974,1,7,4,3172.93
1975,1,7,4,5837.21
1976,1,7,4,3481.49
1977,1,7,4,5847.96
1978,1,7,4,8776.67
1979,1,7,4,10504.3
1980,1,7,4,6896.11
1981,1,7,4,5095.18
1982,1,7,4,6211.35
1983,1,7,4,4557.28
1984,1,7,4,6462.01
1985,1,7,4,4814.44
1986,1,7,4,2902.64
1987,1,7,4,2745.98
1988,1,7,4,4521.93
1989,1,7,4,4227.67
1990,1,7,4,3977.2
1991,1,7,4,2335.65
1992,1,7,4,2341.26
1993,1,7,4,2227.14
1994,1,7,4,2358.99
1995,1,7,4,3456.61
1996,1,7,4,1480.05
1997,1,7,4,1437.91
1998,1,7,4,1519.58
1999,1,7,4,1021.36
2000,1,7,4,2573.2
2001,1,7,4,1249.68
2002,1,7,4,1388.92
2003,1,7,4,1400.1
2004,1,7,4,1216.09
2005,1,7,4,1097.82
2006,1,7,4,1769.58
2007,1,7,4,2144.25
2008,1,7,4,940.194
2009,1,7,4,1255.29
2010,1,7,4,1510.03
2011,1,7,4,1577.99
2012,1,7,4,668.197
2013,1,7,4,537.736
2014,1,7,4,886.303
2015,1,7,4,1517.13
2016,1,7,4,848.79
2017,1,7,4,875.42
2018,1,7,4,1152.86
2019,1,7,4,1346.8
2020,1,7,4,1084.2
2021,1,7,4,784.012
2022,1,7,4,946.799
2023,1,7,4,658.46
2024,1,7,4,1270.59
1952,1,8,4,245.314
1953,1,8,4,982.494
1954,1,8,4,270.346
1955,1,8,4,400.095
1956,1,8,4,1084.65
1957,1,8,4,1896.15
1958,1,8,4,1767.7
1959,1,8,4,4573.61
1960,1,8,4,2883.98
1961,1,8,4,3457.24
1962,1,8,4,2748.56
1963,1,8,4,3141.57
1964,1,8,4,3436.13
1965,1,8,4,4708.12
1966,1,8,4,2818.44
1967,1,8,4,3029.51
1968,1,8,4,2464.99
1969,1,8,4,4884.85
1970,1,8,4,6235.04
1971,1,8,4,3070.44
1972,1,8,4,5169.46
1973,1,8,4,2491.33
1974,1,8,4,2252.89
1975,1,8,4,2579.37
1976,1,8,4,3316.7
1977,1,8,4,5354.79
1978,1,8,4,4951.38
1979,1,8,4,5750.08
1980,1,8,4,10556.6
1981,1,8,4,2046.62
1982,1,8,4,4667.53
1983,1,8,4,5388.62
1984,1,8,4,6127.59
1985,1,8,4,4947.38
1986,1,8,4,4233.5
1987,1,8,4,6378.89
1988,1,8,4,8494.91
1989,1,8,4,3694.16
1990,1,8,4,4086.58
1991,1,8,4,3442.96
1992,1,8,4,4280.02
1993,1,8,4,4295.17
1994,1,8,4,3282.42
1995,1,8,4,6166.14
1996,1,8,4,3675.49
1997,1,8,4,8317.35
1998,1,8,4,3372.39
1999,1,8,4,2657.01
2000,1,8,4,4938.67
2001,1,8,4,3271.71
2002,1,8,4,3206.41
2003,1,8,4,6794.16
2004,1,8,4,3086.54
2005,1,8,4,4705.16
2006,1,8,4,5990.27
2007,1,8,4,1567.81
2008,1,8,4,2378.4
2009,1,8,4,1880.52
2010,1,8,4,2533.46
2011,1,8,4,4774.64
2012,1,8,4,2520.52
2013,1,8,4,2794.86
2014,1,8,4,4079.32
2015,1,8,4,5001.71
2016,1,8,4,5470
2017,1,8,4,3937.41
2018,1,8,4,3722.12
2019,1,8,4,5756.31
2020,1,8,4,3925.72
2021,1,8,4,6155.05
2022,1,8,4,4507.44
2023,1,8,4,4509.93
2024,1,8,4,13004.8
1952,1,9,4,0
1953,1,9,4,0
1954,1,9,4,0
1955,1,9,4,0
1956,1,9,4,0
1957,1,9,4,0
1958,1,9,4,0
1959,1,9,4,0
1960,1,9,4,0
1961,1,9,4,0
1962,1,9,4,0
1963,1,9,4,0
1964,1,9,4,0
1965,1,9,4,0
1966,1,9,4,0
1967,1,9,4,0
1968,1,9,4,0
1969,1,9,4,0
1970,1,9,4,0
1971,1,9,4,0
1972,1,9,4,0
1973,1,9,4,0
1974,1,9,4,0
1975,1,9,4,0
1976,1,9,4,0
1977,1,9,4,0
1978,1,9,4,0
1979,1,9,4,0
1980,1,9,4,0
1981,1,9,4,0
1982,1,9,4,0
1983,1,9,4,0
1984,1,9,4,0
1985,1,9,4,0
1986,1,9,4,0
1987,1,9,4,0
1988,1,9,4,2.22091
1989,1,9,4,4.00214
1990,1,9,4,247.689
1991,1,9,4,65.4042
1992,1,9,4,119.519
1993,1,9,4,264.379
1994,1,9,4,819.992
1995,1,9,4,2059.31
1996,1,9,4,1981.92
1997,1,9,4,784.8
1998,1,9,4,1565.71
1999,1,9,4,988.56
2000,1,9,4,1091.22
2001,1,9,4,1735.64
2002,1,9,4,448.073
2003,1,9,4,888.327
2004,1,9,4,461.991
2005,1,9,4,252.688
2006,1,9,4,647.229
2007,1,9,4,831.022
2008,1,9,4,588.264
2009,1,9,4,1547.7
2010,1,9,4,770.498
2011,1,9,4,1648.32
2012,1,9,4,1200.38
2013,1,9,4,2952.49
2014,1,9,4,1649.97
2015,1,9,4,2558.37
2016,1,9,4,1783.77
2017,1,9,4,3072.64
2018,1,9,4,3550.16
2019,1,9,4,5785.89
2020,1,9,4,1630.54
2021,1,9,4,2776.08
2022,1,9,4,5012.06
2023,1,9,4,2132.67
2024,1,9,4,3418.79
1952,1,10,5,0
1953,1,10,5,1245.98
1954,1,10,5,2728.58
1955,1,10,5,1850.17
1956,1,10,5,570.674
1957,1,10,5,937.35
1958,1,10,5,358.566
1959,1,10,5,837.362
1960,1,10,5,377.31
1961,1,10,5,689.511
1962,1,10,5,1475.92
1963,1,10,5,769.153
1964,1,10,5,1118.48
1965,1,10,5,418.094
1966,1,10,5,1214
1967,1,10,5,632.658
1968,1,10,5,451.908
1969,1,10,5,1458.17
1970,1,10,5,559.028
1971,1,10,5,1284.9
1972,1,10,5,1716.98
1973,1,10,5,1429.98
1974,1,10,5,1917.36
1975,1,10,5,660.004
1976,1,10,5,585.837
1977,1,10,5,1159.76
1978,1,10,5,1380.75
1979,1,10,5,1004.5
1980,1,10,5,1152.51
1981,1,10,5,1501.29
1982,1,10,5,2386.75
1983,1,10,5,677.473
1984,1,10,5,778.317
1985,1,10,5,870.749
1986,1,10,5,1934.15
1987,1,10,5,795.668
1988,1,10,5,3383.59
1989,1,10,5,982.467
1990,1,10,5,2125.48
1991,1,10,5,704.524
1992,1,10,5,486.863
1993,1,10,5,910.454
1994,1,10,5,1442.31
1995,1,10,5,1811.04
1996,1,10,5,1133.91
1997,1,10,5,1934.63
1998,1,10,5,981.429
1999,1,10,5,1266
2000,1,10,5,1601.94
2001,1,10,5,1576.65
2002,1,10,5,1612.86
2003,1,10,5,2620.09
2004,1,10,5,2109.16
2005,1,10,5,2057.72
2006,1,10,5,2509.41
2007,1,10,5,1961.06
2008,1,10,5,2797.79
2009,1,10,5,2783.5
2010,1,10,5,3106.66
2011,1,10,5,4159.87
2012,1,10,5,2904.55
2013,1,10,5,1891.13
2014,1,10,5,3310.98
2015,1,10,5,2562.79
2016,1,10,5,2931.1
2017,1,10,5,3906.25
2018,1,10,5,2748.58
2019,1,10,5,3699.33
2020,1,10,5,3211.5
2021,1,10,5,5325.03
2022,1,10,5,3050
2023,1,10,5,5018.11
2024,1,10,5,5504.83
1952,1,11,5,0
1953,1,11,5,0
1954,1,11,5,0
1955,1,11,5,0
1956,1,11,5,0
1957,1,11,5,0
1958,1,11,5,0
1959,1,11,5,0
1960,1,11,5,0
1961,1,11,5,0
1962,1,11,5,0
1963,1,11,5,0
1964,1,11,5,0
1965,1,11,5,0
1966,1,11,5,0
1967,1,11,5,0
1968,1,11,5,0
1969,1,11,5,0
1970,1,11,5,0
1971,1,11,5,0
1972,1,11,5,0
1973,1,11,5,0
1974,1,11,5,0
1975,1,11,5,0
1976,1,11,5,0
1977,1,11,5,0
1978,1,11,5,0
1979,1,11,5,0
1980,1,11,5,0
1981,1,11,5,0
1982,1,11,5,0
1983,1,11,5,0
1984,1,11,5,0
1985,1,11,5,0
1986,1,11,5,0
1987,1,11,5,36.4382
1988,1,11,5,114.631
1989,1,11,5,89.5958
1990,1,11,5,48.1826
1991,1,11,5,70.1803
1992,1,11,5,201.227
1993,1,11,5,150.61
1994,1,11,5,424.311
1995,1,11,5,309.283
1996,1,11,5,252.504
1997,1,11,5,494.889
1998,1,11,5,446.261
1999,1,11,5,628.686
2000,1,11,5,350.273
2001,1,11,5,632.165
2002,1,11,5,555.258
2003,1,11,5,1019.95
2004,1,11,5,414.798
2005,1,11,5,468.639
2006,1,11,5,384.52
2007,1,11,5,345.594
2008,1,11,5,262.135
2009,1,11,5,287.765
2010,1,11,5,241.835
2011,1,11,5,425.262
2012,1,11,5,156.251
2013,1,11,5,256.508
2014,1,11,5,289.059
2015,1,11,5,346.589
2016,1,11,5,511.921
2017,1,11,5,268.071
2018,1,11,5,334.376
2019,1,11,5,443.994
2020,1,11,5,458.905
2021,1,11,5,566.35
2022,1,11,5,208.479
2023,1,11,5,583.911
2024,1,11,5,607.46
1952,1,12,1,641.268
1953,1,12,1,315.027
1954,1,12,1,1000.21
1955,1,12,1,736.002
1956,1,12,1,181.053
1957,1,12,1,373.965
1958,1,12,1,834.468
1959,1,12,1,1078.99
1960,1,12,1,359.52
1961,1,12,1,694.239
1962,1,12,1,1743.76
1963,1,12,1,569.25
1964,1,12,1,911.733
1965,1,12,1,937.968
1966,1,12,1,1461
1967,1,12,1,848.7
1968,1,12,1,1721.98
1969,1,12,1,963.483
1970,1,12,1,842.52
1971,1,12,1,384.027
1972,1,12,1,210.306
1973,1,12,1,393.732
1974,1,12,1,199.236
1975,1,12,1,60.735
1976,1,12,1,298.497
1977,1,12,1,18.471
1978,1,12,1,229.785
1979,1,12,1,170.991
1980,1,12,1,257.624
1981,1,12,1,11.502
1982,1,12,1,172.5
1983,1,12,1,138.72
1984,1,12,1,221.733
1985,1,12,1,653.559
1986,1,12,1,101.271
1987,1,12,1,185.288
1988,1,12,1,170.191
1989,1,12,1,217.193
1990,1,12,1,137.154
1991,1,12,1,219.705
1992,1,12,1,386.743
1993,1,12,1,63.465
1994,1,12,1,18.394
1995,1,12,1,115.168
1996,1,12,1,25.689
1997,1,12,1,14.42
1998,1,12,1,54.964
1999,1,12,1,11.057
2000,1,12,1,1.509
2001,1,12,1,27.543
2002,1,12,1,21.777
2003,1,12,1,32.789
2004,1,12,1,72.565
2005,1,12,1,58.539
2006,1,12,1,5.748
2007,1,12,1,4.527
2008,1,12,1,14.733
2009,1,12,1,7.476
2010,1,12,1,34.77
2011,1,12,1,5.129
2012,1,12,1,3.888
2013,1,12,1,14.064
2014,1,12,1,0
2015,1,12,1,113.055
2016,1,12,1,88.807
2017,1,12,1,95.013
2018,1,12,1,46.11
2019,1,12,1,124.313
2020,1,12,1,254.298
2021,1,12,1,175.536
2022,1,12,1,175.536
2023,1,12,1,1542.24
2024,1,12,1,175.536
1952,1,13,1,85.494
1953,1,13,1,172.241
1954,1,13,1,140.612
1955,1,13,1,131.222
1956,1,13,1,144.928
1957,1,13,1,54.986
1958,1,13,1,96.664
1959,1,13,1,135.702
1960,1,13,1,107.379
1961,1,13,1,186.935
1962,1,13,1,242.345
1963,1,13,1,118.793
1964,1,13,1,282.956
1965,1,13,1,187.05
1966,1,13,1,121.66
1967,1,13,1,176.266
1968,1,13,1,154.239
1969,1,13,1,785.913
1970,1,13,1,653.441
1971,1,13,1,779.767
1972,1,13,1,668.243
1973,1,13,1,1091.77
1974,1,13,1,666.174
1975,1,13,1,829.013
1976,1,13,1,808.841
1977,1,13,1,855.261
1978,1,13,1,1086.06
1979,1,13,1,668.279
1980,1,13,1,1275.68
1981,1,13,1,1211.71
1982,1,13,1,1454.97
1983,1,13,1,1422.69
1984,1,13,1,1281.45
1985,1,13,1,1326.65
1986,1,13,1,1504.15
1987,1,13,1,1330.31
1988,1,13,1,1509.05
1989,1,13,1,2020.88
1990,1,13,1,1482.52
1991,1,13,1,1061.55
1992,1,13,1,1544.57
1993,1,13,1,936.407
1994,1,13,1,1036.34
1995,1,13,1,913.554
1996,1,13,1,1047.73
1997,1,13,1,1381.07
1998,1,13,1,940.959
1999,1,13,1,1405.94
2000,1,13,1,1157.02
2001,1,13,1,1282.61
2002,1,13,1,917.527
2003,1,13,1,672.254
2004,1,13,1,894.978
2005,1,13,1,1147.8
2006,1,13,1,1122.61
2007,1,13,1,1177.11
2008,1,13,1,1045.61
2009,1,13,1,1324.92
2010,1,13,1,1463.68
2011,1,13,1,958.701
2012,1,13,1,1044.53
2013,1,13,1,821.134
2014,1,13,1,1062.93
2015,1,13,1,695.015
2016,1,13,1,730.833
2017,1,13,1,900.166
2018,1,13,1,1131.56
2019,1,13,1,755.478
2020,1,13,1,809.868
2021,1,13,1,960.808
2022,1,13,1,743.408
2023,1,13,1,771.656
2024,1,13,1,695.256
1952,1,14,2,0
1953,1,14,2,0
1954,1,14,2,0
1955,1,14,2,0
1956,1,14,2,0
1957,1,14,2,0
1958,1,14,2,0
1959,1,14,2,0
1960,1,14,2,0
1961,1,14,2,0
1962,1,14,2,0
1963,1,14,2,0
1964,1,14,2,0
1965,1,14,2,0
1966,1,14,2,0
1967,1,14,2,0
1968,1,14,2,0
1969,1,14,2,0
1970,1,14,2,0
1971,1,14,2,0
1972,1,14,2,0
1973,1,14,2,0
1974,1,14,2,0
1975,1,14,2,0
1976,1,14,2,0
1977,1,14,2,0
1978,1,14,2,0
1979,1,14,2,0
1980,1,14,2,0
1981,1,14,2,0
1982,1,14,2,0
1983,1,14,2,0
1984,1,14,2,689.751
1985,1,14,2,750.75
1986,1,14,2,781.749
1987,1,14,2,888.249
1988,1,14,2,1049.75
1989,1,14,2,1143.5
1990,1,14,2,1311.75
1991,1,14,2,1341.5
1992,1,14,2,1542.25
1993,1,14,2,1413
1994,1,14,2,1567.25
1995,1,14,2,1670
1996,1,14,2,2592
1997,1,14,2,1928.5
1998,1,14,2,2546.25
1999,1,14,2,2416.5
2000,1,14,2,2571.25
2001,1,14,2,2366
2002,1,14,2,2274.25
2003,1,14,2,2319.75
2004,1,14,2,3054.25
2005,1,14,2,1038.5
2006,1,14,2,1062.25
2007,1,14,2,917.25
2008,1,14,2,876.249
2009,1,14,2,3836.25
2010,1,14,2,2673
2011,1,14,2,2684.5
2012,1,14,2,3567.25
2013,1,14,2,2827.25
2014,1,14,2,5789.25
2015,1,14,2,7419.75
2016,1,14,2,5162.5
2017,1,14,2,3128
2018,1,14,2,5842.5
2019,1,14,2,6303.25
2020,1,14,2,6825
2021,1,14,2,8610
2022,1,14,2,5535
2023,1,14,2,5535
2024,1,14,2,23685
1952,1,15,2,0
1953,1,15,2,0
1954,1,15,2,0
1955,1,15,2,0
1956,1,15,2,0
1957,1,15,2,0
1958,1,15,2,0
1959,1,15,2,0
1960,1,15,2,0
1961,1,15,2,0
1962,1,15,2,0
1963,1,15,2,0
1964,1,15,2,0
1965,1,15,2,0
1966,1,15,2,0
1967,1,15,2,0
1968,1,15,2,0
1969,1,15,2,0
1970,1,15,2,958.749
1971,1,15,2,1072.5
1972,1,15,2,1114.5
1973,1,15,2,1333.25
1974,1,15,2,1550
1975,1,15,2,1581.76
1976,1,15,2,1332.5
1977,1,15,2,1889.26
1978,1,15,2,1139.75
1979,1,15,2,1461.5
1980,1,15,2,1336
1981,1,15,2,1474
1982,1,15,2,1363
1983,1,15,2,1480.5
1984,1,15,2,1417
1985,1,15,2,1622.5
1986,1,15,2,1653.76
1987,1,15,2,1206.76
1988,1,15,2,1466.26
1989,1,15,2,1597
1990,1,15,2,2253
1991,1,15,2,2655.76
1992,1,15,2,1105
1993,1,15,2,1203.25
1994,1,15,2,1858.25
1995,1,15,2,2151.76
1996,1,15,2,2154.5
1997,1,15,2,2041.25
1998,1,15,2,2299.5
1999,1,15,2,2395.5
2000,1,15,2,2363.5
2001,1,15,2,2228.5
2002,1,15,2,2485.75
2003,1,15,2,3135
2004,1,15,2,3274.75
2005,1,15,2,3247.5
2006,1,15,2,3624.5
2007,1,15,2,4213.25
2008,1,15,2,3928
2009,1,15,2,1942
2010,1,15,2,2828.5
2011,1,15,2,2644.25
2012,1,15,2,3612.25
2013,1,15,2,3182.75
2014,1,15,2,6731.26
2015,1,15,2,5206.25
2016,1,15,2,4398.25
2017,1,15,2,5990.26
2018,1,15,2,6760.25
2019,1,15,2,6247
2020,1,15,2,4143
2021,1,15,2,4878
2022,1,15,2,4464
2023,1,15,2,4584
2024,1,15,2,8355
1952,1,16,2,0
1953,1,16,2,0
1954,1,16,2,0
1955,1,16,2,0
1956,1,16,2,0
1957,1,16,2,0
1958,1,16,2,0
1959,1,16,2,0
1960,1,16,2,0
1961,1,16,2,0
1962,1,16,2,0
1963,1,16,2,0
1964,1,16,2,0
1965,1,16,2,0
1966,1,16,2,0
1967,1,16,2,0
1968,1,16,2,0
1969,1,16,2,0
1970,1,16,2,0
1971,1,16,2,0
1972,1,16,2,53.4
1973,1,16,2,200
1974,1,16,2,87.4
1975,1,16,2,19.7
1976,1,16,2,185.297
1977,1,16,2,208.475
1978,1,16,2,284.927
1979,1,16,2,478.133
1980,1,16,2,1080.84
1981,1,16,2,1197.29
1982,1,16,2,1420.2
1983,1,16,2,1547.8
1984,1,16,2,1568.51
1985,1,16,2,1766.33
1986,1,16,2,1764.82
1987,1,16,2,1996.07
1988,1,16,2,2350.61
1989,1,16,2,2554.2
1990,1,16,2,2946.12
1991,1,16,2,2985.21
1992,1,16,2,3446.47
1993,1,16,2,3146.54
1994,1,16,2,3491.79
1995,1,16,2,3733.55
1996,1,16,2,5792.11
1997,1,16,2,4300.2
1998,1,16,2,5656.49
1999,1,16,2,5368.37
2000,1,16,2,5711.98
2001,1,16,2,5256
2002,1,16,2,5053.85
2003,1,16,2,5153.78
2004,1,16,2,6793.94
2005,1,16,2,5652.51
2006,1,16,2,4602.34
2007,1,16,2,5633.21
2008,1,16,2,4700.13
2009,1,16,2,4693.35
2010,1,16,2,3870.44
2011,1,16,2,8048.27
2012,1,16,2,7657.7
2013,1,16,2,4580.75
2014,1,16,2,5075.79
2015,1,16,2,8109.29
2016,1,16,2,4973.67
2017,1,16,2,5328.31
2018,1,16,2,5599.19
2019,1,16,2,3612.26
2020,1,16,2,6793.73
2021,1,16,2,4233.25
2022,1,16,2,3881.39
2023,1,16,2,3377.44
2024,1,16,2,3168.24
1952,1,17,2,0
1953,1,17,2,0
1954,1,17,2,0
1955,1,17,2,0
1956,1,17,2,0
1957,1,17,2,0
1958,1,17,2,0
1959,1,17,2,0
1960,1,17,2,0
1961,1,17,2,0
1962,1,17,2,0
1963,1,17,2,0
1964,1,17,2,0
1965,1,17,2,0
1966,1,17,2,0
1967,1,17,2,0
1968,1,17,2,0
1969,1,17,2,0
1970,1,17,2,0
1971,1,17,2,0
1972,1,17,2,0
1973,1,17,2,0
1974,1,17,2,0
1975,1,17,2,0
1976,1,17,2,0
1977,1,17,2,0
1978,1,17,2,0
1979,1,17,2,0
1980,1,17,2,96.3
1981,1,17,2,108.33
1982,1,17,2,117.72
1983,1,17,2,131.73
1984,1,17,2,143.43
1985,1,17,2,157.23
1986,1,17,2,162.49
1987,1,17,2,273.808
1988,1,17,2,225.121
1989,1,17,2,267.726
1990,1,17,2,342.063
1991,1,17,2,278.97
1992,1,17,2,320.7
1993,1,17,2,293.83
1994,1,17,2,325.91
1995,1,17,2,347.25
1996,1,17,2,538.94
1997,1,17,2,401.04
1998,1,17,2,529.47
1999,1,17,2,502.46
2000,1,17,2,534.63
2001,1,17,2,491.98
2002,1,17,2,472.9
2003,1,17,2,482.38
2004,1,17,2,635.07
2005,1,17,2,648.18
2006,1,17,2,453.42
2007,1,17,2,649.74
2008,1,17,2,528.13
2009,1,17,2,492.07
2010,1,17,2,254.73
2011,1,17,2,322.83
2012,1,17,2,965.83
2013,1,17,2,1562.84
2014,1,17,2,826.5
2015,1,17,2,452.14
2016,1,17,2,1249.81
2017,1,17,2,3374.69
2018,1,17,2,1491.03
2019,1,17,2,939.13
2020,1,17,2,1654.16
2021,1,17,2,2386.07
2022,1,17,2,1548.9
2023,1,17,2,1604.73
2024,1,17,2,1396.65
1952,1,18,2,0
1953,1,18,2,0
1954,1,18,2,0
1955,1,18,2,0
1956,1,18,2,0
1957,1,18,2,0
1958,1,18,2,0
1959,1,18,2,0
1960,1,18,2,0
1961,1,18,2,0
1962,1,18,2,0
1963,1,18,2,0
1964,1,18,2,0
1965,1,18,2,0
1966,1,18,2,0
1967,1,18,2,0
1968,1,18,2,0
1969,1,18,2,0
1970,1,18,2,409.29
1971,1,18,2,460.908
1972,1,18,2,464.982
1973,1,18,2,562.884
1974,1,18,2,658.014
1975,1,18,2,680.106
1976,1,18,2,573.3
1977,1,18,2,981.204
1978,1,18,2,441.714
1979,1,18,2,1060.42
1980,1,18,2,849.926
1981,1,18,2,1349.21
1982,1,18,2,1715.11
1983,1,18,2,1857.91
1984,1,18,2,1848.57
1985,1,18,2,1685.08
1986,1,18,2,1632.29
1987,1,18,2,1737.19
1988,1,18,2,1537.76
1989,1,18,2,1733.51
1990,1,18,2,2112.11
1991,1,18,2,2322.19
1992,1,18,2,1539.4
1993,1,18,2,819.294
1994,1,18,2,2035.4
1995,1,18,2,2232.51
1996,1,18,2,2277.49
1997,1,18,2,3051.03
1998,1,18,2,2344.48
1999,1,18,2,2492.88
2000,1,18,2,3228.43
2001,1,18,2,2959.8
2002,1,18,2,2681.13
2003,1,18,2,3797.6
2004,1,18,2,3865.8
2005,1,18,2,4276.4
2006,1,18,2,4800.81
2007,1,18,2,5133.49
2008,1,18,2,5473.32
2009,1,18,2,3071.29
2010,1,18,2,1686.37
2011,1,18,2,1178.98
2012,1,18,2,1273.31
2013,1,18,2,693.462
2014,1,18,2,1385.75
2015,1,18,2,1913.27
2016,1,18,2,1977.23
2017,1,18,2,1956.99
2018,1,18,2,1864.21
2019,1,18,2,1757.53
2020,1,18,2,1041.72
2021,1,18,2,933.683
2022,1,18,2,816.783
2023,1,18,2,509.895
2024,1,18,2,645.829
1952,1,19,2,0
1953,1,19,2,0
1954,1,19,2,0
1955,1,19,2,0
1956,1,19,2,0
1957,1,19,2,0
1958,1,19,2,0
1959,1,19,2,0
1960,1,19,2,0
1961,1,19,2,0
1962,1,19,2,0
1963,1,19,2,0
1964,1,19,2,0
1965,1,19,2,0
1966,1,19,2,0
1967,1,19,2,0
1968,1,19,2,0
1969,1,19,2,0
1970,1,19,2,3.54
1971,1,19,2,54.418
1972,1,19,2,119.879
1973,1,19,2,10.354
1974,1,19,2,47.604
1975,1,19,2,226.061
1976,1,19,2,449.26
1977,1,19,2,607.751
1978,1,19,2,874.118
1979,1,19,2,2294.54
1980,1,19,2,1149.2
1981,1,19,2,293.319
1982,1,19,2,633.962
1983,1,19,2,2703.04
1984,1,19,2,699.452
1985,1,19,2,2407.6
1986,1,19,2,139.43
1987,1,19,2,361.498
1988,1,19,2,373.778
1989,1,19,2,2130.31
1990,1,19,2,535.622
1991,1,19,2,2322.42
1992,1,19,2,8838.17
1993,1,19,2,29.47
1994,1,19,2,54.683
1995,1,19,2,139.63
1996,1,19,2,206.258
1997,1,19,2,542.154
1998,1,19,2,193.02
1999,1,19,2,675.735
2000,1,19,2,154.129
2001,1,19,2,173.105
2002,1,19,2,33.657
2003,1,19,2,533.693
2004,1,19,2,95.823
2005,1,19,2,211.75
2006,1,19,2,226.094
2007,1,19,2,181.646
2008,1,19,2,274.064
2009,1,19,2,83.6
2010,1,19,2,0
2011,1,19,2,24.344
2012,1,19,2,69.435
2013,1,19,2,0
2014,1,19,2,3.646
2015,1,19,2,0
2016,1,19,2,0
2017,1,19,2,85.402
2018,1,19,2,57.091
2019,1,19,2,0
2020,1,19,2,119.516
2021,1,19,2,24.503
2022,1,19,2,156.649
2023,1,19,2,154.135
2024,1,19,2,76.78
1952,1,20,2,0
1953,1,20,2,0
1954,1,20,2,0
1955,1,20,2,0
1956,1,20,2,0
1957,1,20,2,0
1958,1,20,2,0
1959,1,20,2,0
1960,1,20,2,0
1961,1,20,2,0
1962,1,20,2,0
1963,1,20,2,0
1964,1,20,2,0
1965,1,20,2,0
1966,1,20,2,0
1967,1,20,2,0
1968,1,20,2,0
1969,1,20,2,0
1970,1,20,2,16.923
1971,1,20,2,0
1972,1,20,2,0
1973,1,20,2,0
1974,1,20,2,0
1975,1,20,2,23.661
1976,1,20,2,0
1977,1,20,2,32.526
1978,1,20,2,267.859
1979,1,20,2,34.794
1980,1,20,2,823.775
1981,1,20,2,2.481
1982,1,20,2,765.726
1983,1,20,2,693.094
1984,1,20,2,55.614
1985,1,20,2,634.976
1986,1,20,2,36.134
1987,1,20,2,377.776
1988,1,20,2,12.998
1989,1,20,2,104.545
1990,1,20,2,523.767
1991,1,20,2,1823.43
1992,1,20,2,6799.32
1993,1,20,2,5.119
1994,1,20,2,316.326
1995,1,20,2,51.747
1996,1,20,2,35.634
1997,1,20,2,2265.5
1998,1,20,2,0
1999,1,20,2,804.641
2000,1,20,2,241.036
2001,1,20,2,242.961
2002,1,20,2,216.402
2003,1,20,2,370.312
2004,1,20,2,294.7
2005,1,20,2,781.58
2006,1,20,2,448.442
2007,1,20,2,508.07
2008,1,20,2,328.782
2009,1,20,2,393.151
2010,1,20,2,240.492
2011,1,20,2,261.939
2012,1,20,2,231.562
2013,1,20,2,182.736
2014,1,20,2,281.569
2015,1,20,2,316.952
2016,1,20,2,703.508
2017,1,20,2,2835.2
2018,1,20,2,565.12
2019,1,20,2,296.156
2020,1,20,2,220.199
2021,1,20,2,190.305
2022,1,20,2,204.645
2023,1,20,2,559.17
2024,1,20,2,351.096
1952,1,21,2,0
1953,1,21,2,0
1954,1,21,2,0
1955,1,21,2,0
1956,1,21,2,0
1957,1,21,2,0
1958,1,21,2,0
1959,1,21,2,0
1960,1,21,2,0
1961,1,21,2,0
1962,1,21,2,0
1963,1,21,2,0
1964,1,21,2,0
1965,1,21,2,0
1966,1,21,2,0
1967,1,21,2,0
1968,1,21,2,0
1969,1,21,2,0
1970,1,21,2,1237.5
1971,1,21,2,1282.5
1972,1,21,2,2025
1973,1,21,2,2295
1974,1,21,2,2287.25
1975,1,21,2,2489
1976,1,21,2,1694.25
1977,1,21,2,2310.25
1978,1,21,2,1850.75
1979,1,21,2,2583.5
1980,1,21,2,2080.75
1981,1,21,2,2644.93
1982,1,21,2,2924.82
1983,1,21,2,2759.04
1984,1,21,2,3904.34
1985,1,21,2,4428.01
1986,1,21,2,5514.02
1987,1,21,2,6195.26
1988,1,21,2,7370.46
1989,1,21,2,8653.85
1990,1,21,2,6462.24
1991,1,21,2,6604.79
1992,1,21,2,7593.26
1993,1,21,2,6956.47
1994,1,21,2,7716.17
1995,1,21,2,8222.29
1996,1,21,2,12760.9
1997,1,21,2,9494.99
1998,1,21,2,12536
1999,1,21,2,11897.4
2000,1,21,2,12658.9
2001,1,21,2,11648.6
2002,1,21,2,11196.1
2003,1,21,2,11420.9
2004,1,21,2,15036.6
2005,1,21,2,4651.61
2006,1,21,2,3744.05
2007,1,21,2,5060.52
2008,1,21,2,4496.69
2009,1,21,2,7714.26
2010,1,21,2,5852.01
2011,1,21,2,10903.4
2012,1,21,2,19279.7
2013,1,21,2,22749.4
2014,1,21,2,14486
2015,1,21,2,14539.5
2016,1,21,2,23877.3
2017,1,21,2,25961.9
2018,1,21,2,33564.1
2019,1,21,2,37403.4
2020,1,21,2,34116.2
2021,1,21,2,36352.8
2022,1,21,2,33392.7
2023,1,21,2,33539.7
2024,1,21,2,21591.8
1952,1,22,2,0
1953,1,22,2,0
1954,1,22,2,0
1955,1,22,2,0
1956,1,22,2,0
1957,1,22,2,0
1958,1,22,2,0
1959,1,22,2,0
1960,1,22,2,0
1961,1,22,2,0
1962,1,22,2,0
1963,1,22,2,0
1964,1,22,2,0
1965,1,22,2,0
1966,1,22,2,0
1967,1,22,2,0
1968,1,22,2,0
1969,1,22,2,0
1970,1,22,2,5727.75
1971,1,22,2,6412.34
1972,1,22,2,6641.98
1973,1,22,2,7955.39
1974,1,22,2,9253.77
1975,1,22,2,9456.93
1976,1,22,2,7967.18
1977,1,22,2,11548.8
1978,1,22,2,6985.58
1979,1,22,2,9142.11
1980,1,22,2,8358.86
1981,1,22,2,9711.85
1982,1,22,2,8925.15
1983,1,22,2,10676.1
1984,1,22,2,10220.9
1985,1,22,2,11626.9
1986,1,22,2,10925.9
1987,1,22,2,8886.79
1988,1,22,2,9871.91
1989,1,22,2,10839.2
1990,1,22,2,15211.9
1991,1,22,2,17678.5
1992,1,22,2,8422.13
1993,1,22,2,7455.42
1994,1,22,2,12113.1
1995,1,22,2,12916.2
1996,1,22,2,12999.9
1997,1,22,2,13740.8
1998,1,22,2,14203.7
1999,1,22,2,15047.3
2000,1,22,2,16460.6
2001,1,22,2,15156.5
2002,1,22,2,16226.9
2003,1,22,2,21553.1
2004,1,22,2,22144.5
2005,1,22,2,21176.8
2006,1,22,2,23364.9
2007,1,22,2,26237.8
2008,1,22,2,26957.2
2009,1,22,2,17568.4
2010,1,22,2,15095.3
2011,1,22,2,6618.01
2012,1,22,2,5719.26
2013,1,22,2,8231.82
2014,1,22,2,8366.37
2015,1,22,2,8777.4
2016,1,22,2,8815.21
2017,1,22,2,10946.4
2018,1,22,2,8262.04
2019,1,22,2,6957.12
2020,1,22,2,10630.2
2021,1,22,2,12486.5
2022,1,22,2,8128
2023,1,22,2,9748.44
2024,1,22,2,8131.36
1952,1,23,2,0
1953,1,23,2,0
1954,1,23,2,0
1955,1,23,2,0
1956,1,23,2,0
1957,1,23,2,0
1958,1,23,2,0
1959,1,23,2,0
1960,1,23,2,0
1961,1,23,2,0
1962,1,23,2,0
1963,1,23,2,0
1964,1,23,2,0
1965,1,23,2,0
1966,1,23,2,0
1967,1,23,2,0
1968,1,23,2,0
1969,1,23,2,0
1970,1,23,2,0
1971,1,23,2,0
1972,1,23,2,0
1973,1,23,2,0
1974,1,23,2,0
1975,1,23,2,0
1976,1,23,2,0
1977,1,23,2,0
1978,1,23,2,0
1979,1,23,2,0
1980,1,23,2,0
1981,1,23,2,0
1982,1,23,2,0
1983,1,23,2,0
1984,1,23,2,0
1985,1,23,2,0
1986,1,23,2,0
1987,1,23,2,0
1988,1,23,2,0
1989,1,23,2,0
1990,1,23,2,0
1991,1,23,2,0
1992,1,23,2,0
1993,1,23,2,0
1994,1,23,2,0
1995,1,23,2,0
1996,1,23,2,0
1997,1,23,2,0
1998,1,23,2,0
1999,1,23,2,0
2000,1,23,2,410.914
2001,1,23,2,432.462
2002,1,23,2,460.471
2003,1,23,2,457.589
2004,1,23,2,617.264
2005,1,23,2,674.538
2006,1,23,2,676.75
2007,1,23,2,697.862
2008,1,23,2,642.334
2009,1,23,2,551.749
2010,1,23,2,513.771
2011,1,23,2,515.9
2012,1,23,2,495.73
2013,1,23,2,813.255
2014,1,23,2,400.066
2015,1,23,2,773.36
2016,1,23,2,952.703
2017,1,23,2,673.873
2018,1,23,2,833.566
2019,1,23,2,488.063
2020,1,23,2,430.374
2021,1,23,2,349.925
2022,1,23,2,696.682
2023,1,23,2,646.23
2024,1,23,2,437.034
1952,1,24,3,0
1953,1,24,3,0
1954,1,24,3,0
1955,1,24,3,0
1956,1,24,3,0
1957,1,24,3,0
1958,1,24,3,0
1959,1,24,3,0
1960,1,24,3,0
1961,1,24,3,0
1962,1,24,3,0
1963,1,24,3,0
1964,1,24,3,0
1965,1,24,3,0
1966,1,24,3,0
1967,1,24,3,0
1968,1,24,3,0
1969,1,24,3,0
1970,1,24,3,27.81
1971,1,24,3,51.92
1972,1,24,3,275
1973,1,24,3,504.95
1974,1,24,3,103.43
1975,1,24,3,313.31
1976,1,24,3,306.56
1977,1,24,3,663.55
1978,1,24,3,679.61
1979,1,24,3,259.69
1980,1,24,3,403.46
1981,1,24,3,374.96
1982,1,24,3,9.5
1983,1,24,3,32.85
1984,1,24,3,29.19
1985,1,24,3,1456.19
1986,1,24,3,27.46
1987,1,24,3,17.17
1988,1,24,3,107.52
1989,1,24,3,297.19
1990,1,24,3,158.94
1991,1,24,3,255.04
1992,1,24,3,181.34
1993,1,24,3,470.47
1994,1,24,3,238.41
1995,1,24,3,503.543
1996,1,24,3,549.89
1997,1,24,3,349.81
1998,1,24,3,244.1
1999,1,24,3,148.74
2000,1,24,3,97.615
2001,1,24,3,0
2002,1,24,3,132.01
2003,1,24,3,189.957
2004,1,24,3,42.402
2005,1,24,3,61.599
2006,1,24,3,108.668
2007,1,24,3,51.24
2008,1,24,3,17.446
2009,1,24,3,0
2010,1,24,3,0
2011,1,24,3,3.175
2012,1,24,3,36.046
2013,1,24,3,89.321
2014,1,24,3,3.3
2015,1,24,3,0
2016,1,24,3,0
2017,1,24,3,65.817
2018,1,24,3,51.504
2019,1,24,3,41.96
2020,1,24,3,55.02
2021,1,24,3,65.92
2022,1,24,3,33.725
2023,1,24,3,1.126
2024,1,24,3,0
1952,1,25,3,0
1953,1,25,3,0
1954,1,25,3,0
1955,1,25,3,0
1956,1,25,3,0
1957,1,25,3,0
1958,1,25,3,0
1959,1,25,3,0
1960,1,25,3,0
1961,1,25,3,0
1962,1,25,3,0
1963,1,25,3,0
1964,1,25,3,0
1965,1,25,3,0
1966,1,25,3,0
1967,1,25,3,0
1968,1,25,3,0
1969,1,25,3,1.757
1970,1,25,3,0
1971,1,25,3,3.742
1972,1,25,3,0
1973,1,25,3,126.252
1974,1,25,3,18.471
1975,1,25,3,6.177
1976,1,25,3,347.916
1977,1,25,3,671.204
1978,1,25,3,474.863
1979,1,25,3,127.916
1980,1,25,3,453.755
1981,1,25,3,957.311
1982,1,25,3,3440.16
1983,1,25,3,5525.9
1984,1,25,3,4886.95
1985,1,25,3,5762.61
1986,1,25,3,13930.6
1987,1,25,3,2050.76
1988,1,25,3,2778.88
1989,1,25,3,13429.7
1990,1,25,3,9858.25
1991,1,25,3,19622.5
1992,1,25,3,11237.7
1993,1,25,3,7772.81
1994,1,25,3,6430.19
1995,1,25,3,9244.25
1996,1,25,3,14256.4
1997,1,25,3,17079.2
1998,1,25,3,8517.04
1999,1,25,3,9741.9
2000,1,25,3,8916.39
2001,1,25,3,6611.18
2002,1,25,3,14760.8
2003,1,25,3,14763.7
2004,1,25,3,15485.9
2005,1,25,3,10383
2006,1,25,3,16653.7
2007,1,25,3,11226.3
2008,1,25,3,14372.5
2009,1,25,3,17602.1
2010,1,25,3,12220.3
2011,1,25,3,11246.4
2012,1,25,3,12225.9
2013,1,25,3,10491.9
2014,1,25,3,7574.07
2015,1,25,3,4336.95
2016,1,25,3,7314.92
2017,1,25,3,8375.64
2018,1,25,3,6172.42
2019,1,25,3,4415.93
2020,1,25,3,2645.53
2021,1,25,3,7511.31
2022,1,25,3,5128.23
2023,1,25,3,8371.65
2024,1,25,3,6931.2
1952,1,26,3,0
1953,1,26,3,0
1954,1,26,3,0
1955,1,26,3,0
1956,1,26,3,0
1957,1,26,3,0
1958,1,26,3,0
1959,1,26,3,0
1960,1,26,3,0
1961,1,26,3,0
1962,1,26,3,0
1963,1,26,3,0
1964,1,26,3,0
1965,1,26,3,0
1966,1,26,3,0
1967,1,26,3,0
1968,1,26,3,0
1969,1,26,3,0
1970,1,26,3,0
1971,1,26,3,0
1972,1,26,3,0
1973,1,26,3,126.234
1974,1,26,3,1.307
1975,1,26,3,0
1976,1,26,3,0
1977,1,26,3,0
1978,1,26,3,320.9
1979,1,26,3,19.031
1980,1,26,3,59.658
1981,1,26,3,4.64
1982,1,26,3,1609.33
1983,1,26,3,1053.9
1984,1,26,3,1648.02
1985,1,26,3,3934.16
1986,1,26,3,4237.33
1987,1,26,3,3197.09
1988,1,26,3,537.764
1989,1,26,3,6417.67
1990,1,26,3,3493.56
1991,1,26,3,28442.6
1992,1,26,3,9891.99
1993,1,26,3,4479.76
1994,1,26,3,2617.63
1995,1,26,3,3586.12
1996,1,26,3,10496.8
1997,1,26,3,7249.05
1998,1,26,3,9555.21
1999,1,26,3,1745.09
2000,1,26,3,4881.56
2001,1,26,3,1386.08
2002,1,26,3,2914.14
2003,1,26,3,29680.2
2004,1,26,3,3488.07
2005,1,26,3,6492.89
2006,1,26,3,6011.12
2007,1,26,3,15859.5
2008,1,26,3,8805.33
2009,1,26,3,12100.3
2010,1,26,3,30929.4
2011,1,26,3,14757.4
2012,1,26,3,17287.1
2013,1,26,3,22102.5
2014,1,26,3,23676
2015,1,26,3,15878.5
2016,1,26,3,7136.71
2017,1,26,3,32335
2018,1,26,3,18114.2
2019,1,26,3,24567.7
2020,1,26,3,47056.9
2021,1,26,3,18372.6
2022,1,26,3,15152.8
2023,1,26,3,21869
2024,1,26,3,35971
1952,1,27,4,0
1953,1,27,4,0
1954,1,27,4,0
1955,1,27,4,0
1956,1,27,4,0
1957,1,27,4,0
1958,1,27,4,0
1959,1,27,4,0
1960,1,27,4,0
1961,1,27,4,0
1962,1,27,4,0
1963,1,27,4,0
1964,1,27,4,0
1965,1,27,4,0
1966,1,27,4,0
1967,1,27,4,0
1968,1,27,4,0
1969,1,27,4,0
1970,1,27,4,0
1971,1,27,4,0
1972,1,27,4,112.7
1973,1,27,4,287.4
1974,1,27,4,33.5
1975,1,27,4,103.2
1976,1,27,4,22.8
1977,1,27,4,399.2
1978,1,27,4,274.3
1979,1,27,4,53.6
1980,1,27,4,330.8
1981,1,27,4,122.3
1982,1,27,4,147
1983,1,27,4,78.9
1984,1,27,4,217.3
1985,1,27,4,250.1
1986,1,27,4,342.92
1987,1,27,4,139.7
1988,1,27,4,128.03
1989,1,27,4,20.55
1990,1,27,4,38.9
1991,1,27,4,40.6
1992,1,27,4,47.85
1993,1,27,4,93.51
1994,1,27,4,77.78
1995,1,27,4,48.032
1996,1,27,4,10.63
1997,1,27,4,56.49
1998,1,27,4,36.43
1999,1,27,4,24.2
2000,1,27,4,8
2001,1,27,4,10.8
2002,1,27,4,0
2003,1,27,4,62.2
2004,1,27,4,25.2
2005,1,27,4,31.2
2006,1,27,4,62.43
2007,1,27,4,4.858
2008,1,27,4,40.153
2009,1,27,4,14.6
2010,1,27,4,0
2011,1,27,4,22.2
2012,1,27,4,4.7
2013,1,27,4,31.5
2014,1,27,4,5.6
2015,1,27,4,4
2016,1,27,4,7.5
2017,1,27,4,8.2
2018,1,27,4,2.9
2019,1,27,4,0
2020,1,27,4,1.5
2021,1,27,4,6.9
2022,1,27,4,8.7
2023,1,27,4,2.9
2024,1,27,4,0
1952,1,28,4,0
1953,1,28,4,0
1954,1,28,4,0
1955,1,28,4,0
1956,1,28,4,0
1957,1,28,4,0
1958,1,28,4,0
1959,1,28,4,0
1960,1,28,4,0
1961,1,28,4,0
1962,1,28,4,0
1963,1,28,4,0
1964,1,28,4,0
1965,1,28,4,0
1966,1,28,4,0
1967,1,28,4,0
1968,1,28,4,0
1969,1,28,4,0
1970,1,28,4,0
1971,1,28,4,19.417
1972,1,28,4,23.353
1973,1,28,4,121.789
1974,1,28,4,109.749
1975,1,28,4,166.885
1976,1,28,4,416.498
1977,1,28,4,421.541
1978,1,28,4,736.696
1979,1,28,4,616.01
1980,1,28,4,650.234
1981,1,28,4,3325.32
1982,1,28,4,9466.44
1983,1,28,4,5274.35
1984,1,28,4,12513.3
1985,1,28,4,6653.27
1986,1,28,4,14480.5
1987,1,28,4,16719
1988,1,28,4,18501.7
1989,1,28,4,8132.02
1990,1,28,4,17698.2
1991,1,28,4,19541.7
1992,1,28,4,15227.8
1993,1,28,4,17233.5
1994,1,28,4,23876
1995,1,28,4,16540.3
1996,1,28,4,20397.9
1997,1,28,4,16824.9
1998,1,28,4,13910.4
1999,1,28,4,16871.8
2000,1,28,4,12189.4
2001,1,28,4,11353.4
2002,1,28,4,31321.6
2003,1,28,4,20801.5
2004,1,28,4,27079.9
2005,1,28,4,19111.5
2006,1,28,4,19656.6
2007,1,28,4,27817.8
2008,1,28,4,28546.5
2009,1,28,4,15078.9
2010,1,28,4,12941.2
2011,1,28,4,16271.8
2012,1,28,4,11525.3
2013,1,28,4,25236.2
2014,1,28,4,22029.3
2015,1,28,4,10237.3
2016,1,28,4,10116.1
2017,1,28,4,15080.4
2018,1,28,4,16170.1
2019,1,28,4,11149.3
2020,1,28,4,9805.21
2021,1,28,4,21596.6
2022,1,28,4,15547.4
2023,1,28,4,9943.45
2024,1,28,4,8818.47
1952,1,29,4,0
1953,1,29,4,0
1954,1,29,4,0
1955,1,29,4,0
1956,1,29,4,0
1957,1,29,4,0
1958,1,29,4,0
1959,1,29,4,0
1960,1,29,4,0
1961,1,29,4,0
1962,1,29,4,0
1963,1,29,4,0
1964,1,29,4,0
1965,1,29,4,0
1966,1,29,4,0
1967,1,29,4,0
1968,1,29,4,0
1969,1,29,4,0
1970,1,29,4,0
1971,1,29,4,0
1972,1,29,4,0
1973,1,29,4,0
1974,1,29,4,0
1975,1,29,4,0
1976,1,29,4,0
1977,1,29,4,0
1978,1,29,4,0
1979,1,29,4,0
1980,1,29,4,0
1981,1,29,4,0
1982,1,29,4,0
1983,1,29,4,1792.41
1984,1,29,4,2581.23
1985,1,29,4,98.868
1986,1,29,4,58.734
1987,1,29,4,58.448
1988,1,29,4,98.789
1989,1,29,4,0
1990,1,29,4,2108.16
1991,1,29,4,6.246
1992,1,29,4,4811.56
1993,1,29,4,5956.79
1994,1,29,4,2780.62
1995,1,29,4,1888.57
1996,1,29,4,1827.65
1997,1,29,4,5579.06
1998,1,29,4,11626.2
1999,1,29,4,5231.24
2000,1,29,4,8495.69
2001,1,29,4,2763.4
2002,1,29,4,13867.9
2003,1,29,4,60.687
2004,1,29,4,7910.04
2005,1,29,4,4925.79
2006,1,29,4,956.009
2007,1,29,4,2891.93
2008,1,29,4,5998.42
2009,1,29,4,6868.45
2010,1,29,4,14001.4
2011,1,29,4,11968
2012,1,29,4,7012.03
2013,1,29,4,9727.13
2014,1,29,4,17715.5
2015,1,29,4,14033.3
2016,1,29,4,11562.2
2017,1,29,4,12573
2018,1,29,4,12162.8
2019,1,29,4,12870.8
2020,1,29,4,18760.6
2021,1,29,4,14354.9
2022,1,29,4,10625.2
2023,1,29,4,5445.85
2024,1,29,4,12692.1
1952,1,30,4,0
1953,1,30,4,0
1954,1,30,4,0
1955,1,30,4,0
1956,1,30,4,0
1957,1,30,4,0
1958,1,30,4,0
1959,1,30,4,0
1960,1,30,4,0
1961,1,30,4,0
1962,1,30,4,0
1963,1,30,4,0
1964,1,30,4,0
1965,1,30,4,0
1966,1,30,4,0
1967,1,30,4,0
1968,1,30,4,0.651
1969,1,30,4,0
1970,1,30,4,0
1971,1,30,4,0
1972,1,30,4,0
1973,1,30,4,0
1974,1,30,4,0
1975,1,30,4,41.779
1976,1,30,4,0
1977,1,30,4,0
1978,1,30,4,220.359
1979,1,30,4,4.167
1980,1,30,4,370.107
1981,1,30,4,496.472
1982,1,30,4,1923.95
1983,1,30,4,8033.08
1984,1,30,4,1488.16
1985,1,30,4,4128.36
1986,1,30,4,1212.32
1987,1,30,4,13654.4
1988,1,30,4,3639.84
1989,1,30,4,4017.42
1990,1,30,4,8658.37
1991,1,30,4,5854.76
1992,1,30,4,9885.31
1993,1,30,4,23266.8
1994,1,30,4,10618.1
1995,1,30,4,26084.8
1996,1,30,4,14757.6
1997,1,30,4,5186.41
1998,1,30,4,38474.2
1999,1,30,4,10890.2
2000,1,30,4,18373.7
2001,1,30,4,23978.3
2002,1,30,4,5027.42
2003,1,30,4,25958
2004,1,30,4,7971.47
2005,1,30,4,10140.8
2006,1,30,4,12501.5
2007,1,30,4,15604.9
2008,1,30,4,6220.56
2009,1,30,4,6755.85
2010,1,30,4,5946.46
2011,1,30,4,2624.8
2012,1,30,4,21040
2013,1,30,4,10608.3
2014,1,30,4,5987.31
2015,1,30,4,12769.1
2016,1,30,4,30858.7
2017,1,30,4,17370.6
2018,1,30,4,12214.4
2019,1,30,4,11585.1
2020,1,30,4,8453.14
2021,1,30,4,5742.51
2022,1,30,4,12955.3
2023,1,30,4,10669.9
2024,1,30,4,3690.93
1952,1,31,4,0
1953,1,31,4,0
1954,1,31,4,0
1955,1,31,4,0
1956,1,31,4,0
1957,1,31,4,0
1958,1,31,4,0
1959,1,31,4,0
1960,1,31,4,0
1961,1,31,4,0
1962,1,31,4,0
1963,1,31,4,0
1964,1,31,4,0
1965,1,31,4,0
1966,1,31,4,0
1967,1,31,4,0
1968,1,31,4,0
1969,1,31,4,0
1970,1,31,4,0
1971,1,31,4,0
1972,1,31,4,0
1973,1,31,4,0
1974,1,31,4,0
1975,1,31,4,0
1976,1,31,4,0
1977,1,31,4,0
1978,1,31,4,0
1979,1,31,4,0
1980,1,31,4,0
1981,1,31,4,0
1982,1,31,4,0
1983,1,31,4,63.645
1984,1,31,4,87.193
1985,1,31,4,219.261
1986,1,31,4,128.053
1987,1,31,4,265.502
1988,1,31,4,762.178
1989,1,31,4,0
1990,1,31,4,982.403
1991,1,31,4,2.643
1992,1,31,4,2661.4
1993,1,31,4,650.004
1994,1,31,4,156.212
1995,1,31,4,1116.9
1996,1,31,4,62.127
1997,1,31,4,17.144
1998,1,31,4,2732.48
1999,1,31,4,1.481
2000,1,31,4,395.763
2001,1,31,4,118.651
2002,1,31,4,628.307
2003,1,31,4,1.172
2004,1,31,4,482.478
2005,1,31,4,134.867
2006,1,31,4,13.835
2007,1,31,4,131.676
2008,1,31,4,24.955
2009,1,31,4,392.596
2010,1,31,4,1217.12
2011,1,31,4,109.079
2012,1,31,4,21743
2013,1,31,4,288.259
2014,1,31,4,5023.43
2015,1,31,4,10562.8
2016,1,31,4,1415.79
2017,1,31,4,411.981
2018,1,31,4,7974.09
2019,1,31,4,29834.4
2020,1,31,4,5338.29
2021,1,31,4,460.94
2022,1,31,4,9104.31
2023,1,31,4,922.813
2024,1,31,4,436.165
1952,1,32,1,1.56053e-05
1953,1,32,1,1.55471e-05
1954,1,32,1,1.5275e-05
1955,1,32,1,1.44333e-05
1956,1,32,1,1.4075e-05
1957,1,32,1,1.50655e-05
1958,1,32,1,1.45404e-05
1959,1,32,1,1.46457e-05
1960,1,32,1,1.54157e-05
1961,1,32,1,1.41512e-05
1962,1,32,1,1.22794e-05
1963,1,32,1,1.1311e-05
1964,1,32,1,1.09534e-05
1965,1,32,1,1.11124e-05
1966,1,32,1,1.1807e-05
1967,1,32,1,1.0422e-05
1968,1,32,1,9.91583e-06
1969,1,32,1,9.48534e-06
1970,1,32,1,1.05282e-05
1971,1,32,1,1.07337e-05
1972,1,32,1,1.09679e-05
1973,1,32,1,9.51731e-06
1974,1,32,1,9.51337e-06
1975,1,32,1,9.60645e-06
1976,1,32,1,8.64069e-06
1977,1,32,1,8.70995e-06
1978,1,32,1,9.55013e-06
1979,1,32,1,9.98047e-06
1980,1,32,1,9.06909e-06
1981,1,32,1,8.52347e-06
1982,1,32,1,8.2658e-06
1983,1,32,1,8.49057e-06
1984,1,32,1,8.59753e-06
1985,1,32,1,8.2667e-06
1986,1,32,1,8.48996e-06
1987,1,32,1,9.59506e-06
1988,1,32,1,9.31569e-06
1989,1,32,1,9.20545e-06
1990,1,32,1,8.90025e-06
1991,1,32,1,8.55171e-06
1992,1,32,1,8.21703e-06
1993,1,32,1,7.20338e-06
1994,1,32,1,6.71722e-06
1995,1,32,1,6.50476e-06
1996,1,32,1,6.67398e-06
1997,1,32,1,6.79041e-06
1998,1,32,1,6.24354e-06
1999,1,32,1,5.39589e-06
2000,1,32,1,4.69078e-06
2001,1,32,1,4.31931e-06
2002,1,32,1,4.06766e-06
2003,1,32,1,3.7433e-06
2004,1,32,1,3.48596e-06
2005,1,32,1,3.38625e-06
2006,1,32,1,3.22206e-06
2007,1,32,1,3.09271e-06
2008,1,32,1,3.26757e-06
2009,1,32,1,3.45728e-06
2010,1,32,1,3.57281e-06
2011,1,32,1,3.46656e-06
2012,1,32,1,3.31974e-06
2013,1,32,1,3.38158e-06
2014,1,32,1,3.74511e-06
2015,1,32,1,4.13047e-06
2016,1,32,1,4.30506e-06
2017,1,32,1,4.1761e-06
2018,1,32,1,4.08955e-06
2019,1,32,1,4.28172e-06
2020,1,32,1,4.90438e-06
2021,1,32,1,5.13595e-06
2022,1,32,1,5.43689e-06
2023,1,32,1,5.79705e-06
2024,1,32,1,5.03814e-06
1952,1,33,2,6.54795e-05
1953,1,33,2,6.58524e-05
1954,1,33,2,6.53085e-05
1955,1,33,2,6.00387e-05
1956,1,33,2,5.68202e-05
1957,1,33,2,5.68573e-05
1958,1,33,2,5.50021e-05
1959,1,33,2,5.67718e-05
1960,1,33,2,6.24741e-05
1961,1,33,2,5.84713e-05
1962,1,33,2,5.03748e-05
1963,1,33,2,4.5007e-05
1964,1,33,2,4.21897e-05
1965,1,33,2,4.16424e-05
1966,1,33,2,4.75551e-05
1967,1,33,2,4.02594e-05
1968,1,33,2,3.91935e-05
1969,1,33,2,3.31671e-05
1970,1,33,2,3.71771e-05
1971,1,33,2,3.5087e-05
1972,1,33,2,3.74101e-05
1973,1,33,2,3.10994e-05
1974,1,33,2,3.12452e-05
1975,1,33,2,3.2662e-05
1976,1,33,2,2.90628e-05
1977,1,33,2,2.96972e-05
1978,1,33,2,3.17352e-05
1979,1,33,2,3.17585e-05
1980,1,33,2,2.76432e-05
1981,1,33,2,2.44758e-05
1982,1,33,2,2.22639e-05
1983,1,33,2,2.21589e-05
1984,1,33,2,2.28223e-05
1985,1,33,2,2.25548e-05
1986,1,33,2,2.42596e-05
1987,1,33,2,2.70944e-05
1988,1,33,2,2.58072e-05
1989,1,33,2,2.46098e-05
1990,1,33,2,2.1969e-05
1991,1,33,2,1.93187e-05
1992,1,33,2,1.63048e-05
1993,1,33,2,1.29976e-05
1994,1,33,2,1.17649e-05
1995,1,33,2,1.14707e-05
1996,1,33,2,1.19382e-05
1997,1,33,2,1.23289e-05
1998,1,33,2,1.19307e-05
1999,1,33,2,1.13113e-05
2000,1,33,2,1.09177e-05
2001,1,33,2,1.15631e-05
2002,1,33,2,1.14818e-05
2003,1,33,2,1.17034e-05
2004,1,33,2,1.15291e-05
2005,1,33,2,1.1822e-05
2006,1,33,2,1.11148e-05
2007,1,33,2,1.12229e-05
2008,1,33,2,1.16305e-05
2009,1,33,2,1.15173e-05
2010,1,33,2,1.06791e-05
2011,1,33,2,9.7659e-06
2012,1,33,2,9.15471e-06
2013,1,33,2,9.39362e-06
2014,1,33,2,1.00542e-05
2015,1,33,2,1.06272e-05
2016,1,33,2,1.12079e-05
2017,1,33,2,1.09041e-05
2018,1,33,2,1.01542e-05
2019,1,33,2,9.45226e-06
2020,1,33,2,9.89139e-06
2021,1,33,2,8.84051e-06
2022,1,33,2,8.0193e-06
2023,1,33,2,7.64076e-06
2024,1,33,2,6.82636e-06
1952,1,34,3,1.8031e-05
1953,1,34,3,1.52197e-05
1954,1,34,3,1.5937e-05
1955,1,34,3,1.52796e-05
1956,1,34,3,1.21497e-05
1957,1,34,3,1.70207e-05
1958,1,34,3,1.2516e-05
1959,1,34,3,1.07565e-05
1960,1,34,3,1.2768e-05
1961,1,34,3,9.84465e-06
1962,1,34,3,7.34593e-06
1963,1,34,3,7.83743e-06
1964,1,34,3,8.40332e-06
1965,1,34,3,8.33089e-06
1966,1,34,3,9.21854e-06
1967,1,34,3,5.75727e-06
1968,1,34,3,5.56258e-06
1969,1,34,3,5.09338e-06
1970,1,34,3,6.73723e-06
1971,1,34,3,6.47061e-06
1972,1,34,3,6.66916e-06
1973,1,34,3,4.70611e-06
1974,1,34,3,5.29623e-06
1975,1,34,3,5.96615e-06
1976,1,34,3,4.61402e-06
1977,1,34,3,5.28776e-06
1978,1,34,3,6.56675e-06
1979,1,34,3,7.4186e-06
1980,1,34,3,5.68622e-06
1981,1,34,3,5.46224e-06
1982,1,34,3,5.26646e-06
1983,1,34,3,5.84572e-06
1984,1,34,3,5.77646e-06
1985,1,34,3,5.42298e-06
1986,1,34,3,4.79785e-06
1987,1,34,3,6.57807e-06
1988,1,34,3,5.46384e-06
1989,1,34,3,5.18964e-06
1990,1,34,3,4.82941e-06
1991,1,34,3,4.13961e-06
1992,1,34,3,4.20251e-06
1993,1,34,3,3.45106e-06
1994,1,34,3,3.60313e-06
1995,1,34,3,3.71766e-06
1996,1,34,3,3.82069e-06
1997,1,34,3,3.79866e-06
1998,1,34,3,3.32513e-06
1999,1,34,3,2.72309e-06
2000,1,34,3,2.57195e-06
2001,1,34,3,2.64957e-06
2002,1,34,3,2.67424e-06
2003,1,34,3,2.43934e-06
2004,1,34,3,2.32179e-06
2005,1,34,3,2.39261e-06
2006,1,34,3,2.47837e-06
2007,1,34,3,2.13936e-06
2008,1,34,3,2.44898e-06
2009,1,34,3,2.53008e-06
2010,1,34,3,2.41455e-06
2011,1,34,3,1.9908e-06
2012,1,34,3,1.80439e-06
2013,1,34,3,1.81348e-06
2014,1,34,3,2.14131e-06
2015,1,34,3,2.49661e-06
2016,1,34,3,2.90467e-06
2017,1,34,3,2.44944e-06
2018,1,34,3,2.20135e-06
2019,1,34,3,2.34002e-06
2020,1,34,3,2.99151e-06
2021,1,34,3,3.17083e-06
2022,1,34,3,3.02486e-06
2023,1,34,3,4.05974e-06
2024,1,34,3,3.18812e-06
1952,1,35,4,8.58097e-05
1953,1,35,4,8.37666e-05
1954,1,35,4,8.22641e-05
1955,1,35,4,7.9167e-05
1956,1,35,4,6.8419e-05
1957,1,35,4,8.35218e-05
1958,1,35,4,7.66669e-05
1959,1,35,4,7.34254e-05
1960,1,35,4,8.68879e-05
1961,1,35,4,7.54614e-05
1962,1,35,4,5.79928e-05
1963,1,35,4,5.31521e-05
1964,1,35,4,5.28808e-05
1965,1,35,4,5.21636e-05
1966,1,35,4,6.12725e-05
1967,1,35,4,4.72622e-05
1968,1,35,4,4.4102e-05
1969,1,35,4,3.86928e-05
1970,1,35,4,4.60334e-05
1971,1,35,4,4.53083e-05
1972,1,35,4,4.74853e-05
1973,1,35,4,3.71934e-05
1974,1,35,4,3.73506e-05
1975,1,35,4,4.2112e-05
1976,1,35,4,3.57188e-05
1977,1,35,4,3.70457e-05
1978,1,35,4,4.31323e-05
1979,1,35,4,4.82363e-05
1980,1,35,4,3.98658e-05
1981,1,35,4,3.63676e-05
1982,1,35,4,3.39106e-05
1983,1,35,4,3.56219e-05
1984,1,35,4,3.585e-05
1985,1,35,4,3.49004e-05
1986,1,35,4,3.18116e-05
1987,1,35,4,3.91074e-05
1988,1,35,4,3.38161e-05
1989,1,35,4,3.05902e-05
1990,1,35,4,2.81746e-05
1991,1,35,4,2.36013e-05
1992,1,35,4,2.17093e-05
1993,1,35,4,1.61132e-05
1994,1,35,4,1.41816e-05
1995,1,35,4,1.3806e-05
1996,1,35,4,1.57975e-05
1997,1,35,4,1.76253e-05
1998,1,35,4,1.57009e-05
1999,1,35,4,1.31632e-05
2000,1,35,4,1.23646e-05
2001,1,35,4,1.2782e-05
2002,1,35,4,1.38682e-05
2003,1,35,4,1.32616e-05
2004,1,35,4,1.36844e-05
2005,1,35,4,1.33894e-05
2006,1,35,4,1.31848e-05
2007,1,35,4,1.23381e-05
2008,1,35,4,1.38318e-05
2009,1,35,4,1.46194e-05
2010,1,35,4,1.50876e-05
2011,1,35,4,1.38024e-05
2012,1,35,4,1.24981e-05
2013,1,35,4,1.26348e-05
2014,1,35,4,1.48173e-05
2015,1,35,4,1.58506e-05
2016,1,35,4,1.68435e-05
2017,1,35,4,1.58364e-05
2018,1,35,4,1.44421e-05
2019,1,35,4,1.38047e-05
2020,1,35,4,1.59063e-05
2021,1,35,4,1.67743e-05
2022,1,35,4,1.39999e-05
2023,1,35,4,1.79313e-05
2024,1,35,4,1.57611e-05
1952,1,36,5,0
1953,1,36,5,0
1954,1,36,5,3.96443e-05
1955,1,36,5,3.92788e-05
1956,1,36,5,3.48247e-05
1957,1,36,5,3.91164e-05
1958,1,36,5,3.58066e-05
1959,1,36,5,3.21317e-05
1960,1,36,5,3.38839e-05
1961,1,36,5,3.09454e-05
1962,1,36,5,2.5874e-05
1963,1,36,5,2.39913e-05
1964,1,36,5,2.36816e-05
1965,1,36,5,2.31724e-05
1966,1,36,5,2.41839e-05
1967,1,36,5,2.02912e-05
1968,1,36,5,1.80094e-05
1969,1,36,5,1.6456e-05
1970,1,36,5,1.77472e-05
1971,1,36,5,1.81373e-05
1972,1,36,5,1.85243e-05
1973,1,36,5,1.6064e-05
1974,1,36,5,1.54158e-05
1975,1,36,5,1.62881e-05
1976,1,36,5,1.48568e-05
1977,1,36,5,1.48701e-05
1978,1,36,5,1.67016e-05
1979,1,36,5,1.86418e-05
1980,1,36,5,1.7117e-05
1981,1,36,5,1.58667e-05
1982,1,36,5,1.50418e-05
1983,1,36,5,1.54117e-05
1984,1,36,5,1.54824e-05
1985,1,36,5,1.50759e-05
1986,1,36,5,1.40328e-05
1987,1,36,5,1.60815e-05
1988,1,36,5,1.53478e-05
1989,1,36,5,1.45037e-05
1990,1,36,5,1.36696e-05
1991,1,36,5,1.23091e-05
1992,1,36,5,1.15798e-05
1993,1,36,5,9.89399e-06
1994,1,36,5,9.153e-06
1995,1,36,5,8.87384e-06
1996,1,36,5,9.09762e-06
1997,1,36,5,9.24845e-06
1998,1,36,5,8.65331e-06
1999,1,36,5,7.49117e-06
2000,1,36,5,6.85697e-06
2001,1,36,5,6.6982e-06
2002,1,36,5,6.88629e-06
2003,1,36,5,6.62759e-06
2004,1,36,5,6.31705e-06
2005,1,36,5,6.27131e-06
2006,1,36,5,6.43037e-06
2007,1,36,5,6.02762e-06
2008,1,36,5,6.3017e-06
2009,1,36,5,6.62897e-06
2010,1,36,5,6.72488e-06
2011,1,36,5,6.11869e-06
2012,1,36,5,5.53297e-06
2013,1,36,5,5.36249e-06
2014,1,36,5,5.85137e-06
2015,1,36,5,6.40056e-06
2016,1,36,5,7.0229e-06
2017,1,36,5,6.96202e-06
2018,1,36,5,6.3758e-06
2019,1,36,5,6.31963e-06
2020,1,36,5,7.27304e-06
2021,1,36,5,7.75537e-06
2022,1,36,5,7.69876e-06
2023,1,36,5,9.12462e-06
2024,1,36,5,8.53495e-06
1952,2,1,1,485.878
1953,2,1,1,673.543
1954,2,1,1,1051.66
1955,2,1,1,1036.39
1956,2,1,1,638.491
1957,2,1,1,1056.15
1958,2,1,1,1170.06
1959,2,1,1,1330.54
1960,2,1,1,1334.56
1961,2,1,1,1216.56
1962,2,1,1,902.456
1963,2,1,1,647.337
1964,2,1,1,1372.03
1965,2,1,1,684.618
1966,2,1,1,1544.23
1967,2,1,1,995.384
1968,2,1,1,1106.59
1969,2,1,1,1016.01
1970,2,1,1,1769.08
1971,2,1,1,967.001
1972,2,1,1,1067.59
1973,2,1,1,1101.57
1974,2,1,1,1130.89
1975,2,1,1,1506.41
1976,2,1,1,1885.22
1977,2,1,1,3748.6
1978,2,1,1,5055.89
1979,2,1,1,3724.25
1980,2,1,1,2623.3
1981,2,1,1,2010.67
1982,2,1,1,1781.62
1983,2,1,1,2287.04
1984,2,1,1,2116.78
1985,2,1,1,2023.4
1986,2,1,1,2278.58
1987,2,1,1,2552.58
1988,2,1,1,2800.75
1989,2,1,1,2054.95
1990,2,1,1,1873.66
1991,2,1,1,2556.78
1992,2,1,1,2463.93
1993,2,1,1,2579.48
1994,2,1,1,1003.02
1995,2,1,1,1602.91
1996,2,1,1,1042.44
1997,2,1,1,849.88
1998,2,1,1,1553.92
1999,2,1,1,915.248
2000,2,1,1,1107.02
2001,2,1,1,1212.71
2002,2,1,1,1105.21
2003,2,1,1,1756.59
2004,2,1,1,1776.45
2005,2,1,1,1778.04
2006,2,1,1,1914.88
2007,2,1,1,1491.47
2008,2,1,1,1486.35
2009,2,1,1,1728.11
2010,2,1,1,3271.27
2011,2,1,1,2110.29
2012,2,1,1,1439.54
2013,2,1,1,2016.55
2014,2,1,1,1353.09
2015,2,1,1,2434.72
2016,2,1,1,2288.75
2017,2,1,1,1780.53
2018,2,1,1,2089.85
2019,2,1,1,2502.73
2020,2,1,1,1439.1
2021,2,1,1,934.83
2022,2,1,1,1114.31
2023,2,1,1,1593.27
2024,2,1,1,2373.66
1952,2,2,1,60.557
1953,2,2,1,95.4708
1954,2,2,1,33.6415
1955,2,2,1,116.058
1956,2,2,1,13.212
1957,2,2,1,67.7188
1958,2,2,1,137.617
1959,2,2,1,407.132
1960,2,2,1,626.688
1961,2,2,1,538.957
1962,2,2,1,435.544
1963,2,2,1,258.621
1964,2,2,1,445.146
1965,2,2,1,350.359
1966,2,2,1,332.327
1967,2,2,1,491.91
1968,2,2,1,473.358
1969,2,2,1,131.858
1970,2,2,1,1281.31
1971,2,2,1,195.729
1972,2,2,1,281.545
1973,2,2,1,220.485
1974,2,2,1,668.718
1975,2,2,1,208.144
1976,2,2,1,569.914
1977,2,2,1,315.172
1978,2,2,1,303.904
1979,2,2,1,823.184
1980,2,2,1,656.293
1981,2,2,1,909.603
1982,2,2,1,433.07
1983,2,2,1,369.152
1984,2,2,1,424.671
1985,2,2,1,395.434
1986,2,2,1,1558.82
1987,2,2,1,944.432
1988,2,2,1,830.87
1989,2,2,1,863.506
1990,2,2,1,407.627
1991,2,2,1,803.323
1992,2,2,1,190.077
1993,2,2,1,606.877
1994,2,2,1,156.294
1995,2,2,1,807.392
1996,2,2,1,311.255
1997,2,2,1,671.339
1998,2,2,1,1151.78
1999,2,2,1,328.862
2000,2,2,1,219.957
2001,2,2,1,226.428
2002,2,2,1,118.264
2003,2,2,1,308.234
2004,2,2,1,169.979
2005,2,2,1,168.55
2006,2,2,1,551.227
2007,2,2,1,159.369
2008,2,2,1,510.877
2009,2,2,1,134.098
2010,2,2,1,66.3143
2011,2,2,1,437.946
2012,2,2,1,289.621
2013,2,2,1,130.06
2014,2,2,1,139.936
2015,2,2,1,85.9951
2016,2,2,1,227.601
2017,2,2,1,768.167
2018,2,2,1,1191.9
2019,2,2,1,1270.1
2020,2,2,1,610.978
2021,2,2,1,1251.21
2022,2,2,1,870.849
2023,2,2,1,502.239
2024,2,2,1,5228.2
1952,2,3,1,0
1953,2,3,1,0
1954,2,3,1,0
1955,2,3,1,0
1956,2,3,1,0
1957,2,3,1,0
1958,2,3,1,0
1959,2,3,1,0
1960,2,3,1,0
1961,2,3,1,0
1962,2,3,1,0
1963,2,3,1,0
1964,2,3,1,0
1965,2,3,1,0
1966,2,3,1,0
1967,2,3,1,0
1968,2,3,1,0
1969,2,3,1,0
1970,2,3,1,0
1971,2,3,1,0
1972,2,3,1,0
1973,2,3,1,0
1974,2,3,1,0
1975,2,3,1,0
1976,2,3,1,0
1977,2,3,1,0
1978,2,3,1,0
1979,2,3,1,0
1980,2,3,1,0
1981,2,3,1,0
1982,2,3,1,0
1983,2,3,1,0
1984,2,3,1,0
1985,2,3,1,0
1986,2,3,1,0
1987,2,3,1,0
1988,2,3,1,0
1989,2,3,1,0
1990,2,3,1,0
1991,2,3,1,173.383
1992,2,3,1,59.2068
1993,2,3,1,104.44
1994,2,3,1,47.3953
1995,2,3,1,198.962
1996,2,3,1,68.5104
1997,2,3,1,361.452
1998,2,3,1,127.365
1999,2,3,1,56.4099
2000,2,3,1,116.547
2001,2,3,1,94.0476
2002,2,3,1,73.0218
2003,2,3,1,185.469
2004,2,3,1,89.3521
2005,2,3,1,80.6649
2006,2,3,1,159.905
2007,2,3,1,65.4882
2008,2,3,1,172.715
2009,2,3,1,51.7886
2010,2,3,1,63.6936
2011,2,3,1,220.748
2012,2,3,1,125.145
2013,2,3,1,76.9664
2014,2,3,1,67.8825
2015,2,3,1,121.399
2016,2,3,1,131.562
2017,2,3,1,197.056
2018,2,3,1,389.549
2019,2,3,1,278.95
2020,2,3,1,117.899
2021,2,3,1,338.784
2022,2,3,1,447.847
2023,2,3,1,300.092
2024,2,3,1,755.662
1952,2,4,2,642.756
1953,2,4,2,472.532
1954,2,4,2,1138.02
1955,2,4,2,452.908
1956,2,4,2,857.668
1957,2,4,2,699.652
1958,2,4,2,1253.61
1959,2,4,2,1111.58
1960,2,4,2,1767.07
1961,2,4,2,459.496
1962,2,4,2,984.282
1963,2,4,2,251.009
1964,2,4,2,453.161
1965,2,4,2,1109.7
1966,2,4,2,1012.25
1967,2,4,2,1588.21
1968,2,4,2,2578.88
1969,2,4,2,1477.29
1970,2,4,2,2022.43
1971,2,4,2,870.801
1972,2,4,2,1007.37
1973,2,4,2,1802.85
1974,2,4,2,2893.81
1975,2,4,2,6431.31
1976,2,4,2,3805.6
1977,2,4,2,3555.23
1978,2,4,2,5215.82
1979,2,4,2,4461.19
1980,2,4,2,4187.3
1981,2,4,2,3107.31
1982,2,4,2,574.95
1983,2,4,2,711.619
1984,2,4,2,691.904
1985,2,4,2,1013.63
1986,2,4,2,599.68
1987,2,4,2,613.731
1988,2,4,2,739.708
1989,2,4,2,947.029
1990,2,4,2,1531.29
1991,2,4,2,843.93
1992,2,4,2,1010.46
1993,2,4,2,966.281
1994,2,4,2,796.398
1995,2,4,2,1031.65
1996,2,4,2,757.929
1997,2,4,2,422.84
1998,2,4,2,366.345
1999,2,4,2,168.66
2000,2,4,2,253.508
2001,2,4,2,959.534
2002,2,4,2,357.606
2003,2,4,2,640.604
2004,2,4,2,498.583
2005,2,4,2,453.624
2006,2,4,2,421.6
2007,2,4,2,209.069
2008,2,4,2,329.044
2009,2,4,2,161.867
2010,2,4,2,350.312
2011,2,4,2,269.949
2012,2,4,2,79.7251
2013,2,4,2,206.434
2014,2,4,2,224.512
2015,2,4,2,209.268
2016,2,4,2,463.87
2017,2,4,2,295.694
2018,2,4,2,404
2019,2,4,2,766.853
2020,2,4,2,56.8897
2021,2,4,2,241.592
2022,2,4,2,279.608
2023,2,4,2,191.787
2024,2,4,2,301.776
1952,2,5,2,0
1953,2,5,2,0
1954,2,5,2,0
1955,2,5,2,0
1956,2,5,2,0
1957,2,5,2,0
1958,2,5,2,1297.64
1959,2,5,2,937.826
1960,2,5,2,942.376
1961,2,5,2,1110.19
1962,2,5,2,1222.84
1963,2,5,2,836.628
1964,2,5,2,1203.06
1965,2,5,2,1322.03
1966,2,5,2,1652.25
1967,2,5,2,1506.34
1968,2,5,2,2342.55
1969,2,5,2,1922.9
1970,2,5,2,2973.22
1971,2,5,2,1958.44
1972,2,5,2,1387.65
1973,2,5,2,2834.06
1974,2,5,2,3184.88
1975,2,5,2,4787.81
1976,2,5,2,5187.46
1977,2,5,2,7093.05
1978,2,5,2,9781.17
1979,2,5,2,13332.6
1980,2,5,2,8732.58
1981,2,5,2,11895.1
1982,2,5,2,9041.31
1983,2,5,2,9275.69
1984,2,5,2,8872.69
1985,2,5,2,7894.9
1986,2,5,2,7466.46
1987,2,5,2,9189.76
1988,2,5,2,9755.87
1989,2,5,2,9231.5
1990,2,5,2,9207
1991,2,5,2,8444.61
1992,2,5,2,8842.42
1993,2,5,2,7399.23
1994,2,5,2,8112.79
1995,2,5,2,9326.87
1996,2,5,2,10400
1997,2,5,2,7632.58
1998,2,5,2,9474.96
1999,2,5,2,9604.55
2000,2,5,2,11813.5
2001,2,5,2,15975.6
2002,2,5,2,14849.1
2003,2,5,2,14744.8
2004,2,5,2,12790.1
2005,2,5,2,10543.7
2006,2,5,2,10600.8
2007,2,5,2,11511.5
2008,2,5,2,12391.8
2009,2,5,2,13644.6
2010,2,5,2,13826.9
2011,2,5,2,14453
2012,2,5,2,13851
2013,2,5,2,17446.9
2014,2,5,2,18387.4
2015,2,5,2,17326
2016,2,5,2,17073.1
2017,2,5,2,10855.8
2018,2,5,2,15167.1
2019,2,5,2,13402.2
2020,2,5,2,9783.35
2021,2,5,2,9829.84
2022,2,5,2,6469.9
2023,2,5,2,10687.2
2024,2,5,2,1161.28
1952,2,6,3,264.674
1953,2,6,3,421.898
1954,2,6,3,658.011
1955,2,6,3,178.164
1956,2,6,3,97.7
1957,2,6,3,98.1411
1958,2,6,3,618.431
1959,2,6,3,334.533
1960,2,6,3,225.949
1961,2,6,3,148.943
1962,2,6,3,746.138
1963,2,6,3,722.721
1964,2,6,3,36.8209
1965,2,6,3,710.154
1966,2,6,3,1861.31
1967,2,6,3,595.61
1968,2,6,3,287.476
1969,2,6,3,148.547
1970,2,6,3,221.692
1971,2,6,3,601.364
1972,2,6,3,1119.45
1973,2,6,3,2061.61
1974,2,6,3,565.302
1975,2,6,3,88.6398
1976,2,6,3,163.844
1977,2,6,3,695.277
1978,2,6,3,1518.06
1979,2,6,3,659.631
1980,2,6,3,3346.46
1981,2,6,3,3807.16
1982,2,6,3,1598.46
1983,2,6,3,1586.29
1984,2,6,3,1427.67
1985,2,6,3,1836.09
1986,2,6,3,920.572
1987,2,6,3,0.613818
1988,2,6,3,134.736
1989,2,6,3,192.885
1990,2,6,3,146.235
1991,2,6,3,491.283
1992,2,6,3,0.817373
1993,2,6,3,71.5193
1994,2,6,3,125.019
1995,2,6,3,631.273
1996,2,6,3,56.993
1997,2,6,3,134.661
1998,2,6,3,147.079
1999,2,6,3,84.1589
2000,2,6,3,149.034
2001,2,6,3,354.863
2002,2,6,3,396.572
2003,2,6,3,569.051
2004,2,6,3,350.884
2005,2,6,3,157.673
2006,2,6,3,430.006
2007,2,6,3,997.965
2008,2,6,3,1314.1
2009,2,6,3,1808.12
2010,2,6,3,569.47
2011,2,6,3,1697.32
2012,2,6,3,2840.52
2013,2,6,3,787.067
2014,2,6,3,365.878
2015,2,6,3,1356.51
2016,2,6,3,288.033
2017,2,6,3,385.3
2018,2,6,3,2055.27
2019,2,6,3,1443.23
2020,2,6,3,394.111
2021,2,6,3,941.711
2022,2,6,3,1045.48
2023,2,6,3,2582.75
2024,2,6,3,1127.71
1952,2,7,4,2211.92
1953,2,7,4,2275.9
1954,2,7,4,1071.69
1955,2,7,4,2403.3
1956,2,7,4,2734.02
1957,2,7,4,3873.08
1958,2,7,4,5585.13
1959,2,7,4,1904.29
1960,2,7,4,4876.23
1961,2,7,4,5987.25
1962,2,7,4,4727.09
1963,2,7,4,2207.76
1964,2,7,4,3224.32
1965,2,7,4,2797.26
1966,2,7,4,11815.9
1967,2,7,4,3505.81
1968,2,7,4,4907.38
1969,2,7,4,8338.52
1970,2,7,4,1529.47
1971,2,7,4,4344.56
1972,2,7,4,3378.83
1973,2,7,4,5709.55
1974,2,7,4,2605.67
1975,2,7,4,2127.5
1976,2,7,4,5081.77
1977,2,7,4,8725.03
1978,2,7,4,13865.1
1979,2,7,4,9699.65
1980,2,7,4,11743.2
1981,2,7,4,8657.53
1982,2,7,4,9537.07
1983,2,7,4,6633.03
1984,2,7,4,4509.26
1985,2,7,4,4099.07
1986,2,7,4,3073.21
1987,2,7,4,4071.84
1988,2,7,4,4243.75
1989,2,7,4,4652.51
1990,2,7,4,3400.91
1991,2,7,4,2579.04
1992,2,7,4,5061.5
1993,2,7,4,3430.66
1994,2,7,4,2386.15
1995,2,7,4,4103.31
1996,2,7,4,2833.22
1997,2,7,4,1727.52
1998,2,7,4,2243.93
1999,2,7,4,1192.13
2000,2,7,4,1274.73
2001,2,7,4,2122.41
2002,2,7,4,2562.9
2003,2,7,4,3076.61
2004,2,7,4,1668.11
2005,2,7,4,3119.48
2006,2,7,4,2377.5
2007,2,7,4,2174.55
2008,2,7,4,2327.15
2009,2,7,4,1663.48
2010,2,7,4,1889.11
2011,2,7,4,1529.57
2012,2,7,4,1364.25
2013,2,7,4,2877.72
2014,2,7,4,4587.18
2015,2,7,4,7102
2016,2,7,4,495.318
2017,2,7,4,705.25
2018,2,7,4,1426.53
2019,2,7,4,4809.65
2020,2,7,4,1113.31
2021,2,7,4,1881.05
2022,2,7,4,1731.78
2023,2,7,4,1425.64
2024,2,7,4,3941.19
1952,2,8,4,1413.86
1953,2,8,4,1368.62
1954,2,8,4,1493.75
1955,2,8,4,4757.44
1956,2,8,4,2290.71
1957,2,8,4,3035.63
1958,2,8,4,6726.46
1959,2,8,4,9046.29
1960,2,8,4,13669.4
1961,2,8,4,9179.5
1962,2,8,4,3070.2
1963,2,8,4,7819.42
1964,2,8,4,4715.31
1965,2,8,4,6631.12
1966,2,8,4,5760.07
1967,2,8,4,4063.96
1968,2,8,4,6148.13
1969,2,8,4,4517.83
1970,2,8,4,6430.67
1971,2,8,4,4151.01
1972,2,8,4,6975.74
1973,2,8,4,1103.65
1974,2,8,4,2280.91
1975,2,8,4,1704.71
1976,2,8,4,5026.18
1977,2,8,4,4049.95
1978,2,8,4,2586.2
1979,2,8,4,5376.01
1980,2,8,4,6091.2
1981,2,8,4,4295.53
1982,2,8,4,4754.43
1983,2,8,4,3303.53
1984,2,8,4,3246.71
1985,2,8,4,5775.26
1986,2,8,4,4957.95
1987,2,8,4,5938.7
1988,2,8,4,5564.78
1989,2,8,4,4494.96
1990,2,8,4,6082.38
1991,2,8,4,3404.98
1992,2,8,4,8005.93
1993,2,8,4,3244
1994,2,8,4,2431.06
1995,2,8,4,6327.71
1996,2,8,4,2852.72
1997,2,8,4,8494.16
1998,2,8,4,7018.36
1999,2,8,4,2837.37
2000,2,8,4,7968.01
2001,2,8,4,6129.69
2002,2,8,4,4729.25
2003,2,8,4,2503.84
2004,2,8,4,5030.26
2005,2,8,4,4082.2
2006,2,8,4,4498.39
2007,2,8,4,3421.78
2008,2,8,4,2242.95
2009,2,8,4,3192.52
2010,2,8,4,3653
2011,2,8,4,5664
2012,2,8,4,4769.9
2013,2,8,4,2407.81
2014,2,8,4,5858.45
2015,2,8,4,5102.12
2016,2,8,4,6041.61
2017,2,8,4,5338.7
2018,2,8,4,5060.19
2019,2,8,4,5806.82
2020,2,8,4,9250.07
2021,2,8,4,6994.9
2022,2,8,4,7522.23
2023,2,8,4,5451.25
2024,2,8,4,20467.4
1952,2,9,4,0
1953,2,9,4,0
1954,2,9,4,0
1955,2,9,4,0
1956,2,9,4,0
1957,2,9,4,0
1958,2,9,4,0
1959,2,9,4,0
1960,2,9,4,0
1961,2,9,4,0
1962,2,9,4,0
1963,2,9,4,0
1964,2,9,4,0
1965,2,9,4,0
1966,2,9,4,0
1967,2,9,4,0
1968,2,9,4,0
1969,2,9,4,0
1970,2,9,4,0
1971,2,9,4,0
1972,2,9,4,0
1973,2,9,4,0
1974,2,9,4,0
1975,2,9,4,0
1976,2,9,4,0
1977,2,9,4,0
1978,2,9,4,0
1979,2,9,4,0
1980,2,9,4,0
1981,2,9,4,0
1982,2,9,4,0
1983,2,9,4,0
1984,2,9,4,0
1985,2,9,4,0
1986,2,9,4,0
1987,2,9,4,0
1988,2,9,4,13.4401
1989,2,9,4,32.5539
1990,2,9,4,364.36
1991,2,9,4,112.756
1992,2,9,4,367.781
1993,2,9,4,834.299
1994,2,9,4,1707.65
1995,2,9,4,2459.84
1996,2,9,4,1302.61
1997,2,9,4,982.986
1998,2,9,4,1572.96
1999,2,9,4,1049.68
2000,2,9,4,1110.73
2001,2,9,4,1502.46
2002,2,9,4,167.826
2003,2,9,4,1052.35
2004,2,9,4,312.049
2005,2,9,4,154.31
2006,2,9,4,509.163
2007,2,9,4,830.508
2008,2,9,4,662.128
2009,2,9,4,1732.99
2010,2,9,4,724.496
2011,2,9,4,1718.49
2012,2,9,4,1145.52
2013,2,9,4,1852.28
2014,2,9,4,3892.99
2015,2,9,4,3038.17
2016,2,9,4,2053.64
2017,2,9,4,2095.45
2018,2,9,4,4451.57
2019,2,9,4,6483.42
2020,2,9,4,1810.01
2021,2,9,4,2330.43
2022,2,9,4,1674.74
2023,2,9,4,2236.87
2024,2,9,4,4019.61
1952,2,10,5,0
1953,2,10,5,233.977
1954,2,10,5,1256.25
1955,2,10,5,301.188
1956,2,10,5,452.257
1957,2,10,5,239.237
1958,2,10,5,53.6906
1959,2,10,5,435.455
1960,2,10,5,774.392
1961,2,10,5,1409.9
1962,2,10,5,2476.23
1963,2,10,5,1646.95
1964,2,10,5,1458.84
1965,2,10,5,2365.31
1966,2,10,5,3995.36
1967,2,10,5,825.407
1968,2,10,5,1466.14
1969,2,10,5,1316.91
1970,2,10,5,1161.02
1971,2,10,5,2381.2
1972,2,10,5,1523.22
1973,2,10,5,2905.09
1974,2,10,5,2137.76
1975,2,10,5,335.63
1976,2,10,5,489.687
1977,2,10,5,615.538
1978,2,10,5,531.126
1979,2,10,5,1196.55
1980,2,10,5,1316.58
1981,2,10,5,1740.82
1982,2,10,5,1618.17
1983,2,10,5,1565.97
1984,2,10,5,1046
1985,2,10,5,2804.75
1986,2,10,5,1180.28
1987,2,10,5,468.023
1988,2,10,5,2507.21
1989,2,10,5,1708.72
1990,2,10,5,2763.81
1991,2,10,5,1558.2
1992,2,10,5,382.782
1993,2,10,5,2254.91
1994,2,10,5,3214.22
1995,2,10,5,3354.83
1996,2,10,5,2485.73
1997,2,10,5,2240.44
1998,2,10,5,1748.72
1999,2,10,5,1848.29
2000,2,10,5,2734.67
2001,2,10,5,2098.59
2002,2,10,5,3082.24
2003,2,10,5,8386.29
2004,2,10,5,4578.79
2005,2,10,5,4727.11
2006,2,10,5,4662.42
2007,2,10,5,6033.9
2008,2,10,5,8185.33
2009,2,10,5,7632.14
2010,2,10,5,8903.48
2011,2,10,5,7809.69
2012,2,10,5,5739.12
2013,2,10,5,3759.31
2014,2,10,5,8983
2015,2,10,5,6418.86
2016,2,10,5,4491.41
2017,2,10,5,8759.48
2018,2,10,5,4437.65
2019,2,10,5,6926.68
2020,2,10,5,8288.73
2021,2,10,5,5808.07
2022,2,10,5,5715.55
2023,2,10,5,7100.83
2024,2,10,5,4483.62
1952,2,11,5,0
1953,2,11,5,0
1954,2,11,5,0
1955,2,11,5,0
1956,2,11,5,0
1957,2,11,5,0
1958,2,11,5,0
1959,2,11,5,0
1960,2,11,5,0
1961,2,11,5,0
1962,2,11,5,0
1963,2,11,5,0
1964,2,11,5,0
1965,2,11,5,0
1966,2,11,5,0
1967,2,11,5,0
1968,2,11,5,0
1969,2,11,5,0
1970,2,11,5,0
1971,2,11,5,0
1972,2,11,5,0
1973,2,11,5,0
1974,2,11,5,0
1975,2,11,5,0
1976,2,11,5,0
1977,2,11,5,0
1978,2,11,5,0
1979,2,11,5,0
1980,2,11,5,0
1981,2,11,5,0
1982,2,11,5,0
1983,2,11,5,0
1984,2,11,5,0
1985,2,11,5,0
1986,2,11,5,0
1987,2,11,5,304.764
1988,2,11,5,210.303
1989,2,11,5,252.616
1990,2,11,5,360.674
1991,2,11,5,389.351
1992,2,11,5,355.301
1993,2,11,5,384.195
1994,2,11,5,273.748
1995,2,11,5,382.451
1996,2,11,5,768.779
1997,2,11,5,605.186
1998,2,11,5,310.91
1999,2,11,5,349.266
2000,2,11,5,506.949
2001,2,11,5,515.098
2002,2,11,5,891.419
2003,2,11,5,1012.05
2004,2,11,5,543.419
2005,2,11,5,374.138
2006,2,11,5,707.249
2007,2,11,5,368.135
2008,2,11,5,471.91
2009,2,11,5,343.691
2010,2,11,5,415.571
2011,2,11,5,542.088
2012,2,11,5,265.827
2013,2,11,5,214.535
2014,2,11,5,381.805
2015,2,11,5,420.887
2016,2,11,5,387.083
2017,2,11,5,307.266
2018,2,11,5,251.387
2019,2,11,5,391.585
2020,2,11,5,503.325
2021,2,11,5,366.056
2022,2,11,5,344.403
2023,2,11,5,396.623
2024,2,11,5,505.271
1952,2,12,1,641.268
1953,2,12,1,315.027
1954,2,12,1,1000.21
1955,2,12,1,736.002
1956,2,12,1,181.053
1957,2,12,1,373.965
1958,2,12,1,834.468
1959,2,12,1,1078.99
1960,2,12,1,359.52
1961,2,12,1,694.239
1962,2,12,1,1743.76
1963,2,12,1,569.25
1964,2,12,1,911.733
1965,2,12,1,937.968
1966,2,12,1,1461
1967,2,12,1,848.7
1968,2,12,1,1721.98
1969,2,12,1,963.483
1970,2,12,1,842.52
1971,2,12,1,1965.23
1972,2,12,1,428.506
1973,2,12,1,2210.83
1974,2,12,1,5344.94
1975,2,12,1,2750.74
1976,2,12,1,2357.6
1977,2,12,1,1446.97
1978,2,12,1,1079.99
1979,2,12,1,5547.89
1980,2,12,1,7900.62
1981,2,12,1,3880
1982,2,12,1,1246.7
1983,2,12,1,1344.22
1984,2,12,1,1582.83
1985,2,12,1,6946.86
1986,2,12,1,2091.61
1987,2,12,1,3074.5
1988,2,12,1,4214.06
1989,2,12,1,4600.23
1990,2,12,1,2929.86
1991,2,12,1,3293.07
1992,2,12,1,4185.95
1993,2,12,1,2306.36
1994,2,12,1,1137.85
1995,2,12,1,3665.28
1996,2,12,1,1507.96
1997,2,12,1,2184.83
1998,2,12,1,1605.54
1999,2,12,1,4560.92
2000,2,12,1,3450.73
2001,2,12,1,2024.69
2002,2,12,1,1681.07
2003,2,12,1,1999.15
2004,2,12,1,2601.2
2005,2,12,1,2268.33
2006,2,12,1,1759.05
2007,2,12,1,583.695
2008,2,12,1,2148.39
2009,2,12,1,1927.14
2010,2,12,1,649.362
2011,2,12,1,736.33
2012,2,12,1,1436.3
2013,2,12,1,1325.59
2014,2,12,1,683.925
2015,2,12,1,1035.49
2016,2,12,1,2197.29
2017,2,12,1,1140.63
2018,2,12,1,2670.81
2019,2,12,1,2667.52
2020,2,12,1,1385.86
2021,2,12,1,864.679
2022,2,12,1,2720.5
2023,2,12,1,4949.94
2024,2,12,1,580.836
1952,2,13,1,1937.76
1953,2,13,1,3903.9
1954,2,13,1,3187.03
1955,2,13,1,2974.22
1956,2,13,1,3284.84
1957,2,13,1,1246.28
1958,2,13,1,2190.91
1959,2,13,1,3075.77
1960,2,13,1,1101.42
1961,2,13,1,1917.48
1962,2,13,1,2485.82
1963,2,13,1,1218.48
1964,2,13,1,2902.38
1965,2,13,1,1918.64
1966,2,13,1,1247.92
1967,2,13,1,1808.02
1968,2,13,1,1582.09
1969,2,13,1,2087.92
1970,2,13,1,1962.35
1971,2,13,1,2050.45
1972,2,13,1,2741.94
1973,2,13,1,1940.77
1974,2,13,1,1615.57
1975,2,13,1,1476.71
1976,2,13,1,2894.94
1977,2,13,1,2536.26
1978,2,13,1,2881.76
1979,2,13,1,1936.48
1980,2,13,1,1562.38
1981,2,13,1,2866.51
1982,2,13,1,2885.77
1983,2,13,1,3315.59
1984,2,13,1,3383.35
1985,2,13,1,4404.15
1986,2,13,1,3330.05
1987,2,13,1,3307.31
1988,2,13,1,3394.85
1989,2,13,1,4086.48
1990,2,13,1,2526.12
1991,2,13,1,2244.85
1992,2,13,1,2309.77
1993,2,13,1,1709.81
1994,2,13,1,1692.94
1995,2,13,1,2472.95
1996,2,13,1,1782.83
1997,2,13,1,1401.17
1998,2,13,1,996.359
1999,2,13,1,1296.94
2000,2,13,1,1562.52
2001,2,13,1,898.511
2002,2,13,1,1284.93
2003,2,13,1,1096.95
2004,2,13,1,951.778
2005,2,13,1,1490.7
2006,2,13,1,1526.51
2007,2,13,1,1112.11
2008,2,13,1,1262.61
2009,2,13,1,2230.42
2010,2,13,1,1636.78
2011,2,13,1,1741.6
2012,2,13,1,1155.13
2013,2,13,1,958.734
2014,2,13,1,879.33
2015,2,13,1,969.915
2016,2,13,1,996.133
2017,2,13,1,851.266
2018,2,13,1,959.463
2019,2,13,1,926.378
2020,2,13,1,666.468
2021,2,13,1,975.708
2022,2,13,1,993.008
2023,2,13,1,949.456
2024,2,13,1,1141.66
1952,2,14,2,0
1953,2,14,2,0
1954,2,14,2,0
1955,2,14,2,0
1956,2,14,2,0
1957,2,14,2,0
1958,2,14,2,0
1959,2,14,2,0
1960,2,14,2,0
1961,2,14,2,0
1962,2,14,2,0
1963,2,14,2,0
1964,2,14,2,0
1965,2,14,2,0
1966,2,14,2,0
1967,2,14,2,0
1968,2,14,2,0
1969,2,14,2,0
1970,2,14,2,0
1971,2,14,2,0
1972,2,14,2,0
1973,2,14,2,0
1974,2,14,2,0
1975,2,14,2,0
1976,2,14,2,0
1977,2,14,2,0
1978,2,14,2,0
1979,2,14,2,0
1980,2,14,2,0
1981,2,14,2,0
1982,2,14,2,0
1983,2,14,2,0
1984,2,14,2,689.751
1985,2,14,2,750.75
1986,2,14,2,781.749
1987,2,14,2,888.249
1988,2,14,2,1049.75
1989,2,14,2,1143.5
1990,2,14,2,1311.75
1991,2,14,2,1341.5
1992,2,14,2,1542.25
1993,2,14,2,1413
1994,2,14,2,1567.25
1995,2,14,2,1670
1996,2,14,2,2592
1997,2,14,2,1928.5
1998,2,14,2,2546.25
1999,2,14,2,2416.5
2000,2,14,2,2571.25
2001,2,14,2,2366
2002,2,14,2,2274.25
2003,2,14,2,2319.75
2004,2,14,2,3054.25
2005,2,14,2,1038.5
2006,2,14,2,1062.25
2007,2,14,2,917.25
2008,2,14,2,876.249
2009,2,14,2,3836.25
2010,2,14,2,2673
2011,2,14,2,2684.5
2012,2,14,2,3567.25
2013,2,14,2,2827.25
2014,2,14,2,5789.25
2015,2,14,2,7419.75
2016,2,14,2,5162.5
2017,2,14,2,3128
2018,2,14,2,5842.5
2019,2,14,2,6303.25
2020,2,14,2,6825
2021,2,14,2,8610
2022,2,14,2,5535
2023,2,14,2,5535
2024,2,14,2,23685
1952,2,15,2,0
1953,2,15,2,0
1954,2,15,2,0
1955,2,15,2,0
1956,2,15,2,0
1957,2,15,2,0
1958,2,15,2,0
1959,2,15,2,0
1960,2,15,2,0
1961,2,15,2,0
1962,2,15,2,0
1963,2,15,2,0
1964,2,15,2,0
1965,2,15,2,0
1966,2,15,2,0
1967,2,15,2,0
1968,2,15,2,0
1969,2,15,2,0
1970,2,15,2,958.749
1971,2,15,2,1072.5
1972,2,15,2,1114.5
1973,2,15,2,1333.25
1974,2,15,2,1550
1975,2,15,2,1581.76
1976,2,15,2,1332.5
1977,2,15,2,1889.26
1978,2,15,2,1139.75
1979,2,15,2,1461.5
1980,2,15,2,1336
1981,2,15,2,1474
1982,2,15,2,1363
1983,2,15,2,1480.5
1984,2,15,2,1417
1985,2,15,2,1622.5
1986,2,15,2,1653.76
1987,2,15,2,1206.76
1988,2,15,2,1466.26
1989,2,15,2,1597
1990,2,15,2,2253
1991,2,15,2,2655.76
1992,2,15,2,1105
1993,2,15,2,1203.25
1994,2,15,2,1858.25
1995,2,15,2,2151.76
1996,2,15,2,2154.5
1997,2,15,2,2041.25
1998,2,15,2,2299.5
1999,2,15,2,2395.5
2000,2,15,2,2363.5
2001,2,15,2,2228.5
2002,2,15,2,2485.75
2003,2,15,2,3135
2004,2,15,2,3274.75
2005,2,15,2,3247.5
2006,2,15,2,3624.5
2007,2,15,2,4213.25
2008,2,15,2,3928
2009,2,15,2,1942
2010,2,15,2,2828.5
2011,2,15,2,2644.25
2012,2,15,2,3612.25
2013,2,15,2,3182.75
2014,2,15,2,6731.26
2015,2,15,2,5206.25
2016,2,15,2,4398.25
2017,2,15,2,5990.26
2018,2,15,2,6760.25
2019,2,15,2,6247
2020,2,15,2,4143
2021,2,15,2,4878
2022,2,15,2,4464
2023,2,15,2,4584
2024,2,15,2,8355
1952,2,16,2,0
1953,2,16,2,0
1954,2,16,2,0
1955,2,16,2,0
1956,2,16,2,0
1957,2,16,2,0
1958,2,16,2,0
1959,2,16,2,0
1960,2,16,2,0
1961,2,16,2,0
1962,2,16,2,0
1963,2,16,2,0
1964,2,16,2,0
1965,2,16,2,0
1966,2,16,2,0
1967,2,16,2,0
1968,2,16,2,0
1969,2,16,2,0
1970,2,16,2,0
1971,2,16,2,0
1972,2,16,2,7.9
1973,2,16,2,44.9
1974,2,16,2,30.9
1975,2,16,2,3
1976,2,16,2,129.597
1977,2,16,2,142.175
1978,2,16,2,261.027
1979,2,16,2,446.433
1980,2,16,2,1003.94
1981,2,16,2,1232.49
1982,2,16,2,1272.5
1983,2,16,2,1412
1984,2,16,2,1539.21
1985,2,16,2,1678.73
1986,2,16,2,1751.02
1987,2,16,2,1972.97
1988,2,16,2,2331.91
1989,2,16,2,2540.5
1990,2,16,2,2923.12
1991,2,16,2,2980.31
1992,2,16,2,3428.17
1993,2,16,2,3146.44
1994,2,16,2,3485.89
1995,2,16,2,3720.05
1996,2,16,2,5767.61
1997,2,16,2,4285.1
1998,2,16,2,5656.49
1999,2,16,2,5368.27
2000,2,16,2,5711.98
2001,2,16,2,5256
2002,2,16,2,5051.95
2003,2,16,2,5153.28
2004,2,16,2,6785.04
2005,2,16,2,5652.01
2006,2,16,2,4603.34
2007,2,16,2,5632.21
2008,2,16,2,4710.63
2009,2,16,2,4690.75
2010,2,16,2,3870.44
2011,2,16,2,8048.27
2012,2,16,2,7657.7
2013,2,16,2,4584.65
2014,2,16,2,5074.59
2015,2,16,2,8108.79
2016,2,16,2,4970.97
2017,2,16,2,5326.01
2018,2,16,2,5601.79
2019,2,16,2,3612.06
2020,2,16,2,6793.73
2021,2,16,2,4288.85
2022,2,16,2,4050.65
2023,2,16,2,3324.54
2024,2,16,2,3169.44
1952,2,17,2,0
1953,2,17,2,0
1954,2,17,2,0
1955,2,17,2,0
1956,2,17,2,0
1957,2,17,2,0
1958,2,17,2,0
1959,2,17,2,0
1960,2,17,2,0
1961,2,17,2,0
1962,2,17,2,0
1963,2,17,2,0
1964,2,17,2,0
1965,2,17,2,0
1966,2,17,2,0
1967,2,17,2,0
1968,2,17,2,0
1969,2,17,2,0
1970,2,17,2,0
1971,2,17,2,0
1972,2,17,2,0
1973,2,17,2,0
1974,2,17,2,0
1975,2,17,2,0
1976,2,17,2,0
1977,2,17,2,0
1978,2,17,2,0
1979,2,17,2,0
1980,2,17,2,96.31
1981,2,17,2,108.33
1982,2,17,2,117.72
1983,2,17,2,131.73
1984,2,17,2,143.44
1985,2,17,2,157.23
1986,2,17,2,254.388
1987,2,17,2,525.5
1988,2,17,2,262.67
1989,2,17,2,663.857
1990,2,17,2,272.74
1991,2,17,2,278.96
1992,2,17,2,320.71
1993,2,17,2,293.82
1994,2,17,2,325.93
1995,2,17,2,347.25
1996,2,17,2,538.95
1997,2,17,2,401.05
1998,2,17,2,529.48
1999,2,17,2,502.47
2000,2,17,2,534.6
2001,2,17,2,491.95
2002,2,17,2,472.91
2003,2,17,2,482.38
2004,2,17,2,635.06
2005,2,17,2,648.17
2006,2,17,2,453.43
2007,2,17,2,649.73
2008,2,17,2,528.13
2009,2,17,2,492.09
2010,2,17,2,254.72
2011,2,17,2,322.82
2012,2,17,2,965.82
2013,2,17,2,1562.84
2014,2,17,2,826.5
2015,2,17,2,452.13
2016,2,17,2,1249.8
2017,2,17,2,3374.71
2018,2,17,2,1491.01
2019,2,17,2,939.11
2020,2,17,2,1654.16
2021,2,17,2,2386.07
2022,2,17,2,1546.49
2023,2,17,2,1604.73
2024,2,17,2,1396.65
1952,2,18,2,0
1953,2,18,2,0
1954,2,18,2,0
1955,2,18,2,0
1956,2,18,2,0
1957,2,18,2,0
1958,2,18,2,0
1959,2,18,2,0
1960,2,18,2,0
1961,2,18,2,0
1962,2,18,2,0
1963,2,18,2,0
1964,2,18,2,0
1965,2,18,2,0
1966,2,18,2,0
1967,2,18,2,0
1968,2,18,2,0
1969,2,18,2,0
1970,2,18,2,409.29
1971,2,18,2,460.908
1972,2,18,2,464.982
1973,2,18,2,562.884
1974,2,18,2,658.014
1975,2,18,2,680.106
1976,2,18,2,573.3
1977,2,18,2,981.204
1978,2,18,2,441.714
1979,2,18,2,1060.42
1980,2,18,2,849.898
1981,2,18,2,1349.21
1982,2,18,2,1715.11
1983,2,18,2,1857.93
1984,2,18,2,1848.6
1985,2,18,2,1685.08
1986,2,18,2,1632.29
1987,2,18,2,1737.22
1988,2,18,2,1537.77
1989,2,18,2,1733.51
1990,2,18,2,2112.1
1991,2,18,2,2322.17
1992,2,18,2,1539.37
1993,2,18,2,819.294
1994,2,18,2,2035.4
1995,2,18,2,2232.5
1996,2,18,2,2277.49
1997,2,18,2,3050.99
1998,2,18,2,2344.48
1999,2,18,2,2492.92
2000,2,18,2,3228.41
2001,2,18,2,2959.8
2002,2,18,2,2681.1
2003,2,18,2,3797.6
2004,2,18,2,3865.81
2005,2,18,2,4276.4
2006,2,18,2,4800.81
2007,2,18,2,5133.49
2008,2,18,2,5473.31
2009,2,18,2,3071.3
2010,2,18,2,1686.38
2011,2,18,2,1179
2012,2,18,2,1273.31
2013,2,18,2,693.462
2014,2,18,2,1385.75
2015,2,18,2,1913.27
2016,2,18,2,1977.23
2017,2,18,2,1956.99
2018,2,18,2,1864.21
2019,2,18,2,1795.43
2020,2,18,2,880.518
2021,2,18,2,938.871
2022,2,18,2,741.768
2023,2,18,2,671.964
2024,2,18,2,696.783
1952,2,19,2,0
1953,2,19,2,0
1954,2,19,2,0
1955,2,19,2,0
1956,2,19,2,0
1957,2,19,2,0
1958,2,19,2,0
1959,2,19,2,0
1960,2,19,2,0
1961,2,19,2,0
1962,2,19,2,0
1963,2,19,2,0
1964,2,19,2,0
1965,2,19,2,0
1966,2,19,2,0
1967,2,19,2,0
1968,2,19,2,0
1969,2,19,2,0
1970,2,19,2,0
1971,2,19,2,4.857
1972,2,19,2,0
1973,2,19,2,0
1974,2,19,2,0
1975,2,19,2,106.752
1976,2,19,2,0
1977,2,19,2,388.57
1978,2,19,2,1428.12
1979,2,19,2,1745.35
1980,2,19,2,571.19
1981,2,19,2,2039.11
1982,2,19,2,30.86
1983,2,19,2,2925.83
1984,2,19,2,6073.75
1985,2,19,2,3641.33
1986,2,19,2,2636.55
1987,2,19,2,1650.03
1988,2,19,2,6980.91
1989,2,19,2,8350.65
1990,2,19,2,577.657
1991,2,19,2,7180.09
1992,2,19,2,1121.05
1993,2,19,2,555.982
1994,2,19,2,1146.97
1995,2,19,2,5282.48
1996,2,19,2,2444.31
1997,2,19,2,217.195
1998,2,19,2,1.663
1999,2,19,2,428.708
2000,2,19,2,169.69
2001,2,19,2,340.991
2002,2,19,2,121.42
2003,2,19,2,2229.61
2004,2,19,2,184.206
2005,2,19,2,608.891
2006,2,19,2,944.25
2007,2,19,2,85.865
2008,2,19,2,609.173
2009,2,19,2,1.202
2010,2,19,2,158.019
2011,2,19,2,6.537
2012,2,19,2,125.827
2013,2,19,2,50.549
2014,2,19,2,303.525
2015,2,19,2,11.236
2016,2,19,2,379.295
2017,2,19,2,666.863
2018,2,19,2,189.433
2019,2,19,2,388.337
2020,2,19,2,266.572
2021,2,19,2,76.025
2022,2,19,2,190.862
2023,2,19,2,4.915
2024,2,19,2,1471.15
1952,2,20,2,0
1953,2,20,2,0
1954,2,20,2,0
1955,2,20,2,0
1956,2,20,2,0
1957,2,20,2,0
1958,2,20,2,0
1959,2,20,2,0
1960,2,20,2,0
1961,2,20,2,0
1962,2,20,2,0
1963,2,20,2,0
1964,2,20,2,0
1965,2,20,2,0
1966,2,20,2,0
1967,2,20,2,0
1968,2,20,2,0
1969,2,20,2,0
1970,2,20,2,0
1971,2,20,2,0
1972,2,20,2,0
1973,2,20,2,0
1974,2,20,2,0
1975,2,20,2,27.236
1976,2,20,2,0.684
1977,2,20,2,1.962
1978,2,20,2,4.169
1979,2,20,2,165.492
1980,2,20,2,196.664
1981,2,20,2,0
1982,2,20,2,4.621
1983,2,20,2,299.02
1984,2,20,2,1122
1985,2,20,2,293.214
1986,2,20,2,1279.61
1987,2,20,2,51.809
1988,2,20,2,131.691
1989,2,20,2,1687.08
1990,2,20,2,1372.55
1991,2,20,2,16997
1992,2,20,2,72.007
1993,2,20,2,330.153
1994,2,20,2,714.033
1995,2,20,2,77.379
1996,2,20,2,989.409
1997,2,20,2,0.884
1998,2,20,2,0
1999,2,20,2,1251.44
2000,2,20,2,450.143
2001,2,20,2,343.704
2002,2,20,2,383.573
2003,2,20,2,3355.05
2004,2,20,2,838.501
2005,2,20,2,601.678
2006,2,20,2,1116.04
2007,2,20,2,1058.58
2008,2,20,2,534.662
2009,2,20,2,430.582
2010,2,20,2,344.379
2011,2,20,2,340.941
2012,2,20,2,305.429
2013,2,20,2,319.975
2014,2,20,2,2514.06
2015,2,20,2,426.569
2016,2,20,2,1315.49
2017,2,20,2,2469.49
2018,2,20,2,3075.94
2019,2,20,2,1186.22
2020,2,20,2,1529.18
2021,2,20,2,407.064
2022,2,20,2,352.089
2023,2,20,2,679.959
2024,2,20,2,2115.92
1952,2,21,2,0
1953,2,21,2,0
1954,2,21,2,0
1955,2,21,2,0
1956,2,21,2,0
1957,2,21,2,0
1958,2,21,2,0
1959,2,21,2,0
1960,2,21,2,0
1961,2,21,2,0
1962,2,21,2,0
1963,2,21,2,0
1964,2,21,2,0
1965,2,21,2,0
1966,2,21,2,0
1967,2,21,2,0
1968,2,21,2,0
1969,2,21,2,0
1970,2,21,2,1237.5
1971,2,21,2,1282.5
1972,2,21,2,2025
1973,2,21,2,2295
1974,2,21,2,2287.25
1975,2,21,2,2489
1976,2,21,2,1694.25
1977,2,21,2,2310.25
1978,2,21,2,1850.75
1979,2,21,2,2583.5
1980,2,21,2,2080.72
1981,2,21,2,2644.93
1982,2,21,2,2924.77
1983,2,21,2,2759.04
1984,2,21,2,3904.33
1985,2,21,2,4428.02
1986,2,21,2,5514.04
1987,2,21,2,6195.29
1988,2,21,2,7370.5
1989,2,21,2,8816.38
1990,2,21,2,6457.7
1991,2,21,2,6604.86
1992,2,21,2,7593.24
1993,2,21,2,6956.5
1994,2,21,2,7716.09
1995,2,21,2,8222.28
1996,2,21,2,12760.8
1997,2,21,2,9494.99
1998,2,21,2,12536.1
1999,2,21,2,11897.4
2000,2,21,2,12658.9
2001,2,21,2,11648.5
2002,2,21,2,11196.2
2003,2,21,2,11420.9
2004,2,21,2,15036.7
2005,2,21,2,4651.58
2006,2,21,2,3744.05
2007,2,21,2,5060.48
2008,2,21,2,4496.67
2009,2,21,2,7714.25
2010,2,21,2,5852.06
2011,2,21,2,10903.4
2012,2,21,2,19279.7
2013,2,21,2,22749.3
2014,2,21,2,14486
2015,2,21,2,14539.3
2016,2,21,2,23877.3
2017,2,21,2,25961.9
2018,2,21,2,33564.1
2019,2,21,2,37403.5
2020,2,21,2,34116.2
2021,2,21,2,36352.8
2022,2,21,2,33392.7
2023,2,21,2,33539.7
2024,2,21,2,21591.8
1952,2,22,2,0
1953,2,22,2,0
1954,2,22,2,0
1955,2,22,2,0
1956,2,22,2,0
1957,2,22,2,0
1958,2,22,2,0
1959,2,22,2,0
1960,2,22,2,0
1961,2,22,2,0
1962,2,22,2,0
1963,2,22,2,0
1964,2,22,2,0
1965,2,22,2,0
1966,2,22,2,0
1967,2,22,2,0
1968,2,22,2,0
1969,2,22,2,0
1970,2,22,2,5727.75
1971,2,22,2,6412.34
1972,2,22,2,6641.98
1973,2,22,2,7955.39
1974,2,22,2,9253.77
1975,2,22,2,9456.93
1976,2,22,2,7967.18
1977,2,22,2,11548.8
1978,2,22,2,6985.58
1979,2,22,2,9142.11
1980,2,22,2,8358.86
1981,2,22,2,9711.84
1982,2,22,2,8925.14
1983,2,22,2,10676.1
1984,2,22,2,10220.9
1985,2,22,2,11626.9
1986,2,22,2,10926
1987,2,22,2,8886.76
1988,2,22,2,9871.94
1989,2,22,2,10839.3
1990,2,22,2,15211.9
1991,2,22,2,17678.5
1992,2,22,2,8422.14
1993,2,22,2,7455.42
1994,2,22,2,12113.1
1995,2,22,2,12916.2
1996,2,22,2,13000
1997,2,22,2,13740.8
1998,2,22,2,14203.8
1999,2,22,2,15047.3
2000,2,22,2,16460.6
2001,2,22,2,15156.5
2002,2,22,2,16226.9
2003,2,22,2,21553.1
2004,2,22,2,22144.4
2005,2,22,2,21176.8
2006,2,22,2,23364.9
2007,2,22,2,26237.7
2008,2,22,2,26957.2
2009,2,22,2,17568.4
2010,2,22,2,15095.3
2011,2,22,2,6618.03
2012,2,22,2,5719.22
2013,2,22,2,8231.79
2014,2,22,2,8366.4
2015,2,22,2,8777.39
2016,2,22,2,8815.15
2017,2,22,2,10946.4
2018,2,22,2,8262.08
2019,2,22,2,6957.17
2020,2,22,2,10630.2
2021,2,22,2,12486.5
2022,2,22,2,8128
2023,2,22,2,9748.44
2024,2,22,2,8131.36
1952,2,23,2,0
1953,2,23,2,0
1954,2,23,2,0
1955,2,23,2,0
1956,2,23,2,0
1957,2,23,2,0
1958,2,23,2,0
1959,2,23,2,0
1960,2,23,2,0
1961,2,23,2,0
1962,2,23,2,0
1963,2,23,2,0
1964,2,23,2,0
1965,2,23,2,0
1966,2,23,2,0
1967,2,23,2,0
1968,2,23,2,0
1969,2,23,2,0
1970,2,23,2,0
1971,2,23,2,0
1972,2,23,2,0
1973,2,23,2,0
1974,2,23,2,0
1975,2,23,2,0
1976,2,23,2,0
1977,2,23,2,0
1978,2,23,2,0
1979,2,23,2,0
1980,2,23,2,0
1981,2,23,2,0
1982,2,23,2,0
1983,2,23,2,0
1984,2,23,2,0
1985,2,23,2,0
1986,2,23,2,0
1987,2,23,2,0
1988,2,23,2,0
1989,2,23,2,0
1990,2,23,2,0
1991,2,23,2,0
1992,2,23,2,0
1993,2,23,2,0
1994,2,23,2,0
1995,2,23,2,0
1996,2,23,2,0
1997,2,23,2,0
1998,2,23,2,0
1999,2,23,2,0
2000,2,23,2,591.022
2001,2,23,2,622
2002,2,23,2,662.293
2003,2,23,2,658.151
2004,2,23,2,887.858
2005,2,23,2,970.366
2006,2,23,2,973.449
2007,2,23,2,1003.88
2008,2,23,2,923.94
2009,2,23,2,793.883
2010,2,23,2,739.229
2011,2,23,2,742.238
2012,2,23,2,713.383
2013,2,23,2,1171.44
2014,2,23,2,575.067
2015,2,23,2,1113.05
2016,2,23,2,1465.33
2017,2,23,2,1024.31
2018,2,23,2,1198.41
2019,2,23,2,701.997
2020,2,23,2,713.386
2021,2,23,2,602.32
2022,2,23,2,921.244
2023,2,23,2,779.466
2024,2,23,2,1695.7
1952,2,24,3,0
1953,2,24,3,0
1954,2,24,3,0
1955,2,24,3,0
1956,2,24,3,0
1957,2,24,3,0
1958,2,24,3,0
1959,2,24,3,0
1960,2,24,3,0
1961,2,24,3,0
1962,2,24,3,0
1963,2,24,3,0
1964,2,24,3,0
1965,2,24,3,0
1966,2,24,3,0
1967,2,24,3,0
1968,2,24,3,0
1969,2,24,3,0
1970,2,24,3,22.1
1971,2,24,3,27.25
1972,2,24,3,239.46
1973,2,24,3,262.68
1974,2,24,3,579.92
1975,2,24,3,244.24
1976,2,24,3,2572.06
1977,2,24,3,1581.4
1978,2,24,3,892.47
1979,2,24,3,925.58
1980,2,24,3,1224.78
1981,2,24,3,2179.98
1982,2,24,3,72.88
1983,2,24,3,118.26
1984,2,24,3,30.47
1985,2,24,3,3162.98
1986,2,24,3,204.41
1987,2,24,3,494.61
1988,2,24,3,419.1
1989,2,24,3,579.29
1990,2,24,3,642.48
1991,2,24,3,395.5
1992,2,24,3,794.72
1993,2,24,3,709.45
1994,2,24,3,498.72
1995,2,24,3,804.209
1996,2,24,3,554.85
1997,2,24,3,395.02
1998,2,24,3,306.36
1999,2,24,3,230.39
2000,2,24,3,66.611
2001,2,24,3,20.303
2002,2,24,3,97.44
2003,2,24,3,80.546
2004,2,24,3,73.284
2005,2,24,3,101.728
2006,2,24,3,84.064
2007,2,24,3,110.562
2008,2,24,3,37.64
2009,2,24,3,0
2010,2,24,3,0
2011,2,24,3,55.77
2012,2,24,3,121.765
2013,2,24,3,20.86
2014,2,24,3,0
2015,2,24,3,0
2016,2,24,3,22.782
2017,2,24,3,62.289
2018,2,24,3,40.829
2019,2,24,3,78.16
2020,2,24,3,82.7
2021,2,24,3,55.76
2022,2,24,3,21.27
2023,2,24,3,2.55
2024,2,24,3,0
1952,2,25,3,0
1953,2,25,3,0
1954,2,25,3,0
1955,2,25,3,0
1956,2,25,3,0
1957,2,25,3,0
1958,2,25,3,0
1959,2,25,3,0
1960,2,25,3,0
1961,2,25,3,0
1962,2,25,3,0
1963,2,25,3,0
1964,2,25,3,0
1965,2,25,3,0
1966,2,25,3,0
1967,2,25,3,0
1968,2,25,3,0
1969,2,25,3,0
1970,2,25,3,0
1971,2,25,3,0
1972,2,25,3,0
1973,2,25,3,2.71
1974,2,25,3,0
1975,2,25,3,0
1976,2,25,3,173.26
1977,2,25,3,52.238
1978,2,25,3,274.521
1979,2,25,3,0
1980,2,25,3,0
1981,2,25,3,90.466
1982,2,25,3,487.406
1983,2,25,3,181.935
1984,2,25,3,1415.7
1985,2,25,3,4062.33
1986,2,25,3,805.551
1987,2,25,3,1322.83
1988,2,25,3,1466.38
1989,2,25,3,12583.2
1990,2,25,3,14416.3
1991,2,25,3,13491.5
1992,2,25,3,9554.59
1993,2,25,3,5993.85
1994,2,25,3,4470.8
1995,2,25,3,11639
1996,2,25,3,9471.54
1997,2,25,3,6560.36
1998,2,25,3,11435.6
1999,2,25,3,6439.98
2000,2,25,3,10039.8
2001,2,25,3,6460.01
2002,2,25,3,6087.36
2003,2,25,3,9713.08
2004,2,25,3,10348.6
2005,2,25,3,12957.4
2006,2,25,3,20841.3
2007,2,25,3,9652.84
2008,2,25,3,14734.7
2009,2,25,3,18001.7
2010,2,25,3,8089.03
2011,2,25,3,11612.9
2012,2,25,3,10516.9
2013,2,25,3,8959.22
2014,2,25,3,6091.4
2015,2,25,3,5566.75
2016,2,25,3,6486.43
2017,2,25,3,7185.53
2018,2,25,3,5577.97
2019,2,25,3,3152.89
2020,2,25,3,4979.67
2021,2,25,3,4952.71
2022,2,25,3,7892.33
2023,2,25,3,6656.27
2024,2,25,3,5077.62
1952,2,26,3,0
1953,2,26,3,0
1954,2,26,3,0
1955,2,26,3,0
1956,2,26,3,0
1957,2,26,3,0
1958,2,26,3,0
1959,2,26,3,0
1960,2,26,3,0
1961,2,26,3,0
1962,2,26,3,0
1963,2,26,3,0
1964,2,26,3,0
1965,2,26,3,0
1966,2,26,3,0
1967,2,26,3,0
1968,2,26,3,0
1969,2,26,3,0
1970,2,26,3,0
1971,2,26,3,0
1972,2,26,3,0
1973,2,26,3,0
1974,2,26,3,0
1975,2,26,3,2.283
1976,2,26,3,0
1977,2,26,3,0
1978,2,26,3,11.588
1979,2,26,3,0
1980,2,26,3,0
1981,2,26,3,0
1982,2,26,3,127.867
1983,2,26,3,2338.26
1984,2,26,3,148.387
1985,2,26,3,3101
1986,2,26,3,0.531
1987,2,26,3,158.502
1988,2,26,3,129.547
1989,2,26,3,2375.76
1990,2,26,3,6795.19
1991,2,26,3,14340.1
1992,2,26,3,2119.85
1993,2,26,3,4153.97
1994,2,26,3,2975.85
1995,2,26,3,1467.87
1996,2,26,3,2247.77
1997,2,26,3,870.157
1998,2,26,3,5373.07
1999,2,26,3,2252.87
2000,2,26,3,13020.2
2001,2,26,3,1133.51
2002,2,26,3,2607.56
2003,2,26,3,10743.1
2004,2,26,3,984.061
2005,2,26,3,4962.18
2006,2,26,3,8992.76
2007,2,26,3,12504.8
2008,2,26,3,15898.5
2009,2,26,3,10225.3
2010,2,26,3,11051
2011,2,26,3,8125.26
2012,2,26,3,11232.6
2013,2,26,3,16281.8
2014,2,26,3,14438
2015,2,26,3,9248.69
2016,2,26,3,18912.5
2017,2,26,3,22815.3
2018,2,26,3,17991.9
2019,2,26,3,11260.5
2020,2,26,3,23769.2
2021,2,26,3,1033.14
2022,2,26,3,30919
2023,2,26,3,23397.6
2024,2,26,3,27223
1952,2,27,4,0
1953,2,27,4,0
1954,2,27,4,0
1955,2,27,4,0
1956,2,27,4,0
1957,2,27,4,0
1958,2,27,4,0
1959,2,27,4,0
1960,2,27,4,0
1961,2,27,4,0
1962,2,27,4,0
1963,2,27,4,0
1964,2,27,4,0
1965,2,27,4,0
1966,2,27,4,0
1967,2,27,4,0
1968,2,27,4,0
1969,2,27,4,0
1970,2,27,4,0
1971,2,27,4,0
1972,2,27,4,6.9
1973,2,27,4,53.9
1974,2,27,4,29.5
1975,2,27,4,9.2
1976,2,27,4,25.3
1977,2,27,4,72.3
1978,2,27,4,26.8
1979,2,27,4,14.1
1980,2,27,4,52.9
1981,2,27,4,63.5
1982,2,27,4,81.57
1983,2,27,4,173.76
1984,2,27,4,52.81
1985,2,27,4,221.2
1986,2,27,4,34.26
1987,2,27,4,17.25
1988,2,27,4,143.38
1989,2,27,4,62.05
1990,2,27,4,149.01
1991,2,27,4,70.01
1992,2,27,4,95.22
1993,2,27,4,133.17
1994,2,27,4,74.61
1995,2,27,4,216.644
1996,2,27,4,16.14
1997,2,27,4,32.97
1998,2,27,4,6.65
1999,2,27,4,37.25
2000,2,27,4,1.7
2001,2,27,4,2.516
2002,2,27,4,0
2003,2,27,4,9.5
2004,2,27,4,9.1
2005,2,27,4,0
2006,2,27,4,17.957
2007,2,27,4,15.364
2008,2,27,4,19.391
2009,2,27,4,6
2010,2,27,4,1.6
2011,2,27,4,47
2012,2,27,4,1
2013,2,27,4,3.3
2014,2,27,4,0
2015,2,27,4,1
2016,2,27,4,1.4
2017,2,27,4,0
2018,2,27,4,0.9
2019,2,27,4,0
2020,2,27,4,1
2021,2,27,4,73.2
2022,2,27,4,0
2023,2,27,4,0
2024,2,27,4,7.1
1952,2,28,4,0
1953,2,28,4,0
1954,2,28,4,0
1955,2,28,4,0
1956,2,28,4,0
1957,2,28,4,0
1958,2,28,4,0
1959,2,28,4,0
1960,2,28,4,0
1961,2,28,4,0
1962,2,28,4,0
1963,2,28,4,0
1964,2,28,4,0
1965,2,28,4,0
1966,2,28,4,0
1967,2,28,4,0
1968,2,28,4,0
1969,2,28,4,0
1970,2,28,4,0
1971,2,28,4,0
1972,2,28,4,0
1973,2,28,4,1.807
1974,2,28,4,0
1975,2,28,4,43.085
1976,2,28,4,265.838
1977,2,28,4,695.388
1978,2,28,4,76.901
1979,2,28,4,197.582
1980,2,28,4,1549.72
1981,2,28,4,7740.03
1982,2,28,4,12365.5
1983,2,28,4,5036.5
1984,2,28,4,11257.7
1985,2,28,4,8846.71
1986,2,28,4,14452.7
1987,2,28,4,19074.3
1988,2,28,4,18397.3
1989,2,28,4,11740.9
1990,2,28,4,23465.1
1991,2,28,4,13194.6
1992,2,28,4,32947.7
1993,2,28,4,17625.5
1994,2,28,4,23569.9
1995,2,28,4,15539.9
1996,2,28,4,11992.8
1997,2,28,4,24859
1998,2,28,4,16221.9
1999,2,28,4,28112.6
2000,2,28,4,18167.5
2001,2,28,4,9920.51
2002,2,28,4,19176.5
2003,2,28,4,10101.4
2004,2,28,4,22248
2005,2,28,4,20522.5
2006,2,28,4,23670.3
2007,2,28,4,17731.4
2008,2,28,4,17711.1
2009,2,28,4,27501.9
2010,2,28,4,12741.6
2011,2,28,4,25257.7
2012,2,28,4,14903.7
2013,2,28,4,23057.2
2014,2,28,4,14415.8
2015,2,28,4,8004.24
2016,2,28,4,18929.6
2017,2,28,4,15332.8
2018,2,28,4,15164.9
2019,2,28,4,4915.81
2020,2,28,4,23155.3
2021,2,28,4,24858
2022,2,28,4,17731.3
2023,2,28,4,5777.33
2024,2,28,4,6555.58
1952,2,29,4,0
1953,2,29,4,0
1954,2,29,4,0
1955,2,29,4,0
1956,2,29,4,0
1957,2,29,4,0
1958,2,29,4,0
1959,2,29,4,0
1960,2,29,4,0
1961,2,29,4,0
1962,2,29,4,0
1963,2,29,4,0
1964,2,29,4,0
1965,2,29,4,0
1966,2,29,4,0
1967,2,29,4,0
1968,2,29,4,0
1969,2,29,4,0
1970,2,29,4,0
1971,2,29,4,0
1972,2,29,4,0
1973,2,29,4,0
1974,2,29,4,0
1975,2,29,4,0
1976,2,29,4,0
1977,2,29,4,0
1978,2,29,4,0
1979,2,29,4,0
1980,2,29,4,0
1981,2,29,4,0
1982,2,29,4,116.244
1983,2,29,4,9755.28
1984,2,29,4,262.125
1985,2,29,4,69.401
1986,2,29,4,86.062
1987,2,29,4,2507.13
1988,2,29,4,191.611
1989,2,29,4,0
1990,2,29,4,302.776
1991,2,29,4,86.848
1992,2,29,4,6058.81
1993,2,29,4,3622.11
1994,2,29,4,318.332
1995,2,29,4,3.946
1996,2,29,4,2584.98
1997,2,29,4,15882.8
1998,2,29,4,9365.16
1999,2,29,4,13604.6
2000,2,29,4,9425.36
2001,2,29,4,11591.5
2002,2,29,4,10941.7
2003,2,29,4,1369.8
2004,2,29,4,9933.39
2005,2,29,4,4469.35
2006,2,29,4,2510.45
2007,2,29,4,4913.93
2008,2,29,4,5319.27
2009,2,29,4,9955.55
2010,2,29,4,3566.79
2011,2,29,4,15684.8
2012,2,29,4,15528.9
2013,2,29,4,10596.5
2014,2,29,4,12932
2015,2,29,4,20820.3
2016,2,29,4,8922.77
2017,2,29,4,13641.6
2018,2,29,4,8346.77
2019,2,29,4,19993.8
2020,2,29,4,14895.5
2021,2,29,4,15931.9
2022,2,29,4,8359.13
2023,2,29,4,5516.42
2024,2,29,4,3255.41
1952,2,30,4,0
1953,2,30,4,0
1954,2,30,4,0
1955,2,30,4,0
1956,2,30,4,0
1957,2,30,4,0
1958,2,30,4,0
1959,2,30,4,0
1960,2,30,4,0
1961,2,30,4,0
1962,2,30,4,0
1963,2,30,4,0
1964,2,30,4,0
1965,2,30,4,0
1966,2,30,4,0
1967,2,30,4,0
1968,2,30,4,0
1969,2,30,4,0
1970,2,30,4,0
1971,2,30,4,0
1972,2,30,4,0
1973,2,30,4,0
1974,2,30,4,0
1975,2,30,4,1.381
1976,2,30,4,0
1977,2,30,4,143.712
1978,2,30,4,49.98
1979,2,30,4,32.644
1980,2,30,4,288.503
1981,2,30,4,1103.86
1982,2,30,4,1409.15
1983,2,30,4,1671.19
1984,2,30,4,1209.84
1985,2,30,4,1985.01
1986,2,30,4,3465.97
1987,2,30,4,9995.99
1988,2,30,4,2354.74
1989,2,30,4,4624.81
1990,2,30,4,7830.81
1991,2,30,4,14895.6
1992,2,30,4,20535.2
1993,2,30,4,33819.7
1994,2,30,4,23795.2
1995,2,30,4,5081.84
1996,2,30,4,6706.4
1997,2,30,4,4425.75
1998,2,30,4,15974.2
1999,2,30,4,10362
2000,2,30,4,7719.03
2001,2,30,4,13244.4
2002,2,30,4,12261.6
2003,2,30,4,14396.2
2004,2,30,4,3991.01
2005,2,30,4,9039.26
2006,2,30,4,8198.66
2007,2,30,4,15743.2
2008,2,30,4,4445.86
2009,2,30,4,10878.9
2010,2,30,4,19673.9
2011,2,30,4,3335.2
2012,2,30,4,4551.31
2013,2,30,4,8836.71
2014,2,30,4,11930.8
2015,2,30,4,17708.3
2016,2,30,4,25802
2017,2,30,4,20652.6
2018,2,30,4,25679.9
2019,2,30,4,11843.1
2020,2,30,4,25974.3
2021,2,30,4,2179.62
2022,2,30,4,18526.6
2023,2,30,4,13407.6
2024,2,30,4,9178.42
1952,2,31,4,0
1953,2,31,4,0
1954,2,31,4,0
1955,2,31,4,0
1956,2,31,4,0
1957,2,31,4,0
1958,2,31,4,0
1959,2,31,4,0
1960,2,31,4,0
1961,2,31,4,0
1962,2,31,4,0
1963,2,31,4,0
1964,2,31,4,0
1965,2,31,4,0
1966,2,31,4,0
1967,2,31,4,0
1968,2,31,4,0
1969,2,31,4,0
1970,2,31,4,0
1971,2,31,4,0
1972,2,31,4,0
1973,2,31,4,0
1974,2,31,4,0
1975,2,31,4,0
1976,2,31,4,0
1977,2,31,4,0
1978,2,31,4,0
1979,2,31,4,0
1980,2,31,4,0
1981,2,31,4,0
1982,2,31,4,25.769
1983,2,31,4,1521.47
1984,2,31,4,1.496
1985,2,31,4,168.663
1986,2,31,4,59.875
1987,2,31,4,743.806
1988,2,31,4,4.368
1989,2,31,4,0
1990,2,31,4,8491.44
1991,2,31,4,407.775
1992,2,31,4,6369.11
1993,2,31,4,2491.82
1994,2,31,4,11771.3
1995,2,31,4,0
1996,2,31,4,1332.89
1997,2,31,4,3748.41
1998,2,31,4,9326.81
1999,2,31,4,312.169
2000,2,31,4,335.506
2001,2,31,4,17392.2
2002,2,31,4,2321.59
2003,2,31,4,0
2004,2,31,4,1400.86
2005,2,31,4,1782.64
2006,2,31,4,12.885
2007,2,31,4,5094.46
2008,2,31,4,520.821
2009,2,31,4,1680.7
2010,2,31,4,12745.1
2011,2,31,4,43.156
2012,2,31,4,25775.9
2013,2,31,4,669.615
2014,2,31,4,17789.3
2015,2,31,4,9356.36
2016,2,31,4,1383.6
2017,2,31,4,6367.62
2018,2,31,4,6133.85
2019,2,31,4,15436.5
2020,2,31,4,648.532
2021,2,31,4,11861.8
2022,2,31,4,1164.07
2023,2,31,4,40348.7
2024,2,31,4,520.962
1952,2,32,1,1.35049e-05
1953,2,32,1,1.34066e-05
1954,2,32,1,1.3142e-05
1955,2,32,1,1.21801e-05
1956,2,32,1,1.26011e-05
1957,2,32,1,1.30631e-05
1958,2,32,1,1.25903e-05
1959,2,32,1,1.31313e-05
1960,2,32,1,1.33121e-05
1961,2,32,1,1.19462e-05
1962,2,32,1,1.0529e-05
1963,2,32,1,9.88375e-06
1964,2,32,1,9.57282e-06
1965,2,32,1,1.00875e-05
1966,2,32,1,1.00385e-05
1967,2,32,1,9.09748e-06
1968,2,32,1,8.50968e-06
1969,2,32,1,8.67619e-06
1970,2,32,1,9.28421e-06
1971,2,32,1,9.73339e-06
1972,2,32,1,9.38749e-06
1973,2,32,1,8.40039e-06
1974,2,32,1,8.59563e-06
1975,2,32,1,8.28108e-06
1976,2,32,1,7.61786e-06
1977,2,32,1,7.86127e-06
1978,2,32,1,8.67203e-06
1979,2,32,1,8.60501e-06
1980,2,32,1,7.90022e-06
1981,2,32,1,7.46493e-06
1982,2,32,1,7.41204e-06
1983,2,32,1,7.58337e-06
1984,2,32,1,7.68192e-06
1985,2,32,1,7.19082e-06
1986,2,32,1,8.01361e-06
1987,2,32,1,8.57778e-06
1988,2,32,1,8.36731e-06
1989,2,32,1,8.37308e-06
1990,2,32,1,7.97397e-06
1991,2,32,1,7.91138e-06
1992,2,32,1,7.29261e-06
1993,2,32,1,6.56307e-06
1994,2,32,1,6.14666e-06
1995,2,32,1,6.02423e-06
1996,2,32,1,6.25353e-06
1997,2,32,1,6.16664e-06
1998,2,32,1,5.55284e-06
1999,2,32,1,4.77362e-06
2000,2,32,1,4.16096e-06
2001,2,32,1,3.87805e-06
2002,2,32,1,3.5884e-06
2003,2,32,1,3.29322e-06
2004,2,32,1,3.05711e-06
2005,2,32,1,3.00865e-06
2006,2,32,1,2.79446e-06
2007,2,32,1,2.77438e-06
2008,2,32,1,2.93508e-06
2009,2,32,1,3.11005e-06
2010,2,32,1,3.17861e-06
2011,2,32,1,3.05815e-06
2012,2,32,1,2.96389e-06
2013,2,32,1,3.08939e-06
2014,2,32,1,3.43415e-06
2015,2,32,1,3.75913e-06
2016,2,32,1,3.8343e-06
2017,2,32,1,3.73385e-06
2018,2,32,1,3.67209e-06
2019,2,32,1,3.96389e-06
2020,2,32,1,4.55776e-06
2021,2,32,1,4.56921e-06
2022,2,32,1,5.0906e-06
2023,2,32,1,5.12756e-06
2024,2,32,1,4.36112e-06
1952,2,33,2,6.74734e-05
1953,2,33,2,6.78319e-05
1954,2,33,2,6.68706e-05
1955,2,33,2,5.94136e-05
1956,2,33,2,6.7248e-05
1957,2,33,2,6.51287e-05
1958,2,33,2,6.49507e-05
1959,2,33,2,7.57604e-05
1960,2,33,2,7.31701e-05
1961,2,33,2,6.3714e-05
1962,2,33,2,5.67892e-05
1963,2,33,2,5.17625e-05
1964,2,33,2,4.72844e-05
1965,2,33,2,4.95864e-05
1966,2,33,2,4.69519e-05
1967,2,33,2,4.23726e-05
1968,2,33,2,3.81862e-05
1969,2,33,2,3.59887e-05
1970,2,33,2,3.71253e-05
1971,2,33,2,3.7915e-05
1972,2,33,2,3.63746e-05
1973,2,33,2,3.30306e-05
1974,2,33,2,3.44995e-05
1975,2,33,2,3.30215e-05
1976,2,33,2,3.17371e-05
1977,2,33,2,3.30347e-05
1978,2,33,2,3.54164e-05
1979,2,33,2,3.21665e-05
1980,2,33,2,2.86978e-05
1981,2,33,2,2.48591e-05
1982,2,33,2,2.36272e-05
1983,2,33,2,2.35031e-05
1984,2,33,2,2.45362e-05
1985,2,33,2,2.30744e-05
1986,2,33,2,2.79726e-05
1987,2,33,2,2.81146e-05
1988,2,33,2,2.7099e-05
1989,2,33,2,2.56738e-05
1990,2,33,2,2.2146e-05
1991,2,33,2,2.00857e-05
1992,2,33,2,1.58845e-05
1993,2,33,2,1.33108e-05
1994,2,33,2,1.21911e-05
1995,2,33,2,1.23786e-05
1996,2,33,2,1.31705e-05
1997,2,33,2,1.32973e-05
1998,2,33,2,1.26494e-05
1999,2,33,2,1.20664e-05
2000,2,33,2,1.18792e-05
2001,2,33,2,1.29404e-05
2002,2,33,2,1.23572e-05
2003,2,33,2,1.28142e-05
2004,2,33,2,1.22051e-05
2005,2,33,2,1.30078e-05
2006,2,33,2,1.14515e-05
2007,2,33,2,1.21229e-05
2008,2,33,2,1.23702e-05
2009,2,33,2,1.21476e-05
2010,2,33,2,1.10501e-05
2011,2,33,2,9.96511e-06
2012,2,33,2,9.5246e-06
2013,2,33,2,1.00692e-05
2014,2,33,2,1.0737e-05
2015,2,33,2,1.15557e-05
2016,2,33,2,1.17848e-05
2017,2,33,2,1.14869e-05
2018,2,33,2,1.02987e-05
2019,2,33,2,1.00981e-05
2020,2,33,2,1.06027e-05
2021,2,33,2,8.46474e-06
2022,2,33,2,8.54946e-06
2023,2,33,2,7.50461e-06
2024,2,33,2,6.90401e-06
1952,2,34,3,1.99641e-05
1953,2,34,3,1.76507e-05
1954,2,34,3,1.80087e-05
1955,2,34,3,1.58393e-05
1956,2,34,3,1.48248e-05
1957,2,34,3,1.81463e-05
1958,2,34,3,1.34192e-05
1959,2,34,3,1.30445e-05
1960,2,34,3,1.44361e-05
1961,2,34,3,1.07652e-05
1962,2,34,3,8.608e-06
1963,2,34,3,9.2902e-06
1964,2,34,3,9.61297e-06
1965,2,34,3,1.00311e-05
1966,2,34,3,1.03874e-05
1967,2,34,3,6.77168e-06
1968,2,34,3,6.84488e-06
1969,2,34,3,6.79835e-06
1970,2,34,3,8.66266e-06
1971,2,34,3,8.35326e-06
1972,2,34,3,7.88488e-06
1973,2,34,3,5.78804e-06
1974,2,34,3,6.87518e-06
1975,2,34,3,7.07948e-06
1976,2,34,3,5.65263e-06
1977,2,34,3,6.77599e-06
1978,2,34,3,8.33047e-06
1979,2,34,3,8.5615e-06
1980,2,34,3,6.58715e-06
1981,2,34,3,6.3895e-06
1982,2,34,3,6.39382e-06
1983,2,34,3,6.99856e-06
1984,2,34,3,6.90266e-06
1985,2,34,3,6.19956e-06
1986,2,34,3,6.4052e-06
1987,2,34,3,7.63947e-06
1988,2,34,3,6.24247e-06
1989,2,34,3,5.85886e-06
1990,2,34,3,5.18573e-06
1991,2,34,3,4.46144e-06
1992,2,34,3,4.25144e-06
1993,2,34,3,3.59691e-06
1994,2,34,3,3.74784e-06
1995,2,34,3,3.99016e-06
1996,2,34,3,4.18243e-06
1997,2,34,3,4.12441e-06
1998,2,34,3,3.4438e-06
1999,2,34,3,2.95053e-06
2000,2,34,3,2.83548e-06
2001,2,34,3,3.12758e-06
2002,2,34,3,3.0019e-06
2003,2,34,3,2.65455e-06
2004,2,34,3,2.74408e-06
2005,2,34,3,2.89275e-06
2006,2,34,3,2.66192e-06
2007,2,34,3,2.55234e-06
2008,2,34,3,2.9447e-06
2009,2,34,3,2.96173e-06
2010,2,34,3,2.71345e-06
2011,2,34,3,2.30113e-06
2012,2,34,3,2.1543e-06
2013,2,34,3,2.32175e-06
2014,2,34,3,2.76409e-06
2015,2,34,3,3.21406e-06
2016,2,34,3,3.47237e-06
2017,2,34,3,2.79661e-06
2018,2,34,3,2.65206e-06
2019,2,34,3,2.99556e-06
2020,2,34,3,3.52901e-06
2021,2,34,3,3.6138e-06
2022,2,34,3,3.78011e-06
2023,2,34,3,4.4516e-06
2024,2,34,3,3.4116e-06
1952,2,35,4,8.09408e-05
1953,2,35,4,7.83984e-05
1954,2,35,4,7.72936e-05
1955,2,35,4,7.11344e-05
1956,2,35,4,6.81969e-05
1957,2,35,4,7.7553e-05
1958,2,35,4,6.99324e-05
1959,2,35,4,7.11432e-05
1960,2,35,4,7.83795e-05
1961,2,35,4,6.54321e-05
1962,2,35,4,5.2144e-05
1963,2,35,4,4.91407e-05
1964,2,35,4,4.83106e-05
1965,2,35,4,4.94435e-05
1966,2,35,4,5.4182e-05
1967,2,35,4,4.18225e-05
1968,2,35,4,3.94239e-05
1969,2,35,4,3.64338e-05
1970,2,35,4,4.2808e-05
1971,2,35,4,4.24754e-05
1972,2,35,4,4.23063e-05
1973,2,35,4,3.37048e-05
1974,2,35,4,3.58123e-05
1975,2,35,4,3.80394e-05
1976,2,35,4,3.27764e-05
1977,2,35,4,3.54956e-05
1978,2,35,4,4.16069e-05
1979,2,35,4,4.35838e-05
1980,2,35,4,3.63471e-05
1981,2,35,4,3.3648e-05
1982,2,35,4,3.23256e-05
1983,2,35,4,3.38049e-05
1984,2,35,4,3.39505e-05
1985,2,35,4,3.16471e-05
1986,2,35,4,3.18984e-05
1987,2,35,4,3.59175e-05
1988,2,35,4,3.08038e-05
1989,2,35,4,2.84473e-05
1990,2,35,4,2.54357e-05
1991,2,35,4,2.20771e-05
1992,2,35,4,1.92983e-05
1993,2,35,4,1.47026e-05
1994,2,35,4,1.34223e-05
1995,2,35,4,1.35203e-05
1996,2,35,4,1.56247e-05
1997,2,35,4,1.67058e-05
1998,2,35,4,1.4203e-05
1999,2,35,4,1.2309e-05
2000,2,35,4,1.16429e-05
2001,2,35,4,1.2285e-05
2002,2,35,4,1.28791e-05
2003,2,35,4,1.24438e-05
2004,2,35,4,1.27035e-05
2005,2,35,4,1.27813e-05
2006,2,35,4,1.19993e-05
2007,2,35,4,1.17915e-05
2008,2,35,4,1.34064e-05
2009,2,35,4,1.39862e-05
2010,2,35,4,1.39574e-05
2011,2,35,4,1.26922e-05
2012,2,35,4,1.14628e-05
2013,2,35,4,1.23707e-05
2014,2,35,4,1.40888e-05
2015,2,35,4,1.51837e-05
2016,2,35,4,1.57262e-05
2017,2,35,4,1.46943e-05
2018,2,35,4,1.33689e-05
2019,2,35,4,1.32522e-05
2020,2,35,4,1.56437e-05
2021,2,35,4,1.5162e-05
2022,2,35,4,1.43263e-05
2023,2,35,4,1.70768e-05
2024,2,35,4,1.48825e-05
1952,2,36,5,0
1953,2,36,5,0
1954,2,36,5,4.03425e-05
1955,2,36,5,3.8665e-05
1956,2,36,5,3.54258e-05
1957,2,36,5,3.95769e-05
1958,2,36,5,3.476e-05
1959,2,36,5,3.19561e-05
1960,2,36,5,3.34955e-05
1961,2,36,5,2.97588e-05
1962,2,36,5,2.52957e-05
1963,2,36,5,2.4067e-05
1964,2,36,5,2.3695e-05
1965,2,36,5,2.33765e-05
1966,2,36,5,2.37841e-05
1967,2,36,5,1.94857e-05
1968,2,36,5,1.77014e-05
1969,2,36,5,1.65842e-05
1970,2,36,5,1.81394e-05
1971,2,36,5,1.83743e-05
1972,2,36,5,1.8267e-05
1973,2,36,5,1.57085e-05
1974,2,36,5,1.56493e-05
1975,2,36,5,1.61586e-05
1976,2,36,5,1.45872e-05
1977,2,36,5,1.51055e-05
1978,2,36,5,1.71454e-05
1979,2,36,5,1.85888e-05
1980,2,36,5,1.6754e-05
1981,2,36,5,1.57375e-05
1982,2,36,5,1.5123e-05
1983,2,36,5,1.56299e-05
1984,2,36,5,1.56148e-05
1985,2,36,5,1.49496e-05
1986,2,36,5,1.45011e-05
1987,2,36,5,1.63201e-05
1988,2,36,5,1.5217e-05
1989,2,36,5,1.45699e-05
1990,2,36,5,1.3549e-05
1991,2,36,5,1.2412e-05
1992,2,36,5,1.14794e-05
1993,2,36,5,9.88926e-06
1994,2,36,5,9.28974e-06
1995,2,36,5,9.17627e-06
1996,2,36,5,9.46853e-06
1997,2,36,5,9.43196e-06
1998,2,36,5,8.66521e-06
1999,2,36,5,7.51347e-06
2000,2,36,5,7.00435e-06
2001,2,36,5,6.9735e-06
2002,2,36,5,7.06778e-06
2003,2,36,5,6.77693e-06
2004,2,36,5,6.52836e-06
2005,2,36,5,6.59945e-06
2006,2,36,5,6.60449e-06
2007,2,36,5,6.3415e-06
2008,2,36,5,6.68955e-06
2009,2,36,5,6.96678e-06
2010,2,36,5,6.90635e-06
2011,2,36,5,6.19034e-06
2012,2,36,5,5.70796e-06
2013,2,36,5,5.69524e-06
2014,2,36,5,6.18827e-06
2015,2,36,5,6.76292e-06
2016,2,36,5,7.30972e-06
2017,2,36,5,7.11303e-06
2018,2,36,5,6.58098e-06
2019,2,36,5,6.75724e-06
2020,2,36,5,7.81855e-06
2021,2,36,5,8.08653e-06
2022,2,36,5,8.48017e-06
2023,2,36,5,9.68925e-06
2024,2,36,5,8.76404e-06
1952,3,1,1,78.0425
1953,3,1,1,188.205
1954,3,1,1,92.6705
1955,3,1,1,58.7774
1956,3,1,1,26.0643
1957,3,1,1,175.892
1958,3,1,1,195.823
1959,3,1,1,534.517
1960,3,1,1,302.567
1961,3,1,1,278.198
1962,3,1,1,285.238
1963,3,1,1,235.69
1964,3,1,1,377.42
1965,3,1,1,327.547
1966,3,1,1,545.932
1967,3,1,1,506.651
1968,3,1,1,486.04
1969,3,1,1,672.925
1970,3,1,1,961.086
1971,3,1,1,590.459
1972,3,1,1,482.242
1973,3,1,1,514.353
1974,3,1,1,574.782
1975,3,1,1,887.559
1976,3,1,1,1177.86
1977,3,1,1,3156.99
1978,3,1,1,3834.03
1979,3,1,1,2934.94
1980,3,1,1,1350.66
1981,3,1,1,1155.73
1982,3,1,1,1061.36
1983,3,1,1,1339.56
1984,3,1,1,1024.2
1985,3,1,1,877.68
1986,3,1,1,1210.13
1987,3,1,1,1120.32
1988,3,1,1,1769.71
1989,3,1,1,1113.27
1990,3,1,1,1020.36
1991,3,1,1,1284.35
1992,3,1,1,1439.46
1993,3,1,1,1211.97
1994,3,1,1,584.443
1995,3,1,1,1092.2
1996,3,1,1,877.578
1997,3,1,1,665.165
1998,3,1,1,950.021
1999,3,1,1,679.443
2000,3,1,1,407.384
2001,3,1,1,615.737
2002,3,1,1,433.031
2003,3,1,1,939.318
2004,3,1,1,1196.32
2005,3,1,1,1130.2
2006,3,1,1,845.952
2007,3,1,1,860.225
2008,3,1,1,1266
2009,3,1,1,1476.93
2010,3,1,1,1212.74
2011,3,1,1,936.811
2012,3,1,1,426.215
2013,3,1,1,408.285
2014,3,1,1,746.621
2015,3,1,1,901.763
2016,3,1,1,1432.18
2017,3,1,1,966.89
2018,3,1,1,628.614
2019,3,1,1,1318.23
2020,3,1,1,702.032
2021,3,1,1,541.22
2022,3,1,1,611.51
2023,3,1,1,940.5
2024,3,1,1,1232.3
1952,3,2,1,49.6435
1953,3,2,1,13.9234
1954,3,2,1,15.1212
1955,3,2,1,15.5843
1956,3,2,1,3.25782
1957,3,2,1,3.59783
1958,3,2,1,22.2858
1959,3,2,1,135.168
1960,3,2,1,11.8489
1961,3,2,1,54.2844
1962,3,2,1,118.429
1963,3,2,1,44.6994
1964,3,2,1,38.9949
1965,3,2,1,123.544
1966,3,2,1,238.805
1967,3,2,1,130.07
1968,3,2,1,34.1355
1969,3,2,1,158.531
1970,3,2,1,361.442
1971,3,2,1,201.4
1972,3,2,1,152.022
1973,3,2,1,125.989
1974,3,2,1,432.925
1975,3,2,1,349.727
1976,3,2,1,505.107
1977,3,2,1,176.477
1978,3,2,1,251.534
1979,3,2,1,232.751
1980,3,2,1,213.609
1981,3,2,1,397.942
1982,3,2,1,141.833
1983,3,2,1,142.614
1984,3,2,1,93.3681
1985,3,2,1,85.9313
1986,3,2,1,249.83
1987,3,2,1,527.563
1988,3,2,1,533.777
1989,3,2,1,476.463
1990,3,2,1,278.643
1991,3,2,1,283.47
1992,3,2,1,404.304
1993,3,2,1,497.507
1994,3,2,1,256.17
1995,3,2,1,199.767
1996,3,2,1,429.121
1997,3,2,1,228.648
1998,3,2,1,128.837
1999,3,2,1,117.356
2000,3,2,1,110.418
2001,3,2,1,176.576
2002,3,2,1,34.4509
2003,3,2,1,209.86
2004,3,2,1,163.001
2005,3,2,1,111.326
2006,3,2,1,177.162
2007,3,2,1,170.816
2008,3,2,1,214.903
2009,3,2,1,225.244
2010,3,2,1,146.554
2011,3,2,1,147.465
2012,3,2,1,91.1825
2013,3,2,1,73.6454
2014,3,2,1,71.8105
2015,3,2,1,109.495
2016,3,2,1,497.554
2017,3,2,1,750.163
2018,3,2,1,183.254
2019,3,2,1,388.511
2020,3,2,1,272.342
2021,3,2,1,447.291
2022,3,2,1,344.232
2023,3,2,1,119.201
2024,3,2,1,993.126
1952,3,3,1,0
1953,3,3,1,0
1954,3,3,1,0
1955,3,3,1,0
1956,3,3,1,0
1957,3,3,1,0
1958,3,3,1,0
1959,3,3,1,0
1960,3,3,1,0
1961,3,3,1,0
1962,3,3,1,0
1963,3,3,1,0
1964,3,3,1,0
1965,3,3,1,0
1966,3,3,1,0
1967,3,3,1,0
1968,3,3,1,0
1969,3,3,1,0
1970,3,3,1,0
1971,3,3,1,0
1972,3,3,1,0
1973,3,3,1,0
1974,3,3,1,0
1975,3,3,1,0
1976,3,3,1,0
1977,3,3,1,0
1978,3,3,1,0
1979,3,3,1,0
1980,3,3,1,0
1981,3,3,1,0
1982,3,3,1,0
1983,3,3,1,0
1984,3,3,1,0
1985,3,3,1,0
1986,3,3,1,0
1987,3,3,1,0
1988,3,3,1,0
1989,3,3,1,0
1990,3,3,1,0
1991,3,3,1,125.426
1992,3,3,1,62.5914
1993,3,3,1,112.648
1994,3,3,1,107.367
1995,3,3,1,176.846
1996,3,3,1,113.792
1997,3,3,1,215.129
1998,3,3,1,140.927
1999,3,3,1,58.3886
2000,3,3,1,133.79
2001,3,3,1,100.545
2002,3,3,1,53.1282
2003,3,3,1,60.441
2004,3,3,1,244.419
2005,3,3,1,84.599
2006,3,3,1,119.997
2007,3,3,1,93.0316
2008,3,3,1,62.0495
2009,3,3,1,65.1006
2010,3,3,1,107.135
2011,3,3,1,116.485
2012,3,3,1,64.5784
2013,3,3,1,52.0035
2014,3,3,1,33.2225
2015,3,3,1,32.7317
2016,3,3,1,103.582
2017,3,3,1,378.403
2018,3,3,1,240.709
2019,3,3,1,331.5
2020,3,3,1,357.353
2021,3,3,1,485.977
2022,3,3,1,425.056
2023,3,3,1,365.24
2024,3,3,1,800.864
1952,3,4,2,200.763
1953,3,4,2,234.681
1954,3,4,2,261.066
1955,3,4,2,170.313
1956,3,4,2,171.034
1957,3,4,2,197.575
1958,3,4,2,222.735
1959,3,4,2,165.608
1960,3,4,2,95.728
1961,3,4,2,579.89
1962,3,4,2,486.971
1963,3,4,2,135.777
1964,3,4,2,513.012
1965,3,4,2,1321.39
1966,3,4,2,1105.84
1967,3,4,2,1078.02
1968,3,4,2,582.952
1969,3,4,2,509.881
1970,3,4,2,744.845
1971,3,4,2,694.56
1972,3,4,2,580.169
1973,3,4,2,1274.71
1974,3,4,2,2248.12
1975,3,4,2,3242.05
1976,3,4,2,3725.47
1977,3,4,2,930.62
1978,3,4,2,4728.52
1979,3,4,2,2499.43
1980,3,4,2,1544.9
1981,3,4,2,562.059
1982,3,4,2,361.318
1983,3,4,2,1173.79
1984,3,4,2,483.795
1985,3,4,2,378.808
1986,3,4,2,310.891
1987,3,4,2,373.856
1988,3,4,2,373.531
1989,3,4,2,944.317
1990,3,4,2,792.103
1991,3,4,2,513.205
1992,3,4,2,696.871
1993,3,4,2,452.606
1994,3,4,2,280.577
1995,3,4,2,587.738
1996,3,4,2,242.497
1997,3,4,2,303.022
1998,3,4,2,204.882
1999,3,4,2,216.103
2000,3,4,2,146.856
2001,3,4,2,400.904
2002,3,4,2,68.6892
2003,3,4,2,135.197
2004,3,4,2,165.691
2005,3,4,2,208.804
2006,3,4,2,100.668
2007,3,4,2,165.651
2008,3,4,2,128.506
2009,3,4,2,80.3232
2010,3,4,2,91.3361
2011,3,4,2,55.9903
2012,3,4,2,93.7841
2013,3,4,2,66.9113
2014,3,4,2,142.15
2015,3,4,2,99.0299
2016,3,4,2,229.295
2017,3,4,2,325.988
2018,3,4,2,383.413
2019,3,4,2,507.061
2020,3,4,2,120.288
2021,3,4,2,152.262
2022,3,4,2,142.719
2023,3,4,2,147.074
2024,3,4,2,64.6605
1952,3,5,2,0
1953,3,5,2,0
1954,3,5,2,0
1955,3,5,2,0
1956,3,5,2,0
1957,3,5,2,0
1958,3,5,2,878.888
1959,3,5,2,716.636
1960,3,5,2,708.397
1961,3,5,2,810.829
1962,3,5,2,815.358
1963,3,5,2,937.173
1964,3,5,2,1071.45
1965,3,5,2,1190.58
1966,3,5,2,1296.03
1967,3,5,2,1314.53
1968,3,5,2,2256.88
1969,3,5,2,1862.33
1970,3,5,2,2427.37
1971,3,5,2,1901.96
1972,3,5,2,1338.4
1973,3,5,2,3612.92
1974,3,5,2,3001.97
1975,3,5,2,4421.05
1976,3,5,2,4621.68
1977,3,5,2,6730.5
1978,3,5,2,10331.3
1979,3,5,2,12861.9
1980,3,5,2,8423.68
1981,3,5,2,8743.14
1982,3,5,2,8829.69
1983,3,5,2,8999.04
1984,3,5,2,8488.71
1985,3,5,2,7592.55
1986,3,5,2,7202.95
1987,3,5,2,8922.8
1988,3,5,2,9519.82
1989,3,5,2,9029.65
1990,3,5,2,9375.24
1991,3,5,2,8033.73
1992,3,5,2,9220.96
1993,3,5,2,7198.04
1994,3,5,2,6995.84
1995,3,5,2,8042.19
1996,3,5,2,9759.54
1997,3,5,2,7846.24
1998,3,5,2,9406.34
1999,3,5,2,9858.57
2000,3,5,2,10848.1
2001,3,5,2,14171.1
2002,3,5,2,12895.9
2003,3,5,2,12223.3
2004,3,5,2,11010.8
2005,3,5,2,8824.55
2006,3,5,2,8083.71
2007,3,5,2,9520
2008,3,5,2,10246.2
2009,3,5,2,12417.2
2010,3,5,2,10591.4
2011,3,5,2,11893.8
2012,3,5,2,14647.5
2013,3,5,2,12372.2
2014,3,5,2,15955.9
2015,3,5,2,12192.5
2016,3,5,2,13062.4
2017,3,5,2,5451.75
2018,3,5,2,10821.8
2019,3,5,2,8470.3
2020,3,5,2,5171.65
2021,3,5,2,5697.77
2022,3,5,2,5114.18
2023,3,5,2,4392.56
2024,3,5,2,530.847
1952,3,6,3,627.237
1953,3,6,3,1553.24
1954,3,6,3,483.328
1955,3,6,3,188.03
1956,3,6,3,63.9332
1957,3,6,3,108.773
1958,3,6,3,102.476
1959,3,6,3,144.557
1960,3,6,3,20.1937
1961,3,6,3,459.733
1962,3,6,3,1169.11
1963,3,6,3,279.764
1964,3,6,3,130.098
1965,3,6,3,539.118
1966,3,6,3,933.272
1967,3,6,3,302.378
1968,3,6,3,519.693
1969,3,6,3,317.24
1970,3,6,3,172.13
1971,3,6,3,919.951
1972,3,6,3,717.702
1973,3,6,3,1645.27
1974,3,6,3,533.146
1975,3,6,3,774.12
1976,3,6,3,372.503
1977,3,6,3,656.425
1978,3,6,3,1570.56
1979,3,6,3,994.344
1980,3,6,3,3245.75
1981,3,6,3,3005.31
1982,3,6,3,2371.27
1983,3,6,3,2390.31
1984,3,6,3,304.541
1985,3,6,3,908.215
1986,3,6,3,725.029
1987,3,6,3,82.0275
1988,3,6,3,643.144
1989,3,6,3,667.797
1990,3,6,3,57.0917
1991,3,6,3,438
1992,3,6,3,270.483
1993,3,6,3,185.097
1994,3,6,3,547.916
1995,3,6,3,537.655
1996,3,6,3,4.01663
1997,3,6,3,223.845
1998,3,6,3,217.579
1999,3,6,3,142.102
2000,3,6,3,218.953
2001,3,6,3,297.969
2002,3,6,3,489.099
2003,3,6,3,636.491
2004,3,6,3,393.132
2005,3,6,3,792.323
2006,3,6,3,432.181
2007,3,6,3,796.252
2008,3,6,3,1736.71
2009,3,6,3,1430.51
2010,3,6,3,1925.7
2011,3,6,3,1463.05
2012,3,6,3,2099.01
2013,3,6,3,1074.56
2014,3,6,3,91.4936
2015,3,6,3,1463.84
2016,3,6,3,1432.16
2017,3,6,3,1294.98
2018,3,6,3,2180.65
2019,3,6,3,1383.56
2020,3,6,3,460.112
2021,3,6,3,951.89
2022,3,6,3,2421.94
2023,3,6,3,1946.86
2024,3,6,3,1866.56
1952,3,7,4,1783.48
1953,3,7,4,1934.52
1954,3,7,4,391.926
1955,3,7,4,249.021
1956,3,7,4,376.522
1957,3,7,4,862.82
1958,3,7,4,1664.05
1959,3,7,4,1143.08
1960,3,7,4,2247.07
1961,3,7,4,6623.83
1962,3,7,4,5084.67
1963,3,7,4,6950.67
1964,3,7,4,6936.66
1965,3,7,4,3262.43
1966,3,7,4,8063.33
1967,3,7,4,2853.62
1968,3,7,4,5204.69
1969,3,7,4,6003.62
1970,3,7,4,2784.16
1971,3,7,4,4217.87
1972,3,7,4,2527
1973,3,7,4,4998.22
1974,3,7,4,3280.94
1975,3,7,4,2240.03
1976,3,7,4,2838.09
1977,3,7,4,12461.8
1978,3,7,4,10374
1979,3,7,4,8831.28
1980,3,7,4,12370.2
1981,3,7,4,8772.97
1982,3,7,4,4513.44
1983,3,7,4,3932.09
1984,3,7,4,4510.3
1985,3,7,4,5672.27
1986,3,7,4,2605.51
1987,3,7,4,3780.68
1988,3,7,4,4569.5
1989,3,7,4,4059.81
1990,3,7,4,5443.05
1991,3,7,4,3183.18
1992,3,7,4,5446.24
1993,3,7,4,3051.65
1994,3,7,4,3309.85
1995,3,7,4,2712.77
1996,3,7,4,2836.95
1997,3,7,4,2218.56
1998,3,7,4,2908.77
1999,3,7,4,1685.98
2000,3,7,4,3233.41
2001,3,7,4,1342.89
2002,3,7,4,3199.8
2003,3,7,4,2450.26
2004,3,7,4,2390.45
2005,3,7,4,13775.4
2006,3,7,4,2765.7
2007,3,7,4,2431.68
2008,3,7,4,2915.37
2009,3,7,4,3462.09
2010,3,7,4,1843.24
2011,3,7,4,1354.49
2012,3,7,4,3617.67
2013,3,7,4,2843.25
2014,3,7,4,4629.83
2015,3,7,4,3236.02
2016,3,7,4,2702.71
2017,3,7,4,2180.15
2018,3,7,4,1912.86
2019,3,7,4,1669.7
2020,3,7,4,1196.73
2021,3,7,4,1881.89
2022,3,7,4,3135.43
2023,3,7,4,2232.41
2024,3,7,4,4340.19
1952,3,8,4,450.882
1953,3,8,4,2559.73
1954,3,8,4,720.37
1955,3,8,4,2336.96
1956,3,8,4,1501.58
1957,3,8,4,5888.29
1958,3,8,4,7924.07
1959,3,8,4,3542.51
1960,3,8,4,4833.69
1961,3,8,4,5168.6
1962,3,8,4,6130.28
1963,3,8,4,5871.94
1964,3,8,4,3197.59
1965,3,8,4,4690.81
1966,3,8,4,5605.45
1967,3,8,4,3263.6
1968,3,8,4,3600.98
1969,3,8,4,2967.86
1970,3,8,4,3472.83
1971,3,8,4,2638.33
1972,3,8,4,5903.72
1973,3,8,4,1869.69
1974,3,8,4,1493.48
1975,3,8,4,2081.83
1976,3,8,4,4994.99
1977,3,8,4,6418.56
1978,3,8,4,3539
1979,3,8,4,7774.6
1980,3,8,4,13254.4
1981,3,8,4,4380.66
1982,3,8,4,8460.52
1983,3,8,4,9027.57
1984,3,8,4,7189.85
1985,3,8,4,7861.5
1986,3,8,4,7447.65
1987,3,8,4,7823.75
1988,3,8,4,5778.9
1989,3,8,4,4680.45
1990,3,8,4,6616.86
1991,3,8,4,3707.28
1992,3,8,4,7607.59
1993,3,8,4,7380.19
1994,3,8,4,5859.42
1995,3,8,4,3036.76
1996,3,8,4,10586
1997,3,8,4,6575.25
1998,3,8,4,5153.63
1999,3,8,4,3701.28
2000,3,8,4,10702.8
2001,3,8,4,5356.31
2002,3,8,4,7852.97
2003,3,8,4,2425.54
2004,3,8,4,16854.3
2005,3,8,4,4726.84
2006,3,8,4,3149.08
2007,3,8,4,5870.37
2008,3,8,4,2867.38
2009,3,8,4,5137.51
2010,3,8,4,6151.47
2011,3,8,4,4014.26
2012,3,8,4,4151.96
2013,3,8,4,2823.2
2014,3,8,4,4741.41
2015,3,8,4,7875.23
2016,3,8,4,9398.26
2017,3,8,4,4251.86
2018,3,8,4,4732.91
2019,3,8,4,10560.3
2020,3,8,4,7267.45
2021,3,8,4,5219.28
2022,3,8,4,6764.73
2023,3,8,4,3415.74
2024,3,8,4,14518.6
1952,3,9,4,0
1953,3,9,4,0
1954,3,9,4,0
1955,3,9,4,0
1956,3,9,4,0
1957,3,9,4,0
1958,3,9,4,0
1959,3,9,4,0
1960,3,9,4,0
1961,3,9,4,0
1962,3,9,4,0
1963,3,9,4,0
1964,3,9,4,0
1965,3,9,4,0
1966,3,9,4,0
1967,3,9,4,0
1968,3,9,4,0
1969,3,9,4,0
1970,3,9,4,0
1971,3,9,4,0
1972,3,9,4,0
1973,3,9,4,0
1974,3,9,4,0
1975,3,9,4,0
1976,3,9,4,0
1977,3,9,4,0
1978,3,9,4,0
1979,3,9,4,0
1980,3,9,4,0
1981,3,9,4,0
1982,3,9,4,0
1983,3,9,4,0
1984,3,9,4,0
1985,3,9,4,66.1148
1986,3,9,4,2.55473
1987,3,9,4,2.54293
1988,3,9,4,31.4427
1989,3,9,4,93.8393
1990,3,9,4,163.285
1991,3,9,4,150.813
1992,3,9,4,1456.91
1993,3,9,4,1238.28
1994,3,9,4,2798.06
1995,3,9,4,2670.07
1996,3,9,4,1625.3
1997,3,9,4,2093.95
1998,3,9,4,927.926
1999,3,9,4,1483.01
2000,3,9,4,2375.14
2001,3,9,4,803.363
2002,3,9,4,1024.86
2003,3,9,4,772.186
2004,3,9,4,391.612
2005,3,9,4,334.051
2006,3,9,4,745.574
2007,3,9,4,954.019
2008,3,9,4,1598.48
2009,3,9,4,1858.15
2010,3,9,4,649.728
2011,3,9,4,1517.03
2012,3,9,4,4068.84
2013,3,9,4,1240.94
2014,3,9,4,1974.73
2015,3,9,4,2548.28
2016,3,9,4,3477.57
2017,3,9,4,4236.24
2018,3,9,4,3698.73
2019,3,9,4,2108.49
2020,3,9,4,889.155
2021,3,9,4,1836.97
2022,3,9,4,2098.18
2023,3,9,4,2703.39
2024,3,9,4,4646.57
1952,3,10,5,104.866
1953,3,10,5,522.184
1954,3,10,5,2023.18
1955,3,10,5,1262.6
1956,3,10,5,548.46
1957,3,10,5,1488.74
1958,3,10,5,2710.85
1959,3,10,5,2537.15
1960,3,10,5,2820.78
1961,3,10,5,3065.49
1962,3,10,5,4819.01
1963,3,10,5,3219.8
1964,3,10,5,2780.08
1965,3,10,5,3360.77
1966,3,10,5,3181.71
1967,3,10,5,2624.62
1968,3,10,5,1235.22
1969,3,10,5,1589.16
1970,3,10,5,1910.3
1971,3,10,5,2429.99
1972,3,10,5,1810.75
1973,3,10,5,3853.74
1974,3,10,5,1741.41
1975,3,10,5,999.856
1976,3,10,5,1440.14
1977,3,10,5,409.673
1978,3,10,5,1618.14
1979,3,10,5,1721.61
1980,3,10,5,2735.7
1981,3,10,5,4512.38
1982,3,10,5,889.539
1983,3,10,5,2307.6
1984,3,10,5,1115.07
1985,3,10,5,3578.75
1986,3,10,5,1528.83
1987,3,10,5,1808
1988,3,10,5,4779.07
1989,3,10,5,2139.14
1990,3,10,5,2219.84
1991,3,10,5,1293.13
1992,3,10,5,2158.11
1993,3,10,5,3676.35
1994,3,10,5,2304.6
1995,3,10,5,2910.97
1996,3,10,5,4014.1
1997,3,10,5,2109.68
1998,3,10,5,2183.03
1999,3,10,5,720.671
2000,3,10,5,1780.24
2001,3,10,5,2123.7
2002,3,10,5,2498.36
2003,3,10,5,3369.48
2004,3,10,5,6497.01
2005,3,10,5,2656.03
2006,3,10,5,4084.27
2007,3,10,5,5115.88
2008,3,10,5,3638.51
2009,3,10,5,4454.12
2010,3,10,5,7400.71
2011,3,10,5,3592.35
2012,3,10,5,4025.62
2013,3,10,5,3107.31
2014,3,10,5,5744.42
2015,3,10,5,6390.88
2016,3,10,5,5579.26
2017,3,10,5,6635.69
2018,3,10,5,4600.64
2019,3,10,5,4851.86
2020,3,10,5,6519.11
2021,3,10,5,2393.53
2022,3,10,5,4343.55
2023,3,10,5,3542.46
2024,3,10,5,6471.14
1952,3,11,5,0
1953,3,11,5,0
1954,3,11,5,0
1955,3,11,5,0
1956,3,11,5,0
1957,3,11,5,0
1958,3,11,5,0
1959,3,11,5,0
1960,3,11,5,0
1961,3,11,5,0
1962,3,11,5,0
1963,3,11,5,0
1964,3,11,5,0
1965,3,11,5,0
1966,3,11,5,0
1967,3,11,5,0
1968,3,11,5,0
1969,3,11,5,0
1970,3,11,5,0
1971,3,11,5,0
1972,3,11,5,0
1973,3,11,5,0
1974,3,11,5,0
1975,3,11,5,0
1976,3,11,5,0
1977,3,11,5,0
1978,3,11,5,0
1979,3,11,5,0
1980,3,11,5,0
1981,3,11,5,0
1982,3,11,5,0
1983,3,11,5,0
1984,3,11,5,0
1985,3,11,5,0
1986,3,11,5,0
1987,3,11,5,1390.57
1988,3,11,5,1065
1989,3,11,5,339.326
1990,3,11,5,603.44
1991,3,11,5,429.798
1992,3,11,5,786.525
1993,3,11,5,250.749
1994,3,11,5,416.504
1995,3,11,5,935.59
1996,3,11,5,1022.69
1997,3,11,5,521.908
1998,3,11,5,847.823
1999,3,11,5,444.087
2000,3,11,5,706.933
2001,3,11,5,1045.17
2002,3,11,5,1886.77
2003,3,11,5,1672.49
2004,3,11,5,1193.71
2005,3,11,5,532.253
2006,3,11,5,977.899
2007,3,11,5,418.028
2008,3,11,5,964.502
2009,3,11,5,486.474
2010,3,11,5,460.664
2011,3,11,5,514.528
2012,3,11,5,525.131
2013,3,11,5,298.477
2014,3,11,5,538.601
2015,3,11,5,594.228
2016,3,11,5,278.82
2017,3,11,5,551.81
2018,3,11,5,412.776
2019,3,11,5,689.676
2020,3,11,5,461.381
2021,3,11,5,286.511
2022,3,11,5,444.812
2023,3,11,5,378.254
2024,3,11,5,591.169
1952,3,12,1,641.268
1953,3,12,1,315.027
1954,3,12,1,1000.21
1955,3,12,1,736.002
1956,3,12,1,181.053
1957,3,12,1,373.965
1958,3,12,1,834.468
1959,3,12,1,1078.99
1960,3,12,1,359.52
1961,3,12,1,694.239
1962,3,12,1,1743.76
1963,3,12,1,569.25
1964,3,12,1,911.733
1965,3,12,1,937.968
1966,3,12,1,1461
1967,3,12,1,848.7
1968,3,12,1,1721.98
1969,3,12,1,963.483
1970,3,12,1,883.62
1971,3,12,1,1442.63
1972,3,12,1,3991.81
1973,3,12,1,5349.83
1974,3,12,1,3741.24
1975,3,12,1,1301.24
1976,3,12,1,2583.8
1977,3,12,1,441.471
1978,3,12,1,248.985
1979,3,12,1,3146.19
1980,3,12,1,3013.54
1981,3,12,1,1951.9
1982,3,12,1,1412.3
1983,3,12,1,3571.82
1984,3,12,1,6648.13
1985,3,12,1,7552.35
1986,3,12,1,2890.75
1987,3,12,1,1650.34
1988,3,12,1,884.918
1989,3,12,1,3200.05
1990,3,12,1,3883.11
1991,3,12,1,1036.11
1992,3,12,1,2552.27
1993,3,12,1,1451.79
1994,3,12,1,587.902
1995,3,12,1,3097.61
1996,3,12,1,2819.52
1997,3,12,1,2041
1998,3,12,1,803.388
1999,3,12,1,2449.8
2000,3,12,1,1618.67
2001,3,12,1,751.336
2002,3,12,1,936.607
2003,3,12,1,1772.15
2004,3,12,1,634.719
2005,3,12,1,963.763
2006,3,12,1,1474.66
2007,3,12,1,1220.97
2008,3,12,1,2609.91
2009,3,12,1,716.129
2010,3,12,1,1264.87
2011,3,12,1,3188.98
2012,3,12,1,4473.49
2013,3,12,1,1920.49
2014,3,12,1,923.588
2015,3,12,1,1607.85
2016,3,12,1,4991.66
2017,3,12,1,1860.12
2018,3,12,1,3528.79
2019,3,12,1,1658.06
2020,3,12,1,1379.39
2021,3,12,1,2754.4
2022,3,12,1,725.213
2023,3,12,1,2967.3
2024,3,12,1,1044.64
1952,3,13,1,535.867
1953,3,13,1,1079.59
1954,3,13,1,881.338
1955,3,13,1,822.492
1956,3,13,1,908.39
1957,3,13,1,344.647
1958,3,13,1,605.88
1959,3,13,1,850.573
1960,3,13,1,292.922
1961,3,13,1,509.956
1962,3,13,1,661.106
1963,3,13,1,324.052
1964,3,13,1,771.889
1965,3,13,1,510.261
1966,3,13,1,331.884
1967,3,13,1,480.842
1968,3,13,1,420.757
1969,3,13,1,1028.94
1970,3,13,1,897.757
1971,3,13,1,1016.95
1972,3,13,1,974.543
1973,3,13,1,1482.87
1974,3,13,1,922.174
1975,3,13,1,1067.11
1976,3,13,1,1163.94
1977,3,13,1,1368.86
1978,3,13,1,1771.86
1979,3,13,1,1562.98
1980,3,13,1,1197.28
1981,3,13,1,2174.01
1982,3,13,1,1797.07
1983,3,13,1,1732.79
1984,3,13,1,2016.85
1985,3,13,1,2269.45
1986,3,13,1,1613.45
1987,3,13,1,2040.71
1988,3,13,1,2040.95
1989,3,13,1,1426.18
1990,3,13,1,1115.72
1991,3,13,1,774.852
1992,3,13,1,853.372
1993,3,13,1,712.107
1994,3,13,1,831.743
1995,3,13,1,631.754
1996,3,13,1,1217.13
1997,3,13,1,755.966
1998,3,13,1,859.459
1999,3,13,1,640.242
2000,3,13,1,565.117
2001,3,13,1,517.111
2002,3,13,1,604.027
2003,3,13,1,504.854
2004,3,13,1,493.778
2005,3,13,1,402.398
2006,3,13,1,844.706
2007,3,13,1,511.61
2008,3,13,1,444.412
2009,3,13,1,751.124
2010,3,13,1,581.283
2011,3,13,1,845.101
2012,3,13,1,668.134
2013,3,13,1,581.034
2014,3,13,1,657.13
2015,3,13,1,535.015
2016,3,13,1,718.333
2017,3,13,1,611.166
2018,3,13,1,648.763
2019,3,13,1,552.878
2020,3,13,1,680.468
2021,3,13,1,821.208
2022,3,13,1,713.408
2023,3,13,1,631.156
2024,3,13,1,623.056
1952,3,14,2,0
1953,3,14,2,0
1954,3,14,2,0
1955,3,14,2,0
1956,3,14,2,0
1957,3,14,2,0
1958,3,14,2,0
1959,3,14,2,0
1960,3,14,2,0
1961,3,14,2,0
1962,3,14,2,0
1963,3,14,2,0
1964,3,14,2,0
1965,3,14,2,0
1966,3,14,2,0
1967,3,14,2,0
1968,3,14,2,0
1969,3,14,2,0
1970,3,14,2,0
1971,3,14,2,0
1972,3,14,2,0
1973,3,14,2,0
1974,3,14,2,0
1975,3,14,2,0
1976,3,14,2,0
1977,3,14,2,0
1978,3,14,2,0
1979,3,14,2,0
1980,3,14,2,0
1981,3,14,2,0
1982,3,14,2,0
1983,3,14,2,0
1984,3,14,2,689.751
1985,3,14,2,750.75
1986,3,14,2,781.749
1987,3,14,2,888.249
1988,3,14,2,1049.75
1989,3,14,2,1143.5
1990,3,14,2,1311.75
1991,3,14,2,1341.5
1992,3,14,2,1542.25
1993,3,14,2,1413
1994,3,14,2,1567.25
1995,3,14,2,1670
1996,3,14,2,2592
1997,3,14,2,1928.5
1998,3,14,2,2546.25
1999,3,14,2,2416.5
2000,3,14,2,2571.25
2001,3,14,2,2366
2002,3,14,2,2274.25
2003,3,14,2,2319.75
2004,3,14,2,3054.25
2005,3,14,2,1038.5
2006,3,14,2,1062.25
2007,3,14,2,917.25
2008,3,14,2,876.249
2009,3,14,2,3836.25
2010,3,14,2,2673
2011,3,14,2,2684.5
2012,3,14,2,3567.25
2013,3,14,2,2827.25
2014,3,14,2,5789.25
2015,3,14,2,7419.75
2016,3,14,2,5162.5
2017,3,14,2,3128
2018,3,14,2,5842.5
2019,3,14,2,6303.25
2020,3,14,2,6825
2021,3,14,2,8610
2022,3,14,2,5535
2023,3,14,2,5535
2024,3,14,2,23685
1952,3,15,2,0
1953,3,15,2,0
1954,3,15,2,0
1955,3,15,2,0
1956,3,15,2,0
1957,3,15,2,0
1958,3,15,2,0
1959,3,15,2,0
1960,3,15,2,0
1961,3,15,2,0
1962,3,15,2,0
1963,3,15,2,0
1964,3,15,2,0
1965,3,15,2,0
1966,3,15,2,0
1967,3,15,2,0
1968,3,15,2,0
1969,3,15,2,0
1970,3,15,2,958.749
1971,3,15,2,1072.5
1972,3,15,2,1114.5
1973,3,15,2,1333.25
1974,3,15,2,1550
1975,3,15,2,1581.76
1976,3,15,2,1332.5
1977,3,15,2,1889.26
1978,3,15,2,1139.75
1979,3,15,2,1461.5
1980,3,15,2,1336
1981,3,15,2,1474
1982,3,15,2,1363
1983,3,15,2,1480.5
1984,3,15,2,1417
1985,3,15,2,1622.5
1986,3,15,2,1653.76
1987,3,15,2,1206.76
1988,3,15,2,1466.26
1989,3,15,2,1597
1990,3,15,2,2253
1991,3,15,2,2655.76
1992,3,15,2,1105
1993,3,15,2,1203.25
1994,3,15,2,1858.25
1995,3,15,2,2151.76
1996,3,15,2,2154.5
1997,3,15,2,2041.25
1998,3,15,2,2299.5
1999,3,15,2,2395.5
2000,3,15,2,2363.5
2001,3,15,2,2228.5
2002,3,15,2,2485.75
2003,3,15,2,3135
2004,3,15,2,3274.75
2005,3,15,2,3247.5
2006,3,15,2,3624.5
2007,3,15,2,4213.25
2008,3,15,2,3928
2009,3,15,2,1942
2010,3,15,2,2828.5
2011,3,15,2,2644.25
2012,3,15,2,3612.25
2013,3,15,2,3182.75
2014,3,15,2,6731.26
2015,3,15,2,5206.25
2016,3,15,2,4398.25
2017,3,15,2,5990.26
2018,3,15,2,6760.25
2019,3,15,2,6247
2020,3,15,2,4143
2021,3,15,2,4878
2022,3,15,2,4464
2023,3,15,2,4584
2024,3,15,2,8355
1952,3,16,2,0
1953,3,16,2,0
1954,3,16,2,0
1955,3,16,2,0
1956,3,16,2,0
1957,3,16,2,0
1958,3,16,2,0
1959,3,16,2,0
1960,3,16,2,0
1961,3,16,2,0
1962,3,16,2,0
1963,3,16,2,0
1964,3,16,2,0
1965,3,16,2,0
1966,3,16,2,0
1967,3,16,2,0
1968,3,16,2,0
1969,3,16,2,0
1970,3,16,2,0
1971,3,16,2,0
1972,3,16,2,5
1973,3,16,2,8.3
1974,3,16,2,6.8
1975,3,16,2,6.1
1976,3,16,2,113.997
1977,3,16,2,154.675
1978,3,16,2,270.027
1979,3,16,2,429.833
1980,3,16,2,1003.94
1981,3,16,2,1172.69
1982,3,16,2,1261.2
1983,3,16,2,1417
1984,3,16,2,1534.21
1985,3,16,2,1669.73
1986,3,16,2,1736.52
1987,3,16,2,1980.27
1988,3,16,2,2332.01
1989,3,16,2,2540.7
1990,3,16,2,2914.02
1991,3,16,2,2980.31
1992,3,16,2,3426.27
1993,3,16,2,3138.94
1994,3,16,2,3481.49
1995,3,16,2,3710.05
1996,3,16,2,5758.01
1997,3,16,2,4284.2
1998,3,16,2,5656.49
1999,3,16,2,5368.27
2000,3,16,2,5711.98
2001,3,16,2,5256
2002,3,16,2,5051.95
2003,3,16,2,5153.28
2004,3,16,2,6785.04
2005,3,16,2,5651.51
2006,3,16,2,4601.54
2007,3,16,2,5632.21
2008,3,16,2,4700.03
2009,3,16,2,4688.75
2010,3,16,2,3870.44
2011,3,16,2,8048.27
2012,3,16,2,7657.7
2013,3,16,2,4580.75
2014,3,16,2,5072.79
2015,3,16,2,8108.79
2016,3,16,2,4970.97
2017,3,16,2,5326.01
2018,3,16,2,5594.79
2019,3,16,2,3612.06
2020,3,16,2,6793.73
2021,3,16,2,4233.25
2022,3,16,2,4309.64
2023,3,16,2,3312.11
2024,3,16,2,3167.54
1952,3,17,2,0
1953,3,17,2,0
1954,3,17,2,0
1955,3,17,2,0
1956,3,17,2,0
1957,3,17,2,0
1958,3,17,2,0
1959,3,17,2,0
1960,3,17,2,0
1961,3,17,2,0
1962,3,17,2,0
1963,3,17,2,0
1964,3,17,2,0
1965,3,17,2,0
1966,3,17,2,0
1967,3,17,2,0
1968,3,17,2,0
1969,3,17,2,0
1970,3,17,2,0
1971,3,17,2,0
1972,3,17,2,0
1973,3,17,2,0
1974,3,17,2,0
1975,3,17,2,0
1976,3,17,2,0
1977,3,17,2,0
1978,3,17,2,0
1979,3,17,2,0
1980,3,17,2,96.3
1981,3,17,2,108.33
1982,3,17,2,117.72
1983,3,17,2,131.72
1984,3,17,2,143.42
1985,3,17,2,157.22
1986,3,17,2,165.376
1987,3,17,2,436.814
1988,3,17,2,348.354
1989,3,17,2,237.84
1990,3,17,2,272.72
1991,3,17,2,278.98
1992,3,17,2,320.71
1993,3,17,2,293.83
1994,3,17,2,325.93
1995,3,17,2,347.26
1996,3,17,2,538.95
1997,3,17,2,401.04
1998,3,17,2,529.48
1999,3,17,2,502.46
2000,3,17,2,534.62
2001,3,17,2,491.97
2002,3,17,2,472.9
2003,3,17,2,482.37
2004,3,17,2,635.07
2005,3,17,2,648.18
2006,3,17,2,453.42
2007,3,17,2,649.75
2008,3,17,2,528.14
2009,3,17,2,492.08
2010,3,17,2,254.74
2011,3,17,2,322.82
2012,3,17,2,965.82
2013,3,17,2,1562.83
2014,3,17,2,826.5
2015,3,17,2,452.12
2016,3,17,2,1249.79
2017,3,17,2,3374.7
2018,3,17,2,1491.02
2019,3,17,2,939.13
2020,3,17,2,1654.16
2021,3,17,2,2386.07
2022,3,17,2,1553.09
2023,3,17,2,1604.73
2024,3,17,2,1396.65
1952,3,18,2,0
1953,3,18,2,0
1954,3,18,2,0
1955,3,18,2,0
1956,3,18,2,0
1957,3,18,2,0
1958,3,18,2,0
1959,3,18,2,0
1960,3,18,2,0
1961,3,18,2,0
1962,3,18,2,0
1963,3,18,2,0
1964,3,18,2,0
1965,3,18,2,0
1966,3,18,2,0
1967,3,18,2,0
1968,3,18,2,0
1969,3,18,2,0
1970,3,18,2,409.29
1971,3,18,2,460.908
1972,3,18,2,464.982
1973,3,18,2,562.884
1974,3,18,2,658.014
1975,3,18,2,680.106
1976,3,18,2,573.3
1977,3,18,2,981.204
1978,3,18,2,441.714
1979,3,18,2,1060.42
1980,3,18,2,849.912
1981,3,18,2,1349.21
1982,3,18,2,1715.13
1983,3,18,2,1857.93
1984,3,18,2,1848.59
1985,3,18,2,1685.08
1986,3,18,2,1632.29
1987,3,18,2,1737.2
1988,3,18,2,1537.77
1989,3,18,2,1733.51
1990,3,18,2,2112.1
1991,3,18,2,2322.18
1992,3,18,2,1539.4
1993,3,18,2,819.294
1994,3,18,2,2035.4
1995,3,18,2,2232.48
1996,3,18,2,2277.51
1997,3,18,2,3051.01
1998,3,18,2,2344.5
1999,3,18,2,2492.91
2000,3,18,2,3228.41
2001,3,18,2,2959.78
2002,3,18,2,2681.11
2003,3,18,2,3797.61
2004,3,18,2,3865.81
2005,3,18,2,4276.4
2006,3,18,2,4800.81
2007,3,18,2,5133.49
2008,3,18,2,5473.32
2009,3,18,2,3071.32
2010,3,18,2,1686.38
2011,3,18,2,1179
2012,3,18,2,1273.31
2013,3,18,2,693.462
2014,3,18,2,1385.75
2015,3,18,2,1913.27
2016,3,18,2,1977.23
2017,3,18,2,1956.99
2018,3,18,2,1864.21
2019,3,18,2,1757.53
2020,3,18,2,1103.69
2021,3,18,2,1010.65
2022,3,18,2,860.993
2023,3,18,2,538.264
2024,3,18,2,921.981
1952,3,19,2,0
1953,3,19,2,0
1954,3,19,2,0
1955,3,19,2,0
1956,3,19,2,0
1957,3,19,2,0
1958,3,19,2,0
1959,3,19,2,0
1960,3,19,2,0
1961,3,19,2,0
1962,3,19,2,0
1963,3,19,2,0
1964,3,19,2,0
1965,3,19,2,0
1966,3,19,2,0
1967,3,19,2,0
1968,3,19,2,0
1969,3,19,2,0
1970,3,19,2,0
1971,3,19,2,0
1972,3,19,2,0
1973,3,19,2,0
1974,3,19,2,78.723
1975,3,19,2,66.391
1976,3,19,2,126.582
1977,3,19,2,70.351
1978,3,19,2,1197.68
1979,3,19,2,1184.27
1980,3,19,2,502.492
1981,3,19,2,390.762
1982,3,19,2,32.515
1983,3,19,2,114.259
1984,3,19,2,1133.03
1985,3,19,2,1226.08
1986,3,19,2,1169.49
1987,3,19,2,5487.44
1988,3,19,2,7394.73
1989,3,19,2,3801.92
1990,3,19,2,468.841
1991,3,19,2,2714.5
1992,3,19,2,467.335
1993,3,19,2,286.687
1994,3,19,2,520.46
1995,3,19,2,5722.7
1996,3,19,2,3880.8
1997,3,19,2,219.587
1998,3,19,2,30.547
1999,3,19,2,6.301
2000,3,19,2,18.055
2001,3,19,2,23.496
2002,3,19,2,217.75
2003,3,19,2,680.804
2004,3,19,2,1859.78
2005,3,19,2,234.418
2006,3,19,2,58.762
2007,3,19,2,15.101
2008,3,19,2,410.963
2009,3,19,2,0
2010,3,19,2,0
2011,3,19,2,0
2012,3,19,2,0
2013,3,19,2,0
2014,3,19,2,0
2015,3,19,2,0
2016,3,19,2,4.854
2017,3,19,2,218.52
2018,3,19,2,0
2019,3,19,2,19.118
2020,3,19,2,19.204
2021,3,19,2,1.687
2022,3,19,2,0
2023,3,19,2,0
2024,3,19,2,18.397
1952,3,20,2,0
1953,3,20,2,0
1954,3,20,2,0
1955,3,20,2,0
1956,3,20,2,0
1957,3,20,2,0
1958,3,20,2,0
1959,3,20,2,0
1960,3,20,2,0
1961,3,20,2,0
1962,3,20,2,0
1963,3,20,2,0
1964,3,20,2,0
1965,3,20,2,0
1966,3,20,2,0
1967,3,20,2,0
1968,3,20,2,0
1969,3,20,2,0
1970,3,20,2,0
1971,3,20,2,0
1972,3,20,2,0
1973,3,20,2,0
1974,3,20,2,0
1975,3,20,2,12.796
1976,3,20,2,159.477
1977,3,20,2,17.404
1978,3,20,2,5.852
1979,3,20,2,211.69
1980,3,20,2,36.849
1981,3,20,2,32.865
1982,3,20,2,15.207
1983,3,20,2,0
1984,3,20,2,1013.05
1985,3,20,2,108.347
1986,3,20,2,31.226
1987,3,20,2,1209.43
1988,3,20,2,354.575
1989,3,20,2,1768.21
1990,3,20,2,11.252
1991,3,20,2,278.507
1992,3,20,2,128.701
1993,3,20,2,256.937
1994,3,20,2,126.834
1995,3,20,2,252.066
1996,3,20,2,762.057
1997,3,20,2,451.785
1998,3,20,2,0
1999,3,20,2,0
2000,3,20,2,1487.12
2001,3,20,2,1647.64
2002,3,20,2,1781.98
2003,3,20,2,2573.54
2004,3,20,2,3140.19
2005,3,20,2,2292.61
2006,3,20,2,2530.21
2007,3,20,2,2194.73
2008,3,20,2,2790.14
2009,3,20,2,1696.16
2010,3,20,2,1775.66
2011,3,20,2,1822.66
2012,3,20,2,1558.37
2013,3,20,2,1299.16
2014,3,20,2,1974.67
2015,3,20,2,2286.08
2016,3,20,2,3746.54
2017,3,20,2,10635.7
2018,3,20,2,4180.21
2019,3,20,2,2825.42
2020,3,20,2,1249.63
2021,3,20,2,1062.63
2022,3,20,2,2978.37
2023,3,20,2,2651.37
2024,3,20,2,1349.02
1952,3,21,2,0
1953,3,21,2,0
1954,3,21,2,0
1955,3,21,2,0
1956,3,21,2,0
1957,3,21,2,0
1958,3,21,2,0
1959,3,21,2,0
1960,3,21,2,0
1961,3,21,2,0
1962,3,21,2,0
1963,3,21,2,0
1964,3,21,2,0
1965,3,21,2,0
1966,3,21,2,0
1967,3,21,2,0
1968,3,21,2,0
1969,3,21,2,0
1970,3,21,2,1237.5
1971,3,21,2,1282.5
1972,3,21,2,2025
1973,3,21,2,2295
1974,3,21,2,2287.25
1975,3,21,2,2489
1976,3,21,2,1694.25
1977,3,21,2,2310.25
1978,3,21,2,1850.75
1979,3,21,2,2583.5
1980,3,21,2,2080.75
1981,3,21,2,2644.93
1982,3,21,2,2924.82
1983,3,21,2,2758.99
1984,3,21,2,3904.35
1985,3,21,2,4428.1
1986,3,21,2,5514.06
1987,3,21,2,6195.28
1988,3,21,2,7370.47
1989,3,21,2,8295.7
1990,3,21,2,6457.68
1991,3,21,2,6604.8
1992,3,21,2,7593.31
1993,3,21,2,6956.5
1994,3,21,2,7716.04
1995,3,21,2,8222.31
1996,3,21,2,12760.8
1997,3,21,2,9494.99
1998,3,21,2,12535.9
1999,3,21,2,11897.4
2000,3,21,2,12658.9
2001,3,21,2,11648.5
2002,3,21,2,11196.1
2003,3,21,2,11420.9
2004,3,21,2,15036.6
2005,3,21,2,4651.48
2006,3,21,2,3744.04
2007,3,21,2,5060.54
2008,3,21,2,4496.67
2009,3,21,2,7714.16
2010,3,21,2,5852.09
2011,3,21,2,10903.3
2012,3,21,2,19279.6
2013,3,21,2,22749.3
2014,3,21,2,14486
2015,3,21,2,14539.4
2016,3,21,2,23877.3
2017,3,21,2,25962
2018,3,21,2,33564
2019,3,21,2,37403.5
2020,3,21,2,34116.2
2021,3,21,2,36352.8
2022,3,21,2,33392.7
2023,3,21,2,33539.7
2024,3,21,2,21591.8
1952,3,22,2,0
1953,3,22,2,0
1954,3,22,2,0
1955,3,22,2,0
1956,3,22,2,0
1957,3,22,2,0
1958,3,22,2,0
1959,3,22,2,0
1960,3,22,2,0
1961,3,22,2,0
1962,3,22,2,0
1963,3,22,2,0
1964,3,22,2,0
1965,3,22,2,0
1966,3,22,2,0
1967,3,22,2,0
1968,3,22,2,0
1969,3,22,2,0
1970,3,22,2,5727.75
1971,3,22,2,6412.34
1972,3,22,2,6641.98
1973,3,22,2,7955.39
1974,3,22,2,9253.77
1975,3,22,2,9456.93
1976,3,22,2,7967.18
1977,3,22,2,11548.8
1978,3,22,2,6985.58
1979,3,22,2,9142.09
1980,3,22,2,8358.88
1981,3,22,2,9711.84
1982,3,22,2,8925.17
1983,3,22,2,10676.1
1984,3,22,2,10220.9
1985,3,22,2,11626.9
1986,3,22,2,10926
1987,3,22,2,8886.79
1988,3,22,2,9871.93
1989,3,22,2,10839.3
1990,3,22,2,15212
1991,3,22,2,17678.5
1992,3,22,2,8422.09
1993,3,22,2,7455.45
1994,3,22,2,12113.1
1995,3,22,2,12916.2
1996,3,22,2,13000
1997,3,22,2,13740.8
1998,3,22,2,14203.7
1999,3,22,2,15047.4
2000,3,22,2,16460.6
2001,3,22,2,15156.5
2002,3,22,2,16226.9
2003,3,22,2,21553.1
2004,3,22,2,22144.5
2005,3,22,2,21176.8
2006,3,22,2,23364.9
2007,3,22,2,26237.7
2008,3,22,2,26957.2
2009,3,22,2,17568.4
2010,3,22,2,15095.4
2011,3,22,2,6618.03
2012,3,22,2,5719.21
2013,3,22,2,8231.79
2014,3,22,2,8366.42
2015,3,22,2,8777.34
2016,3,22,2,8815.17
2017,3,22,2,10946.5
2018,3,22,2,8262.08
2019,3,22,2,6957.08
2020,3,22,2,10630.2
2021,3,22,2,12486.5
2022,3,22,2,8128
2023,3,22,2,9748.44
2024,3,22,2,8131.36
1952,3,23,2,0
1953,3,23,2,0
1954,3,23,2,0
1955,3,23,2,0
1956,3,23,2,0
1957,3,23,2,0
1958,3,23,2,0
1959,3,23,2,0
1960,3,23,2,0
1961,3,23,2,0
1962,3,23,2,0
1963,3,23,2,0
1964,3,23,2,0
1965,3,23,2,0
1966,3,23,2,0
1967,3,23,2,0
1968,3,23,2,0
1969,3,23,2,0
1970,3,23,2,0
1971,3,23,2,0
1972,3,23,2,0
1973,3,23,2,0
1974,3,23,2,0
1975,3,23,2,0
1976,3,23,2,0
1977,3,23,2,0
1978,3,23,2,0
1979,3,23,2,0
1980,3,23,2,0
1981,3,23,2,0
1982,3,23,2,0
1983,3,23,2,0
1984,3,23,2,0
1985,3,23,2,0
1986,3,23,2,0
1987,3,23,2,0
1988,3,23,2,0
1989,3,23,2,0
1990,3,23,2,0
1991,3,23,2,0
1992,3,23,2,0
1993,3,23,2,0
1994,3,23,2,0
1995,3,23,2,0
1996,3,23,2,0
1997,3,23,2,0
1998,3,23,2,0
1999,3,23,2,0
2000,3,23,2,1971.51
2001,3,23,2,2075.1
2002,3,23,2,2209.16
2003,3,23,2,2195.63
2004,3,23,2,2961.65
2005,3,23,2,3127.86
2006,3,23,2,3138.05
2007,3,23,2,3235.84
2008,3,23,2,2978.45
2009,3,23,2,2359.22
2010,3,23,2,2214.13
2011,3,23,2,2276.93
2012,3,23,2,2036.61
2013,3,23,2,2350.14
2014,3,23,2,2209.95
2015,3,23,2,3034.4
2016,3,23,2,3009.75
2017,3,23,2,3199.8
2018,3,23,2,4465.52
2019,3,23,2,2359.9
2020,3,23,2,1442.21
2021,3,23,2,1252.27
2022,3,23,2,3259.88
2023,3,23,2,2733.77
2024,3,23,2,1372.57
1952,3,24,3,0
1953,3,24,3,0
1954,3,24,3,0
1955,3,24,3,0
1956,3,24,3,0
1957,3,24,3,0
1958,3,24,3,0
1959,3,24,3,0
1960,3,24,3,0
1961,3,24,3,0
1962,3,24,3,0
1963,3,24,3,0
1964,3,24,3,0
1965,3,24,3,0
1966,3,24,3,0
1967,3,24,3,0
1968,3,24,3,0
1969,3,24,3,0
1970,3,24,3,18.83
1971,3,24,3,6.77
1972,3,24,3,187.11
1973,3,24,3,250.42
1974,3,24,3,455.47
1975,3,24,3,758.41
1976,3,24,3,2774.5
1977,3,24,3,1413.23
1978,3,24,3,685.59
1979,3,24,3,979.17
1980,3,24,3,747.12
1981,3,24,3,1473.75
1982,3,24,3,79.11
1983,3,24,3,214.33
1984,3,24,3,264.36
1985,3,24,3,706.51
1986,3,24,3,241.959
1987,3,24,3,546.52
1988,3,24,3,296.8
1989,3,24,3,334.82
1990,3,24,3,352.64
1991,3,24,3,503.174
1992,3,24,3,607.95
1993,3,24,3,606.99
1994,3,24,3,676.49
1995,3,24,3,620.24
1996,3,24,3,486.12
1997,3,24,3,239.54
1998,3,24,3,271.78
1999,3,24,3,230.09
2000,3,24,3,0
2001,3,24,3,31.771
2002,3,24,3,41.63
2003,3,24,3,106.603
2004,3,24,3,47.285
2005,3,24,3,56.14
2006,3,24,3,60.823
2007,3,24,3,81.019
2008,3,24,3,27.582
2009,3,24,3,0
2010,3,24,3,0
2011,3,24,3,63.073
2012,3,24,3,55.776
2013,3,24,3,48.396
2014,3,24,3,6.9
2015,3,24,3,0
2016,3,24,3,62.627
2017,3,24,3,60.906
2018,3,24,3,10.524
2019,3,24,3,27.9
2020,3,24,3,43.595
2021,3,24,3,28.15
2022,3,24,3,1
2023,3,24,3,3.6
2024,3,24,3,0
1952,3,25,3,0
1953,3,25,3,0
1954,3,25,3,0
1955,3,25,3,0
1956,3,25,3,0
1957,3,25,3,0
1958,3,25,3,0
1959,3,25,3,0
1960,3,25,3,0
1961,3,25,3,0
1962,3,25,3,0
1963,3,25,3,0
1964,3,25,3,0
1965,3,25,3,0
1966,3,25,3,0
1967,3,25,3,0
1968,3,25,3,0
1969,3,25,3,0
1970,3,25,3,0
1971,3,25,3,0
1972,3,25,3,0
1973,3,25,3,0
1974,3,25,3,0
1975,3,25,3,0
1976,3,25,3,148.39
1977,3,25,3,281.4
1978,3,25,3,2.69
1979,3,25,3,0
1980,3,25,3,54.626
1981,3,25,3,757.792
1982,3,25,3,888.705
1983,3,25,3,6006.66
1984,3,25,3,8338.37
1985,3,25,3,5353.23
1986,3,25,3,1108.56
1987,3,25,3,3869.84
1988,3,25,3,3361.26
1989,3,25,3,11579.6
1990,3,25,3,8966.54
1991,3,25,3,6610.67
1992,3,25,3,8729.87
1993,3,25,3,3424.15
1994,3,25,3,2216.55
1995,3,25,3,13322.2
1996,3,25,3,7852.86
1997,3,25,3,6544.41
1998,3,25,3,10804
1999,3,25,3,8097.52
2000,3,25,3,6428.17
2001,3,25,3,8522.45
2002,3,25,3,10239.5
2003,3,25,3,11215.1
2004,3,25,3,11813.4
2005,3,25,3,12556.6
2006,3,25,3,8007.86
2007,3,25,3,14690.5
2008,3,25,3,14546.3
2009,3,25,3,14319.5
2010,3,25,3,4641.28
2011,3,25,3,9461.2
2012,3,25,3,12125.6
2013,3,25,3,12325.9
2014,3,25,3,7218.64
2015,3,25,3,8401.18
2016,3,25,3,4751.05
2017,3,25,3,5257.75
2018,3,25,3,3800.61
2019,3,25,3,3417.97
2020,3,25,3,2980.13
2021,3,25,3,4638.78
2022,3,25,3,2235.18
2023,3,25,3,2505.24
2024,3,25,3,5243.9
1952,3,26,3,0
1953,3,26,3,0
1954,3,26,3,0
1955,3,26,3,0
1956,3,26,3,0
1957,3,26,3,0
1958,3,26,3,0
1959,3,26,3,0
1960,3,26,3,0
1961,3,26,3,0
1962,3,26,3,0
1963,3,26,3,0
1964,3,26,3,0
1965,3,26,3,0
1966,3,26,3,0
1967,3,26,3,0
1968,3,26,3,0
1969,3,26,3,0
1970,3,26,3,0
1971,3,26,3,0
1972,3,26,3,0
1973,3,26,3,0
1974,3,26,3,8.764
1975,3,26,3,10.799
1976,3,26,3,0
1977,3,26,3,6.39
1978,3,26,3,0
1979,3,26,3,0
1980,3,26,3,1.113
1981,3,26,3,73.653
1982,3,26,3,1031.04
1983,3,26,3,517.47
1984,3,26,3,7281.06
1985,3,26,3,346.832
1986,3,26,3,11.847
1987,3,26,3,519.332
1988,3,26,3,393.466
1989,3,26,3,23608.9
1990,3,26,3,5359.85
1991,3,26,3,1452.27
1992,3,26,3,781.61
1993,3,26,3,710.154
1994,3,26,3,332.629
1995,3,26,3,10844.3
1996,3,26,3,1382.72
1997,3,26,3,183.819
1998,3,26,3,98.13
1999,3,26,3,750.352
2000,3,26,3,4197.41
2001,3,26,3,2818.72
2002,3,26,3,83.495
2003,3,26,3,8774.05
2004,3,26,3,8040.25
2005,3,26,3,8828.41
2006,3,26,3,828.479
2007,3,26,3,4208.81
2008,3,26,3,11425.3
2009,3,26,3,6759.24
2010,3,26,3,17993.7
2011,3,26,3,18291.2
2012,3,26,3,23819.4
2013,3,26,3,21336.5
2014,3,26,3,18617.6
2015,3,26,3,6153.13
2016,3,26,3,16480.2
2017,3,26,3,18370.2
2018,3,26,3,14032.4
2019,3,26,3,7193.85
2020,3,26,3,19101.6
2021,3,26,3,9026.01
2022,3,26,3,19810.3
2023,3,26,3,31978.6
2024,3,26,3,29514.8
1952,3,27,4,0
1953,3,27,4,0
1954,3,27,4,0
1955,3,27,4,0
1956,3,27,4,0
1957,3,27,4,0
1958,3,27,4,0
1959,3,27,4,0
1960,3,27,4,0
1961,3,27,4,0
1962,3,27,4,0
1963,3,27,4,0
1964,3,27,4,0
1965,3,27,4,0
1966,3,27,4,0
1967,3,27,4,0
1968,3,27,4,0
1969,3,27,4,0
1970,3,27,4,0
1971,3,27,4,0
1972,3,27,4,82.2
1973,3,27,4,51.3
1974,3,27,4,210.8
1975,3,27,4,73.4
1976,3,27,4,401.8
1977,3,27,4,109.7
1978,3,27,4,5.4
1979,3,27,4,38.6
1980,3,27,4,18.3
1981,3,27,4,47.11
1982,3,27,4,117.73
1983,3,27,4,163.58
1984,3,27,4,15.39
1985,3,27,4,79.09
1986,3,27,4,58.829
1987,3,27,4,69.85
1988,3,27,4,88.54
1989,3,27,4,17.37
1990,3,27,4,47.3
1991,3,27,4,56.173
1992,3,27,4,31.1
1993,3,27,4,23.1
1994,3,27,4,25.68
1995,3,27,4,27.15
1996,3,27,4,2.7
1997,3,27,4,15.23
1998,3,27,4,36.01
1999,3,27,4,5.53
2000,3,27,4,0
2001,3,27,4,0
2002,3,27,4,0
2003,3,27,4,0
2004,3,27,4,0
2005,3,27,4,4.664
2006,3,27,4,0
2007,3,27,4,39.635
2008,3,27,4,13.494
2009,3,27,4,0
2010,3,27,4,0
2011,3,27,4,1
2012,3,27,4,0
2013,3,27,4,0
2014,3,27,4,9
2015,3,27,4,0
2016,3,27,4,0
2017,3,27,4,0
2018,3,27,4,0
2019,3,27,4,0
2020,3,27,4,0
2021,3,27,4,0.7
2022,3,27,4,0
2023,3,27,4,0
2024,3,27,4,0
1952,3,28,4,0
1953,3,28,4,0
1954,3,28,4,0
1955,3,28,4,0
1956,3,28,4,0
1957,3,28,4,0
1958,3,28,4,0
1959,3,28,4,0
1960,3,28,4,0
1961,3,28,4,0
1962,3,28,4,0
1963,3,28,4,0
1964,3,28,4,0
1965,3,28,4,0
1966,3,28,4,0
1967,3,28,4,0
1968,3,28,4,0
1969,3,28,4,0
1970,3,28,4,0
1971,3,28,4,0
1972,3,28,4,0
1973,3,28,4,0
1974,3,28,4,28.087
1975,3,28,4,41.497
1976,3,28,4,652.016
1977,3,28,4,764.77
1978,3,28,4,1131.14
1979,3,28,4,1469.42
1980,3,28,4,2722.24
1981,3,28,4,6813.06
1982,3,28,4,9550.98
1983,3,28,4,12821.6
1984,3,28,4,19615.7
1985,3,28,4,12428.8
1986,3,28,4,17744.1
1987,3,28,4,11109.6
1988,3,28,4,19060
1989,3,28,4,14351.5
1990,3,28,4,19960.6
1991,3,28,4,23085.2
1992,3,28,4,31553.5
1993,3,28,4,18132.2
1994,3,28,4,16395.9
1995,3,28,4,10393.6
1996,3,28,4,11409.6
1997,3,28,4,5392.06
1998,3,28,4,4241.84
1999,3,28,4,21942.8
2000,3,28,4,14909.1
2001,3,28,4,7436.92
2002,3,28,4,7334.47
2003,3,28,4,15273.6
2004,3,28,4,27510
2005,3,28,4,16430.7
2006,3,28,4,10931.7
2007,3,28,4,13356.3
2008,3,28,4,11281.9
2009,3,28,4,9621.82
2010,3,28,4,604.719
2011,3,28,4,955.427
2012,3,28,4,1401.59
2013,3,28,4,1077.69
2014,3,28,4,1110.61
2015,3,28,4,229.497
2016,3,28,4,2585.71
2017,3,28,4,2932.69
2018,3,28,4,2058.14
2019,3,28,4,1361.29
2020,3,28,4,7934.21
2021,3,28,4,8610.67
2022,3,28,4,7139.14
2023,3,28,4,4056.05
2024,3,28,4,6233.93
1952,3,29,4,0
1953,3,29,4,0
1954,3,29,4,0
1955,3,29,4,0
1956,3,29,4,0
1957,3,29,4,0
1958,3,29,4,0
1959,3,29,4,0
1960,3,29,4,0
1961,3,29,4,0
1962,3,29,4,0
1963,3,29,4,0
1964,3,29,4,0
1965,3,29,4,0
1966,3,29,4,0
1967,3,29,4,0
1968,3,29,4,0
1969,3,29,4,0
1970,3,29,4,0
1971,3,29,4,0
1972,3,29,4,0
1973,3,29,4,0
1974,3,29,4,0
1975,3,29,4,0
1976,3,29,4,0
1977,3,29,4,0
1978,3,29,4,0
1979,3,29,4,0
1980,3,29,4,0
1981,3,29,4,0
1982,3,29,4,1697.52
1983,3,29,4,3340.87
1984,3,29,4,1473.02
1985,3,29,4,402.638
1986,3,29,4,762.003
1987,3,29,4,5473.34
1988,3,29,4,22.443
1989,3,29,4,31.336
1990,3,29,4,1257.3
1991,3,29,4,2404.4
1992,3,29,4,1208.79
1993,3,29,4,8700.49
1994,3,29,4,4422.79
1995,3,29,4,69.286
1996,3,29,4,3477.71
1997,3,29,4,11760.1
1998,3,29,4,11610.6
1999,3,29,4,21004.6
2000,3,29,4,12872.9
2001,3,29,4,17275.5
2002,3,29,4,10148.3
2003,3,29,4,6089.82
2004,3,29,4,6697.92
2005,3,29,4,8863.34
2006,3,29,4,13973
2007,3,29,4,7363.84
2008,3,29,4,8017.02
2009,3,29,4,5331.63
2010,3,29,4,1.143
2011,3,29,4,93.029
2012,3,29,4,359.684
2013,3,29,4,335.761
2014,3,29,4,2905.9
2015,3,29,4,1682.16
2016,3,29,4,878.487
2017,3,29,4,4024.46
2018,3,29,4,3812.06
2019,3,29,4,5449.95
2020,3,29,4,6017.28
2021,3,29,4,3127.28
2022,3,29,4,2537.51
2023,3,29,4,5467.5
2024,3,29,4,2308.56
1952,3,30,4,0
1953,3,30,4,0
1954,3,30,4,0
1955,3,30,4,0
1956,3,30,4,0
1957,3,30,4,0
1958,3,30,4,0
1959,3,30,4,0
1960,3,30,4,0
1961,3,30,4,0
1962,3,30,4,0
1963,3,30,4,0
1964,3,30,4,0
1965,3,30,4,0
1966,3,30,4,0
1967,3,30,4,0
1968,3,30,4,0
1969,3,30,4,0
1970,3,30,4,0
1971,3,30,4,0
1972,3,30,4,0
1973,3,30,4,0
1974,3,30,4,1.734
1975,3,30,4,18.842
1976,3,30,4,66.779
1977,3,30,4,23.161
1978,3,30,4,52.607
1979,3,30,4,647.303
1980,3,30,4,72.465
1981,3,30,4,2007.89
1982,3,30,4,2546.39
1983,3,30,4,1253.35
1984,3,30,4,3341.55
1985,3,30,4,2783.77
1986,3,30,4,3722.54
1987,3,30,4,6722.41
1988,3,30,4,7936.53
1989,3,30,4,6011.81
1990,3,30,4,9141.49
1991,3,30,4,5010.93
1992,3,30,4,28697.4
1993,3,30,4,30820.7
1994,3,30,4,21884.3
1995,3,30,4,20727
1996,3,30,4,5816.29
1997,3,30,4,1193.16
1998,3,30,4,1002.85
1999,3,30,4,6299.19
2000,3,30,4,14401.4
2001,3,30,4,4682.87
2002,3,30,4,5068.44
2003,3,30,4,21233.4
2004,3,30,4,20069.4
2005,3,30,4,32127.6
2006,3,30,4,16728.7
2007,3,30,4,10149.5
2008,3,30,4,34876.7
2009,3,30,4,10800.5
2010,3,30,4,38181.3
2011,3,30,4,24957.6
2012,3,30,4,8761.65
2013,3,30,4,18632.7
2014,3,30,4,14027.3
2015,3,30,4,38609.9
2016,3,30,4,39434.7
2017,3,30,4,20856
2018,3,30,4,22392.8
2019,3,30,4,30138.4
2020,3,30,4,15641.4
2021,3,30,4,38830
2022,3,30,4,16826.9
2023,3,30,4,9055.87
2024,3,30,4,42990
1952,3,31,4,0
1953,3,31,4,0
1954,3,31,4,0
1955,3,31,4,0
1956,3,31,4,0
1957,3,31,4,0
1958,3,31,4,0
1959,3,31,4,0
1960,3,31,4,0
1961,3,31,4,0
1962,3,31,4,0
1963,3,31,4,0
1964,3,31,4,0
1965,3,31,4,0
1966,3,31,4,0
1967,3,31,4,0
1968,3,31,4,0
1969,3,31,4,0
1970,3,31,4,0
1971,3,31,4,0
1972,3,31,4,0
1973,3,31,4,0
1974,3,31,4,0
1975,3,31,4,0
1976,3,31,4,0
1977,3,31,4,0
1978,3,31,4,0
1979,3,31,4,0
1980,3,31,4,0
1981,3,31,4,0
1982,3,31,4,412.394
1983,3,31,4,3535.11
1984,3,31,4,11.885
1985,3,31,4,698.891
1986,3,31,4,10.691
1987,3,31,4,7692.82
1988,3,31,4,10.253
1989,3,31,4,11.418
1990,3,31,4,16691.4
1991,3,31,4,2904.31
1992,3,31,4,313.961
1993,3,31,4,8903.84
1994,3,31,4,22617.7
1995,3,31,4,21.108
1996,3,31,4,480.842
1997,3,31,4,34433.4
1998,3,31,4,39947.7
1999,3,31,4,766.42
2000,3,31,4,2327.07
2001,3,31,4,26702.9
2002,3,31,4,33664.9
2003,3,31,4,1281.55
2004,3,31,4,128.466
2005,3,31,4,11700.6
2006,3,31,4,6908.34
2007,3,31,4,4643.02
2008,3,31,4,26783.6
2009,3,31,4,7204.21
2010,3,31,4,3605.59
2011,3,31,4,488.976
2012,3,31,4,25080.1
2013,3,31,4,4052.31
2014,3,31,4,29350.8
2015,3,31,4,23739.3
2016,3,31,4,28803.4
2017,3,31,4,55348.8
2018,3,31,4,17452.3
2019,3,31,4,11558.9
2020,3,31,4,3612.69
2021,3,31,4,13729.7
2022,3,31,4,384.34
2023,3,31,4,67509.2
2024,3,31,4,269.109
1952,3,32,1,1.26647e-05
1953,3,32,1,1.25122e-05
1954,3,32,1,1.2236e-05
1955,3,32,1,1.1284e-05
1956,3,32,1,1.21318e-05
1957,3,32,1,1.22512e-05
1958,3,32,1,1.18783e-05
1959,3,32,1,1.26251e-05
1960,3,32,1,1.24066e-05
1961,3,32,1,1.09822e-05
1962,3,32,1,9.83268e-06
1963,3,32,1,9.37468e-06
1964,3,32,1,9.13499e-06
1965,3,32,1,9.9542e-06
1966,3,32,1,9.31367e-06
1967,3,32,1,8.74246e-06
1968,3,32,1,8.04103e-06
1969,3,32,1,8.74878e-06
1970,3,32,1,9.00175e-06
1971,3,32,1,9.66546e-06
1972,3,32,1,8.74347e-06
1973,3,32,1,8.13667e-06
1974,3,32,1,8.44057e-06
1975,3,32,1,7.77237e-06
1976,3,32,1,7.33908e-06
1977,3,32,1,7.7205e-06
1978,3,32,1,8.49425e-06
1979,3,32,1,8.05027e-06
1980,3,32,1,7.49508e-06
1981,3,32,1,7.12137e-06
1982,3,32,1,7.22036e-06
1983,3,32,1,7.34358e-06
1984,3,32,1,7.38124e-06
1985,3,32,1,6.89637e-06
1986,3,32,1,8.10275e-06
1987,3,32,1,8.32251e-06
1988,3,32,1,8.2036e-06
1989,3,32,1,8.22324e-06
1990,3,32,1,7.81172e-06
1991,3,32,1,7.88701e-06
1992,3,32,1,7.05408e-06
1993,3,32,1,6.51359e-06
1994,3,32,1,6.14176e-06
1995,3,32,1,6.07432e-06
1996,3,32,1,6.31801e-06
1997,3,32,1,6.052e-06
1998,3,32,1,5.3559e-06
1999,3,32,1,4.57255e-06
2000,3,32,1,4.00675e-06
2001,3,32,1,3.747e-06
2002,3,32,1,3.41685e-06
2003,3,32,1,3.12131e-06
2004,3,32,1,2.90428e-06
2005,3,32,1,2.86543e-06
2006,3,32,1,2.63336e-06
2007,3,32,1,2.68807e-06
2008,3,32,1,2.83789e-06
2009,3,32,1,3.00686e-06
2010,3,32,1,3.04101e-06
2011,3,32,1,2.90911e-06
2012,3,32,1,2.85937e-06
2013,3,32,1,3.05261e-06
2014,3,32,1,3.40854e-06
2015,3,32,1,3.69262e-06
2016,3,32,1,3.68041e-06
2017,3,32,1,3.63645e-06
2018,3,32,1,3.61052e-06
2019,3,32,1,4.02869e-06
2020,3,32,1,4.58438e-06
2021,3,32,1,4.57815e-06
2022,3,32,1,5.16939e-06
2023,3,32,1,4.89534e-06
2024,3,32,1,4.14526e-06
1952,3,33,2,5.66752e-05
1953,3,33,2,5.66299e-05
1954,3,33,2,5.55557e-05
1955,3,33,2,4.76603e-05
1956,3,33,2,5.74381e-05
1957,3,33,2,5.53326e-05
1958,3,33,2,5.57108e-05
1959,3,33,2,6.76366e-05
1960,3,33,2,6.24621e-05
1961,3,33,2,5.25459e-05
1962,3,33,2,4.75984e-05
1963,3,33,2,4.47141e-05
1964,3,33,2,4.19255e-05
1965,3,33,2,4.882e-05
1966,3,33,2,4.00187e-05
1967,3,33,2,3.93107e-05
1968,3,33,2,3.25497e-05
1969,3,33,2,3.60773e-05
1970,3,33,2,3.34524e-05
1971,3,33,2,3.67941e-05
1972,3,33,2,3.04414e-05
1973,3,33,2,3.00948e-05
1974,3,33,2,3.265e-05
1975,3,33,2,2.81808e-05
1976,3,33,2,2.84846e-05
1977,3,33,2,3.00258e-05
1978,3,33,2,3.18514e-05
1979,3,33,2,2.67923e-05
1980,3,33,2,2.41073e-05
1981,3,33,2,2.07467e-05
1982,3,33,2,2.03779e-05
1983,3,33,2,2.03501e-05
1984,3,33,2,2.12634e-05
1985,3,33,2,1.94561e-05
1986,3,33,2,2.52328e-05
1987,3,33,2,2.36906e-05
1988,3,33,2,2.27963e-05
1989,3,33,2,2.13442e-05
1990,3,33,2,1.79734e-05
1991,3,33,2,1.64527e-05
1992,3,33,2,1.25509e-05
1993,3,33,2,1.09883e-05
1994,3,33,2,1.00768e-05
1995,3,33,2,1.03043e-05
1996,3,33,2,1.10266e-05
1997,3,33,2,1.09382e-05
1998,3,33,2,1.02891e-05
1999,3,33,2,9.75545e-06
2000,3,33,2,9.71756e-06
2001,3,33,2,1.05724e-05
2002,3,33,2,1.00461e-05
2003,3,33,2,1.03759e-05
2004,3,33,2,9.78886e-06
2005,3,33,2,1.05333e-05
2006,3,33,2,9.23052e-06
2007,3,33,2,9.87766e-06
2008,3,33,2,1.00073e-05
2009,3,33,2,9.80034e-06
2010,3,33,2,8.96874e-06
2011,3,33,2,8.05757e-06
2012,3,33,2,7.7939e-06
2013,3,33,2,8.37493e-06
2014,3,33,2,8.89028e-06
2015,3,33,2,9.74802e-06
2016,3,33,2,9.61413e-06
2017,3,33,2,9.31979e-06
2018,3,33,2,8.17788e-06
2019,3,33,2,8.33069e-06
2020,3,33,2,8.67301e-06
2021,3,33,2,6.61427e-06
2022,3,33,2,7.11104e-06
2023,3,33,2,6.06348e-06
2024,3,33,2,5.60969e-06
1952,3,34,3,1.81361e-05
1953,3,34,3,1.60697e-05
1954,3,34,3,1.61167e-05
1955,3,34,3,1.28187e-05
1956,3,34,3,1.4912e-05
1957,3,34,3,1.47996e-05
1958,3,34,3,1.15591e-05
1959,3,34,3,1.24909e-05
1960,3,34,3,1.16948e-05
1961,3,34,3,8.60922e-06
1962,3,34,3,7.84335e-06
1963,3,34,3,8.5318e-06
1964,3,34,3,8.4446e-06
1965,3,34,3,9.16484e-06
1966,3,34,3,7.64234e-06
1967,3,34,3,5.6895e-06
1968,3,34,3,5.44173e-06
1969,3,34,3,6.25425e-06
1970,3,34,3,7.10318e-06
1971,3,34,3,7.30609e-06
1972,3,34,3,6.02945e-06
1973,3,34,3,5.17804e-06
1974,3,34,3,6.20233e-06
1975,3,34,3,5.59937e-06
1976,3,34,3,5.10643e-06
1977,3,34,3,6.24905e-06
1978,3,34,3,7.49041e-06
1979,3,34,3,6.80576e-06
1980,3,34,3,5.68614e-06
1981,3,34,3,5.48035e-06
1982,3,34,3,5.79756e-06
1983,3,34,3,6.08709e-06
1984,3,34,3,5.9398e-06
1985,3,34,3,5.10329e-06
1986,3,34,3,6.33215e-06
1987,3,34,3,6.35893e-06
1988,3,34,3,5.55544e-06
1989,3,34,3,5.07466e-06
1990,3,34,3,4.379e-06
1991,3,34,3,3.95448e-06
1992,3,34,3,3.52133e-06
1993,3,34,3,3.33396e-06
1994,3,34,3,3.43855e-06
1995,3,34,3,3.62653e-06
1996,3,34,3,3.72848e-06
1997,3,34,3,3.53859e-06
1998,3,34,3,2.84081e-06
1999,3,34,3,2.56048e-06
2000,3,34,3,2.46396e-06
2001,3,34,3,2.85864e-06
2002,3,34,3,2.56655e-06
2003,3,34,3,2.20254e-06
2004,3,34,3,2.3407e-06
2005,3,34,3,2.53701e-06
2006,3,34,3,2.15809e-06
2007,3,34,3,2.24518e-06
2008,3,34,3,2.49481e-06
2009,3,34,3,2.49253e-06
2010,3,34,3,2.1972e-06
2011,3,34,3,1.81043e-06
2012,3,34,3,1.70573e-06
2013,3,34,3,1.92127e-06
2014,3,34,3,2.33448e-06
2015,3,34,3,2.80941e-06
2016,3,34,3,2.83314e-06
2017,3,34,3,2.19188e-06
2018,3,34,3,2.19018e-06
2019,3,34,3,2.77669e-06
2020,3,34,3,3.01144e-06
2021,3,34,3,3.00189e-06
2022,3,34,3,3.55164e-06
2023,3,34,3,3.51766e-06
2024,3,34,3,2.72749e-06
1952,3,35,4,9.87748e-05
1953,3,35,4,9.6551e-05
1954,3,35,4,9.53821e-05
1955,3,35,4,8.24123e-05
1956,3,35,4,9.17571e-05
1957,3,35,4,9.48791e-05
1958,3,35,4,8.67915e-05
1959,3,35,4,9.76446e-05
1960,3,35,4,9.69228e-05
1961,3,35,4,7.6789e-05
1962,3,35,4,6.44566e-05
1963,3,35,4,6.24487e-05
1964,3,35,4,6.05393e-05
1965,3,35,4,6.64452e-05
1966,3,35,4,6.33829e-05
1967,3,35,4,5.13806e-05
1968,3,35,4,4.69202e-05
1969,3,35,4,4.7672e-05
1970,3,35,4,5.29244e-05
1971,3,35,4,5.40782e-05
1972,3,35,4,4.92311e-05
1973,3,35,4,4.17114e-05
1974,3,35,4,4.69938e-05
1975,3,35,4,4.55898e-05
1976,3,35,4,4.15251e-05
1977,3,35,4,4.66754e-05
1978,3,35,4,5.44729e-05
1979,3,35,4,5.08874e-05
1980,3,35,4,4.32884e-05
1981,3,35,4,3.97707e-05
1982,3,35,4,3.98228e-05
1983,3,35,4,4.115e-05
1984,3,35,4,4.15353e-05
1985,3,35,4,3.69234e-05
1986,3,35,4,4.27682e-05
1987,3,35,4,4.29754e-05
1988,3,35,4,3.72377e-05
1989,3,35,4,3.47755e-05
1990,3,35,4,2.96551e-05
1991,3,35,4,2.68806e-05
1992,3,35,4,2.15104e-05
1993,3,35,4,1.70749e-05
1994,3,35,4,1.61487e-05
1995,3,35,4,1.73717e-05
1996,3,35,4,2.00204e-05
1997,3,35,4,2.01354e-05
1998,3,35,4,1.68009e-05
1999,3,35,4,1.52135e-05
2000,3,35,4,1.48233e-05
2001,3,35,4,1.617e-05
2002,3,35,4,1.61273e-05
2003,3,35,4,1.62209e-05
2004,3,35,4,1.59712e-05
2005,3,35,4,1.64458e-05
2006,3,35,4,1.48567e-05
2007,3,35,4,1.55725e-05
2008,3,35,4,1.7331e-05
2009,3,35,4,1.78989e-05
2010,3,35,4,1.7013e-05
2011,3,35,4,1.54354e-05
2012,3,35,4,1.42534e-05
2013,3,35,4,1.63203e-05
2014,3,35,4,1.78683e-05
2015,3,35,4,1.92704e-05
2016,3,35,4,1.91058e-05
2017,3,35,4,1.76818e-05
2018,3,35,4,1.62342e-05
2019,3,35,4,1.69712e-05
2020,3,35,4,1.98027e-05
2021,3,35,4,1.68866e-05
2022,3,35,4,1.85539e-05
2023,3,35,4,1.90842e-05
2024,3,35,4,1.71988e-05
1952,3,36,5,0
1953,3,36,5,0
1954,3,36,5,3.71177e-05
1955,3,36,5,3.40471e-05
1956,3,36,5,3.34672e-05
1957,3,36,5,3.5365e-05
1958,3,36,5,3.05876e-05
1959,3,36,5,2.90779e-05
1960,3,36,5,2.93021e-05
1961,3,36,5,2.55404e-05
1962,3,36,5,2.24113e-05
1963,3,36,5,2.17808e-05
1964,3,36,5,2.1274e-05
1965,3,36,5,2.12949e-05
1966,3,36,5,2.03727e-05
1967,3,36,5,1.68723e-05
1968,3,36,5,1.5398e-05
1969,3,36,5,1.50804e-05
1970,3,36,5,1.62474e-05
1971,3,36,5,1.66008e-05
1972,3,36,5,1.57985e-05
1973,3,36,5,1.39246e-05
1974,3,36,5,1.4239e-05
1975,3,36,5,1.41221e-05
1976,3,36,5,1.30235e-05
1977,3,36,5,1.38795e-05
1978,3,36,5,1.57768e-05
1979,3,36,5,1.63421e-05
1980,3,36,5,1.48292e-05
1981,3,36,5,1.40245e-05
1982,3,36,5,1.37827e-05
1983,3,36,5,1.42003e-05
1984,3,36,5,1.41198e-05
1985,3,36,5,1.32733e-05
1986,3,36,5,1.37473e-05
1987,3,36,5,1.47324e-05
1988,3,36,5,1.37871e-05
1989,3,36,5,1.34045e-05
1990,3,36,5,1.23397e-05
1991,3,36,5,1.16186e-05
1992,3,36,5,1.0435e-05
1993,3,36,5,9.23199e-06
1994,3,36,5,8.74371e-06
1995,3,36,5,8.77943e-06
1996,3,36,5,8.96449e-06
1997,3,36,5,8.69583e-06
1998,3,36,5,7.85061e-06
1999,3,36,5,6.85573e-06
2000,3,36,5,6.49954e-06
2001,3,36,5,6.56193e-06
2002,3,36,5,6.50374e-06
2003,3,36,5,6.24672e-06
2004,3,36,5,6.00124e-06
2005,3,36,5,6.23438e-06
2006,3,36,5,6.03351e-06
2007,3,36,5,5.97593e-06
2008,3,36,5,6.32949e-06
2009,3,36,5,6.5466e-06
2010,3,36,5,6.33018e-06
2011,3,36,5,5.62745e-06
2012,3,36,5,5.28759e-06
2013,3,36,5,5.41681e-06
2014,3,36,5,5.8087e-06
2015,3,36,5,6.34277e-06
2016,3,36,5,6.73534e-06
2017,3,36,5,6.47861e-06
2018,3,36,5,6.0548e-06
2019,3,36,5,6.45975e-06
2020,3,36,5,7.47494e-06
2021,3,36,5,7.41054e-06
2022,3,36,5,8.44074e-06
2023,3,36,5,9.0663e-06
2024,3,36,5,8.08643e-06
1952,4,1,1,553.433
1953,4,1,1,459.113
1954,4,1,1,387.252
1955,4,1,1,422.966
1956,4,1,1,888.803
1957,4,1,1,534.522
1958,4,1,1,1002.07
1959,4,1,1,2057.77
1960,4,1,1,1156.18
1961,4,1,1,890.825
1962,4,1,1,1889.31
1963,4,1,1,1139.43
1964,4,1,1,640.074
1965,4,1,1,985.85
1966,4,1,1,916.965
1967,4,1,1,739.311
1968,4,1,1,414.726
1969,4,1,1,686.174
1970,4,1,1,792.294
1971,4,1,1,614.899
1972,4,1,1,405.158
1973,4,1,1,443.285
1974,4,1,1,681.373
1975,4,1,1,1159.07
1976,4,1,1,1682.24
1977,4,1,1,1917.41
1978,4,1,1,1764.81
1979,4,1,1,1244.48
1980,4,1,1,1217.69
1981,4,1,1,934.118
1982,4,1,1,863.143
1983,4,1,1,1231.2
1984,4,1,1,904.3
1985,4,1,1,848.956
1986,4,1,1,921.541
1987,4,1,1,1127.76
1988,4,1,1,1184.22
1989,4,1,1,834.963
1990,4,1,1,783.077
1991,4,1,1,903.761
1992,4,1,1,1595.51
1993,4,1,1,1230.53
1994,4,1,1,890.206
1995,4,1,1,926.809
1996,4,1,1,729.579
1997,4,1,1,572.469
1998,4,1,1,1321.5
1999,4,1,1,2104.38
2000,4,1,1,558.775
2001,4,1,1,336.668
2002,4,1,1,438.799
2003,4,1,1,465.747
2004,4,1,1,698.381
2005,4,1,1,697.342
2006,4,1,1,333.948
2007,4,1,1,437.808
2008,4,1,1,652.29
2009,4,1,1,749.31
2010,4,1,1,716.713
2011,4,1,1,867.574
2012,4,1,1,248.999
2013,4,1,1,498.604
2014,4,1,1,529.013
2015,4,1,1,711.052
2016,4,1,1,1001.91
2017,4,1,1,1243.5
2018,4,1,1,835.167
2019,4,1,1,788.68
2020,4,1,1,881.857
2021,4,1,1,347.987
2022,4,1,1,701.986
2023,4,1,1,1638.72
2024,4,1,1,1072.7
1952,4,2,1,532.859
1953,4,2,1,138.526
1954,4,2,1,74.4217
1955,4,2,1,225.382
1956,4,2,1,70.9329
1957,4,2,1,124.291
1958,4,2,1,524.711
1959,4,2,1,596.642
1960,4,2,1,404.227
1961,4,2,1,412.867
1962,4,2,1,546.141
1963,4,2,1,198.554
1964,4,2,1,1623.11
1965,4,2,1,762.014
1966,4,2,1,1005.76
1967,4,2,1,277.674
1968,4,2,1,213.424
1969,4,2,1,506.883
1970,4,2,1,1234.53
1971,4,2,1,284.614
1972,4,2,1,287.376
1973,4,2,1,724.709
1974,4,2,1,586.998
1975,4,2,1,755.12
1976,4,2,1,423.204
1977,4,2,1,254.082
1978,4,2,1,461.198
1979,4,2,1,906.172
1980,4,2,1,765.191
1981,4,2,1,734.435
1982,4,2,1,439.102
1983,4,2,1,378.217
1984,4,2,1,448.417
1985,4,2,1,354.524
1986,4,2,1,526.491
1987,4,2,1,654.628
1988,4,2,1,1089.95
1989,4,2,1,481.001
1990,4,2,1,330.305
1991,4,2,1,301.372
1992,4,2,1,403.458
1993,4,2,1,1108.59
1994,4,2,1,401.596
1995,4,2,1,588.864
1996,4,2,1,374.245
1997,4,2,1,339.371
1998,4,2,1,790.469
1999,4,2,1,311.178
2000,4,2,1,825.841
2001,4,2,1,297.78
2002,4,2,1,133.278
2003,4,2,1,782.326
2004,4,2,1,390.389
2005,4,2,1,461.393
2006,4,2,1,163.92
2007,4,2,1,263.519
2008,4,2,1,373.156
2009,4,2,1,224.453
2010,4,2,1,155.872
2011,4,2,1,268.626
2012,4,2,1,651.74
2013,4,2,1,264.76
2014,4,2,1,342.508
2015,4,2,1,356.359
2016,4,2,1,1294.1
2017,4,2,1,4212.4
2018,4,2,1,983.16
2019,4,2,1,1337.62
2020,4,2,1,1317.92
2021,4,2,1,1241.67
2022,4,2,1,798.068
2023,4,2,1,710.797
2024,4,2,1,1282.69
1952,4,3,1,0
1953,4,3,1,0
1954,4,3,1,0
1955,4,3,1,0
1956,4,3,1,0
1957,4,3,1,0
1958,4,3,1,0
1959,4,3,1,0
1960,4,3,1,0
1961,4,3,1,0
1962,4,3,1,0
1963,4,3,1,0
1964,4,3,1,0
1965,4,3,1,0
1966,4,3,1,0
1967,4,3,1,0
1968,4,3,1,0
1969,4,3,1,0
1970,4,3,1,0
1971,4,3,1,0
1972,4,3,1,0
1973,4,3,1,0
1974,4,3,1,0
1975,4,3,1,0
1976,4,3,1,0
1977,4,3,1,0
1978,4,3,1,0
1979,4,3,1,0
1980,4,3,1,0
1981,4,3,1,0
1982,4,3,1,0
1983,4,3,1,0
1984,4,3,1,0
1985,4,3,1,0
1986,4,3,1,0
1987,4,3,1,0
1988,4,3,1,0
1989,4,3,1,0
1990,4,3,1,30.1417
1991,4,3,1,75.0447
1992,4,3,1,57.3354
1993,4,3,1,106.136
1994,4,3,1,65.5586
1995,4,3,1,190.656
1996,4,3,1,132.286
1997,4,3,1,94.8827
1998,4,3,1,197.541
1999,4,3,1,123.013
2000,4,3,1,260.666
2001,4,3,1,67.5543
2002,4,3,1,59.9477
2003,4,3,1,123.595
2004,4,3,1,261.386
2005,4,3,1,258.475
2006,4,3,1,191.2
2007,4,3,1,426.909
2008,4,3,1,167.734
2009,4,3,1,73.6757
2010,4,3,1,56.5904
2011,4,3,1,168.216
2012,4,3,1,224.469
2013,4,3,1,146.602
2014,4,3,1,106.951
2015,4,3,1,290.274
2016,4,3,1,556.337
2017,4,3,1,695.785
2018,4,3,1,278.751
2019,4,3,1,405.983
2020,4,3,1,352.972
2021,4,3,1,536.228
2022,4,3,1,624.436
2023,4,3,1,1075.84
2024,4,3,1,885.717
1952,4,4,2,1645.8
1953,4,4,2,2515.11
1954,4,4,2,955.113
1955,4,4,2,911.84
1956,4,4,2,1398.09
1957,4,4,2,502.221
1958,4,4,2,1583.06
1959,4,4,2,3554.33
1960,4,4,2,1528.51
1961,4,4,2,4764.2
1962,4,4,2,3674.78
1963,4,4,2,4745.23
1964,4,4,2,1818.81
1965,4,4,2,4864.42
1966,4,4,2,4282.73
1967,4,4,2,3387.61
1968,4,4,2,1385.19
1969,4,4,2,2481.32
1970,4,4,2,1715.88
1971,4,4,2,1427.01
1972,4,4,2,2002.62
1973,4,4,2,2606.88
1974,4,4,2,5595.18
1975,4,4,2,3848.53
1976,4,4,2,3489.18
1977,4,4,2,1238.21
1978,4,4,2,4967.39
1979,4,4,2,3315.75
1980,4,4,2,4000.65
1981,4,4,2,625.156
1982,4,4,2,844.308
1983,4,4,2,1468.62
1984,4,4,2,569.924
1985,4,4,2,640.673
1986,4,4,2,344.015
1987,4,4,2,416.725
1988,4,4,2,445.639
1989,4,4,2,761.265
1990,4,4,2,544.332
1991,4,4,2,402.062
1992,4,4,2,750.876
1993,4,4,2,500.215
1994,4,4,2,250.24
1995,4,4,2,611.481
1996,4,4,2,250.88
1997,4,4,2,167.941
1998,4,4,2,110.168
1999,4,4,2,263.356
2000,4,4,2,156.662
2001,4,4,2,361.254
2002,4,4,2,48.4399
2003,4,4,2,84.9231
2004,4,4,2,160.344
2005,4,4,2,112.241
2006,4,4,2,106.962
2007,4,4,2,190.154
2008,4,4,2,70.0332
2009,4,4,2,237.847
2010,4,4,2,121.236
2011,4,4,2,59.4263
2012,4,4,2,31.3768
2013,4,4,2,30.6551
2014,4,4,2,69.6268
2015,4,4,2,91.9734
2016,4,4,2,325.967
2017,4,4,2,270.605
2018,4,4,2,326.98
2019,4,4,2,647.248
2020,4,4,2,113.224
2021,4,4,2,74.8562
2022,4,4,2,187.012
2023,4,4,2,51.3627
2024,4,4,2,19.1589
1952,4,5,2,0
1953,4,5,2,0
1954,4,5,2,0
1955,4,5,2,0
1956,4,5,2,0
1957,4,5,2,0
1958,4,5,2,709.954
1959,4,5,2,579.554
1960,4,5,2,575.127
1961,4,5,2,690.102
1962,4,5,2,661.318
1963,4,5,2,755.885
1964,4,5,2,850.031
1965,4,5,2,968.203
1966,4,5,2,1108.36
1967,4,5,2,1079.26
1968,4,5,2,1777.92
1969,4,5,2,1556.77
1970,4,5,2,1976.25
1971,4,5,2,1604.49
1972,4,5,2,1111.44
1973,4,5,2,2913.42
1974,4,5,2,2479.26
1975,4,5,2,3650.68
1976,4,5,2,3785.63
1977,4,5,2,5049.26
1978,4,5,2,8191.02
1979,4,5,2,10701.3
1980,4,5,2,9402.03
1981,4,5,2,8659.78
1982,4,5,2,7635.49
1983,4,5,2,7860.81
1984,4,5,2,7307.88
1985,4,5,2,6790.48
1986,4,5,2,6325.53
1987,4,5,2,7914.99
1988,4,5,2,8431.75
1989,4,5,2,7859.02
1990,4,5,2,7418.26
1991,4,5,2,6780.34
1992,4,5,2,7024.37
1993,4,5,2,6407.08
1994,4,5,2,6403.12
1995,4,5,2,6669.87
1996,4,5,2,9595.72
1997,4,5,2,7470.38
1998,4,5,2,8629.91
1999,4,5,2,9570.47
2000,4,5,2,9596.79
2001,4,5,2,13079.8
2002,4,5,2,12050.2
2003,4,5,2,10648.8
2004,4,5,2,10664.7
2005,4,5,2,8401.04
2006,4,5,2,7390.33
2007,4,5,2,8754.47
2008,4,5,2,9090.01
2009,4,5,2,11906.3
2010,4,5,2,10587.7
2011,4,5,2,11691
2012,4,5,2,10067.6
2013,4,5,2,11081.7
2014,4,5,2,14338.6
2015,4,5,2,10622.8
2016,4,5,2,10201.2
2017,4,5,2,4172.34
2018,4,5,2,9907.53
2019,4,5,2,7666.35
2020,4,5,2,4716.29
2021,4,5,2,5159.7
2022,4,5,2,6382.21
2023,4,5,2,3785.54
2024,4,5,2,243.568
1952,4,6,3,977.066
1953,4,6,3,205.495
1954,4,6,3,243.286
1955,4,6,3,350.623
1956,4,6,3,1483.54
1957,4,6,3,5288.67
1958,4,6,3,475.124
1959,4,6,3,578.562
1960,4,6,3,2055.29
1961,4,6,3,1736.52
1962,4,6,3,995.3
1963,4,6,3,654.714
1964,4,6,3,702.602
1965,4,6,3,179.057
1966,4,6,3,899.935
1967,4,6,3,551.047
1968,4,6,3,451.004
1969,4,6,3,83.6243
1970,4,6,3,181.533
1971,4,6,3,2317.2
1972,4,6,3,545.481
1973,4,6,3,551.743
1974,4,6,3,830.094
1975,4,6,3,1156.3
1976,4,6,3,475.305
1977,4,6,3,1056.3
1978,4,6,3,1392.52
1979,4,6,3,1334.39
1980,4,6,3,2579.64
1981,4,6,3,2416.42
1982,4,6,3,1646.3
1983,4,6,3,1768.15
1984,4,6,3,936.836
1985,4,6,3,1309.66
1986,4,6,3,893.125
1987,4,6,3,39.8355
1988,4,6,3,257.667
1989,4,6,3,360.217
1990,4,6,3,725.115
1991,4,6,3,621.999
1992,4,6,3,289.675
1993,4,6,3,17.7684
1994,4,6,3,396.803
1995,4,6,3,139.9
1996,4,6,3,1.30895
1997,4,6,3,329.676
1998,4,6,3,140.372
1999,4,6,3,130.879
2000,4,6,3,153.527
2001,4,6,3,379.339
2002,4,6,3,553.589
2003,4,6,3,314.139
2004,4,6,3,347.52
2005,4,6,3,226.532
2006,4,6,3,531.468
2007,4,6,3,255.975
2008,4,6,3,283.768
2009,4,6,3,1256.87
2010,4,6,3,1389.21
2011,4,6,3,964.579
2012,4,6,3,691.657
2013,4,6,3,445.446
2014,4,6,3,238.416
2015,4,6,3,1185.86
2016,4,6,3,778.611
2017,4,6,3,826.01
2018,4,6,3,1323.59
2019,4,6,3,1397.17
2020,4,6,3,498.823
2021,4,6,3,728.687
2022,4,6,3,2536.75
2023,4,6,3,1387.46
2024,4,6,3,1425.49
1952,4,7,4,893.239
1953,4,7,4,1472.71
1954,4,7,4,519.997
1955,4,7,4,753.225
1956,4,7,4,1543.83
1957,4,7,4,3866.35
1958,4,7,4,3651.84
1959,4,7,4,5469.59
1960,4,7,4,3857.34
1961,4,7,4,4876.73
1962,4,7,4,3785.58
1963,4,7,4,6386.82
1964,4,7,4,1742.64
1965,4,7,4,2192.22
1966,4,7,4,2937.09
1967,4,7,4,2453.97
1968,4,7,4,1963.47
1969,4,7,4,3780.74
1970,4,7,4,4424.28
1971,4,7,4,4584.27
1972,4,7,4,2308.23
1973,4,7,4,3805.26
1974,4,7,4,2310.96
1975,4,7,4,2719.79
1976,4,7,4,5348.15
1977,4,7,4,7602.69
1978,4,7,4,7715.55
1979,4,7,4,5780.79
1980,4,7,4,4548.85
1981,4,7,4,5449.1
1982,4,7,4,2079.74
1983,4,7,4,1911.53
1984,4,7,4,2258.96
1985,4,7,4,3514.17
1986,4,7,4,1859.65
1987,4,7,4,2310.32
1988,4,7,4,3181.07
1989,4,7,4,3068.04
1990,4,7,4,3074.38
1991,4,7,4,2381.05
1992,4,7,4,2665.95
1993,4,7,4,1864.74
1994,4,7,4,2047.36
1995,4,7,4,1250.84
1996,4,7,4,1291.14
1997,4,7,4,1587.02
1998,4,7,4,2024.79
1999,4,7,4,2366.23
2000,4,7,4,664.461
2001,4,7,4,1395.17
2002,4,7,4,2179.99
2003,4,7,4,742.279
2004,4,7,4,962.612
2005,4,7,4,1157.05
2006,4,7,4,993.22
2007,4,7,4,752.799
2008,4,7,4,543.4
2009,4,7,4,1403.5
2010,4,7,4,1710.17
2011,4,7,4,767.802
2012,4,7,4,297.868
2013,4,7,4,767.93
2014,4,7,4,1216.9
2015,4,7,4,1568.55
2016,4,7,4,724.359
2017,4,7,4,1138.53
2018,4,7,4,1063.91
2019,4,7,4,1209.18
2020,4,7,4,1587.87
2021,4,7,4,721.218
2022,4,7,4,1096.73
2023,4,7,4,2133.49
2024,4,7,4,1311.35
1952,4,8,4,2444.17
1953,4,8,4,1868.1
1954,4,8,4,90.2849
1955,4,8,4,1053.66
1956,4,8,4,595.285
1957,4,8,4,3633.81
1958,4,8,4,1159.25
1959,4,8,4,1710.67
1960,4,8,4,1968.88
1961,4,8,4,2541.2
1962,4,8,4,3401.95
1963,4,8,4,4049.49
1964,4,8,4,2912.97
1965,4,8,4,1303.3
1966,4,8,4,2585.27
1967,4,8,4,1590.43
1968,4,8,4,1836.06
1969,4,8,4,2005.3
1970,4,8,4,935.701
1971,4,8,4,1069.2
1972,4,8,4,1569.68
1973,4,8,4,1024.46
1974,4,8,4,1177.34
1975,4,8,4,3217.83
1976,4,8,4,4266.31
1977,4,8,4,5422.53
1978,4,8,4,4135.11
1979,4,8,4,7413.45
1980,4,8,4,4122.38
1981,4,8,4,2335.47
1982,4,8,4,5794.76
1983,4,8,4,7360.01
1984,4,8,4,3908.94
1985,4,8,4,3406.86
1986,4,8,4,4368.37
1987,4,8,4,4039.17
1988,4,8,4,1700.6
1989,4,8,4,3109.51
1990,4,8,4,1878.81
1991,4,8,4,1337.89
1992,4,8,4,2864.85
1993,4,8,4,2356.99
1994,4,8,4,5352.13
1995,4,8,4,2809.68
1996,4,8,4,11532.6
1997,4,8,4,2366.37
1998,4,8,4,3501.68
1999,4,8,4,4386.68
2000,4,8,4,3969.23
2001,4,8,4,2697.63
2002,4,8,4,5567.34
2003,4,8,4,3905.17
2004,4,8,4,7169.44
2005,4,8,4,5528.28
2006,4,8,4,1865.3
2007,4,8,4,4407.8
2008,4,8,4,2770.56
2009,4,8,4,3551.8
2010,4,8,4,3326.54
2011,4,8,4,2640.61
2012,4,8,4,4115.22
2013,4,8,4,3399.37
2014,4,8,4,4344.72
2015,4,8,4,4974.42
2016,4,8,4,4386.29
2017,4,8,4,5704.72
2018,4,8,4,2612.68
2019,4,8,4,5088.56
2020,4,8,4,3822.23
2021,4,8,4,4344.94
2022,4,8,4,3542.02
2023,4,8,4,7074.37
2024,4,8,4,13588.8
1952,4,9,4,0
1953,4,9,4,0
1954,4,9,4,0
1955,4,9,4,0
1956,4,9,4,0
1957,4,9,4,0
1958,4,9,4,0
1959,4,9,4,0
1960,4,9,4,0
1961,4,9,4,0
1962,4,9,4,0
1963,4,9,4,0
1964,4,9,4,0
1965,4,9,4,0
1966,4,9,4,0
1967,4,9,4,0
1968,4,9,4,0
1969,4,9,4,0
1970,4,9,4,0
1971,4,9,4,0
1972,4,9,4,0
1973,4,9,4,0
1974,4,9,4,0
1975,4,9,4,0
1976,4,9,4,0
1977,4,9,4,0
1978,4,9,4,0
1979,4,9,4,0
1980,4,9,4,0
1981,4,9,4,0
1982,4,9,4,0
1983,4,9,4,0
1984,4,9,4,0
1985,4,9,4,19.4991
1986,4,9,4,1.50497
1987,4,9,4,1.64612
1988,4,9,4,13.7751
1989,4,9,4,91.3171
1990,4,9,4,38.5092
1991,4,9,4,177.073
1992,4,9,4,335.716
1993,4,9,4,559.621
1994,4,9,4,1893.35
1995,4,9,4,2499.8
1996,4,9,4,2967.72
1997,4,9,4,1035.14
1998,4,9,4,1096.84
1999,4,9,4,1158.89
2000,4,9,4,750.677
2001,4,9,4,446.466
2002,4,9,4,783.518
2003,4,9,4,449.757
2004,4,9,4,379.254
2005,4,9,4,345.304
2006,4,9,4,358.102
2007,4,9,4,649.085
2008,4,9,4,650.995
2009,4,9,4,1271.78
2010,4,9,4,853.594
2011,4,9,4,1751.45
2012,4,9,4,1005.94
2013,4,9,4,1856.23
2014,4,9,4,1630.25
2015,4,9,4,1851.27
2016,4,9,4,4617.49
2017,4,9,4,4913.39
2018,4,9,4,2996.32
2019,4,9,4,2108.25
2020,4,9,4,2207.18
2021,4,9,4,1378.09
2022,4,9,4,2599.95
2023,4,9,4,2984.1
2024,4,9,4,4522.84
1952,4,10,5,266.884
1953,4,10,5,1256.94
1954,4,10,5,4560.24
1955,4,10,5,1331.29
1956,4,10,5,2012.95
1957,4,10,5,5691.62
1958,4,10,5,4711.46
1959,4,10,5,1263.85
1960,4,10,5,3115.35
1961,4,10,5,2310.82
1962,4,10,5,1426.4
1963,4,10,5,3426.41
1964,4,10,5,1794.79
1965,4,10,5,2017.47
1966,4,10,5,3196.31
1967,4,10,5,1112.82
1968,4,10,5,783.528
1969,4,10,5,1801.38
1970,4,10,5,2513.61
1971,4,10,5,1818.46
1972,4,10,5,1486.67
1973,4,10,5,3055.69
1974,4,10,5,1462.25
1975,4,10,5,783.69
1976,4,10,5,1738.4
1977,4,10,5,1277.17
1978,4,10,5,1582.83
1979,4,10,5,3522.15
1980,4,10,5,3131.1
1981,4,10,5,2686.11
1982,4,10,5,852.118
1983,4,10,5,2556.1
1984,4,10,5,821.183
1985,4,10,5,1219.88
1986,4,10,5,507.705
1987,4,10,5,1508.99
1988,4,10,5,1757.67
1989,4,10,5,954.385
1990,4,10,5,709.441
1991,4,10,5,735.686
1992,4,10,5,644.2
1993,4,10,5,306.986
1994,4,10,5,1176.66
1995,4,10,5,1415.44
1996,4,10,5,1218.87
1997,4,10,5,943.048
1998,4,10,5,986.492
1999,4,10,5,934.98
2000,4,10,5,943.672
2001,4,10,5,912.28
2002,4,10,5,2043.51
2003,4,10,5,2002.39
2004,4,10,5,3152.83
2005,4,10,5,1683.25
2006,4,10,5,1467.49
2007,4,10,5,2225.87
2008,4,10,5,2070.67
2009,4,10,5,3210.46
2010,4,10,5,3281.74
2011,4,10,5,3154.93
2012,4,10,5,2224.9
2013,4,10,5,1902.88
2014,4,10,5,2413.68
2015,4,10,5,4762.51
2016,4,10,5,2439.12
2017,4,10,5,3286.44
2018,4,10,5,2340.66
2019,4,10,5,2831.69
2020,4,10,5,3580.52
2021,4,10,5,1501.07
2022,4,10,5,4465.85
2023,4,10,5,4550.26
2024,4,10,5,3961.34
1952,4,11,5,0
1953,4,11,5,0
1954,4,11,5,0
1955,4,11,5,0
1956,4,11,5,0
1957,4,11,5,0
1958,4,11,5,0
1959,4,11,5,0
1960,4,11,5,0
1961,4,11,5,0
1962,4,11,5,0
1963,4,11,5,0
1964,4,11,5,0
1965,4,11,5,0
1966,4,11,5,0
1967,4,11,5,0
1968,4,11,5,0
1969,4,11,5,0
1970,4,11,5,0
1971,4,11,5,0
1972,4,11,5,0
1973,4,11,5,0
1974,4,11,5,0
1975,4,11,5,0
1976,4,11,5,0
1977,4,11,5,0
1978,4,11,5,0
1979,4,11,5,0
1980,4,11,5,0
1981,4,11,5,0
1982,4,11,5,0
1983,4,11,5,0
1984,4,11,5,0
1985,4,11,5,10.1318
1986,4,11,5,13.2197
1987,4,11,5,324.974
1988,4,11,5,323.515
1989,4,11,5,133.014
1990,4,11,5,170.664
1991,4,11,5,461.913
1992,4,11,5,416.707
1993,4,11,5,385.76
1994,4,11,5,450.325
1995,4,11,5,410.528
1996,4,11,5,716.326
1997,4,11,5,329.195
1998,4,11,5,866.43
1999,4,11,5,324.644
2000,4,11,5,517.564
2001,4,11,5,642.22
2002,4,11,5,939.769
2003,4,11,5,912.492
2004,4,11,5,793.508
2005,4,11,5,526.626
2006,4,11,5,466.821
2007,4,11,5,349.805
2008,4,11,5,301.779
2009,4,11,5,253.474
2010,4,11,5,328.13
2011,4,11,5,274.885
2012,4,11,5,269.579
2013,4,11,5,268.407
2014,4,11,5,282.4
2015,4,11,5,423.838
2016,4,11,5,102.897
2017,4,11,5,384.257
2018,4,11,5,178.06
2019,4,11,5,410.093
2020,4,11,5,534.646
2021,4,11,5,286.154
2022,4,11,5,390.376
2023,4,11,5,472.376
2024,4,11,5,1169.63
1952,4,12,1,641.268
1953,4,12,1,315.027
1954,4,12,1,1000.21
1955,4,12,1,736.002
1956,4,12,1,181.053
1957,4,12,1,373.965
1958,4,12,1,834.468
1959,4,12,1,1078.99
1960,4,12,1,359.52
1961,4,12,1,694.239
1962,4,12,1,1743.76
1963,4,12,1,569.25
1964,4,12,1,911.733
1965,4,12,1,937.968
1966,4,12,1,1461
1967,4,12,1,848.7
1968,4,12,1,1721.98
1969,4,12,1,963.483
1970,4,12,1,842.52
1971,4,12,1,384.027
1972,4,12,1,210.306
1973,4,12,1,393.732
1974,4,12,1,199.236
1975,4,12,1,60.735
1976,4,12,1,298.497
1977,4,12,1,18.471
1978,4,12,1,229.785
1979,4,12,1,170.991
1980,4,12,1,234.024
1981,4,12,1,11.502
1982,4,12,1,172.5
1983,4,12,1,149.824
1984,4,12,1,221.733
1985,4,12,1,653.559
1986,4,12,1,169.272
1987,4,12,1,175.074
1988,4,12,1,163.508
1989,4,12,1,205.758
1990,4,12,1,200.93
1991,4,12,1,246.419
1992,4,12,1,329.689
1993,4,12,1,73.665
1994,4,12,1,552.494
1995,4,12,1,167.627
1996,4,12,1,10.467
1997,4,12,1,1.941
1998,4,12,1,592.565
1999,4,12,1,164.207
2000,4,12,1,51.685
2001,4,12,1,7.395
2002,4,12,1,130.972
2003,4,12,1,332.283
2004,4,12,1,7.207
2005,4,12,1,128.357
2006,4,12,1,21.489
2007,4,12,1,5.126
2008,4,12,1,14.733
2009,4,12,1,57.565
2010,4,12,1,48.369
2011,4,12,1,156.402
2012,4,12,1,2.188
2013,4,12,1,0.687
2014,4,12,1,0
2015,4,12,1,240.589
2016,4,12,1,146.039
2017,4,12,1,113.989
2018,4,12,1,994.609
2019,4,12,1,256.963
2020,4,12,1,534.361
2021,4,12,1,179.071
2022,4,12,1,196.003
2023,4,12,1,1551.26
2024,4,12,1,176.179
1952,4,13,1,35.877
1953,4,13,1,72.28
1954,4,13,1,59.007
1955,4,13,1,55.067
1956,4,13,1,60.818
1957,4,13,1,23.074
1958,4,13,1,40.565
1959,4,13,1,56.947
1960,4,13,1,370.293
1961,4,13,1,644.654
1962,4,13,1,835.732
1963,4,13,1,409.658
1964,4,13,1,975.782
1965,4,13,1,645.051
1966,4,13,1,419.55
1967,4,13,1,607.86
1968,4,13,1,531.903
1969,4,13,1,1130.29
1970,4,13,1,999.639
1971,4,13,1,1115.86
1972,4,13,1,290.843
1973,4,13,1,560.673
1974,4,13,1,439.274
1975,4,13,1,564.413
1976,4,13,1,448.841
1977,4,13,1,598.061
1978,4,13,1,706.963
1979,4,13,1,652.479
1980,4,13,1,586.08
1981,4,13,1,746.613
1982,4,13,1,815.67
1983,4,13,1,751.09
1984,4,13,1,1101.35
1985,4,13,1,1028.55
1986,4,13,1,1048.75
1987,4,13,1,896.908
1988,4,13,1,1041.85
1989,4,13,1,958.984
1990,4,13,1,807.022
1991,4,13,1,480.452
1992,4,13,1,895.672
1993,4,13,1,773.507
1994,4,13,1,496.543
1995,4,13,1,709.754
1996,4,13,1,1111.73
1997,4,13,1,507.866
1998,4,13,1,675.959
1999,4,13,1,672.342
2000,4,13,1,546.517
2001,4,13,1,402.311
2002,4,13,1,534.727
2003,4,13,1,490.454
2004,4,13,1,579.378
2005,4,13,1,560.898
2006,4,13,1,768.106
2007,4,13,1,657.11
2008,4,13,1,631.512
2009,4,13,1,610.824
2010,4,13,1,841.883
2011,4,13,1,769.401
2012,4,13,1,756.934
2013,4,13,1,688.734
2014,4,13,1,561.53
2015,4,13,1,756.515
2016,4,13,1,737.233
2017,4,13,1,822.166
2018,4,13,1,760.863
2019,4,13,1,675.978
2020,4,13,1,877.368
2021,4,13,1,781.308
2022,4,13,1,840.708
2023,4,13,1,648.056
2024,4,13,1,662.256
1952,4,14,2,0
1953,4,14,2,0
1954,4,14,2,0
1955,4,14,2,0
1956,4,14,2,0
1957,4,14,2,0
1958,4,14,2,0
1959,4,14,2,0
1960,4,14,2,0
1961,4,14,2,0
1962,4,14,2,0
1963,4,14,2,0
1964,4,14,2,0
1965,4,14,2,0
1966,4,14,2,0
1967,4,14,2,0
1968,4,14,2,0
1969,4,14,2,0
1970,4,14,2,0
1971,4,14,2,0
1972,4,14,2,0
1973,4,14,2,0
1974,4,14,2,0
1975,4,14,2,0
1976,4,14,2,0
1977,4,14,2,0
1978,4,14,2,0
1979,4,14,2,0
1980,4,14,2,0
1981,4,14,2,0
1982,4,14,2,0
1983,4,14,2,0
1984,4,14,2,689.751
1985,4,14,2,750.75
1986,4,14,2,781.749
1987,4,14,2,888.249
1988,4,14,2,1049.75
1989,4,14,2,1143.5
1990,4,14,2,1311.75
1991,4,14,2,1341.5
1992,4,14,2,1542.25
1993,4,14,2,1413
1994,4,14,2,1567.25
1995,4,14,2,1670
1996,4,14,2,2592
1997,4,14,2,1928.5
1998,4,14,2,2546.25
1999,4,14,2,2416.5
2000,4,14,2,2571.25
2001,4,14,2,2366
2002,4,14,2,2274.25
2003,4,14,2,2319.75
2004,4,14,2,3054.25
2005,4,14,2,1038.5
2006,4,14,2,1062.25
2007,4,14,2,917.25
2008,4,14,2,876.249
2009,4,14,2,3836.25
2010,4,14,2,2673
2011,4,14,2,2684.5
2012,4,14,2,3567.25
2013,4,14,2,2827.25
2014,4,14,2,5789.25
2015,4,14,2,7419.75
2016,4,14,2,5162.5
2017,4,14,2,3128
2018,4,14,2,5842.5
2019,4,14,2,6303.25
2020,4,14,2,6825
2021,4,14,2,8610
2022,4,14,2,5535
2023,4,14,2,5535
2024,4,14,2,23685
1952,4,15,2,0
1953,4,15,2,0
1954,4,15,2,0
1955,4,15,2,0
1956,4,15,2,0
1957,4,15,2,0
1958,4,15,2,0
1959,4,15,2,0
1960,4,15,2,0
1961,4,15,2,0
1962,4,15,2,0
1963,4,15,2,0
1964,4,15,2,0
1965,4,15,2,0
1966,4,15,2,0
1967,4,15,2,0
1968,4,15,2,0
1969,4,15,2,0
1970,4,15,2,958.749
1971,4,15,2,1072.5
1972,4,15,2,1114.5
1973,4,15,2,1333.25
1974,4,15,2,1550
1975,4,15,2,1581.76
1976,4,15,2,1332.5
1977,4,15,2,1889.26
1978,4,15,2,1139.75
1979,4,15,2,1461.5
1980,4,15,2,1336
1981,4,15,2,1474
1982,4,15,2,1363
1983,4,15,2,1480.5
1984,4,15,2,1417
1985,4,15,2,1622.5
1986,4,15,2,1653.76
1987,4,15,2,1206.76
1988,4,15,2,1466.26
1989,4,15,2,1597
1990,4,15,2,2253
1991,4,15,2,2655.76
1992,4,15,2,1105
1993,4,15,2,1203.25
1994,4,15,2,1858.25
1995,4,15,2,2151.76
1996,4,15,2,2154.5
1997,4,15,2,2041.25
1998,4,15,2,2299.5
1999,4,15,2,2395.5
2000,4,15,2,2363.5
2001,4,15,2,2228.5
2002,4,15,2,2485.75
2003,4,15,2,3135
2004,4,15,2,3274.75
2005,4,15,2,3247.5
2006,4,15,2,3624.5
2007,4,15,2,4213.25
2008,4,15,2,3928
2009,4,15,2,1942
2010,4,15,2,2828.5
2011,4,15,2,2644.25
2012,4,15,2,3612.25
2013,4,15,2,3182.75
2014,4,15,2,6731.26
2015,4,15,2,5206.25
2016,4,15,2,4398.25
2017,4,15,2,5990.26
2018,4,15,2,6760.25
2019,4,15,2,6247
2020,4,15,2,4143
2021,4,15,2,4878
2022,4,15,2,4464
2023,4,15,2,4584
2024,4,15,2,8355
1952,4,16,2,0
1953,4,16,2,0
1954,4,16,2,0
1955,4,16,2,0
1956,4,16,2,0
1957,4,16,2,0
1958,4,16,2,0
1959,4,16,2,0
1960,4,16,2,0
1961,4,16,2,0
1962,4,16,2,0
1963,4,16,2,0
1964,4,16,2,0
1965,4,16,2,0
1966,4,16,2,0
1967,4,16,2,0
1968,4,16,2,0
1969,4,16,2,0
1970,4,16,2,0
1971,4,16,2,0
1972,4,16,2,75.1
1973,4,16,2,67.9
1974,4,16,2,17.3
1975,4,16,2,91.9
1976,4,16,2,139.097
1977,4,16,2,239.075
1978,4,16,2,277.627
1979,4,16,2,469.133
1980,4,16,2,1126.84
1981,4,16,2,1359.39
1982,4,16,2,1401.3
1983,4,16,2,1422.2
1984,4,16,2,1556.91
1985,4,16,2,1701.53
1986,4,16,2,1765.42
1987,4,16,2,2032.67
1988,4,16,2,2360.91
1989,4,16,2,2552.2
1990,4,16,2,2917.72
1991,4,16,2,2985.01
1992,4,16,2,3426.77
1993,4,16,2,3143.24
1994,4,16,2,3481.49
1995,4,16,2,3710.05
1996,4,16,2,5765.71
1997,4,16,2,4284.2
1998,4,16,2,5656.49
1999,4,16,2,5368.27
2000,4,16,2,5711.98
2001,4,16,2,5256
2002,4,16,2,5051.95
2003,4,16,2,5155.28
2004,4,16,2,6785.24
2005,4,16,2,5651.51
2006,4,16,2,4601.54
2007,4,16,2,5632.21
2008,4,16,2,4705.83
2009,4,16,2,4690.25
2010,4,16,2,3870.44
2011,4,16,2,8048.27
2012,4,16,2,7657.7
2013,4,16,2,4580.75
2014,4,16,2,5072.79
2015,4,16,2,8110.19
2016,4,16,2,4971.07
2017,4,16,2,5326.01
2018,4,16,2,5594.79
2019,4,16,2,3612.06
2020,4,16,2,6793.73
2021,4,16,2,4233.55
2022,4,16,2,3924.02
2023,4,16,2,3291.33
2024,4,16,2,3183.84
1952,4,17,2,0
1953,4,17,2,0
1954,4,17,2,0
1955,4,17,2,0
1956,4,17,2,0
1957,4,17,2,0
1958,4,17,2,0
1959,4,17,2,0
1960,4,17,2,0
1961,4,17,2,0
1962,4,17,2,0
1963,4,17,2,0
1964,4,17,2,0
1965,4,17,2,0
1966,4,17,2,0
1967,4,17,2,0
1968,4,17,2,0
1969,4,17,2,0
1970,4,17,2,0
1971,4,17,2,0
1972,4,17,2,0
1973,4,17,2,0
1974,4,17,2,0
1975,4,17,2,0
1976,4,17,2,0
1977,4,17,2,0
1978,4,17,2,0
1979,4,17,2,0
1980,4,17,2,96.3
1981,4,17,2,108.33
1982,4,17,2,117.72
1983,4,17,2,131.72
1984,4,17,2,143.43
1985,4,17,2,157.23
1986,4,17,2,162.49
1987,4,17,2,184.72
1988,4,17,2,219.47
1989,4,17,2,237.84
1990,4,17,2,272.75
1991,4,17,2,278.96
1992,4,17,2,320.7
1993,4,17,2,293.83
1994,4,17,2,325.92
1995,4,17,2,347.23
1996,4,17,2,538.95
1997,4,17,2,401.04
1998,4,17,2,529.5
1999,4,17,2,502.48
2000,4,17,2,534.62
2001,4,17,2,491.96
2002,4,17,2,472.9
2003,4,17,2,482.37
2004,4,17,2,635.08
2005,4,17,2,648.18
2006,4,17,2,453.4
2007,4,17,2,649.74
2008,4,17,2,528.12
2009,4,17,2,492.1
2010,4,17,2,254.73
2011,4,17,2,322.83
2012,4,17,2,965.82
2013,4,17,2,1562.84
2014,4,17,2,826.5
2015,4,17,2,452.13
2016,4,17,2,1249.8
2017,4,17,2,3374.68
2018,4,17,2,1491.03
2019,4,17,2,939.12
2020,4,17,2,1654.16
2021,4,17,2,2386.07
2022,4,17,2,1559.01
2023,4,17,2,1604.73
2024,4,17,2,1396.65
1952,4,18,2,0
1953,4,18,2,0
1954,4,18,2,0
1955,4,18,2,0
1956,4,18,2,0
1957,4,18,2,0
1958,4,18,2,0
1959,4,18,2,0
1960,4,18,2,0
1961,4,18,2,0
1962,4,18,2,0
1963,4,18,2,0
1964,4,18,2,0
1965,4,18,2,0
1966,4,18,2,0
1967,4,18,2,0
1968,4,18,2,0
1969,4,18,2,0
1970,4,18,2,409.29
1971,4,18,2,460.908
1972,4,18,2,464.982
1973,4,18,2,562.884
1974,4,18,2,658.014
1975,4,18,2,680.106
1976,4,18,2,573.3
1977,4,18,2,981.204
1978,4,18,2,441.714
1979,4,18,2,1060.4
1980,4,18,2,849.912
1981,4,18,2,1349.21
1982,4,18,2,1715.11
1983,4,18,2,1857.93
1984,4,18,2,1848.62
1985,4,18,2,1685.08
1986,4,18,2,1632.27
1987,4,18,2,1737.18
1988,4,18,2,1537.79
1989,4,18,2,1733.54
1990,4,18,2,2112.11
1991,4,18,2,2322.18
1992,4,18,2,1539.37
1993,4,18,2,819.294
1994,4,18,2,2035.42
1995,4,18,2,2232.52
1996,4,18,2,2277.51
1997,4,18,2,3051.01
1998,4,18,2,2344.47
1999,4,18,2,2492.91
2000,4,18,2,3228.44
2001,4,18,2,2959.77
2002,4,18,2,2681.13
2003,4,18,2,3797.6
2004,4,18,2,3865.81
2005,4,18,2,4276.4
2006,4,18,2,4800.81
2007,4,18,2,5133.49
2008,4,18,2,5473.31
2009,4,18,2,3071.29
2010,4,18,2,1686.36
2011,4,18,2,1178.97
2012,4,18,2,1273.31
2013,4,18,2,693.462
2014,4,18,2,1385.75
2015,4,18,2,1913.27
2016,4,18,2,1977.23
2017,4,18,2,1956.99
2018,4,18,2,1864.21
2019,4,18,2,1786.53
2020,4,18,2,1070.69
2021,4,18,2,1106.42
2022,4,18,2,759.319
2023,4,18,2,469.689
2024,4,18,2,1070.93
1952,4,19,2,0
1953,4,19,2,0
1954,4,19,2,0
1955,4,19,2,0
1956,4,19,2,0
1957,4,19,2,0
1958,4,19,2,0
1959,4,19,2,0
1960,4,19,2,0
1961,4,19,2,0
1962,4,19,2,0
1963,4,19,2,0
1964,4,19,2,0
1965,4,19,2,0
1966,4,19,2,0
1967,4,19,2,0
1968,4,19,2,2.372
1969,4,19,2,12.537
1970,4,19,2,45.701
1971,4,19,2,3.793
1972,4,19,2,10.854
1973,4,19,2,35.018
1974,4,19,2,146.938
1975,4,19,2,342.163
1976,4,19,2,53.105
1977,4,19,2,531.04
1978,4,19,2,577.254
1979,4,19,2,373.888
1980,4,19,2,552.744
1981,4,19,2,262.853
1982,4,19,2,21.067
1983,4,19,2,284.829
1984,4,19,2,422.078
1985,4,19,2,3031.79
1986,4,19,2,416.924
1987,4,19,2,147.72
1988,4,19,2,1092.98
1989,4,19,2,367.107
1990,4,19,2,453.745
1991,4,19,2,1599.25
1992,4,19,2,1917.39
1993,4,19,2,895.951
1994,4,19,2,7.88
1995,4,19,2,772.199
1996,4,19,2,6801.16
1997,4,19,2,113.778
1998,4,19,2,12.344
1999,4,19,2,745.584
2000,4,19,2,257.78
2001,4,19,2,6.038
2002,4,19,2,10.915
2003,4,19,2,4.951
2004,4,19,2,380.256
2005,4,19,2,175.843
2006,4,19,2,179.611
2007,4,19,2,9.23
2008,4,19,2,48.592
2009,4,19,2,0
2010,4,19,2,1.389
2011,4,19,2,37.017
2012,4,19,2,68.912
2013,4,19,2,0
2014,4,19,2,0
2015,4,19,2,0
2016,4,19,2,0
2017,4,19,2,120.775
2018,4,19,2,42.446
2019,4,19,2,10.359
2020,4,19,2,10.74
2021,4,19,2,8.741
2022,4,19,2,387.572
2023,4,19,2,0
2024,4,19,2,3.049
1952,4,20,2,0
1953,4,20,2,0
1954,4,20,2,0
1955,4,20,2,0
1956,4,20,2,0
1957,4,20,2,0
1958,4,20,2,0
1959,4,20,2,0
1960,4,20,2,0
1961,4,20,2,0
1962,4,20,2,0
1963,4,20,2,0
1964,4,20,2,0
1965,4,20,2,0
1966,4,20,2,0
1967,4,20,2,22.047
1968,4,20,2,28.042
1969,4,20,2,0
1970,4,20,2,0
1971,4,20,2,0
1972,4,20,2,0
1973,4,20,2,12.087
1974,4,20,2,1.064
1975,4,20,2,0
1976,4,20,2,0
1977,4,20,2,2.92
1978,4,20,2,86.214
1979,4,20,2,63.267
1980,4,20,2,0
1981,4,20,2,134.681
1982,4,20,2,0
1983,4,20,2,29.369
1984,4,20,2,8.205
1985,4,20,2,3292.72
1986,4,20,2,2.807
1987,4,20,2,42.01
1988,4,20,2,13.231
1989,4,20,2,29.746
1990,4,20,2,1136.74
1991,4,20,2,315.687
1992,4,20,2,1612.15
1993,4,20,2,2523.36
1994,4,20,2,1.015
1995,4,20,2,706.852
1996,4,20,2,517.719
1997,4,20,2,0
1998,4,20,2,0
1999,4,20,2,20.194
2000,4,20,2,852.97
2001,4,20,2,874.312
2002,4,20,2,980.549
2003,4,20,2,1035.91
2004,4,20,2,1181.6
2005,4,20,2,1422.2
2006,4,20,2,1377.93
2007,4,20,2,1327.67
2008,4,20,2,1657.84
2009,4,20,2,834.979
2010,4,20,2,961.656
2011,4,20,2,1010.13
2012,4,20,2,814.831
2013,4,20,2,692.893
2014,4,20,2,1070.84
2015,4,20,2,1165.78
2016,4,20,2,2270.38
2017,4,20,2,1878.84
2018,4,20,2,2072.8
2019,4,20,2,1080.22
2020,4,20,2,924.353
2021,4,20,2,824.332
2022,4,20,2,2033.77
2023,4,20,2,2615.07
2024,4,20,2,735.043
1952,4,21,2,0
1953,4,21,2,0
1954,4,21,2,0
1955,4,21,2,0
1956,4,21,2,0
1957,4,21,2,0
1958,4,21,2,0
1959,4,21,2,0
1960,4,21,2,0
1961,4,21,2,0
1962,4,21,2,0
1963,4,21,2,0
1964,4,21,2,0
1965,4,21,2,0
1966,4,21,2,0
1967,4,21,2,0
1968,4,21,2,0
1969,4,21,2,0
1970,4,21,2,1237.5
1971,4,21,2,1282.5
1972,4,21,2,2025
1973,4,21,2,2295
1974,4,21,2,2287.25
1975,4,21,2,2489
1976,4,21,2,1694.25
1977,4,21,2,2310.25
1978,4,21,2,1850.75
1979,4,21,2,2583.5
1980,4,21,2,2080.75
1981,4,21,2,2644.92
1982,4,21,2,2924.8
1983,4,21,2,2759.1
1984,4,21,2,3904.26
1985,4,21,2,4428.04
1986,4,21,2,5513.96
1987,4,21,2,6195.23
1988,4,21,2,7370.52
1989,4,21,2,8295.7
1990,4,21,2,6457.74
1991,4,21,2,6604.76
1992,4,21,2,7593.32
1993,4,21,2,6956.51
1994,4,21,2,7716.07
1995,4,21,2,8222.29
1996,4,21,2,12760.8
1997,4,21,2,9494.93
1998,4,21,2,12536.1
1999,4,21,2,11897.4
2000,4,21,2,12658.9
2001,4,21,2,11648.5
2002,4,21,2,11196.1
2003,4,21,2,11420.9
2004,4,21,2,15036.6
2005,4,21,2,4651.58
2006,4,21,2,3744.11
2007,4,21,2,5060.57
2008,4,21,2,4496.66
2009,4,21,2,7714.18
2010,4,21,2,5852.01
2011,4,21,2,10903.4
2012,4,21,2,19279.7
2013,4,21,2,22749.3
2014,4,21,2,14486.1
2015,4,21,2,14539.4
2016,4,21,2,23877.3
2017,4,21,2,25962
2018,4,21,2,33564
2019,4,21,2,37403.5
2020,4,21,2,34116.2
2021,4,21,2,36352.8
2022,4,21,2,33392.7
2023,4,21,2,33539.7
2024,4,21,2,21591.8
1952,4,22,2,0
1953,4,22,2,0
1954,4,22,2,0
1955,4,22,2,0
1956,4,22,2,0
1957,4,22,2,0
1958,4,22,2,0
1959,4,22,2,0
1960,4,22,2,0
1961,4,22,2,0
1962,4,22,2,0
1963,4,22,2,0
1964,4,22,2,0
1965,4,22,2,0
1966,4,22,2,0
1967,4,22,2,0
1968,4,22,2,0
1969,4,22,2,0
1970,4,22,2,5727.75
1971,4,22,2,6412.34
1972,4,22,2,6641.98
1973,4,22,2,7955.39
1974,4,22,2,9253.77
1975,4,22,2,9456.93
1976,4,22,2,7967.18
1977,4,22,2,11548.8
1978,4,22,2,6985.58
1979,4,22,2,9142.13
1980,4,22,2,8358.86
1981,4,22,2,9711.83
1982,4,22,2,8925.15
1983,4,22,2,10676.1
1984,4,22,2,10220.9
1985,4,22,2,11626.9
1986,4,22,2,10926
1987,4,22,2,8886.83
1988,4,22,2,9871.93
1989,4,22,2,10839.3
1990,4,22,2,15211.9
1991,4,22,2,17678.5
1992,4,22,2,8422.09
1993,4,22,2,7455.44
1994,4,22,2,12113.1
1995,4,22,2,12916.2
1996,4,22,2,13000
1997,4,22,2,13740.8
1998,4,22,2,14203.8
1999,4,22,2,15047.3
2000,4,22,2,16460.6
2001,4,22,2,15156.4
2002,4,22,2,16226.9
2003,4,22,2,21553.1
2004,4,22,2,22144.4
2005,4,22,2,21176.8
2006,4,22,2,23364.9
2007,4,22,2,26237.7
2008,4,22,2,26957.2
2009,4,22,2,17568.4
2010,4,22,2,15095.3
2011,4,22,2,6617.99
2012,4,22,2,5719.22
2013,4,22,2,8231.84
2014,4,22,2,8366.38
2015,4,22,2,8777.37
2016,4,22,2,8815.17
2017,4,22,2,10946.4
2018,4,22,2,8262.07
2019,4,22,2,6957.17
2020,4,22,2,10630.2
2021,4,22,2,12486.5
2022,4,22,2,8128
2023,4,22,2,9748.44
2024,4,22,2,8131.36
1952,4,23,2,0
1953,4,23,2,0
1954,4,23,2,0
1955,4,23,2,0
1956,4,23,2,0
1957,4,23,2,0
1958,4,23,2,0
1959,4,23,2,0
1960,4,23,2,0
1961,4,23,2,0
1962,4,23,2,0
1963,4,23,2,0
1964,4,23,2,0
1965,4,23,2,0
1966,4,23,2,0
1967,4,23,2,0
1968,4,23,2,0
1969,4,23,2,0
1970,4,23,2,0
1971,4,23,2,0
1972,4,23,2,0
1973,4,23,2,0
1974,4,23,2,0
1975,4,23,2,0
1976,4,23,2,0
1977,4,23,2,0
1978,4,23,2,0
1979,4,23,2,0
1980,4,23,2,0
1981,4,23,2,0
1982,4,23,2,0
1983,4,23,2,0
1984,4,23,2,0
1985,4,23,2,0
1986,4,23,2,0
1987,4,23,2,0
1988,4,23,2,0
1989,4,23,2,0
1990,4,23,2,0
1991,4,23,2,0
1992,4,23,2,0
1993,4,23,2,0
1994,4,23,2,0
1995,4,23,2,0
1996,4,23,2,0
1997,4,23,2,0
1998,4,23,2,0
1999,4,23,2,0
2000,4,23,2,1080.43
2001,4,23,2,1137.2
2002,4,23,2,1210.65
2003,4,23,2,1203.23
2004,4,23,2,1623.03
2005,4,23,2,1712.89
2006,4,23,2,1718.46
2007,4,23,2,1772.02
2008,4,23,2,1631.05
2009,4,23,2,1289.66
2010,4,23,2,1210.5
2011,4,23,2,1245.53
2012,4,23,2,1112.19
2013,4,23,2,1270.32
2014,4,23,2,1214.37
2015,4,23,2,1655.23
2016,4,23,2,2535.83
2017,4,23,2,1829.83
2018,4,23,2,2452.46
2019,4,23,2,1293.47
2020,4,23,2,1135.93
2021,4,23,2,979.144
2022,4,23,2,1992.11
2023,4,23,2,2688.81
2024,4,23,2,793.484
1952,4,24,3,0
1953,4,24,3,0
1954,4,24,3,0
1955,4,24,3,0
1956,4,24,3,0
1957,4,24,3,0
1958,4,24,3,0
1959,4,24,3,0
1960,4,24,3,0
1961,4,24,3,0
1962,4,24,3,0
1963,4,24,3,0
1964,4,24,3,0
1965,4,24,3,0
1966,4,24,3,0
1967,4,24,3,0
1968,4,24,3,0
1969,4,24,3,0
1970,4,24,3,5.76
1971,4,24,3,26.57
1972,4,24,3,799.45
1973,4,24,3,273.1
1974,4,24,3,547.12
1975,4,24,3,1104.3
1976,4,24,3,3095.93
1977,4,24,3,1857.04
1978,4,24,3,907.93
1979,4,24,3,817.32
1980,4,24,3,821.65
1981,4,24,3,1154.62
1982,4,24,3,75.59
1983,4,24,3,146.19
1984,4,24,3,700.166
1985,4,24,3,496.41
1986,4,24,3,91.4
1987,4,24,3,388.42
1988,4,24,3,218.28
1989,4,24,3,344.55
1990,4,24,3,564.506
1991,4,24,3,443.36
1992,4,24,3,767.29
1993,4,24,3,637.65
1994,4,24,3,516.52
1995,4,24,3,192.34
1996,4,24,3,228.04
1997,4,24,3,180.37
1998,4,24,3,305.44
1999,4,24,3,335.9
2000,4,24,3,0
2001,4,24,3,97.065
2002,4,24,3,133.78
2003,4,24,3,52.536
2004,4,24,3,83.528
2005,4,24,3,5.9
2006,4,24,3,178.903
2007,4,24,3,41.021
2008,4,24,3,13.966
2009,4,24,3,0
2010,4,24,3,0
2011,4,24,3,53.868
2012,4,24,3,17.214
2013,4,24,3,39.466
2014,4,24,3,0
2015,4,24,3,2.8
2016,4,24,3,32.028
2017,4,24,3,86.173
2018,4,24,3,32.164
2019,4,24,3,30.64
2020,4,24,3,39.05
2021,4,24,3,9.625
2022,4,24,3,3.28
2023,4,24,3,4.8
2024,4,24,3,0
1952,4,25,3,0
1953,4,25,3,0
1954,4,25,3,0
1955,4,25,3,0
1956,4,25,3,0
1957,4,25,3,0
1958,4,25,3,0
1959,4,25,3,0
1960,4,25,3,0
1961,4,25,3,0
1962,4,25,3,0
1963,4,25,3,0
1964,4,25,3,0
1965,4,25,3,0
1966,4,25,3,0
1967,4,25,3,0
1968,4,25,3,0
1969,4,25,3,0
1970,4,25,3,1.76
1971,4,25,3,15.132
1972,4,25,3,0
1973,4,25,3,59.951
1974,4,25,3,0
1975,4,25,3,0
1976,4,25,3,62.65
1977,4,25,3,406.16
1978,4,25,3,64.743
1979,4,25,3,88.66
1980,4,25,3,498.576
1981,4,25,3,665.374
1982,4,25,3,6042.87
1983,4,25,3,11978.9
1984,4,25,3,5791.57
1985,4,25,3,13005.2
1986,4,25,3,3565.08
1987,4,25,3,6733.45
1988,4,25,3,7118.29
1989,4,25,3,11496.5
1990,4,25,3,16116.2
1991,4,25,3,15229.7
1992,4,25,3,7857.34
1993,4,25,3,6433.71
1994,4,25,3,4797.27
1995,4,25,3,8311.25
1996,4,25,3,12199.7
1997,4,25,3,10192.6
1998,4,25,3,12578.9
1999,4,25,3,5883.88
2000,4,25,3,8049.82
2001,4,25,3,18093
2002,4,25,3,10634.2
2003,4,25,3,16833.3
2004,4,25,3,12806.8
2005,4,25,3,15278.7
2006,4,25,3,13801.8
2007,4,25,3,12947.7
2008,4,25,3,13441.3
2009,4,25,3,13810
2010,4,25,3,12828.7
2011,4,25,3,16950.7
2012,4,25,3,14022
2013,4,25,3,13984.6
2014,4,25,3,7622.91
2015,4,25,3,6044.51
2016,4,25,3,7562.46
2017,4,25,3,3549.09
2018,4,25,3,5020.57
2019,4,25,3,4047.47
2020,4,25,3,6421.2
2021,4,25,3,6467.04
2022,4,25,3,10651.2
2023,4,25,3,4007.51
2024,4,25,3,6890.98
1952,4,26,3,0
1953,4,26,3,0
1954,4,26,3,0
1955,4,26,3,0
1956,4,26,3,0
1957,4,26,3,0
1958,4,26,3,0
1959,4,26,3,0
1960,4,26,3,0
1961,4,26,3,0
1962,4,26,3,0
1963,4,26,3,0
1964,4,26,3,0
1965,4,26,3,0
1966,4,26,3,0
1967,4,26,3,13.107
1968,4,26,3,0
1969,4,26,3,0
1970,4,26,3,0
1971,4,26,3,0
1972,4,26,3,0
1973,4,26,3,0.715
1974,4,26,3,12.191
1975,4,26,3,3.543
1976,4,26,3,0
1977,4,26,3,0
1978,4,26,3,0
1979,4,26,3,0
1980,4,26,3,10.19
1981,4,26,3,30.115
1982,4,26,3,1532.99
1983,4,26,3,454.324
1984,4,26,3,3914.11
1985,4,26,3,2675.73
1986,4,26,3,4467.01
1987,4,26,3,671.986
1988,4,26,3,1330.52
1989,4,26,3,13901.9
1990,4,26,3,2095.26
1991,4,26,3,7405.4
1992,4,26,3,2086.46
1993,4,26,3,6468.83
1994,4,26,3,3697.3
1995,4,26,3,20440.6
1996,4,26,3,2093.38
1997,4,26,3,366.573
1998,4,26,3,132.542
1999,4,26,3,1257.88
2000,4,26,3,3984.12
2001,4,26,3,22439
2002,4,26,3,1974.11
2003,4,26,3,13621.3
2004,4,26,3,7662.35
2005,4,26,3,7692.59
2006,4,26,3,16193.4
2007,4,26,3,11088.2
2008,4,26,3,19052.2
2009,4,26,3,16049.6
2010,4,26,3,44824.2
2011,4,26,3,21442.2
2012,4,26,3,29206.3
2013,4,26,3,26451.8
2014,4,26,3,24488.9
2015,4,26,3,4698.77
2016,4,26,3,30662.7
2017,4,26,3,28368.5
2018,4,26,3,17150.6
2019,4,26,3,15335.1
2020,4,26,3,25707
2021,4,26,3,48443.5
2022,4,26,3,27263.6
2023,4,26,3,38584.2
2024,4,26,3,55484.8
1952,4,27,4,0
1953,4,27,4,0
1954,4,27,4,0
1955,4,27,4,0
1956,4,27,4,0
1957,4,27,4,0
1958,4,27,4,0
1959,4,27,4,0
1960,4,27,4,0
1961,4,27,4,0
1962,4,27,4,0
1963,4,27,4,0
1964,4,27,4,0
1965,4,27,4,0
1966,4,27,4,0
1967,4,27,4,0
1968,4,27,4,0
1969,4,27,4,0
1970,4,27,4,0
1971,4,27,4,0
1972,4,27,4,306.5
1973,4,27,4,40
1974,4,27,4,111.3
1975,4,27,4,202.2
1976,4,27,4,981.7
1977,4,27,4,434.7
1978,4,27,4,85.6
1979,4,27,4,388.2
1980,4,27,4,297.6
1981,4,27,4,134.16
1982,4,27,4,306.77
1983,4,27,4,195.5
1984,4,27,4,74.51
1985,4,27,4,296.38
1986,4,27,4,151.39
1987,4,27,4,114.18
1988,4,27,4,39.23
1989,4,27,4,60.76
1990,4,27,4,137.533
1991,4,27,4,65.537
1992,4,27,4,145.85
1993,4,27,4,32.38
1994,4,27,4,148.01
1995,4,27,4,184.736
1996,4,27,4,50
1997,4,27,4,57.1
1998,4,27,4,41
1999,4,27,4,19.86
2000,4,27,4,0
2001,4,27,4,0
2002,4,27,4,23
2003,4,27,4,9.511
2004,4,27,4,1
2005,4,27,4,5.43
2006,4,27,4,6.174
2007,4,27,4,20.22
2008,4,27,4,12.325
2009,4,27,4,5.3
2010,4,27,4,12.2
2011,4,27,4,14.4
2012,4,27,4,21.5
2013,4,27,4,12.395
2014,4,27,4,0
2015,4,27,4,1
2016,4,27,4,23.8
2017,4,27,4,2
2018,4,27,4,0
2019,4,27,4,15
2020,4,27,4,0
2021,4,27,4,9.4
2022,4,27,4,2.1
2023,4,27,4,0
2024,4,27,4,0
1952,4,28,4,0
1953,4,28,4,0
1954,4,28,4,0
1955,4,28,4,0
1956,4,28,4,0
1957,4,28,4,0
1958,4,28,4,0
1959,4,28,4,0
1960,4,28,4,0
1961,4,28,4,0
1962,4,28,4,0
1963,4,28,4,0
1964,4,28,4,0
1965,4,28,4,0
1966,4,28,4,0
1967,4,28,4,0
1968,4,28,4,33.69
1969,4,28,4,0
1970,4,28,4,9.53
1971,4,28,4,52.685
1972,4,28,4,35.399
1973,4,28,4,24.348
1974,4,28,4,263.357
1975,4,28,4,667.599
1976,4,28,4,1411.97
1977,4,28,4,673.015
1978,4,28,4,1837.87
1979,4,28,4,1641.48
1980,4,28,4,2191.17
1981,4,28,4,8466.26
1982,4,28,4,9408.94
1983,4,28,4,13908.5
1984,4,28,4,12370.5
1985,4,28,4,6926.84
1986,4,28,4,17268.2
1987,4,28,4,24450.1
1988,4,28,4,14369.5
1989,4,28,4,20031.8
1990,4,28,4,23667.5
1991,4,28,4,20967.9
1992,4,28,4,24866.1
1993,4,28,4,20689.9
1994,4,28,4,24589.4
1995,4,28,4,7506.39
1996,4,28,4,9551.99
1997,4,28,4,14972.8
1998,4,28,4,15055.5
1999,4,28,4,17095.4
2000,4,28,4,13157.9
2001,4,28,4,12875.8
2002,4,28,4,11320.5
2003,4,28,4,16895.3
2004,4,28,4,35806.3
2005,4,28,4,29581.7
2006,4,28,4,24880
2007,4,28,4,22452.4
2008,4,28,4,13430.6
2009,4,28,4,24386.9
2010,4,28,4,17874.6
2011,4,28,4,19733.1
2012,4,28,4,15039.4
2013,4,28,4,21583.5
2014,4,28,4,13852.9
2015,4,28,4,5127.64
2016,4,28,4,11826.9
2017,4,28,4,9086.25
2018,4,28,4,15937.7
2019,4,28,4,9817.91
2020,4,28,4,19315.6
2021,4,28,4,6701.68
2022,4,28,4,18141.3
2023,4,28,4,2889.96
2024,4,28,4,11398.8
1952,4,29,4,0
1953,4,29,4,0
1954,4,29,4,0
1955,4,29,4,0
1956,4,29,4,0
1957,4,29,4,0
1958,4,29,4,0
1959,4,29,4,0
1960,4,29,4,0
1961,4,29,4,0
1962,4,29,4,0
1963,4,29,4,0
1964,4,29,4,0
1965,4,29,4,0
1966,4,29,4,0
1967,4,29,4,0
1968,4,29,4,0
1969,4,29,4,0
1970,4,29,4,0
1971,4,29,4,0
1972,4,29,4,0
1973,4,29,4,0
1974,4,29,4,0
1975,4,29,4,0
1976,4,29,4,0
1977,4,29,4,0
1978,4,29,4,0
1979,4,29,4,0
1980,4,29,4,0
1981,4,29,4,0
1982,4,29,4,2509.53
1983,4,29,4,1539.44
1984,4,29,4,2564.88
1985,4,29,4,57.577
1986,4,29,4,990.402
1987,4,29,4,3366.2
1988,4,29,4,0
1989,4,29,4,345.535
1990,4,29,4,495.916
1991,4,29,4,1127.46
1992,4,29,4,1951.01
1993,4,29,4,1754.97
1994,4,29,4,1916.79
1995,4,29,4,529.935
1996,4,29,4,6771.69
1997,4,29,4,12112.8
1998,4,29,4,8127.89
1999,4,29,4,20042.4
2000,4,29,4,9410.51
2001,4,29,4,7546.72
2002,4,29,4,6197.45
2003,4,29,4,14909.2
2004,4,29,4,10009.9
2005,4,29,4,8597.01
2006,4,29,4,11585.8
2007,4,29,4,8162.22
2008,4,29,4,8189.34
2009,4,29,4,21373.3
2010,4,29,4,9704.66
2011,4,29,4,9730.16
2012,4,29,4,19663.3
2013,4,29,4,13330.7
2014,4,29,4,11466.4
2015,4,29,4,13746.9
2016,4,29,4,18790.8
2017,4,29,4,14536.2
2018,4,29,4,22672.3
2019,4,29,4,18489
2020,4,29,4,20065.3
2021,4,29,4,9783.4
2022,4,29,4,9518.8
2023,4,29,4,25975.7
2024,4,29,4,12823.2
1952,4,30,4,0
1953,4,30,4,0
1954,4,30,4,0
1955,4,30,4,0
1956,4,30,4,0
1957,4,30,4,0
1958,4,30,4,0
1959,4,30,4,0
1960,4,30,4,0
1961,4,30,4,0
1962,4,30,4,0
1963,4,30,4,0
1964,4,30,4,0
1965,4,30,4,0
1966,4,30,4,0
1967,4,30,4,0
1968,4,30,4,136.661
1969,4,30,4,0
1970,4,30,4,0
1971,4,30,4,0
1972,4,30,4,0
1973,4,30,4,1.778
1974,4,30,4,9.42
1975,4,30,4,9.703
1976,4,30,4,4.122
1977,4,30,4,119.005
1978,4,30,4,18.806
1979,4,30,4,965.553
1980,4,30,4,40.67
1981,4,30,4,1342.5
1982,4,30,4,2528.53
1983,4,30,4,4041.95
1984,4,30,4,2367.27
1985,4,30,4,1626.21
1986,4,30,4,9032.05
1987,4,30,4,3560.19
1988,4,30,4,4561.85
1989,4,30,4,4410.05
1990,4,30,4,3317.21
1991,4,30,4,13743.8
1992,4,30,4,18710.7
1993,4,30,4,23186.1
1994,4,30,4,25584.7
1995,4,30,4,33898
1996,4,30,4,2684.96
1997,4,30,4,33547
1998,4,30,4,45874.2
1999,4,30,4,25506.2
2000,4,30,4,24717.4
2001,4,30,4,12326.6
2002,4,30,4,13366.9
2003,4,30,4,6821.86
2004,4,30,4,5854.15
2005,4,30,4,7665.12
2006,4,30,4,18475.5
2007,4,30,4,12427.4
2008,4,30,4,18835.8
2009,4,30,4,5147.15
2010,4,30,4,24519.8
2011,4,30,4,29349.5
2012,4,30,4,11450.1
2013,4,30,4,15065.6
2014,4,30,4,2800.27
2015,4,30,4,20740.7
2016,4,30,4,10633.6
2017,4,30,4,9894.2
2018,4,30,4,21584.9
2019,4,30,4,14875.2
2020,4,30,4,8359.69
2021,4,30,4,37138
2022,4,30,4,10931.2
2023,4,30,4,4982.82
2024,4,30,4,25130.3
1952,4,31,4,0
1953,4,31,4,0
1954,4,31,4,0
1955,4,31,4,0
1956,4,31,4,0
1957,4,31,4,0
1958,4,31,4,0
1959,4,31,4,0
1960,4,31,4,0
1961,4,31,4,0
1962,4,31,4,0
1963,4,31,4,0
1964,4,31,4,0
1965,4,31,4,0
1966,4,31,4,0
1967,4,31,4,0
1968,4,31,4,0
1969,4,31,4,0
1970,4,31,4,0
1971,4,31,4,0
1972,4,31,4,0
1973,4,31,4,0
1974,4,31,4,0
1975,4,31,4,0
1976,4,31,4,0
1977,4,31,4,0
1978,4,31,4,0
1979,4,31,4,0
1980,4,31,4,0
1981,4,31,4,0
1982,4,31,4,383.472
1983,4,31,4,3246.7
1984,4,31,4,33.575
1985,4,31,4,1114.48
1986,4,31,4,50.498
1987,4,31,4,2863.2
1988,4,31,4,54.543
1989,4,31,4,248.173
1990,4,31,4,6022.01
1991,4,31,4,799.768
1992,4,31,4,326.176
1993,4,31,4,842.145
1994,4,31,4,10587.9
1995,4,31,4,6.888
1996,4,31,4,0.977
1997,4,31,4,15309
1998,4,31,4,1674.33
1999,4,31,4,746.799
2000,4,31,4,6659.22
2001,4,31,4,8401.8
2002,4,31,4,7057.06
2003,4,31,4,2038.98
2004,4,31,4,282.305
2005,4,31,4,15800
2006,4,31,4,3644.07
2007,4,31,4,7469.6
2008,4,31,4,27885.6
2009,4,31,4,3132.62
2010,4,31,4,553.237
2011,4,31,4,9012.12
2012,4,31,4,13486.9
2013,4,31,4,9434.35
2014,4,31,4,32317.1
2015,4,31,4,8811.09
2016,4,31,4,5058.09
2017,4,31,4,10465.6
2018,4,31,4,8471.02
2019,4,31,4,7261.93
2020,4,31,4,13568
2021,4,31,4,8289.83
2022,4,31,4,423.513
2023,4,31,4,7117.44
2024,4,31,4,527.324
1952,4,32,1,1.71319e-05
1953,4,32,1,1.68448e-05
1954,4,32,1,1.62562e-05
1955,4,32,1,1.51034e-05
1956,4,32,1,1.65705e-05
1957,4,32,1,1.6143e-05
1958,4,32,1,1.57875e-05
1959,4,32,1,1.70867e-05
1960,4,32,1,1.60679e-05
1961,4,32,1,1.38203e-05
1962,4,32,1,1.25391e-05
1963,4,32,1,1.2127e-05
1964,4,32,1,1.20441e-05
1965,4,32,1,1.32175e-05
1966,4,32,1,1.17085e-05
1967,4,32,1,1.10869e-05
1968,4,32,1,1.02909e-05
1969,4,32,1,1.14701e-05
1970,4,32,1,1.16362e-05
1971,4,32,1,1.22133e-05
1972,4,32,1,1.0577e-05
1973,4,32,1,1.02762e-05
1974,4,32,1,1.0654e-05
1975,4,32,1,9.55762e-06
1976,4,32,1,9.39117e-06
1977,4,32,1,1.01928e-05
1978,4,32,1,1.10381e-05
1979,4,32,1,1.00484e-05
1980,4,32,1,9.38095e-06
1981,4,32,1,8.94416e-06
1982,4,32,1,9.16319e-06
1983,4,32,1,9.26268e-06
1984,4,32,1,9.09575e-06
1985,4,32,1,8.72446e-06
1986,4,32,1,1.02538e-05
1987,4,32,1,1.00244e-05
1988,4,32,1,9.79263e-06
1989,4,32,1,9.61053e-06
1990,4,32,1,9.02445e-06
1991,4,32,1,8.92784e-06
1992,4,32,1,7.75323e-06
1993,4,32,1,7.18065e-06
1994,4,32,1,6.86411e-06
1995,4,32,1,6.96219e-06
1996,4,32,1,7.23224e-06
1997,4,32,1,6.77747e-06
1998,4,32,1,5.88677e-06
1999,4,32,1,5.09793e-06
2000,4,32,1,4.61802e-06
2001,4,32,1,4.39977e-06
2002,4,32,1,4.05186e-06
2003,4,32,1,3.78032e-06
2004,4,32,1,3.61079e-06
2005,4,32,1,3.5246e-06
2006,4,32,1,3.28898e-06
2007,4,32,1,3.45189e-06
2008,4,32,1,3.65177e-06
2009,4,32,1,3.82216e-06
2010,4,32,1,3.75581e-06
2011,4,32,1,3.56931e-06
2012,4,32,1,3.54977e-06
2013,4,32,1,3.91496e-06
2014,4,32,1,4.33835e-06
2015,4,32,1,4.61091e-06
2016,4,32,1,4.49908e-06
2017,4,32,1,4.39984e-06
2018,4,32,1,4.45638e-06
2019,4,32,1,5.0525e-06
2020,4,32,1,5.50183e-06
2021,4,32,1,5.54782e-06
2022,4,32,1,6.201e-06
2023,4,32,1,5.58596e-06
2024,4,32,1,4.96924e-06
1952,4,33,2,6.64793e-05
1953,4,33,2,6.62182e-05
1954,4,33,2,6.39548e-05
1955,4,33,2,5.618e-05
1956,4,33,2,6.11747e-05
1957,4,33,2,5.86677e-05
1958,4,33,2,5.8724e-05
1959,4,33,2,6.91403e-05
1960,4,33,2,6.47213e-05
1961,4,33,2,5.48353e-05
1962,4,33,2,4.93109e-05
1963,4,33,2,4.67656e-05
1964,4,33,2,4.51949e-05
1965,4,33,2,5.4519e-05
1966,4,33,2,4.42122e-05
1967,4,33,2,4.44302e-05
1968,4,33,2,3.62744e-05
1969,4,33,2,4.20527e-05
1970,4,33,2,3.81663e-05
1971,4,33,2,4.23127e-05
1972,4,33,2,3.37156e-05
1973,4,33,2,3.39141e-05
1974,4,33,2,3.66986e-05
1975,4,33,2,3.11446e-05
1976,4,33,2,3.17491e-05
1977,4,33,2,3.36587e-05
1978,4,33,2,3.52013e-05
1979,4,33,2,2.96259e-05
1980,4,33,2,2.66163e-05
1981,4,33,2,2.33503e-05
1982,4,33,2,2.31852e-05
1983,4,33,2,2.34079e-05
1984,4,33,2,2.39931e-05
1985,4,33,2,2.30164e-05
1986,4,33,2,2.85981e-05
1987,4,33,2,2.66367e-05
1988,4,33,2,2.54867e-05
1989,4,33,2,2.34457e-05
1990,4,33,2,1.98919e-05
1991,4,33,2,1.7838e-05
1992,4,33,2,1.36505e-05
1993,4,33,2,1.21457e-05
1994,4,33,2,1.12948e-05
1995,4,33,2,1.15765e-05
1996,4,33,2,1.22584e-05
1997,4,33,2,1.20441e-05
1998,4,33,2,1.12863e-05
1999,4,33,2,1.07189e-05
2000,4,33,2,1.09026e-05
2001,4,33,2,1.14571e-05
2002,4,33,2,1.1237e-05
2003,4,33,2,1.1449e-05
2004,4,33,2,1.11402e-05
2005,4,33,2,1.14418e-05
2006,4,33,2,1.06754e-05
2007,4,33,2,1.12907e-05
2008,4,33,2,1.1354e-05
2009,4,33,2,1.09122e-05
2010,4,33,2,1.00774e-05
2011,4,33,2,9.21335e-06
2012,4,33,2,9.09628e-06
2013,4,33,2,9.81153e-06
2014,4,33,2,1.03148e-05
2015,4,33,2,1.1178e-05
2016,4,33,2,1.08783e-05
2017,4,33,2,1.04273e-05
2018,4,33,2,9.27283e-06
2019,4,33,2,9.61632e-06
2020,4,33,2,9.57071e-06
2021,4,33,2,7.75006e-06
2022,4,33,2,8.08346e-06
2023,4,33,2,7.0197e-06
2024,4,33,2,6.76484e-06
1952,4,34,3,1.67577e-05
1953,4,34,3,1.72958e-05
1954,4,34,3,1.73873e-05
1955,4,34,3,1.33416e-05
1956,4,34,3,1.77702e-05
1957,4,34,3,1.44793e-05
1958,4,34,3,1.1612e-05
1959,4,34,3,1.34038e-05
1960,4,34,3,1.11303e-05
1961,4,34,3,8.20789e-06
1962,4,34,3,8.34545e-06
1963,4,34,3,9.1239e-06
1964,4,34,3,8.8354e-06
1965,4,34,3,9.73272e-06
1966,4,34,3,6.57929e-06
1967,4,34,3,5.63654e-06
1968,4,34,3,5.10095e-06
1969,4,34,3,6.5349e-06
1970,4,34,3,6.67464e-06
1971,4,34,3,7.1348e-06
1972,4,34,3,5.27487e-06
1973,4,34,3,5.33763e-06
1974,4,34,3,6.27461e-06
1975,4,34,3,5.08706e-06
1976,4,34,3,5.3262e-06
1977,4,34,3,6.61761e-06
1978,4,34,3,7.80918e-06
1979,4,34,3,6.40829e-06
1980,4,34,3,5.86895e-06
1981,4,34,3,5.63194e-06
1982,4,34,3,6.17493e-06
1983,4,34,3,6.25089e-06
1984,4,34,3,6.00819e-06
1985,4,34,3,5.07878e-06
1986,4,34,3,7.00044e-06
1987,4,34,3,6.20784e-06
1988,4,34,3,5.80362e-06
1989,4,34,3,5.47126e-06
1990,4,34,3,4.77198e-06
1991,4,34,3,4.8082e-06
1992,4,34,3,3.93793e-06
1993,4,34,3,3.98594e-06
1994,4,34,3,4.02296e-06
1995,4,34,3,4.19402e-06
1996,4,34,3,4.26397e-06
1997,4,34,3,3.82473e-06
1998,4,34,3,3.08883e-06
1999,4,34,3,2.81448e-06
2000,4,34,3,2.8174e-06
2001,4,34,3,3.02686e-06
2002,4,34,3,2.83881e-06
2003,4,34,3,2.55104e-06
2004,4,34,3,2.58932e-06
2005,4,34,3,2.85115e-06
2006,4,34,3,2.41996e-06
2007,4,34,3,2.66741e-06
2008,4,34,3,2.85633e-06
2009,4,34,3,2.87387e-06
2010,4,34,3,2.37258e-06
2011,4,34,3,2.05064e-06
2012,4,34,3,1.98256e-06
2013,4,34,3,2.28839e-06
2014,4,34,3,2.64677e-06
2015,4,34,3,3.12831e-06
2016,4,34,3,2.90274e-06
2017,4,34,3,2.48832e-06
2018,4,34,3,2.53864e-06
2019,4,34,3,3.3332e-06
2020,4,34,3,3.61159e-06
2021,4,34,3,3.28442e-06
2022,4,34,3,4.56725e-06
2023,4,34,3,3.929e-06
2024,4,34,3,3.12204e-06
1952,4,35,4,8.98503e-05
1953,4,35,4,8.79469e-05
1954,4,35,4,8.66733e-05
1955,4,35,4,7.27584e-05
1956,4,35,4,8.86093e-05
1957,4,35,4,8.51836e-05
1958,4,35,4,7.90643e-05
1959,4,35,4,9.35576e-05
1960,4,35,4,8.57241e-05
1961,4,35,4,6.60821e-05
1962,4,35,4,5.83572e-05
1963,4,35,4,5.76362e-05
1964,4,35,4,5.58076e-05
1965,4,35,4,6.4551e-05
1966,4,35,4,5.38085e-05
1967,4,35,4,4.7308e-05
1968,4,35,4,4.16673e-05
1969,4,35,4,4.68576e-05
1970,4,35,4,4.81477e-05
1971,4,35,4,5.07146e-05
1972,4,35,4,4.19558e-05
1973,4,35,4,3.90128e-05
1974,4,35,4,4.46857e-05
1975,4,35,4,3.97404e-05
1976,4,35,4,3.89306e-05
1977,4,35,4,4.47485e-05
1978,4,35,4,5.18179e-05
1979,4,35,4,4.47444e-05
1980,4,35,4,3.96903e-05
1981,4,35,4,3.6598e-05
1982,4,35,4,3.78331e-05
1983,4,35,4,3.83668e-05
1984,4,35,4,3.82161e-05
1985,4,35,4,3.32906e-05
1986,4,35,4,4.13076e-05
1987,4,35,4,3.76539e-05
1988,4,35,4,3.33191e-05
1989,4,35,4,3.11967e-05
1990,4,35,4,2.59738e-05
1991,4,35,4,2.42067e-05
1992,4,35,4,1.83349e-05
1993,4,35,4,1.5313e-05
1994,4,35,4,1.46397e-05
1995,4,35,4,1.63414e-05
1996,4,35,4,1.86463e-05
1997,4,35,4,1.76528e-05
1998,4,35,4,1.45222e-05
1999,4,35,4,1.34857e-05
2000,4,35,4,1.3411e-05
2001,4,35,4,1.47587e-05
2002,4,35,4,1.42565e-05
2003,4,35,4,1.46639e-05
2004,4,35,4,1.42001e-05
2005,4,35,4,1.44522e-05
2006,4,35,4,1.31405e-05
2007,4,35,4,1.43992e-05
2008,4,35,4,1.55269e-05
2009,4,35,4,1.63071e-05
2010,4,35,4,1.5198e-05
2011,4,35,4,1.38273e-05
2012,4,35,4,1.31476e-05
2013,4,35,4,1.54623e-05
2014,4,35,4,1.6596e-05
2015,4,35,4,1.78543e-05
2016,4,35,4,1.7071e-05
2017,4,35,4,1.56927e-05
2018,4,35,4,1.48131e-05
2019,4,35,4,1.62959e-05
2020,4,35,4,1.8463e-05
2021,4,35,4,1.49794e-05
2022,4,35,4,1.86149e-05
2023,4,35,4,1.72589e-05
2024,4,35,4,1.61893e-05
1952,4,36,5,0
1953,4,36,5,0
1954,4,36,5,3.03872e-05
1955,4,36,5,2.72368e-05
1956,4,36,5,2.86813e-05
1957,4,36,5,2.78727e-05
1958,4,36,5,2.41159e-05
1959,4,36,5,2.40241e-05
1960,4,36,5,2.30774e-05
1961,4,36,5,1.97716e-05
1962,4,36,5,1.79264e-05
1963,4,36,5,1.76509e-05
1964,4,36,5,1.7153e-05
1965,4,36,5,1.74504e-05
1966,4,36,5,1.55553e-05
1967,4,36,5,1.32455e-05
1968,4,36,5,1.20777e-05
1969,4,36,5,1.23927e-05
1970,4,36,5,1.30292e-05
1971,4,36,5,1.34143e-05
1972,4,36,5,1.21832e-05
1973,4,36,5,1.11619e-05
1974,4,36,5,1.16393e-05
1975,4,36,5,1.10499e-05
1976,4,36,5,1.05706e-05
1977,4,36,5,1.15799e-05
1978,4,36,5,1.31362e-05
1979,4,36,5,1.28842e-05
1980,4,36,5,1.18531e-05
1981,4,36,5,1.1229e-05
1982,4,36,5,1.12982e-05
1983,4,36,5,1.14806e-05
1984,4,36,5,1.12936e-05
1985,4,36,5,1.04577e-05
1986,4,36,5,1.152e-05
1987,4,36,5,1.16945e-05
1988,4,36,5,1.10514e-05
1989,4,36,5,1.05911e-05
1990,4,36,5,9.66786e-06
1991,4,36,5,9.15629e-06
1992,4,36,5,8.0788e-06
1993,4,36,5,7.39797e-06
1994,4,36,5,7.0663e-06
1995,4,36,5,7.1094e-06
1996,4,36,5,7.17307e-06
1997,4,36,5,6.86876e-06
1998,4,36,5,6.06095e-06
1999,4,36,5,5.40216e-06
2000,4,36,5,5.16548e-06
2001,4,36,5,5.32406e-06
2002,4,36,5,5.11933e-06
2003,4,36,5,4.81809e-06
2004,4,36,5,4.72036e-06
2005,4,36,5,4.95527e-06
2006,4,36,5,4.66418e-06
2007,4,36,5,4.70731e-06
2008,4,36,5,4.99038e-06
2009,4,36,5,5.09956e-06
2010,4,36,5,4.80126e-06
2011,4,36,5,4.2331e-06
2012,4,36,5,4.00794e-06
2013,4,36,5,4.20258e-06
2014,4,36,5,4.59382e-06
2015,4,36,5,5.08493e-06
2016,4,36,5,5.29743e-06
2017,4,36,5,4.8923e-06
2018,4,36,5,4.72749e-06
2019,4,36,5,5.32287e-06
2020,4,36,5,5.92272e-06
2021,4,36,5,5.95633e-06
2022,4,36,5,6.97816e-06
2023,4,36,5,6.98244e-06
2024,4,36,5,6.12815e-06
