year,area,age,f
1952,1,1,6.3751214e-06
1952,1,2,0.0167943144
1952,1,3,0.0245343701
1952,1,4,0.0306540205
1952,1,5,0.0248637386
1952,1,6,0.0211618132
1952,1,7,0.020335047
1952,1,8,0.017277246
1952,1,9,0.012284182
1952,1,10,0.008116367
1952,1,11,0.005814499
1952,1,12,0.0047793463
1952,1,13,0.0042846394
1952,1,14,0.0040120654
1952,1,15,0.0038434856
1952,1,16,0.0037316785
1952,1,17,0.0036546905
1952,1,18,0.0036006548
1952,1,19,0.0035623889
1952,1,20,0.0035352064
1952,1,21,0.0035159084
1952,1,22,0.0035022509
1952,1,23,0.003492637
1952,1,24,0.0034859177
1952,1,25,0.003481337
1952,1,26,0.0034781067
1952,1,27,0.0034758437
1952,1,28,0.0034742707
1952,1,29,0.0034731892
1952,1,30,0.003472453
1952,1,31,0.0034719604
1952,1,32,0.0034716368
1952,1,33,0.0034714311
1952,1,34,0.0034713051
1952,1,35,0.0034712341
1952,1,36,0.0034711988
1952,1,37,0.0034711876
1952,1,38,0.0034711876
1952,1,39,0.0034711876
1952,1,40,0.0034711876
1953,1,1,8.4249904e-06
1953,1,2,0.0341207593
1953,1,3,0.0512179081
1953,1,4,0.0643157506
1953,1,5,0.0508128465
1953,1,6,0.0411779554
1953,1,7,0.037999889
1953,1,8,0.030758435
1953,1,9,0.019950498
1953,1,10,0.0112134144
1953,1,11,0.0065840722
1953,1,12,0.0046663292
1953,1,13,0.0038591163
1953,1,14,0.0034735497
1953,1,15,0.0032630065
1953,1,16,0.0031358267
1953,1,17,0.0030538418
1953,1,18,0.0029989153
1953,1,19,0.0029613242
1953,1,20,0.0029353321
1953,1,21,0.00291731
1953,1,22,0.0029048495
1953,1,23,0.0028962978
1953,1,24,0.0028904998
1953,1,25,0.0028867891
1953,1,26,0.0028841773
1953,1,27,0.0028823512
1953,1,28,0.002881086
1953,1,29,0.0028802178
1953,1,30,0.0028796301
1953,1,31,0.0028792397
1953,1,32,0.0028789843
1953,1,33,0.0028788246
1953,1,34,0.0028787281
1953,1,35,0.0028786755
1953,1,36,0.0028786521
1953,1,37,0.0028786467
1953,1,38,0.0028786467
1953,1,39,0.0028786467
1953,1,40,0.0028786467
1954,1,1,1.07135718e-05
1954,1,2,0.0350055648
1954,1,3,0.0515353267
1954,1,4,0.0644591282
1954,1,5,0.051769771
1954,1,6,0.043242259
1954,1,7,0.040863962
1954,1,8,0.034009902
1954,1,9,0.02327898
1954,1,10,0.014414132
1954,1,11,0.009549235
1954,1,12,0.007378558
1954,1,13,0.006349938
1954,1,14,0.005786583
1954,1,15,0.005439072
1954,1,16,0.0052087299
1954,1,17,0.0050501071
1954,1,18,0.004938778
1954,1,19,0.0048599669
1954,1,20,0.0048040209
1954,1,21,0.0047643377
1954,1,22,0.0047362855
1954,1,23,0.0047165609
1954,1,24,0.0047027914
1954,1,25,0.004693418
1954,1,26,0.0046868073
1954,1,27,0.0046821743
1954,1,28,0.0046789516
1954,1,29,0.0046767306
1954,1,30,0.0046752165
1954,1,31,0.0046741978
1954,1,32,0.0046735271
1954,1,33,0.0046730955
1954,1,34,0.0046728289
1954,1,35,0.0046726738
1954,1,36,0.0046725927
1954,1,37,0.0046725608
1954,1,38,0.0046725608
1954,1,39,0.0046725608
1954,1,40,0.0046725608
1955,1,1,1.13132777e-05
1955,1,2,0.0271781958
1955,1,3,0.0400325205
1955,1,4,0.0501278032
1955,1,5,0.0404344175
1955,1,6,0.034079893
1955,1,7,0.032506965
1955,1,8,0.027341555
1955,1,9,0.0190416
1955,1,10,0.012133017
1955,1,11,0.008316003
1955,1,12,0.006594065
1955,1,13,0.0057665271
1955,1,14,0.0053076202
1955,1,15,0.0050221814
1955,1,16,0.004832079
1955,1,17,0.0047008208
1955,1,18,0.0046085534
1955,1,19,0.0045431649
1955,1,20,0.0044967082
1955,1,21,0.0044637285
1955,1,22,0.0044403946
1955,1,23,0.0044239708
1955,1,24,0.0044124932
1955,1,25,0.0044046595
1955,1,26,0.0043991387
1955,1,27,0.004395272
1955,1,28,0.0043925851
1955,1,29,0.004390735
1955,1,30,0.0043894767
1955,1,31,0.004388632
1955,1,32,0.004388077
1955,1,33,0.0043877224
1955,1,34,0.004387505
1955,1,35,0.0043873802
1955,1,36,0.0043873168
1955,1,37,0.0043872947
1955,1,38,0.0043872947
1955,1,39,0.0043872947
1955,1,40,0.0043872947
1956,1,1,1.16868635e-05
1956,1,2,0.0225024715
1956,1,3,0.0338303751
1956,1,4,0.0425969265
1956,1,5,0.0339712527
1956,1,6,0.0280853473
1956,1,7,0.026458585
1956,1,8,0.021903098
1956,1,9,0.014739813
1956,1,10,0.008831744
1956,1,11,0.0056156468
1956,1,12,0.0042077146
1956,1,13,0.0035606788
1956,1,14,0.0032184726
1956,1,15,0.0030137414
1956,1,16,0.0028811522
1956,1,17,0.002791361
1956,1,18,0.0027290938
1956,1,19,0.0026854061
1956,1,20,0.0026546103
1956,1,21,0.0026328977
1956,1,22,0.0026176365
1956,1,23,0.0026069685
1956,1,24,0.0025995722
1956,1,25,0.002594598
1956,1,26,0.0025910992
1956,1,27,0.0025886548
1956,1,28,0.00258696
1956,1,29,0.0025857976
1956,1,30,0.0025850086
1956,1,31,0.0025844841
1956,1,32,0.0025841404
1956,1,33,0.0025839243
1956,1,34,0.0025837934
1956,1,35,0.0025837201
1956,1,36,0.0025836862
1956,1,37,0.002583677
1956,1,38,0.002583677
1956,1,39,0.002583677
1956,1,40,0.002583677
1957,1,1,1.21249379e-05
1957,1,2,0.0110052439
1957,1,3,0.016151141
1957,1,4,0.0203317922
1957,1,5,0.0169017513
1957,1,6,0.0150914202
1957,1,7,0.0151735452
1957,1,8,0.013474783
1957,1,9,0.010177594
1957,1,10,0.0072780534
1957,1,11,0.0055780816
1957,1,12,0.0047315931
1957,1,13,0.0042732424
1957,1,14,0.0039921917
1957,1,15,0.0038052563
1957,1,16,0.0036756129
1957,1,17,0.0035839077
1957,1,18,0.0035184643
1957,1,19,0.0034716144
1957,1,20,0.0034380766
1957,1,21,0.0034141168
1957,1,22,0.0033970577
1957,1,23,0.0033849692
1957,1,24,0.0033764555
1957,1,25,0.003370547
1957,1,26,0.0033663871
1957,1,27,0.0033634783
1957,1,28,0.0033614599
1957,1,29,0.0033600744
1957,1,30,0.0033591353
1957,1,31,0.0033585066
1957,1,32,0.0033580957
1957,1,33,0.0033578356
1957,1,34,0.0033576774
1957,1,35,0.0033575898
1957,1,36,0.0033575478
1957,1,37,0.0033575342
1957,1,38,0.0033575342
1957,1,39,0.0033575342
1957,1,40,0.0033575342
1958,1,1,1.3206016e-05
1958,1,2,0.0169251247
1958,1,3,0.0244177563
1958,1,4,0.0305305441
1958,1,5,0.0254039172
1958,1,6,0.022653874
1958,1,7,0.022643941
1958,1,8,0.020036922
1958,1,9,0.01515109
1958,1,10,0.010893324
1958,1,11,0.008417673
1958,1,12,0.007200169
1958,1,13,0.006549289
1958,1,14,0.006153633
1958,1,15,0.005891647
1958,1,16,0.005710292
1958,1,17,0.005582075
1958,1,18,0.0054905648
1958,1,19,0.0054250299
1958,1,20,0.0053780912
1958,1,21,0.0053445398
1958,1,22,0.005320641
1958,1,23,0.0053037006
1958,1,24,0.0052917626
1958,1,25,0.0052834814
1958,1,26,0.0052776468
1958,1,27,0.0052735607
1958,1,28,0.0052707216
1958,1,29,0.0052687701
1958,1,30,0.0052674442
1958,1,31,0.0052665551
1958,1,32,0.0052659732
1958,1,33,0.0052656017
1958,1,34,0.0052653749
1958,1,35,0.0052652469
1958,1,36,0.0052651837
1958,1,37,0.0052651608
1958,1,38,0.0052651608
1958,1,39,0.0052651608
1958,1,40,0.0052651608
1959,1,1,2.5897576e-05
1959,1,2,0.0219004655
1959,1,3,0.0317167488
1959,1,4,0.0398431573
1959,1,5,0.033667546
1959,1,6,0.030923489
1959,1,7,0.031804121
1959,1,8,0.029008426
1959,1,9,0.022908547
1959,1,10,0.017457801
1959,1,11,0.014269212
1959,1,12,0.012704679
1959,1,13,0.011876522
1959,1,14,0.011380416
1959,1,15,0.011056737
1959,1,16,0.01083541
1959,1,17,0.010680347
1959,1,18,0.010570359
1959,1,19,0.010491899
1959,1,20,0.010435837
1959,1,21,0.010395821
1959,1,22,0.010367345
1959,1,23,0.01034718
1959,1,24,0.01033299
1959,1,25,0.010323172
1959,1,26,0.010316264
1959,1,27,0.010311437
1959,1,28,0.0103081
1959,1,29,0.010305813
1959,1,30,0.010304271
1959,1,31,0.010303249
1959,1,32,0.01030259
1959,1,33,0.010302179
1959,1,34,0.010301939
1959,1,35,0.01030181
1959,1,36,0.01030176
1959,1,37,0.010301754
1959,1,38,0.010301754
1959,1,39,0.010301754
1959,1,40,0.010301754
1960,1,1,2.2072982e-05
1960,1,2,0.0137854079
1960,1,3,0.020438311
1960,1,4,0.025904874
1960,1,5,0.021842659
1960,1,6,0.020067744
1960,1,7,0.020773448
1960,1,8,0.019023843
1960,1,9,0.015008172
1960,1,10,0.011387892
1960,1,11,0.009260614
1960,1,12,0.0082120584
1960,1,13,0.0076554135
1960,1,14,0.0073219957
1960,1,15,0.0071049134
1960,1,16,0.0069568806
1960,1,17,0.0068534447
1960,1,18,0.0067802499
1960,1,19,0.0067281403
1960,1,20,0.0066909704
1960,1,21,0.0066644791
1960,1,22,0.0066456532
1960,1,23,0.006632337
1960,1,24,0.0066229781
1960,1,25,0.0066165145
1960,1,26,0.0066119719
1960,1,27,0.0066088058
1960,1,28,0.0066066202
1960,1,29,0.0066051277
1960,1,30,0.0066041241
1960,1,31,0.0066034625
1960,1,32,0.0066030394
1960,1,33,0.0066027798
1960,1,34,0.0066026283
1960,1,35,0.0066025526
1960,1,36,0.006602524
1960,1,37,0.0066025263
1960,1,38,0.0066025263
1960,1,39,0.0066025263
1960,1,40,0.0066025263
1961,1,1,1.6718382e-05
1961,1,2,0.029036462
1961,1,3,0.042890823
1961,1,4,0.05382394
1961,1,5,0.043685664
1961,1,6,0.037326751
1961,1,7,0.036164563
1961,1,8,0.031022007
1961,1,9,0.022353219
1961,1,10,0.015092126
1961,1,11,0.011112479
1961,1,12,0.009361378
1961,1,13,0.008554414
1961,1,14,0.008128318
1961,1,15,0.007874714
1961,1,16,0.007711458
1961,1,17,0.007601433
1961,1,18,0.0075253567
1961,1,19,0.0074720414
1961,1,20,0.0074344497
1961,1,21,0.0074079163
1961,1,22,0.0073892393
1961,1,23,0.0073761643
1961,1,24,0.0073670877
1961,1,25,0.0073609829
1961,1,26,0.0073566866
1961,1,27,0.0073536855
1961,1,28,0.0073516096
1961,1,29,0.0073501918
1961,1,30,0.007349234
1961,1,31,0.0073486021
1961,1,32,0.007348195
1961,1,33,0.0073479438
1961,1,34,0.0073477964
1961,1,35,0.007347721
1961,1,36,0.0073476906
1961,1,37,0.0073476893
1961,1,38,0.0073476893
1961,1,39,0.0073476893
1961,1,40,0.0073476893
1962,1,1,3.0721523e-05
1962,1,2,0.034555012
1962,1,3,0.049293715
1962,1,4,0.061538164
1962,1,5,0.051936659
1962,1,6,0.047447119
1962,1,7,0.048322772
1962,1,8,0.043639883
1962,1,9,0.034076792
1962,1,10,0.02558999
1962,1,11,0.020589502
1962,1,12,0.018087568
1962,1,13,0.01672685
1962,1,14,0.015889956
1962,1,15,0.015332375
1962,1,16,0.014945274
1962,1,17,0.014671186
1962,1,18,0.014475375
1962,1,19,0.014335018
1962,1,20,0.014234398
1962,1,21,0.014162404
1962,1,22,0.014111071
1962,1,23,0.014074643
1962,1,24,0.014048944
1962,1,25,0.014031086
1962,1,26,0.014018501
1962,1,27,0.014009692
1962,1,28,0.014003578
1962,1,29,0.013999375
1962,1,30,0.013996523
1962,1,31,0.013994617
1962,1,32,0.013993372
1962,1,33,0.013992581
1962,1,34,0.013992102
1962,1,35,0.013991835
1962,1,36,0.013991706
1962,1,37,0.013991669
1962,1,38,0.013991669
1962,1,39,0.013991669
1962,1,40,0.013991669
1963,1,1,1.7912899e-05
1963,1,2,0.01464667
1963,1,3,0.021169188
1963,1,4,0.026590131
1963,1,5,0.022528168
1963,1,6,0.020778259
1963,1,7,0.021426101
1963,1,8,0.019578371
1963,1,9,0.015489555
1963,1,10,0.011815116
1963,1,11,0.00964455
1963,1,12,0.008560593
1963,1,13,0.007974569
1963,1,14,0.007617114
1963,1,15,0.007380893
1963,1,16,0.007218
1963,1,17,0.0071032481
1963,1,18,0.0070215685
1963,1,19,0.0069631697
1963,1,20,0.006921377
1963,1,21,0.0068915133
1963,1,22,0.006870242
1963,1,23,0.0068551622
1963,1,24,0.0068445373
1963,1,25,0.0068371679
1963,1,26,0.0068319802
1963,1,27,0.0068283558
1963,1,28,0.0068258462
1963,1,29,0.0068241244
1963,1,30,0.0068229624
1963,1,31,0.0068221908
1963,1,32,0.0068216899
1963,1,33,0.0068213767
1963,1,34,0.0068211908
1963,1,35,0.0068210909
1963,1,36,0.0068210472
1963,1,37,0.0068210393
1963,1,38,0.0068210393
1963,1,39,0.0068210393
1963,1,40,0.0068210393
1964,1,1,1.8729663e-05
1964,1,2,0.026188734
1964,1,3,0.03797282
1964,1,4,0.047512281
1964,1,5,0.039370688
1964,1,6,0.03489952
1964,1,7,0.03480733
1964,1,8,0.030835451
1964,1,9,0.023439631
1964,1,10,0.017078972
1964,1,11,0.01349966
1964,1,12,0.011851533
1964,1,13,0.011043635
1964,1,14,0.010590484
1964,1,15,0.010307939
1964,1,16,0.010120167
1964,1,17,0.009990904
1964,1,18,0.009900221
1964,1,19,0.009835997
1964,1,20,0.009790339
1964,1,21,0.009757881
1964,1,22,0.009734872
1964,1,23,0.009718645
1964,1,24,0.009707285
1964,1,25,0.009699511
1964,1,26,0.009694038
1964,1,27,0.009690211
1964,1,28,0.009687564
1964,1,29,0.009685749
1964,1,30,0.009684525
1964,1,31,0.009683716
1964,1,32,0.009683192
1964,1,33,0.009682866
1964,1,34,0.009682676
1964,1,35,0.009682576
1964,1,36,0.009682535
1964,1,37,0.009682533
1964,1,38,0.009682533
1964,1,39,0.009682533
1964,1,40,0.009682533
1965,1,1,1.5529508e-05
1965,1,2,0.018797694
1965,1,3,0.026801959
1965,1,4,0.033439473
1965,1,5,0.028213534
1965,1,6,0.02577396
1965,1,7,0.026277188
1965,1,8,0.023818541
1965,1,9,0.018756788
1965,1,10,0.014294452
1965,1,11,0.011718173
1965,1,12,0.010480165
1965,1,13,0.00984003
1965,1,14,0.009463492
1965,1,15,0.009220593
1965,1,16,0.009055548
1965,1,17,0.008940295
1965,1,18,0.008858672
1965,1,19,0.008800481
1965,1,20,0.008758903
1965,1,21,0.008729224
1965,1,22,0.008708102
1965,1,23,0.008693143
1965,1,24,0.008682619
1965,1,25,0.008675351
1965,1,26,0.008670229
1965,1,27,0.008666647
1965,1,28,0.008664166
1965,1,29,0.008662465
1965,1,30,0.008661315
1965,1,31,0.008660552
1965,1,32,0.008660057
1965,1,33,0.008659747
1965,1,34,0.008659566
1965,1,35,0.008659468
1965,1,36,0.008659426
1965,1,37,0.00865942
1965,1,38,0.00865942
1965,1,39,0.00865942
1965,1,40,0.00865942
1966,1,1,2.3465154e-05
1966,1,2,0.017806807
1966,1,3,0.024215985
1966,1,4,0.030013236
1966,1,5,0.02678957
1966,1,6,0.026658824
1966,1,7,0.028756603
1966,1,8,0.027431856
1966,1,9,0.023118228
1966,1,10,0.018941981
1966,1,11,0.016266661
1966,1,12,0.014762254
1966,1,13,0.013845519
1966,1,14,0.013235084
1966,1,15,0.012808767
1966,1,16,0.012504691
1966,1,17,0.012285921
1966,1,18,0.012128046
1966,1,19,0.012014105
1966,1,20,0.011932001
1966,1,21,0.011873005
1966,1,22,0.01183077
1966,1,23,0.011800671
1966,1,24,0.011779338
1966,1,25,0.011764376
1966,1,26,0.011753828
1966,1,27,0.011746442
1966,1,28,0.011741314
1966,1,29,0.011737787
1966,1,30,0.011735392
1966,1,31,0.011733789
1966,1,32,0.011732739
1966,1,33,0.011732073
1966,1,34,0.011731669
1966,1,35,0.011731442
1966,1,36,0.011731331
1966,1,37,0.011731297
1966,1,38,0.011731297
1966,1,39,0.011731297
1966,1,40,0.011731297
1967,1,1,2.141459e-05
1967,1,2,0.022310414
1967,1,3,0.032113408
1967,1,4,0.040201372
1967,1,5,0.03380567
1967,1,6,0.030738447
1967,1,7,0.03127051
1967,1,8,0.028213735
1967,1,9,0.021976086
1967,1,10,0.016461467
1967,1,11,0.013244483
1967,1,12,0.011665325
1967,1,13,0.010826372
1967,1,14,0.010320812
1967,1,15,0.009988893
1967,1,16,0.009760712
1967,1,17,0.009600191
1967,1,18,0.009486003
1967,1,19,0.009404387
1967,1,20,0.009345994
1967,1,21,0.009304279
1967,1,22,0.009274574
1967,1,23,0.009253524
1967,1,24,0.0092387
1967,1,25,0.009228429
1967,1,26,0.009221196
1967,1,27,0.009216137
1967,1,28,0.009212628
1967,1,29,0.009210223
1967,1,30,0.009208593
1967,1,31,0.009207508
1967,1,32,0.009206801
1967,1,33,0.009206358
1967,1,34,0.009206092
1967,1,35,0.009205947
1967,1,36,0.009205879
1967,1,37,0.009205865
1967,1,38,0.009205865
1967,1,39,0.009205865
1967,1,40,0.009205865
1968,1,1,2.0513634e-05
1968,1,2,0.018914756
1968,1,3,0.024965798
1968,1,4,0.030639242
1968,1,5,0.0277267
1968,1,6,0.028023852
1968,1,7,0.030336083
1968,1,8,0.029025264
1968,1,9,0.024629584
1968,1,10,0.020309588
1968,1,11,0.017459969
1968,1,12,0.015786141
1968,1,13,0.014724029
1968,1,14,0.013996532
1968,1,15,0.013479319
1968,1,16,0.013106257
1968,1,17,0.012835923
1968,1,18,0.012639936
1968,1,19,0.01249806
1968,1,20,0.012395617
1968,1,21,0.012321895
1968,1,22,0.012269051
1968,1,23,0.012231344
1968,1,24,0.012204577
1968,1,25,0.012185752
1968,1,26,0.012172471
1968,1,27,0.012163163
1968,1,28,0.012156689
1968,1,29,0.012152227
1968,1,30,0.012149186
1968,1,31,0.012147145
1968,1,32,0.0121458
1968,1,33,0.012144937
1968,1,34,0.012144407
1968,1,35,0.012144101
1968,1,36,0.012143944
1968,1,37,0.012143884
1968,1,38,0.012143884
1968,1,39,0.012143884
1968,1,40,0.012143884
1969,1,1,2.0666362e-05
1969,1,2,0.023408508
1969,1,3,0.03353359
1969,1,4,0.041901461
1969,1,5,0.035232934
1969,1,6,0.031996274
1969,1,7,0.032454268
1969,1,8,0.02918034
1969,1,9,0.022624044
1969,1,10,0.016831408
1969,1,11,0.013432428
1969,1,12,0.011742124
1969,1,13,0.010828856
1969,1,14,0.010269967
1969,1,15,0.009898767
1969,1,16,0.009641537
1969,1,17,0.009459608
1969,1,18,0.009329736
1969,1,19,0.009236697
1969,1,20,0.00917003
1969,1,21,0.009122349
1969,1,22,0.009088365
1969,1,23,0.00906426
1969,1,24,0.009047262
1969,1,25,0.009035458
1969,1,26,0.009027142
1969,1,27,0.009021322
1969,1,28,0.009017282
1969,1,29,0.009014505
1969,1,30,0.009012618
1969,1,31,0.009011361
1969,1,32,0.009010538
1969,1,33,0.009010016
1969,1,34,0.009009699
1969,1,35,0.009009522
1969,1,36,0.009009437
1969,1,37,0.009009411
1969,1,38,0.009009411
1969,1,39,0.009009411
1969,1,40,0.009009411
1970,1,1,3.7119073e-05
1970,1,2,0.020165508
1970,1,3,0.029026966
1970,1,4,0.036643885
1970,1,5,0.032059633
1970,1,6,0.031250548
1970,1,7,0.033752706
1970,1,8,0.032327677
1970,1,9,0.02728088
1970,1,10,0.022502662
1970,1,11,0.019657973
1970,1,12,0.018256313
1970,1,13,0.017521153
1970,1,14,0.017089701
1970,1,15,0.016814985
1970,1,16,0.016631242
1970,1,17,0.016504687
1970,1,18,0.016415966
1970,1,19,0.01635313
1970,1,20,0.016308409
1970,1,21,0.016276548
1970,1,22,0.016253898
1970,1,23,0.016237872
1970,1,24,0.016226614
1970,1,25,0.016218858
1970,1,26,0.016213414
1970,1,27,0.016209632
1970,1,28,0.016207033
1970,1,29,0.016205274
1970,1,30,0.016204108
1970,1,31,0.016203354
1970,1,32,0.016202887
1970,1,33,0.016202614
1970,1,34,0.016202472
1970,1,35,0.016202416
1970,1,36,0.016202414
1970,1,37,0.016202446
1970,1,38,0.016202446
1970,1,39,0.016202446
1970,1,40,0.016202446
1971,1,1,1.8876426e-05
1971,1,2,0.025775776
1971,1,3,0.036998867
1971,1,4,0.046191756
1971,1,5,0.038590672
1971,1,6,0.034661805
1971,1,7,0.034866653
1971,1,8,0.031152257
1971,1,9,0.024000885
1971,1,10,0.017779168
1971,1,11,0.014217428
1971,1,12,0.012523785
1971,1,13,0.011657387
1971,1,14,0.011151485
1971,1,15,0.010826321
1971,1,16,0.010605698
1971,1,17,0.010451721
1971,1,18,0.010342712
1971,1,19,0.010265032
1971,1,20,0.010209563
1971,1,21,0.010169994
1971,1,22,0.010141855
1971,1,23,0.010121944
1971,1,24,0.010107947
1971,1,25,0.010098293
1971,1,26,0.01009149
1971,1,27,0.010086731
1971,1,28,0.01008343
1971,1,29,0.010081164
1971,1,30,0.010079631
1971,1,31,0.010078611
1971,1,32,0.010077948
1971,1,33,0.01007753
1971,1,34,0.010077282
1971,1,35,0.010077147
1971,1,36,0.010077085
1971,1,37,0.010077072
1971,1,38,0.010077072
1971,1,39,0.010077072
1971,1,40,0.010077072
1972,1,1,1.9627646e-05
1972,1,2,0.033089315
1972,1,3,0.047382647
1972,1,4,0.059040456
1972,1,5,0.049057835
1972,1,6,0.043576127
1972,1,7,0.043315311
1972,1,8,0.038165494
1972,1,9,0.028780549
1972,1,10,0.020668964
1972,1,11,0.015995212
1972,1,12,0.013730498
1972,1,13,0.012539759
1972,1,14,0.011825129
1972,1,15,0.0113556071
1972,1,16,0.0110319869
1972,1,17,0.010803704
1972,1,18,0.0106409662
1972,1,19,0.0105244845
1972,1,20,0.0104410772
1972,1,21,0.0103814678
1972,1,22,0.0103390124
1972,1,23,0.0103089219
1972,1,24,0.0102877279
1972,1,25,0.0102730434
1972,1,26,0.010262687
1972,1,27,0.0102554324
1972,1,28,0.0102503914
1972,1,29,0.0102469196
1972,1,30,0.0102445581
1972,1,31,0.0102429757
1972,1,32,0.0102419361
1972,1,33,0.0102412722
1972,1,34,0.0102408669
1972,1,35,0.0102406347
1972,1,36,0.010240519
1972,1,37,0.0102404782
1972,1,38,0.0102404782
1972,1,39,0.0102404782
1972,1,40,0.0102404782
1973,1,1,1.8758347e-05
1973,1,2,0.030776795
1973,1,3,0.041729575
1973,1,4,0.051317575
1973,1,5,0.044570804
1973,1,6,0.042388209
1973,1,7,0.044018814
1973,1,8,0.040596453
1973,1,9,0.032918448
1973,1,10,0.025900534
1973,1,11,0.021582212
1973,1,12,0.019264019
1973,1,13,0.017903534
1973,1,14,0.017016017
1973,1,15,0.016401473
1973,1,16,0.01596437
1973,1,17,0.015650057
1973,1,18,0.015423197
1973,1,19,0.015259427
1973,1,20,0.015141403
1973,1,21,0.015056596
1973,1,22,0.014995892
1973,1,23,0.014952645
1973,1,24,0.014922002
1973,1,25,0.014900538
1973,1,26,0.014885388
1973,1,27,0.014874764
1973,1,28,0.01486737
1973,1,29,0.014862271
1973,1,30,0.014858794
1973,1,31,0.014856456
1973,1,32,0.014854915
1973,1,33,0.014853925
1973,1,34,0.014853313
1973,1,35,0.01485296
1973,1,36,0.014852776
1973,1,37,0.014852704
1973,1,38,0.014852704
1973,1,39,0.014852704
1973,1,40,0.014852704
1974,1,1,2.6413846e-05
1974,1,2,0.026751061
1974,1,3,0.035082636
1974,1,4,0.042948923
1974,1,5,0.039032753
1974,1,6,0.039696963
1974,1,7,0.043175781
1974,1,8,0.041625333
1974,1,9,0.035800671
1974,1,10,0.030070649
1974,1,11,0.026356032
1974,1,12,0.024238658
1974,1,13,0.022933042
1974,1,14,0.022056693
1974,1,15,0.021441686
1974,1,16,0.021001665
1974,1,17,0.020684373
1974,1,18,0.020454985
1974,1,19,0.020289163
1974,1,20,0.020169499
1974,1,21,0.02008339
1974,1,22,0.02002166
1974,1,23,0.019977613
1974,1,24,0.01994635
1974,1,25,0.019924389
1974,1,26,0.019908894
1974,1,27,0.019898036
1974,1,28,0.019890487
1974,1,29,0.019885292
1974,1,30,0.019881758
1974,1,31,0.019879391
1974,1,32,0.01987784
1974,1,33,0.019876853
1974,1,34,0.019876251
1974,1,35,0.019875911
1974,1,36,0.019875742
1974,1,37,0.019875688
1974,1,38,0.019875688
1974,1,39,0.019875688
1974,1,40,0.019875688
1975,1,1,3.9810719e-05
1975,1,2,0.030110394
1975,1,3,0.043123436
1975,1,4,0.054100612
1975,1,5,0.046302691
1975,1,6,0.043384091
1975,1,7,0.045188707
1975,1,8,0.041643683
1975,1,9,0.033311789
1975,1,10,0.025690346
1975,1,11,0.021072736
1975,1,12,0.018667585
1975,1,13,0.017305049
1975,1,14,0.016442523
1975,1,15,0.015858204
1975,1,16,0.015448879
1975,1,17,0.015157647
1975,1,18,0.014949024
1975,1,19,0.014799243
1975,1,20,0.014691749
1975,1,21,0.01461477
1975,1,22,0.014559837
1975,1,23,0.014520815
1975,1,24,0.014493257
1975,1,25,0.014474046
1975,1,26,0.014460519
1975,1,27,0.01445106
1975,1,28,0.0144445
1975,1,29,0.014439995
1975,1,30,0.014436944
1975,1,31,0.01443491
1975,1,32,0.014433583
1975,1,33,0.014432745
1975,1,34,0.014432242
1975,1,35,0.014431962
1975,1,36,0.014431832
1975,1,37,0.014431798
1975,1,38,0.014431798
1975,1,39,0.014431798
1975,1,40,0.014431798
1976,1,1,5.0765157e-05
1976,1,2,0.03533269
1976,1,3,0.050080513
1976,1,4,0.062747562
1976,1,5,0.054400131
1976,1,6,0.052007669
1976,1,7,0.054922269
1976,1,8,0.051286392
1976,1,9,0.041795571
1976,1,10,0.032940161
1976,1,11,0.027474548
1976,1,12,0.024553242
1976,1,13,0.022856058
1976,1,14,0.021762606
1976,1,15,0.021014077
1976,1,16,0.02048657
1976,1,17,0.020109912
1976,1,18,0.01983948
1976,1,19,0.019645015
1976,1,20,0.019505284
1976,1,21,0.019405117
1976,1,22,0.019333568
1976,1,23,0.019282692
1976,1,24,0.01924672
1976,1,25,0.019221592
1976,1,26,0.019203896
1976,1,27,0.01919152
1976,1,28,0.019182934
1976,1,29,0.019177042
1976,1,30,0.019173045
1976,1,31,0.019170382
1976,1,32,0.019168644
1976,1,33,0.019167546
1976,1,34,0.019166886
1976,1,35,0.019166521
1976,1,36,0.019166348
1976,1,37,0.019166303
1976,1,38,0.019166303
1976,1,39,0.019166303
1976,1,40,0.019166303
1977,1,1,8.215097e-05
1977,1,2,0.026944302
1977,1,3,0.039921209
1977,1,4,0.05122808
1977,1,5,0.045427178
1977,1,6,0.045332051
1977,1,7,0.049917364
1977,1,8,0.048037464
1977,1,9,0.040054485
1977,1,10,0.032065626
1977,1,11,0.026817045
1977,1,12,0.023775065
1977,1,13,0.021878466
1977,1,14,0.020601322
1977,1,15,0.019705954
1977,1,16,0.019067122
1977,1,17,0.018608077
1977,1,18,0.018277456
1977,1,19,0.018039365
1977,1,20,0.017868186
1977,1,21,0.017745453
1977,1,22,0.017657767
1977,1,23,0.017595396
1977,1,24,0.017551265
1977,1,25,0.017520346
1977,1,26,0.017498604
1977,1,27,0.017483423
1977,1,28,0.017472912
1977,1,29,0.017465707
1977,1,30,0.017460833
1977,1,31,0.017457592
1977,1,32,0.017455485
1977,1,33,0.01745416
1977,1,34,0.017453367
1977,1,35,0.017452934
1977,1,36,0.017452736
1977,1,37,0.017452691
1977,1,38,0.017452691
1977,1,39,0.017452691
1977,1,40,0.017452691
1978,1,1,9.79106e-05
1978,1,2,0.035295083
1978,1,3,0.05283848
1978,1,4,0.06778462
1978,1,5,0.059068996
1978,1,6,0.057430225
1978,1,7,0.062199045
1978,1,8,0.059022073
1978,1,9,0.048334139
1978,1,10,0.037951434
1978,1,11,0.031318629
1978,1,12,0.027610275
1978,1,13,0.025369499
1978,1,14,0.023890974
1978,1,15,0.022866645
1978,1,16,0.022140854
1978,1,17,0.02162153
1978,1,18,0.021248509
1978,1,19,0.020980383
1978,1,20,0.020787875
1978,1,21,0.020649999
1978,1,22,0.020551594
1978,1,23,0.020481673
1978,1,24,0.020432257
1978,1,25,0.020397708
1978,1,26,0.020373424
1978,1,27,0.020356473
1978,1,28,0.020344744
1978,1,29,0.02033671
1978,1,30,0.020331282
1978,1,31,0.020327675
1978,1,32,0.020325336
1978,1,33,0.020323869
1978,1,34,0.020322996
1978,1,35,0.020322524
1978,1,36,0.020322313
1978,1,37,0.020322272
1978,1,38,0.020322272
1978,1,39,0.020322272
1978,1,40,0.020322272
1979,1,1,7.7112374e-05
1979,1,2,0.039983915
1979,1,3,0.055321074
1979,1,4,0.069250972
1979,1,5,0.062375149
1979,1,6,0.063117262
1979,1,7,0.069216194
1979,1,8,0.066802973
1979,1,9,0.056754917
1979,1,10,0.046731368
1979,1,11,0.040155194
1979,1,12,0.036349485
1979,1,13,0.033976102
1979,1,14,0.032374728
1979,1,15,0.031249251
1979,1,16,0.030444259
1979,1,17,0.029864471
1979,1,18,0.02944596
1979,1,19,0.029143954
1979,1,20,0.028926394
1979,1,21,0.028770123
1979,1,22,0.028658283
1979,1,23,0.028578598
1979,1,24,0.028522124
1979,1,25,0.028482497
1979,1,26,0.028454579
1979,1,27,0.028435056
1979,1,28,0.02842152
1979,1,29,0.028412216
1979,1,30,0.0284059
1979,1,31,0.02840169
1979,1,32,0.028398944
1979,1,33,0.028397203
1979,1,34,0.028396144
1979,1,35,0.028395566
1979,1,36,0.028395285
1979,1,37,0.028395207
1979,1,38,0.028395207
1979,1,39,0.028395207
1979,1,40,0.028395207
1980,1,1,6.1082399e-05
1980,1,2,0.040799153
1980,1,3,0.054646028
1980,1,4,0.067595008
1980,1,5,0.061486689
1980,1,6,0.062810818
1980,1,7,0.068830137
1980,1,8,0.066517739
1980,1,9,0.056937212
1980,1,10,0.04734476
1980,1,11,0.040986109
1980,1,12,0.037248556
1980,1,13,0.034882595
1980,1,14,0.033268379
1980,1,15,0.032125248
1980,1,16,0.031303382
1980,1,17,0.030709307
1980,1,18,0.030279375
1980,1,19,0.029968525
1980,1,20,0.029744267
1980,1,21,0.029582977
1980,1,22,0.029467415
1980,1,23,0.029384998
1980,1,24,0.029326525
1980,1,25,0.029285424
1980,1,26,0.029256457
1980,1,27,0.029236166
1980,1,28,0.029222068
1980,1,29,0.029212372
1980,1,30,0.029205778
1980,1,31,0.029201361
1980,1,32,0.029198468
1980,1,33,0.029196625
1980,1,34,0.0291955
1980,1,35,0.029194865
1980,1,36,0.029194552
1980,1,37,0.029194447
1980,1,38,0.029194447
1980,1,39,0.029194447
1980,1,40,0.029194447
1981,1,1,4.8148185e-05
1981,1,2,0.049886415
1981,1,3,0.071718346
1981,1,4,0.089759817
1981,1,5,0.075562216
1981,1,6,0.068824654
1981,1,7,0.070092344
1981,1,8,0.063304374
1981,1,9,0.049381225
1981,1,10,0.037050996
1981,1,11,0.029839961
1981,1,12,0.026284555
1981,1,13,0.024385729
1981,1,14,0.023236391
1981,1,15,0.022479474
1981,1,16,0.021958089
1981,1,17,0.021590837
1981,1,18,0.021329374
1981,1,19,0.02114239
1981,1,20,0.02100856
1981,1,21,0.020912925
1981,1,22,0.020844807
1981,1,23,0.020796522
1981,1,24,0.020762504
1981,1,25,0.020738921
1981,1,26,0.02072231
1981,1,27,0.020710694
1981,1,28,0.020702638
1981,1,29,0.02069711
1981,1,30,0.020693364
1981,1,31,0.02069087
1981,1,32,0.020689246
1981,1,33,0.020688221
1981,1,34,0.020687609
1981,1,35,0.020687272
1981,1,36,0.020687119
1981,1,37,0.020687081
1981,1,38,0.020687081
1981,1,39,0.020687081
1981,1,40,0.020687081
1982,1,1,4.2898678e-05
1982,1,2,0.041848485
1982,1,3,0.061509552
1982,1,4,0.077411675
1982,1,5,0.064194356
1982,1,6,0.057107089
1982,1,7,0.057324456
1982,1,8,0.050956203
1982,1,9,0.038664765
1982,1,10,0.027955506
1982,1,11,0.02181436
1982,1,12,0.018884987
1982,1,13,0.017381778
1982,1,14,0.016502664
1982,1,15,0.015937551
1982,1,16,0.015554407
1982,1,17,0.015287325
1982,1,18,0.015098518
1982,1,19,0.014964182
1982,1,20,0.014868412
1982,1,21,0.014800198
1982,1,22,0.014751762
1982,1,23,0.014717538
1982,1,24,0.014693514
1982,1,25,0.014676964
1982,1,26,0.014665321
1982,1,27,0.014657188
1982,1,28,0.014651558
1982,1,29,0.014647701
1982,1,30,0.014645096
1982,1,31,0.014643368
1982,1,32,0.014642249
1982,1,33,0.014641549
1982,1,34,0.014641135
1982,1,35,0.014640914
1982,1,36,0.014640817
1982,1,37,0.014640802
1982,1,38,0.014640802
1982,1,39,0.014640802
1982,1,40,0.014640802
1983,1,1,5.7839849e-05
1983,1,2,0.043727299
1983,1,3,0.06289417
1983,1,4,0.078975653
1983,1,5,0.067284806
1983,1,6,0.062569866
1983,1,7,0.064790304
1983,1,8,0.059271955
1983,1,9,0.046830057
1983,1,10,0.035489623
1983,1,11,0.028590082
1983,1,12,0.024959399
1983,1,13,0.022877026
1983,1,14,0.021544876
1983,1,15,0.020635513
1983,1,16,0.019995203
1983,1,17,0.019538108
1983,1,18,0.019209996
1983,1,19,0.018974143
1983,1,20,0.018804773
1983,1,21,0.018683441
1983,1,22,0.018596838
1983,1,23,0.018535308
1983,1,24,0.018491834
1983,1,25,0.018461499
1983,1,26,0.018440135
1983,1,27,0.018425191
1983,1,28,0.01841482
1983,1,29,0.018407694
1983,1,30,0.018402856
1983,1,31,0.018399623
1983,1,32,0.018397508
1983,1,33,0.018396166
1983,1,34,0.018395352
1983,1,35,0.018394893
1983,1,36,0.018394671
1983,1,37,0.018394602
1983,1,38,0.018394602
1983,1,39,0.018394602
1983,1,40,0.018394602
1984,1,1,5.0458331e-05
1984,1,2,0.054860566
1984,1,3,0.077288525
1984,1,4,0.09622625
1984,1,5,0.082039552
1984,1,6,0.076105741
1984,1,7,0.078209817
1984,1,8,0.071192968
1984,1,9,0.056229148
1984,1,10,0.042738013
1984,1,11,0.034589586
1984,1,12,0.030338784
1984,1,13,0.027917526
1984,1,14,0.026373353
1984,1,15,0.025319727
1984,1,16,0.024577306
1984,1,17,0.02404673
1984,1,18,0.023665453
1984,1,19,0.023391105
1984,1,20,0.023193901
1984,1,21,0.023052523
1984,1,22,0.022951537
1984,1,23,0.022879733
1984,1,24,0.022828971
1984,1,25,0.022793532
1984,1,26,0.022768552
1984,1,27,0.022751056
1984,1,28,0.022738899
1984,1,29,0.022730528
1984,1,30,0.02272483
1984,1,31,0.02272102
1984,1,32,0.022718511
1984,1,33,0.022716914
1984,1,34,0.022715931
1984,1,35,0.022715378
1984,1,36,0.022715096
1984,1,37,0.022714995
1984,1,38,0.022714995
1984,1,39,0.022714995
1984,1,40,0.022714995
1985,1,1,4.4250868e-05
1985,1,2,0.05335709
1985,1,3,0.070047172
1985,1,4,0.085616052
1985,1,5,0.076944723
1985,1,6,0.076847256
1985,1,7,0.082251748
1985,1,8,0.077898605
1985,1,9,0.065371248
1985,1,10,0.053261449
1985,1,11,0.045313728
1985,1,12,0.040652646
1985,1,13,0.03769162
1985,1,14,0.035658115
1985,1,15,0.034208327
1985,1,16,0.033160134
1985,1,17,0.032399241
1985,1,18,0.031846939
1985,1,19,0.031446807
1985,1,20,0.031157768
1985,1,21,0.030949694
1985,1,22,0.030800508
1985,1,23,0.03069405
1985,1,24,0.030618449
1985,1,25,0.030565268
1985,1,26,0.030527735
1985,1,27,0.030501421
1985,1,28,0.030483085
1985,1,29,0.030470442
1985,1,30,0.030461817
1985,1,31,0.030456008
1985,1,32,0.030452168
1985,1,33,0.030449697
1985,1,34,0.030448163
1985,1,35,0.030447275
1985,1,36,0.03044679
1985,1,37,0.030446606
1985,1,38,0.030446606
1985,1,39,0.030446606
1985,1,40,0.030446606
1986,1,1,4.9771392e-05
1986,1,2,0.032772151
1986,1,3,0.04662889
1986,1,4,0.058526041
1986,1,5,0.050861076
1986,1,6,0.048883839
1986,1,7,0.051964138
1986,1,8,0.048928818
1986,1,9,0.040377475
1986,1,10,0.032384089
1986,1,11,0.027526868
1986,1,12,0.025011588
1986,1,13,0.023602796
1986,1,14,0.022722472
1986,1,15,0.022132925
1986,1,16,0.021723597
1986,1,17,0.021434179
1986,1,18,0.021227685
1986,1,19,0.021079778
1986,1,20,0.020973755
1986,1,21,0.020897871
1986,1,22,0.02084373
1986,1,23,0.020805282
1986,1,24,0.020778138
1986,1,25,0.020759247
1986,1,26,0.020745952
1986,1,27,0.020736665
1986,1,28,0.020730239
1986,1,29,0.02072584
1986,1,30,0.020722875
1986,1,31,0.020720909
1986,1,32,0.020719642
1986,1,33,0.020718855
1986,1,34,0.020718393
1986,1,35,0.02071815
1986,1,36,0.020718051
1986,1,37,0.020718043
1986,1,38,0.020718043
1986,1,39,0.020718043
1986,1,40,0.020718043
1987,1,1,4.5946266e-05
1987,1,2,0.035690212
1987,1,3,0.051230908
1987,1,4,0.064290008
1987,1,5,0.054932869
1987,1,6,0.051369765
1987,1,7,0.053503968
1987,1,8,0.049397957
1987,1,9,0.039690383
1987,1,10,0.030864161
1987,1,11,0.025607173
1987,1,12,0.022954065
1987,1,13,0.021504688
1987,1,14,0.020614242
1987,1,15,0.020023467
1987,1,16,0.019615258
1987,1,17,0.019327376
1987,1,18,0.019122308
1987,1,19,0.018975595
1987,1,20,0.018870541
1987,1,21,0.018795426
1987,1,22,0.018741888
1987,1,23,0.018703909
1987,1,24,0.018677132
1987,1,25,0.018658536
1987,1,26,0.018645445
1987,1,27,0.018636301
1987,1,28,0.018629968
1987,1,29,0.01862563
1987,1,30,0.018622699
1987,1,31,0.018620756
1987,1,32,0.018619498
1987,1,33,0.018618713
1987,1,34,0.018618248
1987,1,35,0.018618
1987,1,36,0.018617894
1987,1,37,0.018617879
1987,1,38,0.018617879
1987,1,39,0.018617879
1987,1,40,0.018617879
1988,1,1,5.6249687e-05
1988,1,2,0.035274522
1988,1,3,0.05047333
1988,1,4,0.063479359
1988,1,5,0.055121059
1988,1,6,0.052970436
1988,1,7,0.056407112
1988,1,8,0.053221804
1988,1,9,0.044023429
1988,1,10,0.035427679
1988,1,11,0.030241699
1988,1,12,0.027594522
1988,1,13,0.026137395
1988,1,14,0.025240608
1988,1,15,0.024646812
1988,1,16,0.024237791
1988,1,17,0.023950147
1988,1,18,0.02374565
1988,1,19,0.023599513
1988,1,20,0.02349492
1988,1,21,0.023420137
1988,1,22,0.023366827
1988,1,23,0.023329001
1988,1,24,0.02330233
1988,1,25,0.023283807
1988,1,26,0.023270777
1988,1,27,0.023261685
1988,1,28,0.023255402
1988,1,29,0.023251111
1988,1,30,0.023248224
1988,1,31,0.023246321
1988,1,32,0.023245101
1988,1,33,0.02324435
1988,1,34,0.023243918
1988,1,35,0.023243696
1988,1,36,0.023243616
1988,1,37,0.023243622
1988,1,38,0.023243622
1988,1,39,0.023243622
1988,1,40,0.023243622
1989,1,1,4.296436e-05
1989,1,2,0.041318288
1989,1,3,0.057819828
1989,1,4,0.071962845
1989,1,5,0.06210432
1989,1,6,0.058799905
1989,1,7,0.061431889
1989,1,8,0.056945394
1989,1,9,0.046220206
1989,1,10,0.036400596
1989,1,11,0.030462062
1989,1,12,0.02738241
1989,1,13,0.025645856
1989,1,14,0.024550078
1989,1,15,0.023809066
1989,1,16,0.023290377
1989,1,17,0.022921371
1989,1,18,0.022656941
1989,1,19,0.022466966
1989,1,20,0.022330514
1989,1,21,0.022232709
1989,1,22,0.022162852
1989,1,23,0.022113186
1989,1,24,0.022078084
1989,1,25,0.022053603
1989,1,26,0.022036349
1989,1,27,0.022024274
1989,1,28,0.022015893
1989,1,29,0.022010135
1989,1,30,0.02200623
1989,1,31,0.022003624
1989,1,32,0.022001925
1989,1,33,0.02200085
1989,1,34,0.022000202
1989,1,35,0.021999842
1989,1,36,0.021999674
1989,1,37,0.021999628
1989,1,38,0.021999628
1989,1,39,0.021999628
1989,1,40,0.021999628
1990,1,1,3.8521385e-05
1990,1,2,0.028810549
1990,1,3,0.039326724
1990,1,4,0.048801971
1990,1,5,0.043457234
1990,1,6,0.043095873
1990,1,7,0.04639535
1990,1,8,0.044162397
1990,1,9,0.0370895
1990,1,10,0.030262147
1990,1,11,0.025894593
1990,1,12,0.023441494
1990,1,13,0.021948006
1990,1,14,0.020954065
1990,1,15,0.020260134
1990,1,16,0.01976529
1990,1,17,0.019409335
1990,1,18,0.019152516
1990,1,19,0.018967203
1990,1,20,0.0188337
1990,1,21,0.018737788
1990,1,22,0.018669137
1990,1,23,0.018620221
1990,1,24,0.018585556
1990,1,25,0.018561247
1990,1,26,0.01854411
1990,1,27,0.018532113
1990,1,28,0.018523781
1990,1,29,0.018518051
1990,1,30,0.018514158
1990,1,31,0.018511553
1990,1,32,0.018509849
1990,1,33,0.018508765
1990,1,34,0.018508105
1990,1,35,0.018507735
1990,1,36,0.018507553
1990,1,37,0.018507496
1990,1,38,0.018507496
1990,1,39,0.018507496
1990,1,40,0.018507496
1991,1,1,5.2841489e-05
1991,1,2,0.023236245
1991,1,3,0.032490941
1991,1,4,0.041064995
1991,1,5,0.037407233
1991,1,6,0.038348922
1991,1,7,0.042545974
1991,1,8,0.041590883
1991,1,9,0.035940279
1991,1,10,0.030216661
1991,1,11,0.026502161
1991,1,12,0.02440933
1991,1,13,0.023145106
1991,1,14,0.022316217
1991,1,15,0.021746917
1991,1,16,0.021346846
1991,1,17,0.021062433
1991,1,18,0.020859055
1991,1,19,0.020713247
1991,1,20,0.020608681
1991,1,21,0.020533799
1991,1,22,0.020480329
1991,1,23,0.0204423
1991,1,24,0.020415398
1991,1,25,0.020396576
1991,1,26,0.020383331
1991,1,27,0.020374077
1991,1,28,0.020367671
1991,1,29,0.020363282
1991,1,30,0.020360317
1991,1,31,0.02035835
1991,1,32,0.020357077
1991,1,33,0.020356282
1991,1,34,0.020355811
1991,1,35,0.02035556
1991,1,36,0.020355452
1991,1,37,0.020355437
1991,1,38,0.020355437
1991,1,39,0.020355437
1991,1,40,0.020355437
1992,1,1,6.608912e-05
1992,1,2,0.03346179
1992,1,3,0.045838713
1992,1,4,0.057361599
1992,1,5,0.052190495
1992,1,6,0.053363556
1992,1,7,0.058739357
1992,1,8,0.056822429
1992,1,9,0.048407843
1992,1,10,0.03990194
1992,1,11,0.034200811
1992,1,12,0.030802649
1992,1,13,0.028629593
1992,1,14,0.027139974
1992,1,15,0.026083625
1992,1,16,0.025324317
1992,1,17,0.024775964
1992,1,18,0.024379591
1992,1,19,0.024093363
1992,1,20,0.023887114
1992,1,21,0.023738937
1992,1,22,0.023632871
1992,1,23,0.023557277
1992,1,24,0.023503674
1992,1,25,0.023466008
1992,1,26,0.023439469
1992,1,27,0.023420895
1992,1,28,0.023407997
1992,1,29,0.023399124
1992,1,30,0.023393092
1992,1,31,0.023389055
1992,1,32,0.023386407
1992,1,33,0.02338472
1992,1,34,0.023383691
1992,1,35,0.023383107
1992,1,36,0.023382817
1992,1,37,0.023382719
1992,1,38,0.023382719
1992,1,39,0.023382719
1992,1,40,0.023382719
1993,1,1,6.633164e-05
1993,1,2,0.023695383
1993,1,3,0.033347346
1993,1,4,0.04245271
1993,1,5,0.039372742
1993,1,6,0.041470161
1993,1,7,0.047020288
1993,1,8,0.046890968
1993,1,9,0.041484765
1993,1,10,0.035782521
1993,1,11,0.032071396
1993,1,12,0.030005622
1993,1,13,0.028782232
1993,1,14,0.027997003
1993,1,15,0.027467845
1993,1,16,0.027101636
1993,1,17,0.026844262
1993,1,18,0.026661685
1993,1,19,0.02653148
1993,1,20,0.026438409
1993,1,21,0.026371896
1993,1,22,0.026324463
1993,1,23,0.026290769
1993,1,24,0.026266966
1993,1,25,0.026250359
1993,1,26,0.026238689
1993,1,27,0.026230557
1993,1,28,0.026224947
1993,1,29,0.026221125
1993,1,30,0.026218564
1993,1,31,0.026216883
1993,1,32,0.026215814
1993,1,33,0.026215166
1993,1,34,0.0262148
1993,1,35,0.026214622
1993,1,36,0.026214567
1993,1,37,0.026214589
1993,1,38,0.026214589
1993,1,39,0.026214589
1993,1,40,0.026214589
1994,1,1,3.4160229e-05
1994,1,2,0.02130938
1994,1,3,0.030687776
1994,1,4,0.038803245
1994,1,5,0.033686004
1994,1,6,0.032155216
1994,1,7,0.034038695
1994,1,8,0.031979143
1994,1,9,0.026337462
1994,1,10,0.021114305
1994,1,11,0.017996883
1994,1,12,0.016436066
1994,1,13,0.015598986
1994,1,14,0.015097311
1994,1,15,0.014772795
1994,1,16,0.014553522
1994,1,17,0.014401662
1994,1,18,0.014294974
1994,1,19,0.014219417
1994,1,20,0.014165706
1994,1,21,0.014127501
1994,1,22,0.014100375
1994,1,23,0.014081192
1994,1,24,0.014067707
1994,1,25,0.014058385
1994,1,26,0.014051832
1994,1,27,0.01404726
1994,1,28,0.014044099
1994,1,29,0.014041942
1994,1,30,0.014040491
1994,1,31,0.014039534
1994,1,32,0.014038921
1994,1,33,0.014038544
1994,1,34,0.014038328
1994,1,35,0.014038217
1994,1,36,0.014038178
1994,1,37,0.014038183
1994,1,38,0.014038183
1994,1,39,0.014038183
1994,1,40,0.014038183
1995,1,1,5.1838742e-05
1995,1,2,0.027641865
1995,1,3,0.036561695
1995,1,4,0.045608707
1995,1,5,0.043092161
1995,1,6,0.045931128
1995,1,7,0.051740349
1995,1,8,0.051499361
1995,1,9,0.045918183
1995,1,10,0.040016635
1995,1,11,0.036101128
1995,1,12,0.033852826
1995,1,13,0.032479091
1995,1,14,0.031575608
1995,1,15,0.030956219
1995,1,16,0.030522471
1995,1,17,0.030215157
1995,1,18,0.029995952
1995,1,19,0.029839018
1995,1,20,0.029726529
1995,1,21,0.029645952
1995,1,22,0.029588363
1995,1,23,0.029547356
1995,1,24,0.029518309
1995,1,25,0.02949795
1995,1,26,0.029483615
1995,1,27,0.029473574
1995,1,28,0.029466616
1995,1,29,0.029461847
1995,1,30,0.029458612
1995,1,31,0.029456466
1995,1,32,0.029455072
1995,1,33,0.029454203
1995,1,34,0.029453689
1995,1,35,0.029453411
1995,1,36,0.029453287
1995,1,37,0.02945327
1995,1,38,0.02945327
1995,1,39,0.02945327
1995,1,40,0.02945327
1996,1,1,3.0805993e-05
1996,1,2,0.02842468
1996,1,3,0.039775117
1996,1,4,0.049750097
1996,1,5,0.043291727
1996,1,6,0.041224665
1996,1,7,0.043195355
1996,1,8,0.040268776
1996,1,9,0.033049399
1996,1,10,0.02644202
1996,1,11,0.022490724
1996,1,12,0.020492541
1996,1,13,0.019404098
1996,1,14,0.018740707
1996,1,15,0.0183052
1996,1,16,0.018007465
1996,1,17,0.017799445
1996,1,18,0.017652363
1996,1,19,0.017547718
1996,1,20,0.017473077
1996,1,21,0.017419841
1996,1,22,0.017381958
1996,1,23,0.017355105
1996,1,24,0.017336178
1996,1,25,0.01732304
1996,1,26,0.017313779
1996,1,27,0.017307298
1996,1,28,0.0173028
1996,1,29,0.017299711
1996,1,30,0.017297618
1996,1,31,0.017296222
1996,1,32,0.017295313
1996,1,33,0.017294741
1996,1,34,0.017294398
1996,1,35,0.01729421
1996,1,36,0.017294123
1996,1,37,0.017294102
1996,1,38,0.017294102
1996,1,39,0.017294102
1996,1,40,0.017294102
1997,1,1,3.1768561e-05
1997,1,2,0.028041115
1997,1,3,0.03917733
1997,1,4,0.049191488
1997,1,5,0.043180005
1997,1,6,0.041437369
1997,1,7,0.043619754
1997,1,8,0.040947049
1997,1,9,0.034016349
1997,1,10,0.027658279
1997,1,11,0.023891316
1997,1,12,0.022030161
1997,1,13,0.021050687
1997,1,14,0.020475633
1997,1,15,0.020110864
1997,1,16,0.019868615
1997,1,17,0.019703236
1997,1,18,0.019588361
1997,1,19,0.019507696
1997,1,20,0.0194507
1997,1,21,0.019410323
1997,1,22,0.019381735
1997,1,23,0.019361554
1997,1,24,0.019347382
1997,1,25,0.019337612
1997,1,26,0.019330726
1997,1,27,0.019325906
1997,1,28,0.019322562
1997,1,29,0.019320268
1997,1,30,0.019318717
1997,1,31,0.019317685
1997,1,32,0.019317016
1997,1,33,0.019316598
1997,1,34,0.01931635
1997,1,35,0.019316218
1997,1,36,0.01931616
1997,1,37,0.019316152
1997,1,38,0.019316152
1997,1,39,0.019316152
1997,1,40,0.019316152
1998,1,1,5.929153e-05
1998,1,2,0.029549349
1998,1,3,0.042292248
1998,1,4,0.05364807
1998,1,5,0.047539967
1998,1,6,0.046794561
1998,1,7,0.05061478
1998,1,8,0.04841924
1998,1,9,0.040724619
1998,1,10,0.033318605
1998,1,11,0.028720734
1998,1,12,0.026278984
1998,1,13,0.024885312
1998,1,14,0.024008557
1998,1,15,0.023422592
1998,1,16,0.023018179
1998,1,17,0.022734202
1998,1,18,0.022532884
1998,1,19,0.022389447
1998,1,20,0.022287057
1998,1,21,0.022213997
1998,1,22,0.022161984
1998,1,23,0.0221251
1998,1,24,0.022099084
1998,1,25,0.022080977
1998,1,26,0.022068241
1998,1,27,0.022059349
1998,1,28,0.022053197
1998,1,29,0.022048989
1998,1,30,0.022046149
1998,1,31,0.022044269
1998,1,32,0.022043056
1998,1,33,0.022042302
1998,1,34,0.022041859
1998,1,35,0.022041628
1998,1,36,0.022041531
1998,1,37,0.022041524
1998,1,38,0.022041524
1998,1,39,0.022041524
1998,1,40,0.022041524
1999,1,1,5.7730483e-05
1999,1,2,0.044604333
1999,1,3,0.060111258
1999,1,4,0.07450646
1999,1,5,0.06702071
1999,1,6,0.06705436
1999,1,7,0.07230704
1999,1,8,0.06891442
1999,1,9,0.058047337
1999,1,10,0.047460115
1999,1,11,0.040559155
1999,1,12,0.036574935
1999,1,13,0.034089795
1999,1,14,0.032410417
1999,1,15,0.031228204
1999,1,16,0.030381654
1999,1,17,0.029771539
1999,1,18,0.029331019
1999,1,19,0.029013115
1999,1,20,0.02878411
1999,1,21,0.028619613
1999,1,22,0.028501868
1999,1,23,0.028417965
1999,1,24,0.028358459
1999,1,25,0.028316673
1999,1,26,0.028287214
1999,1,27,0.028266569
1999,1,28,0.028252211
1999,1,29,0.028242321
1999,1,30,0.028235575
1999,1,31,0.028231057
1999,1,32,0.028228083
1999,1,33,0.028226172
1999,1,34,0.028225
1999,1,35,0.028224321
1999,1,36,0.028223975
1999,1,37,0.028223848
1999,1,38,0.028223848
1999,1,39,0.028223848
1999,1,40,0.028223848
2000,1,1,5.9500198e-05
2000,1,2,0.043870712
2000,1,3,0.060518242
2000,1,4,0.075645786
2000,1,5,0.067214545
2000,1,6,0.066016602
2000,1,7,0.070583318
2000,1,8,0.066887936
2000,1,9,0.055944574
2000,1,10,0.0455262
2000,1,11,0.038985046
2000,1,12,0.035418234
2000,1,13,0.033315307
2000,1,14,0.031952844
2000,1,15,0.031020847
2000,1,16,0.030366336
2000,1,17,0.029900879
2000,1,18,0.02956791
2000,1,19,0.029329138
2000,1,20,0.02915792
2000,1,21,0.029035334
2000,1,22,0.02894781
2000,1,23,0.028885583
2000,1,24,0.028841567
2000,1,25,0.028810777
2000,1,26,0.028789083
2000,1,27,0.028773888
2000,1,28,0.028763335
2000,1,29,0.028756076
2000,1,30,0.028751141
2000,1,31,0.028747841
2000,1,32,0.028745675
2000,1,33,0.028744305
2000,1,34,0.028743466
2000,1,35,0.028742988
2000,1,36,0.028742755
2000,1,37,0.028742686
2000,1,38,0.028742686
2000,1,39,0.028742686
2000,1,40,0.028742686
2001,1,1,5.2105786e-05
2001,1,2,0.037798955
2001,1,3,0.053797595
2001,1,4,0.067698265
2001,1,5,0.058637012
2001,1,6,0.0555838
2001,1,7,0.058223185
2001,1,8,0.054033886
2001,1,9,0.043761912
2001,1,10,0.034290175
2001,1,11,0.028513871
2001,1,12,0.025484838
2001,1,13,0.023764253
2001,1,14,0.022677995
2001,1,15,0.021946425
2001,1,16,0.021437365
2001,1,17,0.021077434
2001,1,18,0.020820952
2001,1,19,0.020637573
2001,1,20,0.02050638
2001,1,21,0.020412643
2001,1,22,0.020345854
2001,1,23,0.020298462
2001,1,24,0.02026501
2001,1,25,0.020241703
2001,1,26,0.020225284
2001,1,27,0.0202138
2001,1,28,0.020205826
2001,1,29,0.020200348
2001,1,30,0.020196629
2001,1,31,0.020194143
2001,1,32,0.020192518
2001,1,33,0.020191487
2001,1,34,0.020190863
2001,1,35,0.020190511
2001,1,36,0.020190344
2001,1,37,0.020190293
2001,1,38,0.020190293
2001,1,39,0.020190293
2001,1,40,0.020190293
2002,1,1,4.3983298e-05
2002,1,2,0.047251801
2002,1,3,0.067746353
2002,1,4,0.08486235
2002,1,5,0.071553416
2002,1,6,0.065037918
2002,1,7,0.065915336
2002,1,8,0.059184325
2002,1,9,0.04577035
2002,1,10,0.033888913
2002,1,11,0.026861409
2002,1,12,0.023316022
2002,1,13,0.021371005
2002,1,14,0.020168038
2002,1,15,0.019364692
2002,1,16,0.018806864
2002,1,17,0.018412263
2002,1,18,0.018130761
2002,1,19,0.017929294
2002,1,20,0.017785077
2002,1,21,0.01768202
2002,1,22,0.017608611
2002,1,23,0.01755655
2002,1,24,0.01751984
2002,1,25,0.017494316
2002,1,26,0.01747633
2002,1,27,0.017463736
2002,1,28,0.017454985
2002,1,29,0.017448962
2002,1,30,0.017444864
2002,1,31,0.017442119
2002,1,32,0.017440316
2002,1,33,0.017439164
2002,1,34,0.017438459
2002,1,35,0.017438055
2002,1,36,0.017437854
2002,1,37,0.017437783
2002,1,38,0.017437783
2002,1,39,0.017437783
2002,1,40,0.017437783
2003,1,1,8.5084376e-05
2003,1,2,0.047545807
2003,1,3,0.06601735
2003,1,4,0.08319782
2003,1,5,0.07511181
2003,1,6,0.07544867
2003,1,7,0.08219426
2003,1,8,0.079296947
2003,1,9,0.06777431
2003,1,10,0.05649658
2003,1,11,0.049368229
2003,1,12,0.045487626
2003,1,13,0.043220204
2003,1,14,0.041770572
2003,1,15,0.040792528
2003,1,16,0.040113985
2003,1,17,0.039636123
2003,1,18,0.039296772
2003,1,19,0.039054717
2003,1,20,0.038881769
2003,1,21,0.038758252
2003,1,22,0.038670218
2003,1,23,0.038607711
2003,1,24,0.038563558
2003,1,25,0.038532734
2003,1,26,0.038511032
2003,1,27,0.038495842
2003,1,28,0.038485326
2003,1,29,0.038478109
2003,1,30,0.038473222
2003,1,31,0.03846997
2003,1,32,0.038467852
2003,1,33,0.038466522
2003,1,34,0.038465731
2003,1,35,0.038465291
2003,1,36,0.038465096
2003,1,37,0.038465051
2003,1,38,0.038465051
2003,1,39,0.038465051
2003,1,40,0.038465051
2004,1,1,8.906023e-05
2004,1,2,0.046864381
2004,1,3,0.0659094
2004,1,4,0.08331687
2004,1,5,0.07451001
2004,1,6,0.07393745
2004,1,7,0.07995619
2004,1,8,0.076360872
2004,1,9,0.064125255
2004,1,10,0.052231256
2004,1,11,0.044627383
2004,1,12,0.040384838
2004,1,13,0.037835572
2004,1,14,0.036166355
2004,1,15,0.035019412
2004,1,16,0.034212929
2004,1,17,0.033639539
2004,1,18,0.033229713
2004,1,19,0.032936161
2004,1,20,0.032725883
2004,1,21,0.032575472
2004,1,22,0.032468179
2004,1,23,0.032391945
2004,1,24,0.03233803
2004,1,25,0.03230032
2004,1,26,0.03227376
2004,1,27,0.032255182
2004,1,28,0.03224229
2004,1,29,0.032233432
2004,1,30,0.032227414
2004,1,31,0.032223386
2004,1,32,0.032220761
2004,1,33,0.032219094
2004,1,34,0.032218079
2004,1,35,0.032217513
2004,1,36,0.032217231
2004,1,37,0.032217146
2004,1,38,0.032217146
2004,1,39,0.032217146
2004,1,40,0.032217146
2005,1,1,8.955246e-05
2005,1,2,0.060636105
2005,1,3,0.08647866
2005,1,4,0.10920348
2005,1,5,0.09511474
2005,1,6,0.09071615
2005,1,7,0.09549535
2005,1,8,0.08917477
2005,1,9,0.072920199
2005,1,10,0.057876396
2005,1,11,0.048748015
2005,1,12,0.044023277
2005,1,13,0.041387507
2005,1,14,0.03975349
2005,1,15,0.038670117
2005,1,16,0.037925701
2005,1,17,0.037404428
2005,1,18,0.037035672
2005,1,19,0.036773399
2005,1,20,0.036586471
2005,1,21,0.036453279
2005,1,22,0.036358569
2005,1,23,0.036291478
2005,1,24,0.036244208
2005,1,25,0.036211352
2005,1,26,0.036188216
2005,1,27,0.036172032
2005,1,28,0.036160812
2005,1,29,0.036153109
2005,1,30,0.036147884
2005,1,31,0.036144396
2005,1,32,0.036142132
2005,1,33,0.036140694
2005,1,34,0.036139832
2005,1,35,0.036139356
2005,1,36,0.036139141
2005,1,37,0.036139075
2005,1,38,0.036139075
2005,1,39,0.036139075
2005,1,40,0.036139075
2006,1,1,0.000104808801
2006,1,2,0.073968297
2006,1,3,0.10647343
2006,1,4,0.13446196
2006,1,5,0.11575221
2006,1,6,0.10868504
2006,1,7,0.11328983
2006,1,8,0.104695167
2006,1,9,0.084250606
2006,1,10,0.065577307
2006,1,11,0.05435947
2006,1,12,0.048624297
2006,1,13,0.045458823
2006,1,14,0.043507865
2006,1,15,0.042216715
2006,1,16,0.041329277
2006,1,17,0.040707246
2006,1,18,0.040266713
2006,1,19,0.039953146
2006,1,20,0.039729516
2006,1,21,0.039570142
2006,1,22,0.039456826
2006,1,23,0.039376556
2006,1,24,0.039320034
2006,1,25,0.039280785
2006,1,26,0.039253144
2006,1,27,0.039233814
2006,1,28,0.039220424
2006,1,29,0.039211228
2006,1,30,0.039205007
2006,1,31,0.039200843
2006,1,32,0.039198141
2006,1,33,0.039196434
2006,1,34,0.039195409
2006,1,35,0.039194841
2006,1,36,0.039194575
2006,1,37,0.039194503
2006,1,38,0.039194503
2006,1,39,0.039194503
2006,1,40,0.039194503
2007,1,1,7.8526606e-05
2007,1,2,0.049425828
2007,1,3,0.07190477
2007,1,4,0.09130282
2007,1,5,0.07856552
2007,1,6,0.07360799
2007,1,7,0.0766978
2007,1,8,0.070782989
2007,1,9,0.056714272
2007,1,10,0.043844248
2007,1,11,0.036087991
2007,1,12,0.032102669
2007,1,13,0.029894102
2007,1,14,0.02853104
2007,1,15,0.027629615
2007,1,16,0.027011169
2007,1,17,0.026578621
2007,1,18,0.026272961
2007,1,19,0.026055825
2007,1,20,0.025901257
2007,1,21,0.025791257
2007,1,22,0.025713137
2007,1,23,0.025657863
2007,1,24,0.025618955
2007,1,25,0.025591953
2007,1,26,0.025572952
2007,1,27,0.025559669
2007,1,28,0.025550459
2007,1,29,0.025544135
2007,1,30,0.025539847
2007,1,31,0.025536987
2007,1,32,0.025535122
2007,1,33,0.025533942
2007,1,34,0.025533231
2007,1,35,0.025532836
2007,1,36,0.025532649
2007,1,37,0.025532599
2007,1,38,0.025532599
2007,1,39,0.025532599
2007,1,40,0.025532599
2008,1,1,9.112117e-05
2008,1,2,0.050833195
2008,1,3,0.069136828
2008,1,4,0.08688005
2008,1,5,0.07988562
2008,1,6,0.081940874
2008,1,7,0.090130662
2008,1,8,0.087716623
2008,1,9,0.075924122
2008,1,10,0.064094789
2008,1,11,0.056412822
2008,1,12,0.052072588
2008,1,13,0.049447893
2008,1,14,0.047729294
2008,1,15,0.046552517
2008,1,16,0.045728655
2008,1,17,0.045145194
2008,1,18,0.044729375
2008,1,19,0.044432093
2008,1,20,0.044219352
2008,1,21,0.044067231
2008,1,22,0.043958692
2008,1,23,0.043881534
2008,1,24,0.043826937
2008,1,25,0.043788709
2008,1,26,0.04376179
2008,1,27,0.04374293
2008,1,28,0.043729845
2008,1,29,0.043720842
2008,1,30,0.043714738
2008,1,31,0.043710659
2008,1,32,0.043707989
2008,1,33,0.043706297
2008,1,34,0.043705271
2008,1,35,0.043704693
2008,1,36,0.043704424
2008,1,37,0.043704352
2008,1,38,0.043704352
2008,1,39,0.043704352
2008,1,40,0.043704352
2009,1,1,0.00010804804
2009,1,2,0.065099142
2009,1,3,0.09457934
2009,1,4,0.11963146
2009,1,5,0.10268502
2009,1,6,0.096513122
2009,1,7,0.10096248
2009,1,8,0.093213348
2009,1,9,0.074393553
2009,1,10,0.05699986
2009,1,11,0.046308729
2009,1,12,0.0406161
2009,1,13,0.037323555
2009,1,14,0.035211927
2009,1,15,0.03377244
2009,1,16,0.032761801
2009,1,17,0.032042609
2009,1,18,0.03152782
2009,1,19,0.031158646
2009,1,20,0.030894009
2009,1,21,0.030704714
2009,1,22,0.030569726
2009,1,23,0.030473898
2009,1,24,0.030406233
2009,1,25,0.030359026
2009,1,26,0.030325794
2009,1,27,0.030302561
2009,1,28,0.030286451
2009,1,29,0.030275387
2009,1,30,0.030267872
2009,1,31,0.030262868
2009,1,32,0.030259593
2009,1,33,0.030257513
2009,1,34,0.030256259
2009,1,35,0.030255556
2009,1,36,0.030255218
2009,1,37,0.030255118
2009,1,38,0.030255118
2009,1,39,0.030255118
2009,1,40,0.030255118
2010,1,1,0.00012384665
2010,1,2,0.06322586
2010,1,3,0.09294721
2010,1,4,0.11820989
2010,1,5,0.10161465
2010,1,6,0.09585707
2010,1,7,0.10079878
2010,1,8,0.09331195
2010,1,9,0.074407327
2010,1,10,0.056759457
2010,1,11,0.045776272
2010,1,12,0.039818153
2010,1,13,0.03630959
2010,1,14,0.034031453
2010,1,15,0.032467103
2010,1,16,0.031364285
2010,1,17,0.030577691
2010,1,18,0.030013971
2010,1,19,0.029609457
2010,1,20,0.029319425
2010,1,21,0.029111926
2010,1,22,0.028963966
2010,1,23,0.028858904
2010,1,24,0.028784694
2010,1,25,0.028732874
2010,1,26,0.028696415
2010,1,27,0.028670934
2010,1,28,0.028653262
2010,1,29,0.028641118
2010,1,30,0.028632888
2010,1,31,0.028627393
2010,1,32,0.028623798
2010,1,33,0.028621523
2010,1,34,0.028620137
2010,1,35,0.028619369
2010,1,36,0.028618995
2010,1,37,0.028618879
2010,1,38,0.028618879
2010,1,39,0.028618879
2010,1,40,0.028618879
2011,1,1,0.00010510254
2011,1,2,0.068495564
2011,1,3,0.09721173
2011,1,4,0.12261554
2011,1,5,0.10724899
2011,1,6,0.10298653
2011,1,7,0.10882187
2011,1,8,0.1018059
2011,1,9,0.083317939
2011,1,10,0.066024798
2011,1,11,0.055325423
2011,1,12,0.0496016
2011,1,13,0.046289739
2011,1,14,0.044174113
2011,1,15,0.042740717
2011,1,16,0.041740716
2011,1,17,0.041033004
2011,1,18,0.040528627
2011,1,19,0.040168057
2011,1,20,0.03991014
2011,1,21,0.039725886
2011,1,22,0.039594606
2011,1,23,0.039501426
2011,1,24,0.039435629
2011,1,25,0.039389723
2011,1,26,0.039357387
2011,1,27,0.039334763
2011,1,28,0.03931906
2011,1,29,0.039308261
2011,1,30,0.039300927
2011,1,31,0.039296016
2011,1,32,0.039292814
2011,1,33,0.039290762
2011,1,34,0.039289531
2011,1,35,0.039288822
2011,1,36,0.039288482
2011,1,37,0.039288376
2011,1,38,0.039288376
2011,1,39,0.039288376
2011,1,40,0.039288376
2012,1,1,6.8287193e-05
2012,1,2,0.056506654
2012,1,3,0.07562443
2012,1,4,0.09379088
2012,1,5,0.08500241
2012,1,6,0.085525231
2012,1,7,0.092429524
2012,1,8,0.088567712
2012,1,9,0.075449566
2012,1,10,0.062674987
2012,1,11,0.054451592
2012,1,12,0.049811465
2012,1,13,0.046987612
2012,1,14,0.045117601
2012,1,15,0.043821158
2012,1,16,0.042903232
2012,1,17,0.042247064
2012,1,18,0.041776031
2012,1,19,0.041437444
2012,1,20,0.041194192
2012,1,21,0.041019763
2012,1,22,0.040895051
2012,1,23,0.040806246
2012,1,24,0.040743319
2012,1,25,0.040699184
2012,1,26,0.040668062
2012,1,27,0.040646246
2012,1,28,0.040631075
2012,1,29,0.04062063
2012,1,30,0.040613505
2012,1,31,0.040608728
2012,1,32,0.04060559
2012,1,33,0.040603585
2012,1,34,0.040602347
2012,1,35,0.040601634
2012,1,36,0.040601286
2012,1,37,0.040601152
2012,1,38,0.040601152
2012,1,39,0.040601152
2012,1,40,0.040601152
2013,1,1,7.6407621e-05
2013,1,2,0.037603721
2013,1,3,0.052015534
2013,1,4,0.06556691
2013,1,5,0.059692709
2013,1,6,0.060758729
2013,1,7,0.066726152
2013,1,8,0.064589639
2013,1,9,0.055193382
2013,1,10,0.045776824
2013,1,11,0.039590732
2013,1,12,0.036018008
2013,1,13,0.033804558
2013,1,14,0.032324946
2013,1,15,0.031295155
2013,1,16,0.030565144
2013,1,17,0.030043312
2013,1,18,0.029668926
2013,1,19,0.029400024
2013,1,20,0.029206999
2013,1,21,0.029068717
2013,1,22,0.028969928
2013,1,23,0.028899641
2013,1,24,0.028849875
2013,1,25,0.028814982
2013,1,26,0.028790396
2013,1,27,0.0287732
2013,1,28,0.028761264
2013,1,29,0.028753063
2013,1,30,0.02874749
2013,1,31,0.028743757
2013,1,32,0.028741327
2013,1,33,0.028739778
2013,1,34,0.028738835
2013,1,35,0.028738298
2013,1,36,0.028738041
2013,1,37,0.028737966
2013,1,38,0.028737966
2013,1,39,0.028737966
2013,1,40,0.028737966
2014,1,1,5.7805307e-05
2014,1,2,0.031898491
2014,1,3,0.046239219
2014,1,4,0.058742258
2014,1,5,0.051093296
2014,1,6,0.048800085
2014,1,7,0.051638436
2014,1,8,0.048334809
2014,1,9,0.039435293
2014,1,10,0.031120326
2014,1,11,0.026024244
2014,1,12,0.023345533
2014,1,13,0.021826492
2014,1,14,0.020872629
2014,1,15,0.02023456
2014,1,16,0.019793477
2014,1,17,0.019483355
2014,1,18,0.019263369
2014,1,19,0.019106636
2014,1,20,0.018994809
2014,1,21,0.018915076
2014,1,22,0.018858361
2014,1,23,0.018818172
2014,1,24,0.018789845
2014,1,25,0.018770137
2014,1,26,0.018756271
2014,1,27,0.018746584
2014,1,28,0.018739869
2014,1,29,0.018735265
2014,1,30,0.018732147
2014,1,31,0.018730071
2014,1,32,0.018728722
2014,1,33,0.018727872
2014,1,34,0.018727363
2014,1,35,0.018727084
2014,1,36,0.018726956
2014,1,37,0.018726926
2014,1,38,0.018726926
2014,1,39,0.018726926
2014,1,40,0.018726926
2015,1,1,9.2547819e-05
2015,1,2,0.032531513
2015,1,3,0.045715764
2015,1,4,0.05836468
2015,1,5,0.0541041
2015,1,6,0.056534372
2015,1,7,0.06342098
2015,1,8,0.06235628
2015,1,9,0.053995565
2015,1,10,0.045251425
2015,1,11,0.039321979
2015,1,12,0.035773639
2015,1,13,0.033515293
2015,1,14,0.031983249
2015,1,15,0.030909596
2015,1,16,0.030146249
2015,1,17,0.029600004
2015,1,18,0.029208009
2015,1,19,0.02892651
2015,1,20,0.028724507
2015,1,21,0.028579824
2015,1,22,0.028476496
2015,1,23,0.028402984
2015,1,24,0.028350932
2015,1,25,0.028314407
2015,1,26,0.028288701
2015,1,27,0.028270727
2015,1,28,0.028258262
2015,1,29,0.0282497
2015,1,30,0.028243893
2015,1,31,0.028240016
2015,1,32,0.028237485
2015,1,33,0.02823588
2015,1,34,0.028234911
2015,1,35,0.028234369
2015,1,36,0.028234111
2015,1,37,0.028234035
2015,1,38,0.028234035
2015,1,39,0.028234035
2015,1,40,0.028234035
2016,1,1,9.566415e-05
2016,1,2,0.043715651
2016,1,3,0.056692307
2016,1,4,0.07077567
2016,1,5,0.06878001
2016,1,6,0.07559845
2016,1,7,0.08643792
2016,1,8,0.08688373
2016,1,9,0.07818664
2016,1,10,0.068497256
2016,1,11,0.061687599
2016,1,12,0.057477827
2016,1,13,0.054738891
2016,1,14,0.052860158
2016,1,15,0.051537536
2016,1,16,0.050595579
2016,1,17,0.049920955
2016,1,18,0.049436452
2016,1,19,0.049088175
2016,1,20,0.048837908
2016,1,21,0.04865837
2016,1,22,0.04852992
2016,1,23,0.048438375
2016,1,24,0.04837342
2016,1,25,0.048327738
2016,1,26,0.048295538
2016,1,27,0.048272994
2016,1,28,0.048257335
2016,1,29,0.04824657
2016,1,30,0.048239246
2016,1,31,0.048234358
2016,1,32,0.048231153
2016,1,33,0.048229133
2016,1,34,0.04822789
2016,1,35,0.048227204
2016,1,36,0.048226859
2016,1,37,0.048226761
2016,1,38,0.048226761
2016,1,39,0.048226761
2016,1,40,0.048226761
2017,1,1,8.609999e-05
2017,1,2,0.034469992
2017,1,3,0.048754907
2017,1,4,0.06297513
2017,1,5,0.05944586
2017,1,6,0.06301034
2017,1,7,0.07194967
2017,1,8,0.07355957
2017,1,9,0.06823499
2017,1,10,0.06270302
2017,1,11,0.05994194
2017,1,12,0.05925873
2017,1,13,0.05941863
2017,1,14,0.05983654
2017,1,15,0.06028669
2017,1,16,0.06068734
2017,1,17,0.06101517
2017,1,18,0.06127103
2017,1,19,0.06146486
2017,1,20,0.06160874
2017,1,21,0.06171411
2017,1,22,0.06179053
2017,1,23,0.06184559
2017,1,24,0.06188508
2017,1,25,0.06191345
2017,1,26,0.06193351
2017,1,27,0.06194763
2017,1,28,0.06195756
2017,1,29,0.06196451
2017,1,30,0.06196935
2017,1,31,0.0619727
2017,1,32,0.06197502
2017,1,33,0.06197661
2017,1,34,0.06197767
2017,1,35,0.06197839
2017,1,36,0.06197886
2017,1,37,0.06197917
2017,1,38,0.06197917
2017,1,39,0.06197917
2017,1,40,0.06197917
2018,1,1,8.049658e-05
2018,1,2,0.038930812
2018,1,3,0.0501551
2018,1,4,0.062806932
2018,1,5,0.061822771
2018,1,6,0.06861464
2018,1,7,0.07896164
2018,1,8,0.08035842
2018,1,9,0.07387076
2018,1,10,0.066498604
2018,1,11,0.061546123
2018,1,12,0.058730345
2018,1,13,0.057054612
2018,1,14,0.055990354
2018,1,15,0.055286715
2018,1,16,0.054809956
2018,1,17,0.054481225
2018,1,18,0.054251558
2018,1,19,0.054089568
2018,1,20,0.05397458
2018,1,21,0.053892718
2018,1,22,0.053834413
2018,1,23,0.053792993
2018,1,24,0.053763713
2018,1,25,0.053743252
2018,1,26,0.053728827
2018,1,27,0.053718752
2018,1,28,0.053711772
2018,1,29,0.053707004
2018,1,30,0.053703793
2018,1,31,0.053701674
2018,1,32,0.053700313
2018,1,33,0.053699477
2018,1,34,0.053699009
2018,1,35,0.053698762
2018,1,36,0.053698689
2018,1,37,0.053698711
2018,1,38,0.053698711
2018,1,39,0.053698711
2018,1,40,0.053698711
2019,1,1,0.000101710494
2019,1,2,0.0254808
2019,1,3,0.033765714
2019,1,4,0.043635867
2019,1,5,0.045382738
2019,1,6,0.05384883
2019,1,7,0.065068993
2019,1,8,0.068739398
2019,1,9,0.065353916
2019,1,10,0.060575205
2019,1,11,0.057226666
2019,1,12,0.055318961
2019,1,13,0.05421531
2019,1,14,0.053548504
2019,1,15,0.053133165
2019,1,16,0.05286806
2019,1,17,0.052694789
2019,1,18,0.052578845
2019,1,19,0.052499655
2019,1,20,0.052444674
2019,1,21,0.052406099
2019,1,22,0.052378901
2019,1,23,0.052359711
2019,1,24,0.052346251
2019,1,25,0.052336968
2019,1,26,0.052330458
2019,1,27,0.052325967
2019,1,28,0.052322918
2019,1,29,0.052320888
2019,1,30,0.052319585
2019,1,31,0.052318785
2019,1,32,0.052318315
2019,1,33,0.05231808
2019,1,34,0.052318006
2019,1,35,0.052318025
2019,1,36,0.052318101
2019,1,37,0.052318211
2019,1,38,0.052318211
2019,1,39,0.052318211
2019,1,40,0.052318211
2020,1,1,5.1789143e-05
2020,1,2,0.02386747
2020,1,3,0.032845852
2020,1,4,0.041858986
2020,1,5,0.039320343
2020,1,6,0.041327227
2020,1,7,0.046472158
2020,1,8,0.046506866
2020,1,9,0.041891491
2020,1,10,0.037138123
2020,1,11,0.034273228
2020,1,12,0.03290275
2020,1,13,0.032240928
2020,1,14,0.031901359
2020,1,15,0.03171913
2020,1,16,0.03161826
2020,1,17,0.031560794
2020,1,18,0.031526959
2020,1,19,0.031506286
2020,1,20,0.031493184
2020,1,21,0.031484623
2020,1,22,0.031478919
2020,1,23,0.031475096
2020,1,24,0.031472554
2020,1,25,0.031470987
2020,1,26,0.031469904
2020,1,27,0.031469174
2020,1,28,0.031468698
2020,1,29,0.031468407
2020,1,30,0.031468245
2020,1,31,0.031468173
2020,1,32,0.03146816
2020,1,33,0.031468187
2020,1,34,0.031468235
2020,1,35,0.031468297
2020,1,36,0.031468364
2020,1,37,0.03146843
2020,1,38,0.03146843
2020,1,39,0.03146843
2020,1,40,0.03146843
2021,1,1,5.3905779e-05
2021,1,2,0.025190491
2021,1,3,0.034652214
2021,1,4,0.044519379
2021,1,5,0.042533331
2021,1,6,0.045358378
2021,1,7,0.051604251
2021,1,8,0.052667936
2021,1,9,0.048955531
2021,1,10,0.045086126
2021,1,11,0.043109284
2021,1,12,0.042566772
2021,1,13,0.042619257
2021,1,14,0.042864665
2021,1,15,0.04314484
2021,1,16,0.043400197
2021,1,17,0.043611904
2021,1,18,0.043778486
2021,1,19,0.043905322
2021,1,20,0.043999806
2021,1,21,0.044069151
2021,1,22,0.044119491
2021,1,23,0.044155792
2021,1,24,0.044181823
2021,1,25,0.04420053
2021,1,26,0.044213731
2021,1,27,0.044223025
2021,1,28,0.044229545
2021,1,29,0.044234098
2021,1,30,0.044237259
2021,1,31,0.044239441
2021,1,32,0.044240945
2021,1,33,0.044241959
2021,1,34,0.044242641
2021,1,35,0.0442431
2021,1,36,0.044243395
2021,1,37,0.044243571
2021,1,38,0.044243571
2021,1,39,0.044243571
2021,1,40,0.044243571
2022,1,1,3.7280026e-05
2022,1,2,0.024603346
2022,1,3,0.034091
2022,1,4,0.043620212
2022,1,5,0.040198504
2022,1,6,0.04055005
2022,1,7,0.044172511
2022,1,8,0.043315907
2022,1,9,0.038467649
2022,1,10,0.033887571
2022,1,11,0.031392817
2022,1,12,0.030433473
2022,1,13,0.030141133
2022,1,14,0.030105666
2022,1,15,0.030163188
2022,1,16,0.030246604
2022,1,17,0.030328379
2022,1,18,0.030398422
2022,1,19,0.030454439
2022,1,20,0.030497494
2022,1,21,0.030529742
2022,1,22,0.030553498
2022,1,23,0.03057081
2022,1,24,0.030583344
2022,1,25,0.030592468
2022,1,26,0.030598897
2022,1,27,0.030603423
2022,1,28,0.030606587
2022,1,29,0.030608779
2022,1,30,0.030610304
2022,1,31,0.030611346
2022,1,32,0.030612059
2022,1,33,0.03061254
2022,1,34,0.030612868
2022,1,35,0.030613076
2022,1,36,0.030613211
2022,1,37,0.030613285
2022,1,38,0.030613285
2022,1,39,0.030613285
2022,1,40,0.030613285
2023,1,1,6.459938e-05
2023,1,2,0.040104948
2023,1,3,0.050337817
2023,1,4,0.06248642
2023,1,5,0.06156243
2023,1,6,0.06769339
2023,1,7,0.07664816
2023,1,8,0.07676347
2023,1,9,0.06938166
2023,1,10,0.06124517
2023,1,11,0.05554145
2023,1,12,0.052030019
2023,1,13,0.049762098
2023,1,14,0.048220551
2023,1,15,0.047145612
2023,1,16,0.046386952
2023,1,17,0.045847869
2023,1,18,0.045463207
2023,1,19,0.045188053
2023,1,20,0.044991061
2023,1,21,0.044850075
2023,1,22,0.044749377
2023,1,23,0.04467766
2023,1,24,0.044626778
2023,1,25,0.044590979
2023,1,26,0.044565717
2023,1,27,0.044547981
2023,1,28,0.044535649
2023,1,29,0.044527131
2023,1,30,0.044521308
2023,1,31,0.044517392
2023,1,32,0.04451481
2023,1,33,0.04451315
2023,1,34,0.044512118
2023,1,35,0.044511516
2023,1,36,0.044511207
2023,1,37,0.044511081
2023,1,38,0.044511081
2023,1,39,0.044511081
2023,1,40,0.044511081
2024,1,1,0.00010573724
2024,1,2,0.032262824
2024,1,3,0.047830765
2024,1,4,0.063577017
2024,1,5,0.060858446
2024,1,6,0.065280028
2024,1,7,0.07584054
2024,1,8,0.07932335
2024,1,9,0.075741262
2024,1,10,0.07190261
2024,1,11,0.070794821
2024,1,12,0.071623023
2024,1,13,0.073078129
2024,1,14,0.074555548
2024,1,15,0.075843595
2024,1,16,0.076890371
2024,1,17,0.077707039
2024,1,18,0.078327287
2024,1,19,0.078789657
2024,1,20,0.079129661
2024,1,21,0.079377199
2024,1,22,0.079556034
2024,1,23,0.079684486
2024,1,24,0.079776292
2024,1,25,0.079841807
2024,1,26,0.079888074
2024,1,27,0.07992062
2024,1,28,0.079943398
2024,1,29,0.079959266
2024,1,30,0.079970228
2024,1,31,0.079977755
2024,1,32,0.079982859
2024,1,33,0.079986276
2024,1,34,0.079988533
2024,1,35,0.079989988
2024,1,36,0.079990874
2024,1,37,0.079991394
2024,1,38,0.079991394
2024,1,39,0.079991394
2024,1,40,0.079991394
1952,2,1,1.29526439e-12
1952,2,2,1.29526439e-12
1952,2,3,2.04709796e-07
1952,2,4,1.04839185e-06
1952,2,5,1.56854979e-05
1952,2,6,0.000121982365
1952,2,7,0.00041534381
1952,2,8,0.00083297892
1952,2,9,0.00119933776
1952,2,10,0.00140773071
1952,2,11,0.00147320244
1952,2,12,0.00145936527
1952,2,13,0.00141340385
1952,2,14,0.00136061535
1952,2,15,0.00131207706
1952,2,16,0.00127148884
1952,2,17,0.00123920976
1952,2,18,0.00121429637
1952,2,19,0.00119544045
1952,2,20,0.00118136458
1952,2,21,0.00117096644
1952,2,22,0.00116334929
1952,2,23,0.00115780925
1952,2,24,0.0011538058
1952,2,25,0.00115093026
1952,2,26,0.00114887719
1952,2,27,0.00114742031
1952,2,28,0.0011463935
1952,2,29,0.00114567488
1952,2,30,0.00114517647
1952,2,31,0.00114483404
1952,2,32,0.00114460212
1952,2,33,0.00114444741
1952,2,34,0.0011443466
1952,2,35,0.00114428277
1952,2,36,0.00114424453
1952,2,37,0.00114422323
1952,2,38,0.00114422323
1952,2,39,0.00114422323
1952,2,40,0.00114422323
1953,2,1,8.9963925e-13
1953,2,2,8.9963925e-13
1953,2,3,1.4218332e-07
1953,2,4,7.2817138e-07
1953,2,5,1.08945239e-05
1953,2,6,8.4724122e-05
1953,2,7,0.00028848134
1953,2,8,0.00057855413
1953,2,9,0.00083301241
1953,2,10,0.00097775395
1953,2,11,0.00102322789
1953,2,12,0.00101361715
1953,2,13,0.00098169425
1953,2,14,0.00094502953
1953,2,15,0.0009113168
1953,2,16,0.00088312577
1953,2,17,0.00086070595
1953,2,18,0.00084340225
1953,2,19,0.0008303056
1953,2,20,0.00082052904
1953,2,21,0.00081330688
1953,2,22,0.00080801625
1953,2,23,0.00080416845
1953,2,24,0.00080138775
1953,2,25,0.00079939058
1953,2,26,0.00079796451
1953,2,27,0.00079695276
1953,2,28,0.00079623942
1953,2,29,0.00079574032
1953,2,30,0.00079539416
1953,2,31,0.00079515635
1953,2,32,0.00079499519
1953,2,33,0.00079488776
1953,2,34,0.00079481778
1953,2,35,0.0007947736
1953,2,36,0.00079474683
1953,2,37,0.00079473217
1953,2,38,0.00079473217
1953,2,39,0.00079473217
1953,2,40,0.00079473217
1954,2,1,8.8915986e-13
1954,2,2,8.8915986e-13
1954,2,3,1.405271e-07
1954,2,4,7.1968926e-07
1954,2,5,1.07676201e-05
1954,2,6,8.37372e-05
1954,2,7,0.00028512095
1954,2,8,0.00057181478
1954,2,9,0.00082330907
1954,2,10,0.0009663646
1954,2,11,0.00101130892
1954,2,12,0.00100180998
1954,2,13,0.00097025894
1954,2,14,0.00093402134
1954,2,15,0.0009007013
1954,2,16,0.00087283876
1954,2,17,0.00085068005
1954,2,18,0.00083357786
1954,2,19,0.00082063369
1954,2,20,0.00081097114
1954,2,21,0.00080383315
1954,2,22,0.00079860418
1954,2,23,0.00079480109
1954,2,24,0.00079205271
1954,2,25,0.00079007885
1954,2,26,0.00078866946
1954,2,27,0.00078766943
1954,2,28,0.00078696441
1954,2,29,0.00078647122
1954,2,30,0.00078612897
1954,2,31,0.000785894
1954,2,32,0.00078573476
1954,2,33,0.00078562847
1954,2,34,0.00078555928
1954,2,35,0.00078551552
1954,2,36,0.00078548921
1954,2,37,0.00078547469
1954,2,38,0.00078547469
1954,2,39,0.00078547469
1954,2,40,0.00078547469
1955,2,1,6.6256624e-13
1955,2,2,6.6256624e-13
1955,2,3,1.04715155e-07
1955,2,4,5.3628362e-07
1955,2,5,8.0235974e-06
1955,2,6,6.2397604e-05
1955,2,7,0.00021246067
1955,2,8,0.00042609347
1955,2,9,0.00061349689
1955,2,10,0.00072009607
1955,2,11,0.00075358674
1955,2,12,0.00074650859
1955,2,13,0.00072299798
1955,2,14,0.00069599518
1955,2,15,0.00067116636
1955,2,16,0.00065040423
1955,2,17,0.00063389264
1955,2,18,0.00062114868
1955,2,19,0.00061150327
1955,2,20,0.00060430321
1955,2,21,0.00059898418
1955,2,22,0.00059508766
1955,2,23,0.00059225381
1955,2,24,0.00059020591
1955,2,25,0.00058873514
1955,2,26,0.00058768472
1955,2,27,0.0005869396
1955,2,28,0.00058641432
1955,2,29,0.00058604664
1955,2,30,0.00058579166
1955,2,31,0.00058561667
1955,2,32,0.00058549804
1955,2,33,0.00058541882
1955,2,34,0.00058536728
1955,2,35,0.00058533467
1955,2,36,0.00058531498
1955,2,37,0.00058530424
1955,2,38,0.00058530424
1955,2,39,0.00058530424
1955,2,40,0.00058530424
1956,2,1,8.8179682e-13
1956,2,2,8.8179682e-13
1956,2,3,1.39363407e-07
1956,2,4,7.1372961e-07
1956,2,5,1.0678454e-05
1956,2,6,8.3043779e-05
1956,2,7,0.00028275987
1956,2,8,0.00056707972
1956,2,9,0.00081649134
1956,2,10,0.00095836218
1956,2,11,0.00100293436
1956,2,12,0.00099351418
1956,2,13,0.0009622243
1956,2,14,0.00092628682
1956,2,15,0.00089324258
1956,2,16,0.0008656107
1956,2,17,0.00084363569
1956,2,18,0.00082667503
1956,2,19,0.00081383817
1956,2,20,0.00080425556
1956,2,21,0.00079717662
1956,2,22,0.00079199084
1956,2,23,0.00078821937
1956,2,24,0.00078549398
1956,2,25,0.00078353636
1956,2,26,0.00078213859
1956,2,27,0.00078114679
1956,2,28,0.00078044763
1956,2,29,0.00077995851
1956,2,30,0.00077961912
1956,2,31,0.00077938606
1956,2,32,0.00077922818
1956,2,33,0.00077912279
1956,2,34,0.00077905419
1956,2,35,0.00077901072
1956,2,36,0.00077898464
1956,2,37,0.00077897022
1956,2,38,0.00077897022
1956,2,39,0.00077897022
1956,2,40,0.00077897022
1957,2,1,5.1509975e-13
1957,2,2,5.1509975e-13
1957,2,3,8.1408832e-08
1957,2,4,4.1692367e-07
1957,2,5,6.237796e-06
1957,2,6,4.8509857e-05
1957,2,7,0.00016517361
1957,2,8,0.00033125846
1957,2,9,0.0004769518
1957,2,10,0.00055982527
1957,2,11,0.00058586212
1957,2,12,0.00058035921
1957,2,13,0.00056208133
1957,2,14,0.00054108849
1957,2,15,0.00052178586
1957,2,16,0.0005056447
1957,2,17,0.00049280799
1957,2,18,0.00048290056
1957,2,19,0.00047540191
1957,2,20,0.00046980431
1957,2,21,0.00046566907
1957,2,22,0.00046263981
1957,2,23,0.00046043672
1957,2,24,0.00045884467
1957,2,25,0.00045770114
1957,2,26,0.00045688456
1957,2,27,0.0004563053
1957,2,28,0.00045589689
1957,2,29,0.0004556111
1957,2,30,0.00045541296
1957,2,31,0.00045527673
1957,2,32,0.00045518444
1957,2,33,0.00045512301
1957,2,34,0.00045508289
1957,2,35,0.00045505763
1957,2,36,0.00045504232
1957,2,37,0.00045503387
1957,2,38,0.00045503387
1957,2,39,0.00045503387
1957,2,40,0.00045503387
1958,2,1,2.6503218e-12
1958,2,2,2.6503218e-12
1958,2,3,7.042729e-07
1958,2,4,2.6601461e-06
1958,2,5,2.2468633e-05
1958,2,6,0.00011783646
1958,2,7,0.00035123494
1958,2,8,0.00068180861
1958,2,9,0.00097935151
1958,2,10,0.00117044249
1958,2,11,0.0012843992
1958,2,12,0.0013915695
1958,2,13,0.0015452632
1958,2,14,0.0017662385
1958,2,15,0.0020451097
1958,2,16,0.0023544647
1958,2,17,0.0026633021
1958,2,18,0.0029471985
1958,2,19,0.0031920736
1958,2,20,0.0033932359
1958,2,21,0.0035524428
1958,2,22,0.0036749005
1958,2,23,0.00376704
1958,2,24,0.0038351848
1958,2,25,0.0038848932
1958,2,26,0.0039207402
1958,2,27,0.0039463341
1958,2,28,0.0039644395
1958,2,29,0.0039771316
1958,2,30,0.0039859416
1958,2,31,0.0039919909
1958,2,32,0.0039960888
1958,2,33,0.0039988191
1958,2,34,0.0040005974
1958,2,35,0.004001719
1958,2,36,0.0040023938
1958,2,37,0.0040027673
1958,2,38,0.0040027673
1958,2,39,0.0040027673
1958,2,40,0.0040027673
1959,2,1,2.7877885e-12
1959,2,2,2.7877885e-12
1959,2,3,6.621076e-07
1959,2,4,2.6561306e-06
1959,2,5,2.6288344e-05
1959,2,6,0.00016027844
1959,2,7,0.00050693919
1959,2,8,0.00099913516
1959,2,9,0.00143676499
1959,2,10,0.00170265094
1959,2,11,0.00182803548
1959,2,12,0.00190340758
1959,2,13,0.0019967641
1959,2,14,0.0021384886
1959,2,15,0.0023275462
1959,2,16,0.0025447488
1959,2,17,0.0027662374
1959,2,18,0.0029725245
1959,2,19,0.0031519427
1959,2,20,0.0033001311
1959,2,21,0.0034178306
1959,2,22,0.0035085767
1959,2,23,0.0035769644
1959,2,24,0.0036275957
1959,2,25,0.0036645533
1959,2,26,0.0036912169
1959,2,27,0.0037102599
1959,2,28,0.0037237339
1959,2,29,0.0037331788
1959,2,30,0.0037397344
1959,2,31,0.0037442366
1959,2,32,0.0037472862
1959,2,33,0.0037493178
1959,2,34,0.0037506415
1959,2,35,0.003751477
1959,2,36,0.0037519773
1959,2,37,0.0037522557
1959,2,38,0.0037522557
1959,2,39,0.0037522557
1959,2,40,0.0037522557
1960,2,1,2.6124926e-12
1960,2,2,2.6124926e-12
1960,2,3,6.285663e-07
1960,2,4,2.5037139e-06
1960,2,5,2.43624e-05
1960,2,6,0.000146464479
1960,2,7,0.00046092567
1960,2,8,0.00090731654
1960,2,9,0.00130461057
1960,2,10,0.00154710603
1960,2,11,0.00166403909
1960,2,12,0.00173851319
1960,2,13,0.0018330234
1960,2,14,0.0019751639
1960,2,15,0.0021630559
1960,2,16,0.0023777265
1960,2,17,0.0025959167
1960,2,18,0.0027987267
1960,2,19,0.0029748995
1960,2,20,0.0031202897
1960,2,21,0.0032357062
1960,2,22,0.0033246599
1960,2,23,0.0033916811
1960,2,24,0.003441293
1960,2,25,0.0034775032
1960,2,26,0.0035036261
1960,2,27,0.0035222805
1960,2,28,0.0035354803
1960,2,29,0.0035447329
1960,2,30,0.0035511557
1960,2,31,0.0035555653
1960,2,32,0.0035585535
1960,2,33,0.0035605432
1960,2,34,0.0035618398
1960,2,35,0.0035626579
1960,2,36,0.0035631504
1960,2,37,0.0035634212
1960,2,38,0.0035634212
1960,2,39,0.0035634212
1960,2,40,0.0035634212
1961,2,1,3.6374162e-12
1961,2,2,3.6374162e-12
1961,2,3,8.121858e-07
1961,2,4,3.3723295e-06
1961,2,5,3.6044343e-05
1961,2,6,0.00023299897
1961,2,7,0.00075178136
1961,2,8,0.00148891918
1961,2,9,0.0021418357
1961,2,10,0.0025313909
1961,2,11,0.0026986135
1961,2,12,0.002772409
1961,2,13,0.0028493316
1961,2,14,0.0029746414
1961,2,15,0.0031527955
1961,2,16,0.003365096
1961,2,17,0.0035861637
1961,2,18,0.0037946463
1961,2,19,0.0039773867
1961,2,20,0.0041290723
1961,2,21,0.0042499423
1961,2,22,0.0043433338
1961,2,23,0.0044138158
1961,2,24,0.0044660458
1961,2,25,0.0045041951
1961,2,26,0.0045317286
1961,2,27,0.0045513978
1961,2,28,0.0045653159
1961,2,29,0.004575074
1961,2,30,0.0045818483
1961,2,31,0.004586499
1961,2,32,0.0045896494
1961,2,33,0.0045917482
1961,2,34,0.0045931155
1961,2,35,0.0045939776
1961,2,36,0.0045944956
1961,2,37,0.0045947836
1961,2,38,0.0045947836
1961,2,39,0.0045947836
1961,2,40,0.0045947836
1962,2,1,4.416266e-12
1962,2,2,4.416266e-12
1962,2,3,9.532039e-07
1962,2,4,4.0350755e-06
1962,2,5,4.4871538e-05
1962,2,6,0.00029807248
1962,2,7,0.00097021372
1962,2,8,0.0019255697
1962,2,9,0.002770386
1962,2,10,0.003270471
1962,2,11,0.0034758052
1962,2,12,0.0035497897
1962,2,13,0.0036146333
1962,2,14,0.0037288642
1962,2,15,0.0039015839
1962,2,16,0.0041141243
1962,2,17,0.0043393265
1962,2,18,0.0045538602
1962,2,19,0.0047430657
1962,2,20,0.0049007306
1962,2,21,0.0050266829
1962,2,22,0.0051241627
1962,2,23,0.0051978128
1962,2,24,0.0052524305
1962,2,25,0.0052923429
1962,2,26,0.005321156
1962,2,27,0.0053417451
1962,2,28,0.0053563138
1962,2,29,0.0053665293
1962,2,30,0.0053736218
1962,2,31,0.0053784899
1962,2,32,0.0053817871
1962,2,33,0.0053839861
1962,2,34,0.0053854162
1962,2,35,0.0053863193
1962,2,36,0.0053868616
1962,2,37,0.0053871609
1962,2,38,0.0053871609
1962,2,39,0.0053871609
1962,2,40,0.0053871609
1963,2,1,3.7596535e-12
1963,2,2,3.7596535e-12
1963,2,3,8.519724e-07
1963,2,4,3.5081987e-06
1963,2,5,3.6834257e-05
1963,2,6,0.00023506157
1963,2,7,0.00075521947
1963,2,8,0.00149419354
1963,2,9,0.00214926285
1963,2,10,0.00254160933
1963,2,11,0.0027135755
1963,2,12,0.0027957822
1963,2,13,0.0028861326
1963,2,14,0.0030300542
1963,2,15,0.0032307489
1963,2,16,0.0034673611
1963,2,17,0.0037122668
1963,2,18,0.0039424145
1963,2,19,0.0041437028
1963,2,20,0.0043105518
1963,2,21,0.0044433849
1963,2,22,0.0045459569
1963,2,23,0.0046233359
1963,2,24,0.0046806632
1963,2,25,0.0047225277
1963,2,26,0.0047527402
1963,2,27,0.0047743214
1963,2,28,0.0047895919
1963,2,29,0.0048002967
1963,2,30,0.0048077294
1963,2,31,0.0048128305
1963,2,32,0.0048162879
1963,2,33,0.0048185912
1963,2,34,0.00482009
1963,2,35,0.0048210363
1963,2,36,0.0048216054
1963,2,37,0.004821921
1963,2,38,0.004821921
1963,2,39,0.004821921
1963,2,40,0.004821921
1964,2,1,3.8946508e-12
1964,2,2,3.8946508e-12
1964,2,3,1.0031753e-06
1964,2,4,3.8517914e-06
1964,2,5,3.4088726e-05
1964,2,6,0.00018782045
1964,2,7,0.00057161778
1964,2,8,0.0011156942
1964,2,9,0.0016032333
1964,2,10,0.0019102231
1964,2,11,0.0020799087
1964,2,12,0.0022223217
1964,2,13,0.0024206111
1964,2,14,0.0027087309
1964,2,15,0.0030764544
1964,2,16,0.0034873926
1964,2,17,0.003899519
1964,2,18,0.0042794468
1964,2,19,0.0046077529
1964,2,20,0.004877775
1964,2,21,0.00509165
1964,2,22,0.005256241
1964,2,23,0.005380129
1964,2,24,0.005471774
1964,2,25,0.005538634
1964,2,26,0.005586857
1964,2,27,0.005621287
1964,2,28,0.005645645
1964,2,29,0.00566272
1964,2,30,0.005674574
1964,2,31,0.005682711
1964,2,32,0.005688226
1964,2,33,0.005691897
1964,2,34,0.00569429
1964,2,35,0.005695799
1964,2,36,0.005696707
1964,2,37,0.00569721
1964,2,38,0.00569721
1964,2,39,0.00569721
1964,2,40,0.00569721
1965,2,1,5.302885e-12
1965,2,2,5.302885e-12
1965,2,3,1.2977638e-06
1965,2,4,5.121578e-06
1965,2,5,4.8712933e-05
1965,2,6,0.00028719095
1965,2,7,0.0008973534
1965,2,8,0.0017632593
1965,2,9,0.0025350216
1965,2,10,0.003009195
1965,2,11,0.0032450139
1965,2,12,0.0034065734
1965,2,13,0.0036174115
1965,2,14,0.0039311631
1965,2,15,0.0043415541
1965,2,16,0.0048073918
1965,2,17,0.00527903
1965,2,18,0.005716381
1965,2,19,0.00609572
1965,2,20,0.006408473
1965,2,21,0.006656589
1965,2,22,0.006847736
1965,2,23,0.006991712
1965,2,24,0.007098269
1965,2,25,0.007176034
1965,2,26,0.007232129
1965,2,27,0.007272189
1965,2,28,0.007300529
1965,2,29,0.007320396
1965,2,30,0.007334188
1965,2,31,0.007343658
1965,2,32,0.007350072
1965,2,33,0.007354345
1965,2,34,0.007357128
1965,2,35,0.007358884
1965,2,36,0.007359941
1965,2,37,0.007360526
1965,2,38,0.007360526
1965,2,39,0.007360526
1965,2,40,0.007360526
1966,2,1,6.01245e-12
1966,2,2,6.01245e-12
1966,2,3,1.4907445e-06
1966,2,4,5.841763e-06
1966,2,5,5.4579115e-05
1966,2,6,0.00031669542
1966,2,7,0.0009836547
1966,2,8,0.0019299369
1966,2,9,0.0027743473
1966,2,10,0.0032960315
1966,2,11,0.003562049
1966,2,12,0.0037544028
1966,2,13,0.0040102322
1966,2,14,0.0043882474
1966,2,15,0.0048791678
1966,2,16,0.005433914
1966,2,17,0.005994053
1966,2,18,0.006512603
1966,2,19,0.006961899
1966,2,20,0.007332075
1966,2,21,0.007625615
1966,2,22,0.00785169
1966,2,23,0.008021939
1966,2,24,0.008147925
1966,2,25,0.00823986
1966,2,26,0.008306173
1966,2,27,0.008353528
1966,2,28,0.008387029
1966,2,29,0.008410515
1966,2,30,0.008426818
1966,2,31,0.008438011
1966,2,32,0.008445594
1966,2,33,0.008450647
1966,2,34,0.008453936
1966,2,35,0.008456013
1966,2,36,0.00845726
1966,2,37,0.008457952
1966,2,38,0.008457952
1966,2,39,0.008457952
1966,2,40,0.008457952
1967,2,1,5.819078e-12
1967,2,2,7.0097799584e-07
1967,2,3,3.2912563e-06
1967,2,4,1.3105348e-05
1967,2,5,6.771343e-05
1967,2,6,0.00033627644
1967,2,7,0.0010255342
1967,2,8,0.0020057897
1967,2,9,0.0028792424
1967,2,10,0.0034132332
1967,2,11,0.0036723967
1967,2,12,0.0038402069
1967,2,13,0.0040547089
1967,2,14,0.0043766306
1967,2,15,0.0048011861
1967,2,16,0.005285542
1967,2,17,0.005777412
1967,2,18,0.006234367
1967,2,19,0.006631168
1967,2,20,0.006958567
1967,2,21,0.007218431
1967,2,22,0.007418694
1967,2,23,0.007569571
1967,2,24,0.007681251
1967,2,25,0.00776276
1967,2,26,0.007821563
1967,2,27,0.007863555
1967,2,28,0.007893266
1967,2,29,0.007914093
1967,2,30,0.007928551
1967,2,31,0.007938478
1967,2,32,0.007945202
1967,2,33,0.007949681
1967,2,34,0.0079526
1967,2,35,0.007954441
1967,2,36,0.007955547
1967,2,37,0.007956161
1967,2,38,0.007956161
1967,2,39,0.007956161
1967,2,40,0.007956161
1968,2,1,7.939495e-12
1968,2,2,1.301547211024e-06
1968,2,3,4.9703279e-06
1968,2,4,1.7112775e-05
1968,2,5,8.281932e-05
1968,2,6,0.00037294836
1968,2,7,0.0010861548
1968,2,8,0.0020987764
1968,2,9,0.0030100818
1968,2,10,0.0035927357
1968,2,11,0.0039341454
1968,2,12,0.0042475679
1968,2,13,0.0046945421
1968,2,14,0.0053386783
1968,2,15,0.006153506
1968,2,16,0.007058801
1968,2,17,0.007963446
1968,2,18,0.008795533
1968,2,19,0.009513523
1968,2,20,0.010103495
1968,2,21,0.010570497
1968,2,22,0.010929739
1968,2,23,0.011200062
1968,2,24,0.011399998
1968,2,25,0.011545845
1968,2,26,0.011651025
1968,2,27,0.011726122
1968,2,28,0.011779251
1968,2,29,0.01181649
1968,2,30,0.011842342
1968,2,31,0.01186009
1968,2,32,0.011872114
1968,2,33,0.011880126
1968,2,34,0.011885343
1968,2,35,0.011888635
1968,2,36,0.011890613
1968,2,37,0.011891709
1968,2,38,0.011891709
1968,2,39,0.011891709
1968,2,40,0.011891709
1969,2,1,7.130497e-12
1969,2,2,4.215519075686e-06
1969,2,3,8.9754646e-06
1969,2,4,1.9707761e-05
1969,2,5,7.172917e-05
1969,2,6,0.00031732429
1969,2,7,0.00092322098
1969,2,8,0.0017840545
1969,2,9,0.0025605031
1969,2,10,0.0030619623
1969,2,11,0.0033669139
1969,2,12,0.0036613342
1969,2,13,0.0040862822
1969,2,14,0.0046959858
1969,2,15,0.005463654
1969,2,16,0.006313921
1969,2,17,0.007161948
1969,2,18,0.007941016
1969,2,19,0.00861274
1969,2,20,0.009164414
1969,2,21,0.009600955
1969,2,22,0.009936691
1969,2,23,0.010189288
1969,2,24,0.010376095
1969,2,25,0.010512356
1969,2,26,0.010610619
1969,2,27,0.010680775
1969,2,28,0.010730406
1969,2,29,0.010765195
1969,2,30,0.010789346
1969,2,31,0.010805926
1969,2,32,0.010817158
1969,2,33,0.010824642
1969,2,34,0.010829516
1969,2,35,0.010832592
1969,2,36,0.01083444
1969,2,37,0.010835464
1969,2,38,0.010835464
1969,2,39,0.010835464
1969,2,40,0.010835464
1970,2,1,0.009010906
1970,2,2,0.70649652
1970,2,3,0.81469444
1970,2,4,0.0047588649
1970,2,5,0.0029497809
1970,2,6,0.0018940185
1970,2,7,0.0015371513
1970,2,8,0.0023065557
1970,2,9,0.0028726705
1970,2,10,0.0032252152
1970,2,11,0.0043756713
1970,2,12,0.00549341
1970,2,13,0.0062480846
1970,2,14,0.007369034
1970,2,15,0.00884656
1970,2,16,0.010601694
1970,2,17,0.012511989
1970,2,18,0.014439832
1970,2,19,0.016260444
1970,2,20,0.017883276
1970,2,21,0.019260482
1970,2,22,0.020382591
1970,2,23,0.021267088
1970,2,24,0.021945999
1970,2,25,0.022456135
1970,2,26,0.022832926
1970,2,27,0.023107321
1970,2,28,0.023304756
1970,2,29,0.023445292
1970,2,30,0.023544306
1970,2,31,0.023613342
1970,2,32,0.023660929
1970,2,33,0.023693294
1970,2,34,0.023714947
1970,2,35,0.023729121
1970,2,36,0.023738125
1970,2,37,0.023743592
1970,2,38,0.023743592
1970,2,39,0.023743592
1970,2,40,0.023743592
1971,2,1,0.0060896038
1971,2,2,0.4939177
1971,2,3,0.56061949
1971,2,4,0.008858629
1971,2,5,0.005470128
1971,2,6,0.003215279
1971,2,7,0.0019527315
1971,2,8,0.0022521454
1971,2,9,0.0025299207
1971,2,10,0.0026049152
1971,2,11,0.0033512147
1971,2,12,0.0041336405
1971,2,13,0.0047142245
1971,2,14,0.005599966
1971,2,15,0.006803494
1971,2,16,0.008283047
1971,2,17,0.009950125
1971,2,18,0.011686194
1971,2,19,0.013369397
1971,2,20,0.01490145
1971,2,21,0.016222735
1971,2,22,0.017312529
1971,2,23,0.018179517
1971,2,24,0.018849654
1971,2,25,0.019355897
1971,2,26,0.019731375
1971,2,27,0.02000573
1971,2,28,0.020203691
1971,2,29,0.020344951
1971,2,30,0.020444713
1971,2,31,0.020514436
1971,2,32,0.020562623
1971,2,33,0.020595499
1971,2,34,0.02061758
1971,2,35,0.020632109
1971,2,36,0.020641406
1971,2,37,0.020647114
1971,2,38,0.020647114
1971,2,39,0.020647114
1971,2,40,0.020647114
1972,2,1,0.0036640897
1972,2,2,0.30909005
1972,2,3,0.34571659
1972,2,4,0.010138924
1972,2,5,0.006183833
1972,2,6,0.0036215726
1972,2,7,0.0022121011
1972,2,8,0.002539238
1972,2,9,0.002854338
1972,2,10,0.0028553948
1972,2,11,0.0033049788
1972,2,12,0.0037944504
1972,2,13,0.0041991848
1972,2,14,0.0048493664
1972,2,15,0.005779611
1972,2,16,0.006978826
1972,2,17,0.008386726
1972,2,18,0.0099026
1972,2,19,0.011410622
1972,2,20,0.012809908
1972,2,21,0.014033948
1972,2,22,0.01505411
1972,2,23,0.015871958
1972,2,24,0.016507732
1972,2,25,0.016990084
1972,2,26,0.017349033
1972,2,27,0.017612005
1972,2,28,0.017802167
1972,2,29,0.017938126
1972,2,30,0.018034317
1972,2,31,0.01810167
1972,2,32,0.018148314
1972,2,33,0.018180212
1972,2,34,0.018201697
1972,2,35,0.018215892
1972,2,36,0.018225023
1972,2,37,0.018230675
1972,2,38,0.018230675
1972,2,39,0.018230675
1972,2,40,0.018230675
1973,2,1,0.0061878062
1973,2,2,0.5007797
1973,2,3,0.56989081
1973,2,4,0.009475565
1973,2,5,0.005686562
1973,2,6,0.0036263118
1973,2,7,0.0030255089
1973,2,8,0.0044281345
1973,2,9,0.005594961
1973,2,10,0.006135826
1973,2,11,0.007140387
1973,2,12,0.00812091
1973,2,13,0.00896809
1973,2,14,0.010264046
1973,2,15,0.012025881
1973,2,16,0.014173845
1973,2,17,0.016562388
1973,2,18,0.019015122
1973,2,19,0.021363325
1973,2,20,0.023478532
1973,2,21,0.025287872
1973,2,22,0.026770849
1973,2,23,0.027944996
1973,2,24,0.028849239
1973,2,25,0.029530412
1973,2,26,0.030034519
1973,2,27,0.030402207
1973,2,28,0.030667111
1973,2,29,0.030855889
1973,2,30,0.030989037
1973,2,31,0.031081973
1973,2,32,0.031146111
1973,2,33,0.031189796
1973,2,34,0.031219074
1973,2,35,0.031238288
1973,2,36,0.031250531
1973,2,37,0.031258005
1973,2,38,0.031258005
1973,2,39,0.031258005
1973,2,40,0.031258005
1974,2,1,0.0050441794
1974,2,2,0.42588293
1974,2,3,0.47567731
1974,2,4,0.0138089
1974,2,5,0.008607897
1974,2,6,0.005513424
1974,2,7,0.0046903179
1974,2,8,0.006717715
1974,2,9,0.008561096
1974,2,10,0.009420903
1974,2,11,0.01043037
1974,2,12,0.011314446
1974,2,13,0.012116384
1974,2,14,0.013389656
1974,2,15,0.015182584
1974,2,16,0.017425613
1974,2,17,0.019967521
1974,2,18,0.022614505
1974,2,19,0.025174941
1974,2,20,0.027498794
1974,2,21,0.029497592
1974,2,22,0.031142457
1974,2,23,0.032448628
1974,2,24,0.033456747
1974,2,25,0.034217417
1974,2,26,0.034781065
1974,2,27,0.035192589
1974,2,28,0.035489318
1974,2,29,0.035700928
1974,2,30,0.03585028
1974,2,31,0.035954595
1974,2,32,0.036026642
1974,2,33,0.036075751
1974,2,34,0.036108707
1974,2,35,0.036130363
1974,2,36,0.036144197
1974,2,37,0.036152661
1974,2,38,0.036152661
1974,2,39,0.036152661
1974,2,40,0.036152661
1975,2,1,0.0036247468
1975,2,2,0.31235282
1975,2,3,0.34637887
1975,2,4,0.012905052
1975,2,5,0.008307647
1975,2,6,0.005458145
1975,2,7,0.0047934048
1975,2,8,0.007032287
1975,2,9,0.008936377
1975,2,10,0.009771751
1975,2,11,0.01081292
1975,2,12,0.011968865
1975,2,13,0.013399535
1975,2,14,0.015561889
1975,2,15,0.018457732
1975,2,16,0.021929277
1975,2,17,0.025724547
1975,2,18,0.029561554
1975,2,19,0.033186805
1975,2,20,0.036417794
1975,2,21,0.039158791
1975,2,22,0.041391192
1975,2,23,0.043150204
1975,2,24,0.044499909
1975,2,25,0.045513818
1975,2,26,0.046262506
1975,2,27,0.04680763
1975,2,28,0.04719977
1975,2,29,0.04747886
1975,2,30,0.04767545
1975,2,31,0.04781251
1975,2,32,0.04790695
1975,2,33,0.04797118
1975,2,34,0.04801413
1975,2,35,0.04804225
1975,2,36,0.04806009
1975,2,37,0.04807091
1975,2,38,0.04807091
1975,2,39,0.04807091
1975,2,40,0.04807091
1976,2,1,0.0024756338
1976,2,2,0.2079324
1976,2,3,0.23440189
1976,2,4,0.008120672
1976,2,5,0.0051484659
1976,2,6,0.0037135645
1976,2,7,0.0039862626
1976,2,8,0.006499998
1976,2,9,0.008506431
1976,2,10,0.009429871
1976,2,11,0.01040872
1976,2,12,0.011521198
1976,2,13,0.012998191
1976,2,14,0.015205768
1976,2,15,0.018125901
1976,2,16,0.021580366
1976,2,17,0.02530663
1976,2,18,0.029027158
1976,2,19,0.032504644
1976,2,20,0.035576686
1976,2,21,0.038164706
1976,2,22,0.040261155
1976,2,23,0.041906209
1976,2,24,0.043164486
1976,2,25,0.044107382
1976,2,26,0.0448023
1976,2,27,0.045307489
1976,2,28,0.04567042
1976,2,29,0.04592843
1976,2,30,0.04610999
1976,2,31,0.04623638
1976,2,32,0.04632339
1976,2,33,0.04638248
1976,2,34,0.0464219
1976,2,35,0.04644765
1976,2,36,0.04646392
1976,2,37,0.04647375
1976,2,38,0.04647375
1976,2,39,0.04647375
1976,2,40,0.04647375
1977,2,1,0.0058735906
1977,2,2,0.4769147
1977,2,3,0.54528104
1977,2,4,0.012921933
1977,2,5,0.007986262
1977,2,6,0.005040865
1977,2,7,0.0037127889
1977,2,8,0.0050376148
1977,2,9,0.005981847
1977,2,10,0.006285262
1977,2,11,0.007578932
1977,2,12,0.009421617
1977,2,13,0.011789071
1977,2,14,0.015242342
1977,2,15,0.019693887
1977,2,16,0.02486415
1977,2,17,0.030371753
1977,2,18,0.035823569
1977,2,19,0.040888547
1977,2,20,0.045343954
1977,2,21,0.04908601
1977,2,22,0.0521107
1977,2,23,0.05448042
1977,2,24,0.0562909
1977,2,25,0.05764645
1977,2,26,0.05864487
1977,2,27,0.05937034
1977,2,28,0.05989133
1977,2,29,0.06026157
1977,2,30,0.060522
1977,2,31,0.06070328
1977,2,32,0.06082802
1977,2,33,0.06091268
1977,2,34,0.06096916
1977,2,35,0.061006
1977,2,36,0.0610293
1977,2,37,0.06104332
1977,2,38,0.06104332
1977,2,39,0.06104332
1977,2,40,0.06104332
1978,2,1,0.0036263834
1978,2,2,0.31094288
1978,2,3,0.35285051
1978,2,4,0.021433883
1978,2,5,0.014418568
1978,2,6,0.009333731
1978,2,7,0.007154607
1978,2,8,0.0084867
1978,2,9,0.010196785
1978,2,10,0.011335564
1978,2,11,0.013005505
1978,2,12,0.015368963
1978,2,13,0.018773925
1978,2,14,0.023665778
1978,2,15,0.02982785
1978,2,16,0.036755309
1978,2,17,0.043855022
1978,2,18,0.050607006
1978,2,19,0.0566489
1978,2,20,0.06179248
1978,2,21,0.06599666
1978,2,22,0.06932138
1978,2,23,0.07188154
1978,2,24,0.07381119
1978,2,25,0.07524067
1978,2,26,0.07628465
1978,2,27,0.07703797
1978,2,28,0.0775758
1978,2,29,0.077956
1978,2,30,0.07822208
1978,2,31,0.07840633
1978,2,32,0.07853237
1978,2,33,0.07861734
1978,2,34,0.07867352
1978,2,35,0.07870973
1978,2,36,0.07873223
1978,2,37,0.07874539
1978,2,38,0.07874539
1978,2,39,0.07874539
1978,2,40,0.07874539
1979,2,1,0.0053765469
1979,2,2,0.46083356
1979,2,3,0.52700262
1979,2,4,0.034345749
1979,2,5,0.022890375
1979,2,6,0.014192292
1979,2,7,0.009271034
1979,2,8,0.009179788
1979,2,9,0.010038056
1979,2,10,0.01073767
1979,2,11,0.012632236
1979,2,12,0.015642701
1979,2,13,0.020031719
1979,2,14,0.026322382
1979,2,15,0.03421747
1979,2,16,0.043078737
1979,2,17,0.05216152
1979,2,18,0.0608098
1979,2,19,0.06856149
1979,2,20,0.07517229
1979,2,21,0.08058453
1979,2,22,0.08487063
1979,2,23,0.08817497
1979,2,24,0.09066793
1979,2,25,0.09251612
1979,2,26,0.09386676
1979,2,27,0.09484189
1979,2,28,0.0955384
1979,2,29,0.09603095
1979,2,30,0.09637583
1979,2,31,0.09661475
1979,2,32,0.09677825
1979,2,33,0.09688853
1979,2,34,0.09696151
1979,2,35,0.0970086
1979,2,36,0.09703788
1979,2,37,0.09705507
1979,2,38,0.09705507
1979,2,39,0.09705507
1979,2,40,0.09705507
1980,2,1,0.0043665053
1980,2,2,0.35696782
1980,2,3,0.4340651
1980,2,4,0.030891935
1980,2,5,0.017523713
1980,2,6,0.011111123
1980,2,7,0.007960016
1980,2,8,0.008781968
1980,2,9,0.010136731
1980,2,10,0.010991227
1980,2,11,0.012509941
1980,2,12,0.014710667
1980,2,13,0.017866115
1980,2,14,0.022428589
1980,2,15,0.028215026
1980,2,16,0.034774602
1980,2,17,0.041561826
1980,2,18,0.04808121
1980,2,19,0.05397058
1980,2,20,0.0590269
1980,2,21,0.06318941
1980,2,22,0.06650048
1980,2,23,0.06906208
1980,2,24,0.071
1980,2,25,0.07243983
1980,2,26,0.07349384
1980,2,27,0.07425587
1980,2,28,0.07480083
1980,2,29,0.07518661
1980,2,30,0.075457
1980,2,31,0.07564451
1980,2,32,0.07577299
1980,2,33,0.07585976
1980,2,34,0.0759173
1980,2,35,0.07595451
1980,2,36,0.07597774
1980,2,37,0.07599146
1980,2,38,0.07599146
1980,2,39,0.07599146
1980,2,40,0.07599146
1981,2,1,0.0045074646
1981,2,2,0.37046492
1981,2,3,0.44859296
1981,2,4,0.030912079
1981,2,5,0.016891498
1981,2,6,0.010326105
1981,2,7,0.006915981
1981,2,8,0.007419997
1981,2,9,0.008426618
1981,2,10,0.009114352
1981,2,11,0.010839145
1981,2,12,0.013607776
1981,2,13,0.017701213
1981,2,14,0.023551394
1981,2,15,0.030891284
1981,2,16,0.039138428
1981,2,17,0.047607749
1981,2,18,0.05568993
1981,2,19,0.06295055
1981,2,20,0.06915533
1981,2,21,0.07424414
1981,2,22,0.07828001
1981,2,23,0.08139509
1981,2,24,0.08374747
1981,2,25,0.08549275
1981,2,26,0.08676893
1981,2,27,0.08769075
1981,2,28,0.08834946
1981,2,29,0.08881547
1981,2,30,0.08914187
1981,2,31,0.08936807
1981,2,32,0.08952296
1981,2,33,0.08962747
1981,2,34,0.08969668
1981,2,35,0.08974137
1981,2,36,0.0897692
1981,2,37,0.08978557
1981,2,38,0.08978557
1981,2,39,0.08978557
1981,2,40,0.08978557
1982,2,1,0.0038787292
1982,2,2,0.32233858
1982,2,3,0.39089257
1982,2,4,0.027235361
1982,2,5,0.013853704
1982,2,6,0.008328709
1982,2,7,0.0048457974
1982,2,8,0.0044708687
1982,2,9,0.0045311319
1982,2,10,0.0046164836
1982,2,11,0.006036906
1982,2,12,0.008669253
1982,2,13,0.012674742
1982,2,14,0.018358565
1982,2,15,0.025447153
1982,2,16,0.033388504
1982,2,17,0.041538023
1982,2,18,0.04931973
1982,2,19,0.05631895
1982,2,20,0.06230874
1982,2,21,0.06722784
1982,2,22,0.0711337
1982,2,23,0.07415142
1982,2,24,0.07643211
1982,2,25,0.07812534
1982,2,26,0.07936413
1982,2,27,0.08025934
1982,2,28,0.0808993
1982,2,29,0.08135219
1982,2,30,0.08166953
1982,2,31,0.08188952
1982,2,32,0.08204022
1982,2,33,0.08214196
1982,2,34,0.08220937
1982,2,35,0.08225295
1982,2,36,0.08228011
1982,2,37,0.08229613
1982,2,38,0.08229613
1982,2,39,0.08229613
1982,2,40,0.08229613
1983,2,1,0.0054797957
1983,2,2,0.44007219
1983,2,3,0.54029291
1983,2,4,0.036509992
1983,2,5,0.02138742
1983,2,6,0.01308154
1983,2,7,0.007904616
1983,2,8,0.007094984
1983,2,9,0.007025439
1983,2,10,0.007031298
1983,2,11,0.008653474
1983,2,12,0.01163473
1983,2,13,0.016112598
1983,2,14,0.022521593
1983,2,15,0.030558504
1983,2,16,0.039601002
1983,2,17,0.04891579
1983,2,18,0.05784077
1983,2,19,0.06589269
1983,2,20,0.0728011
1983,2,21,0.07848662
1983,2,22,0.08300869
1983,2,23,0.08650718
1983,2,24,0.08915397
1983,2,25,0.09112059
1983,2,26,0.09256035
1983,2,27,0.09360135
1983,2,28,0.09434586
1983,2,29,0.09487295
1983,2,30,0.09524244
1983,2,31,0.09549867
1983,2,32,0.09567426
1983,2,33,0.09579288
1983,2,34,0.09587153
1983,2,35,0.09592241
1983,2,36,0.09595418
1983,2,37,0.09597295
1983,2,38,0.09597295
1983,2,39,0.09597295
1983,2,40,0.09597295
1984,2,1,0.0038022359
1984,2,2,0.33509574
1984,2,3,0.40296222
1984,2,4,0.048085613
1984,2,5,0.031870536
1984,2,6,0.019625511
1984,2,7,0.011294927
1984,2,8,0.008644579
1984,2,9,0.007596433
1984,2,10,0.00705658
1984,2,11,0.008365105
1984,2,12,0.011548326
1984,2,13,0.016778127
1984,2,14,0.023979088
1984,2,15,0.03253816
1984,2,16,0.04178198
1984,2,17,0.05106891
1984,2,18,0.05984682
1984,2,19,0.0677116
1984,2,20,0.07443717
1984,2,21,0.07996389
1984,2,22,0.08435682
1984,2,23,0.08775444
1984,2,24,0.09032464
1984,2,25,0.09223419
1984,2,26,0.09363208
1984,2,27,0.09464274
1984,2,28,0.0953655
1984,2,29,0.09587717
1984,2,30,0.0962358
1984,2,31,0.09648452
1984,2,32,0.09665497
1984,2,33,0.09677011
1984,2,34,0.09684648
1984,2,35,0.09689589
1984,2,36,0.09692676
1984,2,37,0.096945
1984,2,38,0.096945
1984,2,39,0.096945
1984,2,40,0.096945
1985,2,1,0.0039058507
1985,2,2,0.33185007
1985,2,3,0.40031847
1985,2,4,0.039183276
1985,2,5,0.02639446
1985,2,6,0.01674234
1985,2,7,0.010004403
1985,2,8,0.008249191
1985,2,9,0.007435339
1985,2,10,0.00679843
1985,2,11,0.00798004
1985,2,12,0.010922838
1985,2,13,0.015738499
1985,2,14,0.022369944
1985,2,15,0.0302578
1985,2,16,0.03882186
1985,2,17,0.04750761
1985,2,18,0.05581245
1985,2,19,0.06334021
1985,2,20,0.0698453
1985,2,21,0.07523826
1985,2,22,0.07955562
1985,2,23,0.08291384
1985,2,24,0.08546557
1985,2,25,0.08736805
1985,2,26,0.08876465
1985,2,27,0.08977667
1985,2,28,0.09050181
1985,2,29,0.09101605
1985,2,30,0.09137706
1985,2,31,0.09162787
1985,2,32,0.09180009
1985,2,33,0.09191668
1985,2,34,0.09199424
1985,2,35,0.09204462
1985,2,36,0.09207626
1985,2,37,0.09209515
1985,2,38,0.09209515
1985,2,39,0.09209515
1985,2,40,0.09209515
1986,2,1,0.004608172
1986,2,2,0.41110682
1986,2,3,0.48728232
1986,2,4,0.047781759
1986,2,5,0.026896608
1986,2,6,0.015681581
1986,2,7,0.008214205
1986,2,8,0.006049668
1986,2,9,0.0051660146
1986,2,10,0.0045989497
1986,2,11,0.005854489
1986,2,12,0.008812238
1986,2,13,0.013540312
1986,2,14,0.019972207
1986,2,15,0.027542129
1986,2,16,0.035695658
1986,2,17,0.043920962
1986,2,18,0.05175892
1986,2,19,0.05884835
1986,2,20,0.06496625
1986,2,21,0.07003359
1986,2,22,0.07408776
1986,2,23,0.07723983
1986,2,24,0.07963411
1986,2,25,0.08141878
1986,2,26,0.08272864
1986,2,27,0.08367764
1986,2,28,0.08435752
1986,2,29,0.08483963
1986,2,30,0.08517804
1986,2,31,0.08541313
1986,2,32,0.08557452
1986,2,33,0.08568378
1986,2,34,0.08575643
1986,2,35,0.08580363
1986,2,36,0.08583327
1986,2,37,0.08585093
1986,2,38,0.08585093
1986,2,39,0.08585093
1986,2,40,0.08585093
1987,2,1,0.0041974812
1987,2,2,0.39551735
1987,2,3,0.47628647
1987,2,4,0.06335432
1987,2,5,0.038090801
1987,2,6,0.022450495
1987,2,7,0.011865552
1987,2,8,0.007832112
1987,2,9,0.0062861675
1987,2,10,0.0056938905
1987,2,11,0.007037021
1987,2,12,0.010344275
1987,2,13,0.015769641
1987,2,14,0.023143633
1987,2,15,0.03177511
1987,2,16,0.040960758
1987,2,17,0.05006896
1987,2,18,0.05858091
1987,2,19,0.06613477
1987,2,20,0.07254371
1987,2,21,0.0777769
1987,2,22,0.08191559
1987,2,23,0.08510397
1987,2,24,0.0875084
1987,2,25,0.08929043
1987,2,26,0.09059245
1987,2,27,0.09153227
1987,2,28,0.09220345
1987,2,29,0.09267803
1987,2,30,0.09301027
1987,2,31,0.09324041
1987,2,32,0.09339791
1987,2,33,0.09350412
1987,2,34,0.09357445
1987,2,35,0.09361981
1987,2,36,0.09364804
1987,2,37,0.09366462
1987,2,38,0.09366462
1987,2,39,0.09366462
1987,2,40,0.09366462
1988,2,1,0.005825603
1988,2,2,0.54661816
1988,2,3,0.6594289
1988,2,4,0.09652212
1988,2,5,0.059697948
1988,2,6,0.034596535
1988,2,7,0.017933052
1988,2,8,0.011196849
1988,2,9,0.008510312
1988,2,10,0.00733517
1988,2,11,0.008490951
1988,2,12,0.011698869
1988,2,13,0.016984593
1988,2,14,0.024231559
1988,2,15,0.032750944
1988,2,16,0.04186376
1988,2,17,0.05096058
1988,2,18,0.0595265
1988,2,19,0.06718528
1988,2,20,0.07372717
1988,2,21,0.07909956
1988,2,22,0.08336821
1988,2,23,0.08666897
1988,2,24,0.0891655
1988,2,25,0.0910201
1988,2,26,0.09237763
1988,2,27,0.09335904
1988,2,28,0.09406081
1988,2,29,0.09455761
1988,2,30,0.09490578
1988,2,31,0.09514725
1988,2,32,0.09531272
1988,2,33,0.09542446
1988,2,34,0.0954986
1988,2,35,0.09554656
1988,2,36,0.09557651
1988,2,37,0.09559423
1988,2,38,0.09559423
1988,2,39,0.09559423
1988,2,40,0.09559423
1989,2,1,0.006776747
1989,2,2,0.6686002
1989,2,3,0.793635
1989,2,4,0.12926677
1989,2,5,0.08148783
1989,2,6,0.048240844
1989,2,7,0.025609528
1989,2,8,0.015990147
1989,2,9,0.012231196
1989,2,10,0.010615009
1989,2,11,0.011579983
1989,2,12,0.014697836
1989,2,13,0.019935163
1989,2,14,0.027115828
1989,2,15,0.035500199
1989,2,16,0.044419187
1989,2,17,0.05330142
1989,2,18,0.06166582
1989,2,19,0.06915447
1989,2,20,0.07556243
1989,2,21,0.08083405
1989,2,22,0.08502908
1989,2,23,0.08827701
1989,2,24,0.09073603
1989,2,25,0.09256423
1989,2,26,0.09390327
1989,2,27,0.09487179
1989,2,28,0.09556467
1989,2,29,0.09605532
1989,2,30,0.09639933
1989,2,31,0.09663799
1989,2,32,0.0968016
1989,2,33,0.09691218
1989,2,34,0.09698555
1989,2,35,0.0970331
1989,2,36,0.09706282
1989,2,37,0.09708043
1989,2,38,0.09708043
1989,2,39,0.09708043
1989,2,40,0.09708043
1990,2,1,0.012143373
1990,2,2,1.0018722
1990,2,3,1.2438296
1990,2,4,0.09873581
1990,2,5,0.048470869
1990,2,6,0.028226027
1990,2,7,0.015023237
1990,2,8,0.010872997
1990,2,9,0.009466098
1990,2,10,0.008748432
1990,2,11,0.010751658
1990,2,12,0.014843004
1990,2,13,0.020880101
1990,2,14,0.029015132
1990,2,15,0.038457759
1990,2,16,0.04853881
1990,2,17,0.05868722
1990,2,18,0.06838179
1990,2,19,0.07719039
1990,2,20,0.08482929
1990,2,21,0.09118479
1990,2,22,0.09628863
1990,2,23,0.10026876
1990,2,24,0.10329917
1990,2,25,0.10556214
1990,2,26,0.10722548
1990,2,27,0.10843201
1990,2,28,0.10929724
1990,2,29,0.10991129
1990,2,30,0.11034273
1990,2,31,0.11064266
1990,2,32,0.11084878
1990,2,33,0.11098848
1990,2,34,0.11108153
1990,2,35,0.11114208
1990,2,36,0.11118026
1990,2,37,0.1112031
1990,2,38,0.1112031
1990,2,39,0.1112031
1990,2,40,0.1112031
1991,2,1,0.017449546
1991,2,2,1.4718934
1991,2,3,1.8258551
1991,2,4,0.20560927
1991,2,5,0.13602394
1991,2,6,0.08798284
1991,2,7,0.051652106
1991,2,8,0.034930672
1991,2,9,0.02728852
1991,2,10,0.023356402
1991,2,11,0.024199075
1991,2,12,0.027992408
1991,2,13,0.034051402
1991,2,14,0.042560559
1991,2,15,0.052585313
1991,2,16,0.06340957
1991,2,17,0.0744419
1991,2,18,0.08511698
1991,2,19,0.09493244
1991,2,20,0.10353128
1991,2,21,0.11074448
1991,2,22,0.11657461
1991,2,23,0.12114393
1991,2,24,0.12463641
1991,2,25,0.12725227
1991,2,26,0.12917953
1991,2,27,0.13058018
1991,2,28,0.13158625
1991,2,29,0.13230127
1991,2,30,0.13280433
1991,2,31,0.13315457
1991,2,32,0.13339561
1991,2,33,0.1335593
1991,2,34,0.13366857
1991,2,35,0.13373991
1991,2,36,0.13378504
1991,2,37,0.13381229
1991,2,38,0.13381229
1991,2,39,0.13381229
1991,2,40,0.13381229
1992,2,1,0.00889324
1992,2,2,0.8386226
1992,2,3,1.0655947
1992,2,4,0.20182421
1992,2,5,0.12866776
1992,2,6,0.07987166
1992,2,7,0.045177369
1992,2,8,0.029185505
1992,2,9,0.02285424
1992,2,10,0.020367301
1992,2,11,0.02143813
1992,2,12,0.025861107
1992,2,13,0.033688913
1992,2,14,0.044236304
1992,2,15,0.05614877
1992,2,16,0.06838332
1992,2,17,0.08019055
1992,2,18,0.09101879
1992,2,19,0.10050476
1992,2,20,0.10848066
1992,2,21,0.1149513
1992,2,22,0.12004429
1992,2,23,0.12395371
1992,2,24,0.1268937
1992,2,25,0.12906787
1992,2,26,0.13065351
1992,2,27,0.13179634
1992,2,28,0.13261144
1992,2,29,0.13318708
1992,2,30,0.13358962
1992,2,31,0.13386812
1992,2,32,0.13405851
1992,2,33,0.13418672
1992,2,34,0.13427142
1992,2,35,0.13432597
1992,2,36,0.13435978
1992,2,37,0.13437954
1992,2,38,0.13437954
1992,2,39,0.13437954
1992,2,40,0.13437954
1993,2,1,0.006749253
1993,2,2,0.629775
1993,2,3,0.7974792
1993,2,4,0.12413069
1993,2,5,0.06426351
1993,2,6,0.038030604
1993,2,7,0.020428216
1993,2,8,0.013761385
1993,2,9,0.011634473
1993,2,10,0.01093256
1993,2,11,0.012849412
1993,2,12,0.017765041
1993,2,13,0.025962346
1993,2,14,0.036711982
1993,2,15,0.04868728
1993,2,16,0.06092012
1993,2,17,0.07273909
1993,2,18,0.08363502
1993,2,19,0.09324744
1993,2,20,0.10138788
1993,2,21,0.10803508
1993,2,22,0.11329592
1993,2,23,0.1173524
1993,2,24,0.12041398
1993,2,25,0.12268457
1993,2,26,0.12434437
1993,2,27,0.12554293
1993,2,28,0.12639917
1993,2,29,0.12700474
1993,2,30,0.12742882
1993,2,31,0.12772267
1993,2,32,0.12792385
1993,2,33,0.12805962
1993,2,34,0.12814954
1993,2,35,0.12820766
1993,2,36,0.12824387
1993,2,37,0.12826522
1993,2,38,0.12826522
1993,2,39,0.12826522
1993,2,40,0.12826522
1994,2,1,0.008853366
1994,2,2,0.7772597
1994,2,3,0.9725323
1994,2,4,0.11310506
1994,2,5,0.05539957
1994,2,6,0.031652841
1994,2,7,0.016422919
1994,2,8,0.012226659
1994,2,9,0.010848941
1994,2,10,0.009972542
1994,2,11,0.012580382
1994,2,12,0.019173844
1994,2,13,0.030061579
1994,2,14,0.044282988
1994,2,15,0.06010321
1994,2,16,0.07634631
1994,2,17,0.09222058
1994,2,18,0.10707587
1994,2,19,0.12038635
1994,2,20,0.13181964
1994,2,21,0.14126888
1994,2,22,0.14882105
1994,2,23,0.15468983
1994,2,24,0.15914649
1994,2,25,0.16246775
1994,2,26,0.16490498
1994,2,27,0.1666705
1994,2,28,0.16793516
1994,2,29,0.16883177
1994,2,30,0.16946109
1994,2,31,0.16989822
1994,2,32,0.1701983
1994,2,33,0.17040142
1994,2,34,0.17053653
1994,2,35,0.1706243
1994,2,36,0.17067945
1994,2,37,0.17071236
1994,2,38,0.17071236
1994,2,39,0.17071236
1994,2,40,0.17071236
1995,2,1,0.009018672
1995,2,2,0.7934522
1995,2,3,0.9992143
1995,2,4,0.13699654
1995,2,5,0.07836094
1995,2,6,0.04583783
1995,2,7,0.024812087
1995,2,8,0.018882848
1995,2,9,0.016464178
1995,2,10,0.01467134
1995,2,11,0.017493409
1995,2,12,0.025514349
1995,2,13,0.039137318
1995,2,14,0.05716442
1995,2,15,0.07749703
1995,2,16,0.0986451
1995,2,17,0.11953481
1995,2,18,0.13924486
1995,2,19,0.15701407
1995,2,20,0.17234711
1995,2,21,0.18506239
1995,2,22,0.19525071
1995,2,23,0.20318325
1995,2,24,0.20921591
1995,2,25,0.21371678
1995,2,26,0.21702263
1995,2,27,0.21941916
1995,2,28,0.22113689
1995,2,29,0.22235543
1995,2,30,0.22321116
1995,2,31,0.22380587
1995,2,32,0.22421436
1995,2,33,0.22449108
1995,2,34,0.22467528
1995,2,35,0.2247951
1995,2,36,0.22487048
1995,2,37,0.2249156
1995,2,38,0.2249156
1995,2,39,0.2249156
1995,2,40,0.2249156
1996,2,1,0.011801633
1996,2,2,1.0704018
1996,2,3,1.3871301
1996,2,4,0.22921226
1996,2,5,0.1250239
1996,2,6,0.07215346
1996,2,7,0.037103356
1996,2,8,0.024236178
1996,2,9,0.018763971
1996,2,10,0.015764384
1996,2,11,0.019312811
1996,2,12,0.030432815
1996,2,13,0.04963153
1996,2,14,0.07467435
1996,2,15,0.10231811
1996,2,16,0.13043453
1996,2,17,0.15766579
1996,2,18,0.18295216
1996,2,19,0.20546644
1996,2,20,0.22470958
1996,2,21,0.24055225
1996,2,22,0.25317692
1996,2,23,0.26296536
1996,2,24,0.27038558
1996,2,25,0.27590789
1996,2,26,0.27995592
1996,2,27,0.28288571
1996,2,28,0.28498277
1996,2,29,0.28646854
1996,2,30,0.28751074
1996,2,31,0.28823417
1996,2,32,0.28873042
1996,2,33,0.28906609
1996,2,34,0.28928911
1996,2,35,0.28943378
1996,2,36,0.28952451
1996,2,37,0.28957848
1996,2,38,0.28957848
1996,2,39,0.28957848
1996,2,40,0.28957848
1997,2,1,0.012090554
1997,2,2,1.060778
1997,2,3,1.33551
1997,2,4,0.15700025
1997,2,5,0.07649611
1997,2,6,0.04393746
1997,2,7,0.022132954
1997,2,8,0.015488812
1997,2,9,0.012489686
1997,2,10,0.010286537
1997,2,11,0.013278434
1997,2,12,0.021695931
1997,2,13,0.035748188
1997,2,14,0.0542049
1997,2,15,0.07491476
1997,2,16,0.09642305
1997,2,17,0.11771086
1997,2,18,0.13787818
1997,2,19,0.15614521
1997,2,20,0.17197798
1997,2,21,0.18515776
1997,2,22,0.19575104
1997,2,23,0.20401911
1997,2,24,0.21031903
1997,2,25,0.21502639
1997,2,26,0.21848801
1997,2,27,0.22099994
1997,2,28,0.22280188
1997,2,29,0.22408108
1997,2,30,0.22498008
1997,2,31,0.2256053
1997,2,32,0.22603511
1997,2,33,0.22632654
1997,2,34,0.22652079
1997,2,35,0.22664732
1997,2,36,0.22672714
1997,2,37,0.22677508
1997,2,38,0.22677508
1997,2,39,0.22677508
1997,2,40,0.22677508
1998,2,1,0.011952004
1998,2,2,1.0845671
1998,2,3,1.3776518
1998,2,4,0.18729687
1998,2,5,0.08547559
1998,2,6,0.046583275
1998,2,7,0.02154683
1998,2,8,0.013969204
1998,2,9,0.010785425
1998,2,10,0.008574515
1998,2,11,0.012155073
1998,2,12,0.022209408
1998,2,13,0.039122078
1998,2,14,0.06112895
1998,2,15,0.08553923
1998,2,16,0.11060117
1998,2,17,0.13516337
1998,2,18,0.1582528
1998,2,19,0.17904366
1998,2,20,0.19698463
1998,2,21,0.21187029
1998,2,22,0.22380528
1998,2,23,0.23310331
1998,2,24,0.240178
1998,2,25,0.24545851
1998,2,26,0.24933825
1998,2,27,0.25215157
1998,2,28,0.25416848
1998,2,29,0.25559955
1998,2,30,0.25660476
1998,2,31,0.25730348
1998,2,32,0.25778355
1998,2,33,0.25810886
1998,2,34,0.25832549
1998,2,35,0.25846647
1998,2,36,0.25855526
1998,2,37,0.25860847
1998,2,38,0.25860847
1998,2,39,0.25860847
1998,2,40,0.25860847
1999,2,1,0.010081624
1999,2,2,0.9160998
1999,2,3,1.1503554
1999,2,4,0.15487219
1999,2,5,0.07641362
1999,2,6,0.0436981
1999,2,7,0.021832103
1999,2,8,0.015619064
1999,2,9,0.012681695
1999,2,10,0.010410078
1999,2,11,0.014018142
1999,2,12,0.024428814
1999,2,13,0.042121561
1999,2,14,0.06521863
1999,2,15,0.0909119
1999,2,16,0.11733773
1999,2,17,0.14324825
1999,2,18,0.16759347
1999,2,19,0.18949516
1999,2,20,0.20837588
1999,2,21,0.22402707
1999,2,22,0.23656631
1999,2,23,0.24632912
1999,2,24,0.25375388
1999,2,25,0.25929359
1999,2,26,0.26336257
1999,2,27,0.2663124
1999,2,28,0.26842676
1999,2,29,0.26992668
1999,2,30,0.27098007
1999,2,31,0.27171215
1999,2,32,0.27221502
1999,2,33,0.27255571
1999,2,34,0.27278252
1999,2,35,0.27293005
1999,2,36,0.27302292
1999,2,37,0.27307852
1999,2,38,0.27307852
1999,2,39,0.27307852
1999,2,40,0.27307852
2000,2,1,0.011248816
2000,2,2,1.0017976
2000,2,3,1.3208934
2000,2,4,0.15321586
2000,2,5,0.07403108
2000,2,6,0.042913677
2000,2,7,0.021922937
2000,2,8,0.016368654
2000,2,9,0.013792009
2000,2,10,0.011971465
2000,2,11,0.016927636
2000,2,12,0.030214693
2000,2,13,0.05261967
2000,2,14,0.08188478
2000,2,15,0.11448454
2000,2,16,0.14793205
2000,2,17,0.18050576
2000,2,18,0.2108291
2000,2,19,0.23784521
2000,2,20,0.26092952
2000,2,21,0.2799227
2000,2,22,0.29504774
2000,2,23,0.30676779
2000,2,24,0.31564788
2000,2,25,0.32225405
2000,2,26,0.3270951
2000,2,27,0.33059803
2000,2,28,0.33310479
2000,2,29,0.33488053
2000,2,30,0.33612592
2000,2,31,0.33699021
2000,2,32,0.33758297
2000,2,33,0.3379838
2000,2,34,0.33825001
2000,2,35,0.33842263
2000,2,36,0.33853076
2000,2,37,0.33859503
2000,2,38,0.33859503
2000,2,39,0.33859503
2000,2,40,0.33859503
2001,2,1,0.01045116
2001,2,2,0.9460803
2001,2,3,1.2411472
2001,2,4,0.14974855
2001,2,5,0.07380464
2001,2,6,0.043662253
2001,2,7,0.023325217
2001,2,8,0.018616764
2001,2,9,0.016820028
2001,2,10,0.015939902
2001,2,11,0.022675195
2001,2,12,0.039218677
2001,2,13,0.066899
2001,2,14,0.10355393
2001,2,15,0.14522716
2001,2,16,0.18858507
2001,2,17,0.23098651
2001,2,18,0.27033326
2001,2,19,0.30514835
2001,2,20,0.334663
2001,2,21,0.35876719
2001,2,22,0.37784015
2001,2,23,0.39254239
2001,2,24,0.40363574
2001,2,25,0.41186107
2001,2,26,0.41787293
2001,2,27,0.42221351
2001,2,28,0.42531424
2001,2,29,0.42750705
2001,2,30,0.42904244
2001,2,31,0.4301063
2001,2,32,0.4308346
2001,2,33,0.43132603
2001,2,34,0.43165145
2001,2,35,0.43186161
2001,2,36,0.43199251
2001,2,37,0.43206956
2001,2,38,0.43206956
2001,2,39,0.43206956
2001,2,40,0.43206956
2002,2,1,0.010552048
2002,2,2,0.9456057
2002,2,3,1.2367514
2002,2,4,0.13941472
2002,2,5,0.06902659
2002,2,6,0.040918221
2002,2,7,0.021567063
2002,2,8,0.01792973
2002,2,9,0.015805366
2002,2,10,0.013861415
2002,2,11,0.01993971
2002,2,12,0.035537306
2002,2,13,0.06170104
2002,2,14,0.09659311
2002,2,15,0.13668176
2002,2,16,0.17893212
2002,2,17,0.22082628
2002,2,18,0.26023097
2002,2,19,0.29552647
2002,2,20,0.3257632
2002,2,21,0.35067043
2002,2,22,0.37051507
2002,2,23,0.38589544
2002,2,24,0.39755008
2002,2,25,0.40622079
2002,2,26,0.41257514
2002,2,27,0.41717337
2002,2,28,0.42046395
2002,2,29,0.42279517
2002,2,30,0.42443024
2002,2,31,0.42556507
2002,2,32,0.42634317
2002,2,33,0.42686944
2002,2,34,0.42721898
2002,2,35,0.42744546
2002,2,36,0.42758743
2002,2,37,0.42767162
2002,2,38,0.42767162
2002,2,39,0.42767162
2002,2,40,0.42767162
2003,2,1,0.012676264
2003,2,2,1.1097439
2003,2,3,1.4259636
2003,2,4,0.15212027
2003,2,5,0.08337862
2003,2,6,0.051820329
2003,2,7,0.0290695
2003,2,8,0.024642428
2003,2,9,0.021527276
2003,2,10,0.018136624
2003,2,11,0.023398744
2003,2,12,0.038060601
2003,2,13,0.06282655
2003,2,14,0.09604029
2003,2,15,0.13442055
2003,2,16,0.17525302
2003,2,17,0.21625553
2003,2,18,0.25535779
2003,2,19,0.29084615
2003,2,20,0.32159875
2003,2,21,0.3471717
2003,2,22,0.36770116
2003,2,23,0.38370674
2003,2,24,0.39589117
2003,2,25,0.40498897
2003,2,26,0.41167542
2003,2,27,0.41652522
2003,2,28,0.42000286
2003,2,29,0.42247096
2003,2,30,0.42420494
2003,2,31,0.42541035
2003,2,32,0.42623879
2003,2,33,0.42680016
2003,2,34,0.42717401
2003,2,35,0.42741736
2003,2,36,0.42757063
2003,2,37,0.42766258
2003,2,38,0.42766258
2003,2,39,0.42766258
2003,2,40,0.42766258
2004,2,1,0.015152755
2004,2,2,1.3471556
2004,2,3,1.7690973
2004,2,4,0.19996281
2004,2,5,0.10130528
2004,2,6,0.05973184
2004,2,7,0.031176721
2004,2,8,0.024497338
2004,2,9,0.02057861
2004,2,10,0.016684669
2004,2,11,0.021931496
2004,2,12,0.037303783
2004,2,13,0.06341395
2004,2,14,0.09781428
2004,2,15,0.136597
2004,2,16,0.17706581
2004,2,17,0.21727533
2004,2,18,0.25547901
2004,2,19,0.29015559
2004,2,20,0.32025674
2004,2,21,0.34534164
2004,2,22,0.36552001
2004,2,23,0.38127884
2004,2,24,0.39329188
2004,2,25,0.40227134
2004,2,26,0.4088764
2004,2,27,0.41367042
2004,2,28,0.41711024
2004,2,29,0.4195526
2004,2,30,0.42126933
2004,2,31,0.42246345
2004,2,32,0.42328447
2004,2,33,0.42384124
2004,2,34,0.42421247
2004,2,35,0.42445438
2004,2,36,0.42460706
2004,2,37,0.42469892
2004,2,38,0.42469892
2004,2,39,0.42469892
2004,2,40,0.42469892
2005,2,1,0.014751058
2005,2,2,1.0865425
2005,2,3,1.5644027
2005,2,4,0.10558575
2005,2,5,0.045731899
2005,2,6,0.029218468
2005,2,7,0.017678861
2005,2,8,0.018736632
2005,2,9,0.017463583
2005,2,10,0.014240632
2005,2,11,0.018091068
2005,2,12,0.028295154
2005,2,13,0.045025069
2005,2,14,0.06820937
2005,2,15,0.09624822
2005,2,16,0.12741523
2005,2,17,0.15987485
2005,2,18,0.19172935
2005,2,19,0.22128108
2005,2,20,0.24731835
2005,2,21,0.26924289
2005,2,22,0.28701017
2005,2,23,0.30096133
2005,2,24,0.31163965
2005,2,25,0.3196464
2005,2,26,0.32555055
2005,2,27,0.32984455
2005,2,28,0.33293077
2005,2,29,0.33512546
2005,2,30,0.33667033
2005,2,31,0.33774648
2005,2,32,0.33848758
2005,2,33,0.33899108
2005,2,34,0.33932747
2005,2,35,0.33954731
2005,2,36,0.3396866
2005,2,37,0.33977086
2005,2,38,0.33977086
2005,2,39,0.33977086
2005,2,40,0.33977086
2006,2,1,0.013278507
2006,2,2,0.9912653
2006,2,3,1.371571
2006,2,4,0.07374589
2006,2,5,0.034917545
2006,2,6,0.023561922
2006,2,7,0.015104761
2006,2,8,0.018606328
2006,2,9,0.01785998
2006,2,10,0.014090543
2006,2,11,0.01765381
2006,2,12,0.027657945
2006,2,13,0.044209187
2006,2,14,0.06727787
2006,2,15,0.0953985
2006,2,16,0.1269776
2006,2,17,0.16023675
2006,2,18,0.19322654
2006,2,19,0.22411627
2006,2,20,0.25153844
2006,2,21,0.2747661
2006,2,22,0.29367522
2006,2,23,0.30857454
2006,2,24,0.32000882
2006,2,25,0.32859991
2006,2,26,0.33494509
2006,2,27,0.33956577
2006,2,28,0.34289042
2006,2,29,0.3452569
2006,2,30,0.34692432
2006,2,31,0.34808688
2006,2,32,0.34888832
2006,2,33,0.34943346
2006,2,34,0.3497982
2006,2,35,0.35003711
2006,2,36,0.3501889
2006,2,37,0.35028109
2006,2,38,0.35028109
2006,2,39,0.35028109
2006,2,40,0.35028109
2007,2,1,0.015659254
2007,2,2,1.1723644
2007,2,3,1.6277133
2007,2,4,0.09195076
2007,2,5,0.03930175
2007,2,6,0.025256156
2007,2,7,0.015404339
2007,2,8,0.019242143
2007,2,9,0.018463973
2007,2,10,0.014305196
2007,2,11,0.018263572
2007,2,12,0.029069661
2007,2,13,0.04677339
2007,2,14,0.0716126
2007,2,15,0.10218477
2007,2,16,0.13679539
2007,2,17,0.17344954
2007,2,18,0.20993499
2007,2,19,0.2441737
2007,2,20,0.27461243
2007,2,21,0.30041986
2007,2,22,0.32144295
2007,2,23,0.33801576
2007,2,24,0.35073878
2007,2,25,0.3603007
2007,2,26,0.36736438
2007,2,27,0.37250914
2007,2,28,0.37621148
2007,2,29,0.37884707
2007,2,30,0.38070442
2007,2,31,0.38199943
2007,2,32,0.3828924
2007,2,33,0.38349986
2007,2,34,0.38390637
2007,2,35,0.38417269
2007,2,36,0.38434184
2007,2,37,0.3844448
2007,2,38,0.3844448
2007,2,39,0.3844448
2007,2,40,0.3844448
2008,2,1,0.017832248
2008,2,2,1.34987
2008,2,3,1.8309658
2008,2,4,0.09369409
2008,2,5,0.04318184
2008,2,6,0.028110244
2008,2,7,0.017239075
2008,2,8,0.020319588
2008,2,9,0.019301284
2008,2,10,0.015394236
2008,2,11,0.020104279
2008,2,12,0.032146366
2008,2,13,0.05161532
2008,2,14,0.07890114
2008,2,15,0.1124139
2008,2,16,0.15015209
2008,2,17,0.18981376
2008,2,18,0.22896869
2008,2,19,0.26543498
2008,2,20,0.29764828
2008,2,21,0.32482193
2008,2,22,0.34687088
2008,2,23,0.36419999
2008,2,24,0.37747305
2008,2,25,0.38743042
2008,2,26,0.39477611
2008,2,27,0.4001203
2008,2,28,0.40396251
2008,2,29,0.40669539
2008,2,30,0.40861958
2008,2,31,0.40996041
2008,2,32,0.41088389
2008,2,33,0.41151155
2008,2,34,0.41193102
2008,2,35,0.41220537
2008,2,36,0.41237917
2008,2,37,0.41248452
2008,2,38,0.41248452
2008,2,39,0.41248452
2008,2,40,0.41248452
2009,2,1,0.014296952
2009,2,2,1.1848626
2009,2,3,1.5951197
2009,2,4,0.14071636
2009,2,5,0.06583619
2009,2,6,0.039363075
2009,2,7,0.021177592
2009,2,8,0.016873518
2009,2,9,0.01485959
2009,2,10,0.013857686
2009,2,11,0.021069384
2009,2,12,0.039461845
2009,2,13,0.07025291
2009,2,14,0.10998097
2009,2,15,0.15340339
2009,2,16,0.19700743
2009,2,17,0.23859197
2009,2,18,0.27658391
2009,2,19,0.30989699
2009,2,20,0.33799279
2009,2,21,0.36086975
2009,2,22,0.37893907
2009,2,23,0.39285134
2009,2,24,0.40333996
2009,2,25,0.41111216
2009,2,26,0.41678993
2009,2,27,0.42088753
2009,2,28,0.42381349
2009,2,29,0.42588197
2009,2,30,0.42732988
2009,2,31,0.42833289
2009,2,32,0.42901921
2009,2,33,0.42948211
2009,2,34,0.42978853
2009,2,35,0.42998651
2009,2,36,0.43010967
2009,2,37,0.4301822
2009,2,38,0.4301822
2009,2,39,0.4301822
2009,2,40,0.4301822
2010,2,1,0.01195932
2010,2,2,0.9784532
2010,2,3,1.3239445
2010,2,4,0.11620335
2010,2,5,0.05508493
2010,2,6,0.033827459
2010,2,7,0.018983441
2010,2,8,0.018343112
2010,2,9,0.01686756
2010,2,10,0.014354576
2010,2,11,0.020130372
2010,2,12,0.035615873
2010,2,13,0.06166156
2010,2,14,0.09614968
2010,2,15,0.13536066
2010,2,16,0.17647609
2010,2,17,0.21731942
2010,2,18,0.25598259
2010,2,19,0.29089834
2010,2,20,0.32105269
2010,2,21,0.34606929
2010,2,22,0.36611853
2010,2,23,0.38173051
2010,2,24,0.39360431
2010,2,25,0.40246387
2010,2,26,0.40897134
2010,2,27,0.41368937
2010,2,28,0.41707116
2010,2,29,0.41947025
2010,2,30,0.42115513
2010,2,31,0.42232621
2010,2,32,0.42313059
2010,2,33,0.42367552
2010,2,34,0.42403825
2010,2,35,0.42427412
2010,2,36,0.42442271
2010,2,37,0.42451155
2010,2,38,0.42451155
2010,2,39,0.42451155
2010,2,40,0.42451155
2011,2,1,0.008045185
2011,2,2,0.6806643
2011,2,3,1.0533713
2011,2,4,0.1867741
2011,2,5,0.08261892
2011,2,6,0.04850884
2011,2,7,0.025614423
2011,2,8,0.020899695
2011,2,9,0.018212072
2011,2,10,0.015698369
2011,2,11,0.021834559
2011,2,12,0.039031806
2011,2,13,0.06869227
2011,2,14,0.10792367
2011,2,15,0.15245562
2011,2,16,0.19892656
2011,2,17,0.24473162
2011,2,18,0.28769507
2011,2,19,0.32614455
2011,2,20,0.3590852
2011,2,21,0.38623148
2011,2,22,0.40787118
2011,2,23,0.4246507
2011,2,24,0.43737074
2011,2,25,0.44683725
2011,2,26,0.4537765
2011,2,27,0.4587988
2011,2,28,0.4623939
2011,2,29,0.4649409
2011,2,30,0.4667277
2011,2,31,0.4679679
2011,2,32,0.4688187
2011,2,33,0.4693941
2011,2,34,0.4697763
2011,2,35,0.4700242
2011,2,36,0.4701797
2011,2,37,0.470272
2011,2,38,0.470272
2011,2,39,0.470272
2011,2,40,0.470272
2012,2,1,0.006525139
2012,2,2,0.7800755
2012,2,3,1.0360874
2012,2,4,0.23106493
2012,2,5,0.11556266
2012,2,6,0.06633645
2012,2,7,0.032896095
2012,2,8,0.026173721
2012,2,9,0.021936029
2012,2,10,0.017115596
2012,2,11,0.023592563
2012,2,12,0.044521798
2012,2,13,0.08146089
2012,2,14,0.12972329
2012,2,15,0.18355464
2012,2,16,0.23914397
2012,2,17,0.29390431
2012,2,18,0.34559483
2012,2,19,0.39228939
2012,2,20,0.4326818
2012,2,21,0.46625749
2012,2,22,0.4932153
2012,2,23,0.5142391
2012,2,24,0.5302486
2012,2,25,0.5422055
2012,2,26,0.5509951
2012,2,27,0.5573712
2012,2,28,0.561944
2012,2,29,0.5651896
2012,2,30,0.5674699
2012,2,31,0.5690556
2012,2,32,0.5701454
2012,2,33,0.5708841
2012,2,34,0.5713762
2012,2,35,0.5716968
2012,2,36,0.5718988
2012,2,37,0.57202
2012,2,38,0.57202
2012,2,39,0.57202
2012,2,40,0.57202
2013,2,1,0.005597311
2013,2,2,0.8639629
2013,2,3,1.0109433
2013,2,4,0.22313965
2013,2,5,0.1235005
2013,2,6,0.07126263
2013,2,7,0.034983222
2013,2,8,0.026843191
2013,2,9,0.02240383
2013,2,10,0.018256535
2013,2,11,0.026321314
2013,2,12,0.049674385
2013,2,13,0.0901869
2013,2,14,0.14387154
2013,2,15,0.20503227
2013,2,16,0.26914282
2013,2,17,0.33262833
2013,2,18,0.39243442
2013,2,19,0.44616034
2013,2,20,0.49233394
2013,2,21,0.5304819
2013,2,22,0.5609524
2013,2,23,0.5846163
2013,2,24,0.6025768
2013,2,25,0.6159559
2013,2,26,0.6257709
2013,2,27,0.6328789
2013,2,28,0.6379695
2013,2,29,0.641578
2013,2,30,0.6441104
2013,2,31,0.645869
2013,2,32,0.6470761
2013,2,33,0.6478927
2013,2,34,0.6484358
2013,2,35,0.6487884
2013,2,36,0.6490096
2013,2,37,0.6491415
2013,2,38,0.6491415
2013,2,39,0.6491415
2013,2,40,0.6491415
2014,2,1,0.006299508
2014,2,2,0.700303
2014,2,3,0.9084366
2014,2,4,0.16214313
2014,2,5,0.0874604
2014,2,6,0.05371067
2014,2,7,0.029635424
2014,2,8,0.039633114
2014,2,9,0.037752477
2014,2,10,0.02663775
2014,2,11,0.035304966
2014,2,12,0.06807514
2014,2,13,0.12691443
2014,2,14,0.20404793
2014,2,15,0.29057481
2014,2,16,0.38132906
2014,2,17,0.4729106
2014,2,18,0.561737
2014,2,19,0.6440536
2014,2,20,0.7168226
2014,2,21,0.7783737
2014,2,22,0.8284683
2014,2,23,0.8679462
2014,2,24,0.8982506
2014,2,25,0.9210244
2014,2,26,0.9378477
2014,2,27,0.9500998
2014,2,28,0.958916
2014,2,29,0.9651918
2014,2,30,0.9696139
2014,2,31,0.9726975
2014,2,32,0.9748235
2014,2,33,0.9762702
2014,2,34,0.9772386
2014,2,35,0.9778732
2014,2,36,0.9782768
2014,2,37,0.9785225
2014,2,38,0.9785225
2014,2,39,0.9785225
2014,2,40,0.9785225
2015,2,1,0.008981796
2015,2,2,0.8316308
2015,2,3,1.2128676
2015,2,4,0.20454652
2015,2,5,0.09543616
2015,2,6,0.05606381
2015,2,7,0.029498752
2015,2,8,0.033436921
2015,2,9,0.030881722
2015,2,10,0.02243457
2015,2,11,0.031113142
2015,2,12,0.06324693
2015,2,13,0.12093106
2015,2,14,0.19444065
2015,2,15,0.2733356
2015,2,16,0.35247529
2015,2,17,0.42956451
2015,2,18,0.5025353
2015,2,19,0.5690964
2015,2,20,0.6273387
2015,2,21,0.6762714
2015,2,22,0.7159136
2015,2,23,0.7470528
2015,2,24,0.770899
2015,2,25,0.7887873
2015,2,26,0.8019822
2015,2,27,0.8115809
2015,2,28,0.8184807
2015,2,29,0.823388
2015,2,30,0.8268429
2015,2,31,0.8292501
2015,2,32,0.8309082
2015,2,33,0.8320356
2015,2,34,0.8327892
2015,2,35,0.8332824
2015,2,36,0.8335954
2015,2,37,0.8337854
2015,2,38,0.8337854
2015,2,39,0.8337854
2015,2,40,0.8337854
2016,2,1,0.007975603
2016,2,2,1.1501251
2016,2,3,1.3818316
2016,2,4,0.29033297
2016,2,5,0.16523748
2016,2,6,0.09763108
2016,2,7,0.04966916
2016,2,8,0.039046085
2016,2,9,0.032168307
2016,2,10,0.023974298
2016,2,11,0.029659234
2016,2,12,0.05197991
2016,2,13,0.09216813
2016,2,14,0.1443882
2016,2,15,0.20209748
2016,2,16,0.26160176
2016,2,17,0.32070461
2016,2,18,0.37728755
2016,2,19,0.4292005
2016,2,20,0.47474968
2016,2,21,0.5130644
2016,2,22,0.5441202
2016,2,23,0.56852
2016,2,24,0.5872069
2016,2,25,0.6012255
2016,2,26,0.6115667
2016,2,27,0.6190896
2016,2,28,0.6244978
2016,2,29,0.6283443
2016,2,30,0.6310525
2016,2,31,0.6329394
2016,2,32,0.6342394
2016,2,33,0.6351228
2016,2,34,0.6357136
2016,2,35,0.6361
2016,2,36,0.6363453
2016,2,37,0.6364941
2016,2,38,0.6364941
2016,2,39,0.6364941
2016,2,40,0.6364941
2017,2,1,0.008972012
2017,2,2,1.2952105
2017,2,3,1.6039258
2017,2,4,0.32993587
2017,2,5,0.20274895
2017,2,6,0.12639551
2017,2,7,0.06871532
2017,2,8,0.054265167
2017,2,9,0.043986921
2017,2,10,0.031304991
2017,2,11,0.031629511
2017,2,12,0.043286375
2017,2,13,0.06593068
2017,2,14,0.09664668
2017,2,15,0.13259567
2017,2,16,0.1724587
2017,2,17,0.21516234
2017,2,18,0.25888
2017,2,19,0.30120983
2017,2,20,0.33990934
2017,2,21,0.37347533
2017,2,22,0.40130661
2017,2,23,0.42354424
2017,2,24,0.44079177
2017,2,25,0.45385559
2017,2,26,0.46356486
2017,2,27,0.47067094
2017,2,28,0.47580513
2017,2,29,0.47947314
2017,2,30,0.48206669
2017,2,31,0.48388134
2017,2,32,0.48513737
2017,2,33,0.48599566
2017,2,34,0.4865735
2017,2,35,0.48695474
2017,2,36,0.48719964
2017,2,37,0.48735117
2017,2,38,0.48735117
2017,2,39,0.48735117
2017,2,40,0.48735117
2018,2,1,0.006598536
2018,2,2,1.2009917
2018,2,3,1.3404801
2018,2,4,0.34086645
2018,2,5,0.20056477
2018,2,6,0.11883924
2018,2,7,0.06044593
2018,2,8,0.04880697
2018,2,9,0.040157624
2018,2,10,0.028287668
2018,2,11,0.032463799
2018,2,12,0.05477811
2018,2,13,0.09613144
2018,2,14,0.1498827
2018,2,15,0.20931122
2018,2,16,0.27114739
2018,2,17,0.33364329
2018,2,18,0.39472173
2018,2,19,0.45186295
2018,2,20,0.5028284
2018,2,21,0.5462593
2018,2,22,0.5818151
2018,2,23,0.6099628
2018,2,24,0.6316449
2018,2,25,0.6479826
2018,2,26,0.6600763
2018,2,27,0.6688988
2018,2,28,0.6752559
2018,2,29,0.6797867
2018,2,30,0.682983
2018,2,31,0.6852144
2018,2,32,0.6867551
2018,2,33,0.687805
2018,2,34,0.6885093
2018,2,35,0.688972
2018,2,36,0.6892673
2018,2,37,0.6894483
2018,2,38,0.6894483
2018,2,39,0.6894483
2018,2,40,0.6894483
2019,2,1,0.007712785
2019,2,2,1.6595626
2019,2,3,1.6705452
2019,2,4,0.46073159
2019,2,5,0.26959883
2019,2,6,0.15325651
2019,2,7,0.07274934
2019,2,8,0.051239509
2019,2,9,0.039629899
2019,2,10,0.026950725
2019,2,11,0.031313625
2019,2,12,0.05573392
2019,2,13,0.10117657
2019,2,14,0.15903445
2019,2,15,0.22102666
2019,2,16,0.28364928
2019,2,17,0.34566411
2019,2,18,0.40560232
2019,2,19,0.46139104
2019,2,20,0.5110505
2019,2,21,0.5533434
2019,2,22,0.5879664
2019,2,23,0.6153798
2019,2,24,0.6364999
2019,2,25,0.6524165
2019,2,26,0.6641996
2019,2,27,0.6727962
2019,2,28,0.678991
2019,2,29,0.6834064
2019,2,30,0.6865212
2019,2,31,0.6886961
2019,2,32,0.6901977
2019,2,33,0.6912211
2019,2,34,0.6919079
2019,2,35,0.6923592
2019,2,36,0.6926475
2019,2,37,0.6928242
2019,2,38,0.6928242
2019,2,39,0.6928242
2019,2,40,0.6928242
2020,2,1,0.014289614
2020,2,2,2.159541
2020,2,3,2.4954776
2020,2,4,0.6058899
2020,2,5,0.32386489
2020,2,6,0.18084105
2020,2,7,0.08352203
2020,2,8,0.048362332
2020,2,9,0.032836489
2020,2,10,0.02152909
2020,2,11,0.025400839
2020,2,12,0.048034521
2020,2,13,0.09010351
2020,2,14,0.1419575
2020,2,15,0.19451949
2020,2,16,0.24448011
2020,2,17,0.29153885
2020,2,18,0.33551472
2020,2,19,0.37562335
2020,2,20,0.41090612
2020,2,21,0.44074606
2020,2,22,0.46506927
2020,2,23,0.48427327
2020,2,24,0.49903939
2020,2,25,0.510151
2020,2,26,0.5183672
2020,2,27,0.5243558
2020,2,28,0.5286676
2020,2,29,0.5317386
2020,2,30,0.5339036
2020,2,31,0.5354142
2020,2,32,0.5364566
2020,2,33,0.5371666
2020,2,34,0.5376426
2020,2,35,0.5379551
2020,2,36,0.5381546
2020,2,37,0.5382765
2020,2,38,0.5382765
2020,2,39,0.5382765
2020,2,40,0.5382765
2021,2,1,0.011004299
2021,2,2,1.9820531
2021,2,3,2.0831855
2021,2,4,0.4985912
2021,2,5,0.28485702
2021,2,6,0.15917374
2021,2,7,0.07295774
2021,2,8,0.04652569
2021,2,9,0.033354579
2021,2,10,0.02088869
2021,2,11,0.024886443
2021,2,12,0.04953159
2021,2,13,0.09551252
2021,2,14,0.15208532
2021,2,15,0.20931138
2021,2,16,0.26388189
2021,2,17,0.31579219
2021,2,18,0.36494935
2021,2,19,0.41036976
2021,2,20,0.45076351
2021,2,21,0.48521855
2021,2,22,0.5134856
2021,2,23,0.5359118
2021,2,24,0.5532187
2021,2,25,0.5662783
2021,2,26,0.5759563
2021,2,27,0.5830224
2021,2,28,0.5881176
2021,2,29,0.591751
2021,2,30,0.5943159
2021,2,31,0.5961077
2021,2,32,0.5973458
2021,2,33,0.5981904
2021,2,34,0.5987577
2021,2,35,0.5991312
2021,2,36,0.5993706
2021,2,37,0.5995176
2021,2,38,0.5995176
2021,2,39,0.5995176
2021,2,40,0.5995176
2022,2,1,0.010447932
2022,2,2,2.1326855
2022,2,3,2.2946411
2022,2,4,0.6048024
2022,2,5,0.35079751
2022,2,6,0.2000149
2022,2,7,0.09479699
2022,2,8,0.05620993
2022,2,9,0.039308445
2022,2,10,0.027380622
2022,2,11,0.03137189
2022,2,12,0.053769659
2022,2,13,0.09533952
2022,2,14,0.14792128
2022,2,15,0.20356064
2022,2,16,0.25873179
2022,2,17,0.31221809
2022,2,18,0.36289433
2022,2,19,0.40929332
2022,2,20,0.45007441
2022,2,21,0.4844777
2022,2,22,0.51244407
2022,2,23,0.5344713
2022,2,24,0.551375
2022,2,25,0.5640759
2022,2,26,0.5734563
2022,2,27,0.580287
2022,2,28,0.5852014
2022,2,29,0.5886992
2022,2,30,0.5911634
2022,2,31,0.5928818
2022,2,32,0.5940664
2022,2,33,0.5948724
2022,2,34,0.5954121
2022,2,35,0.5957659
2022,2,36,0.595991
2022,2,37,0.5961281
2022,2,38,0.5961281
2022,2,39,0.5961281
2022,2,40,0.5961281
2023,2,1,0.0070912839
2023,2,2,1.5318225
2023,2,3,1.5689164
2023,2,4,0.42378606
2023,2,5,0.2556021
2023,2,6,0.14905058
2023,2,7,0.07302802
2023,2,8,0.05008684
2023,2,9,0.037839514
2023,2,10,0.025896554
2023,2,11,0.029565429
2023,2,12,0.05214381
2023,2,13,0.09440215
2023,2,14,0.14749241
2023,2,15,0.20304825
2023,2,16,0.2578252
2023,2,17,0.31110243
2023,2,18,0.36205222
2023,2,19,0.40922061
2023,2,20,0.45110343
2023,2,21,0.4867354
2023,2,22,0.5158931
2023,2,23,0.53897568
2023,2,24,0.5567579
2023,2,25,0.5701586
2023,2,26,0.580079
2023,2,27,0.5873163
2023,2,28,0.5925312
2023,2,29,0.5962482
2023,2,30,0.5988701
2023,2,31,0.6007009
2023,2,32,0.601965
2023,2,33,0.6028267
2023,2,34,0.6034048
2023,2,35,0.6037848
2023,2,36,0.6040276
2023,2,37,0.6041766
2023,2,38,0.6041766
2023,2,39,0.6041766
2023,2,40,0.6041766
2024,2,1,0.0031440268
2024,2,2,0.50832344
2024,2,3,0.5727119
2024,2,4,0.12769915
2024,2,5,0.07629411
2024,2,6,0.044821937
2024,2,7,0.023097461
2024,2,8,0.043096197
2024,2,9,0.040724076
2024,2,10,0.020575006
2024,2,11,0.02919618
2024,2,12,0.09417906
2024,2,13,0.21890305
2024,2,14,0.36067276
2024,2,15,0.483143
2024,2,16,0.5791279
2024,2,17,0.6564703
2024,2,18,0.7233353
2024,2,19,0.7834837
2024,2,20,0.8373035
2024,2,21,0.8839974
2024,2,22,0.9229952
2024,2,23,0.9544114
2024,2,24,0.9789508
2024,2,25,0.9976411
2024,2,26,1.0115895
2024,2,27,1.0218299
2024,2,28,1.0292466
2024,2,29,1.0345566
2024,2,30,1.0383188
2024,2,31,1.0409578
2024,2,32,1.0427898
2024,2,33,1.0440468
2024,2,34,1.0448978
2024,2,35,1.0454638
2024,2,36,1.0458319
2024,2,37,1.0460635
2024,2,38,1.0460635
2024,2,39,1.0460635
2024,2,40,1.0460635
1952,3,1,7.5211426e-06
1952,3,2,3.3580129e-06
1952,3,3,2.1461132e-06
1952,3,4,7.0626439e-06
1952,3,5,5.4237224e-05
1952,3,6,0.00033887154
1952,3,7,0.001165079
1952,3,8,0.0020976989
1952,3,9,0.0024055136
1952,3,10,0.0022279934
1952,3,11,0.0018987493
1952,3,12,0.0015899295
1952,3,13,0.0013483473
1952,3,14,0.0011716104
1952,3,15,0.0010454294
1952,3,16,0.0009559659
1952,3,17,0.00089254317
1952,3,18,0.00084749273
1952,3,19,0.00081542884
1952,3,20,0.00079258162
1952,3,21,0.00077629975
1952,3,22,0.00076470837
1952,3,23,0.0007564727
1952,3,24,0.0007506389
1952,3,25,0.00074652282
1952,3,26,0.00074363323
1952,3,27,0.00074161724
1952,3,28,0.00074022162
1952,3,29,0.00073926481
1952,3,30,0.00073861694
1952,3,31,0.00073818521
1952,3,32,0.00073790395
1952,3,33,0.00073772648
1952,3,34,0.00073761968
1952,3,35,0.00073756049
1952,3,36,0.00073753289
1952,3,37,0.00073752548
1952,3,38,0.00073752548
1952,3,39,0.00073752548
1952,3,40,0.00073752548
1953,3,1,1.75686421e-05
1953,3,2,7.8439856e-06
1953,3,3,5.0131071e-06
1953,3,4,1.6497635e-05
1953,3,5,0.000126692756
1953,3,6,0.0007915703
1953,3,7,0.0027215087
1953,3,8,0.0049000152
1953,3,9,0.0056190414
1953,3,10,0.0052043696
1953,3,11,0.0044352895
1953,3,12,0.0037139173
1953,3,13,0.0031496053
1953,3,14,0.0027367653
1953,3,15,0.0024420192
1953,3,16,0.00223304181
1953,3,17,0.0020848923
1953,3,18,0.00197965914
1953,3,19,0.00190476098
1953,3,20,0.00185139186
1953,3,21,0.00181335926
1953,3,22,0.00178628282
1953,3,23,0.00176704529
1953,3,24,0.00175341796
1953,3,25,0.00174380306
1953,3,26,0.0017370533
1953,3,27,0.00173234419
1953,3,28,0.00172908431
1953,3,29,0.00172684925
1953,3,30,0.00172533582
1953,3,31,0.0017243276
1953,3,32,0.00172367059
1953,3,33,0.0017232559
1953,3,34,0.00172300648
1953,3,35,0.00172286815
1953,3,36,0.00172280352
1953,3,37,0.00172278629
1953,3,38,0.00172278629
1953,3,39,0.00172278629
1953,3,40,0.00172278629
1954,3,1,1.20683016e-05
1954,3,2,5.388213e-06
1954,3,3,3.4436179e-06
1954,3,4,1.13326024e-05
1954,3,5,8.7028154e-05
1954,3,6,0.0005437477
1954,3,7,0.0018694662
1954,3,8,0.0033659324
1954,3,9,0.0038598471
1954,3,10,0.0035750012
1954,3,11,0.0030467021
1954,3,12,0.0025511752
1954,3,13,0.0021635354
1954,3,14,0.0018799464
1954,3,15,0.0016774787
1954,3,16,0.0015339272
1954,3,17,0.0014321601
1954,3,18,0.00135987284
1954,3,19,0.00130842387
1954,3,20,0.00127176343
1954,3,21,0.00124563789
1954,3,22,0.00122703853
1954,3,23,0.0012138236
1954,3,24,0.00120446283
1954,3,25,0.00119785822
1954,3,26,0.00119322155
1954,3,27,0.0011899868
1954,3,28,0.00118774746
1954,3,29,0.00118621216
1954,3,30,0.00118517251
1954,3,31,0.00118448001
1954,3,32,0.00118402871
1954,3,33,0.00118374382
1954,3,34,0.00118357245
1954,3,35,0.00118347748
1954,3,36,0.00118343292
1954,3,37,0.00118342126
1954,3,38,0.00118342126
1954,3,39,0.00118342126
1954,3,40,0.00118342126
1955,3,1,5.7841414e-06
1955,3,2,2.5824834e-06
1955,3,3,1.6504701e-06
1955,3,4,5.4315328e-06
1955,3,5,4.1711189e-05
1955,3,6,0.00026060948
1955,3,7,0.0008960051
1955,3,8,0.0016132369
1955,3,9,0.0018499624
1955,3,10,0.00171344
1955,3,11,0.0014602348
1955,3,12,0.0012227368
1955,3,13,0.0010369478
1955,3,14,0.0009010281
1955,3,15,0.00080398825
1955,3,16,0.0007351865
1955,3,17,0.00068641112
1955,3,18,0.00065176497
1955,3,19,0.00062710638
1955,3,20,0.00060953561
1955,3,21,0.00059701399
1955,3,22,0.00058809969
1955,3,23,0.00058176607
1955,3,24,0.00057727946
1955,3,25,0.00057411401
1955,3,26,0.00057189172
1955,3,27,0.00057034145
1955,3,28,0.0005692681
1955,3,29,0.00056853225
1955,3,30,0.00056803395
1955,3,31,0.00056770201
1955,3,32,0.00056748571
1955,3,33,0.00056734925
1955,3,34,0.00056726704
1955,3,35,0.00056722159
1955,3,36,0.00056720026
1955,3,37,0.00056719463
1955,3,38,0.00056719463
1955,3,39,0.00056719463
1955,3,40,0.00056719463
1956,3,1,1.61802968e-05
1956,3,2,7.2241222e-06
1956,3,3,4.61695125e-06
1956,3,4,1.51939259e-05
1956,3,5,0.000116680988
1956,3,6,0.00072901726
1956,3,7,0.002506444
1956,3,8,0.00451279732
1956,3,9,0.00517500198
1956,3,10,0.0047931005
1956,3,11,0.00408479563
1956,3,12,0.00342042848
1956,3,13,0.00290071139
1956,3,14,0.0025204957
1956,3,15,0.00224904097
1956,3,16,0.00205657741
1956,3,17,0.00192013598
1956,3,18,0.00182321792
1956,3,19,0.00175423939
1956,3,20,0.00170508707
1956,3,21,0.00167005999
1956,3,22,0.00164512364
1956,3,23,0.00162740615
1956,3,24,0.00161485543
1956,3,25,0.00160600097
1956,3,26,0.00159978477
1956,3,27,0.00159544723
1956,3,28,0.00159244483
1956,3,29,0.00159038675
1956,3,30,0.00158899319
1956,3,31,0.00158806442
1956,3,32,0.00158745933
1956,3,33,0.00158707754
1956,3,34,0.00158684771
1956,3,35,0.00158671984
1956,3,36,0.00158666041
1956,3,37,0.00158664464
1956,3,38,0.00158664464
1956,3,39,0.00158664464
1956,3,40,0.00158664464
1957,3,1,3.37454902e-05
1957,3,2,1.50665699e-05
1957,3,3,9.6290748e-06
1957,3,4,3.16883293e-05
1957,3,5,0.000243348902
1957,3,6,0.00152043254
1957,3,7,0.00522741948
1957,3,8,0.00941185136
1957,3,9,0.010792941
1957,3,10,0.0099964493
1957,3,11,0.00851921557
1957,3,12,0.00713361784
1957,3,13,0.00604969885
1957,3,14,0.00525672465
1957,3,15,0.00469058115
1957,3,16,0.00428918034
1957,3,17,0.00400461919
1957,3,18,0.00380248931
1957,3,19,0.00365862766
1957,3,20,0.00355611639
1957,3,21,0.00348306393
1957,3,22,0.00343105642
1957,3,23,0.00339410458
1957,3,24,0.00336792976
1957,3,25,0.00334946203
1957,3,26,0.00333649703
1957,3,27,0.00332745115
1957,3,28,0.0033211904
1957,3,29,0.00331689741
1957,3,30,0.00331399036
1957,3,31,0.00331205335
1957,3,32,0.00331079137
1957,3,33,0.00330999544
1957,3,34,0.00330951606
1957,3,35,0.00330924975
1957,3,36,0.0033091258
1957,3,37,0.00330909302
1957,3,38,0.00330909302
1957,3,39,0.00330909302
1957,3,40,0.00330909302
1958,3,1,1.93372543e-05
1958,3,2,8.6336319e-06
1958,3,3,5.5177711e-06
1958,3,4,1.81584348e-05
1958,3,5,0.000139446764
1958,3,6,0.00087125679
1958,3,7,0.00299548004
1958,3,8,0.0053932949
1958,3,9,0.0061847042
1958,3,10,0.0057282891
1958,3,11,0.0048817858
1958,3,12,0.0040877931
1958,3,13,0.00346667284
1958,3,14,0.00301227278
1958,3,15,0.00268785442
1958,3,16,0.00245783918
1958,3,17,0.00229477625
1958,3,18,0.00217894846
1958,3,19,0.00209651087
1958,3,20,0.00203776954
1958,3,21,0.00199590839
1958,3,22,0.00196610596
1958,3,23,0.00194493207
1958,3,24,0.0019299324
1958,3,25,0.00191934967
1958,3,26,0.00191192043
1958,3,27,0.00190673783
1958,3,28,0.00190314894
1958,3,29,0.00190068884
1958,3,30,0.00189902322
1958,3,31,0.0018979137
1958,3,32,0.00189719104
1958,3,33,0.00189673469
1958,3,34,0.00189645998
1958,3,35,0.00189630759
1958,3,36,0.00189623578
1958,3,37,0.00189621749
1958,3,38,0.00189621749
1958,3,39,0.00189621749
1958,3,40,0.00189621749
1959,3,1,5.3728079e-06
1959,3,2,2.3988327e-06
1959,3,3,1.5330986e-06
1959,3,4,5.0452741e-06
1959,3,5,3.8744942e-05
1959,3,6,0.00024207653
1959,3,7,0.00083228665
1959,3,8,0.0014985131
1959,3,9,0.0017184041
1959,3,10,0.0015915904
1959,3,11,0.0013563918
1959,3,12,0.001135783
1959,3,13,0.0009632063
1959,3,14,0.00083695221
1959,3,15,0.00074681344
1959,3,16,0.00068290441
1959,3,17,0.00063759769
1959,3,18,0.00060541546
1959,3,19,0.00058251041
1959,3,20,0.00056618911
1959,3,21,0.00055455797
1959,3,22,0.00054627754
1959,3,23,0.00054039431
1959,3,24,0.0005362269
1959,3,25,0.00053328655
1959,3,26,0.00053122227
1959,3,27,0.00052978215
1959,3,28,0.00052878524
1959,3,29,0.00052810168
1959,3,30,0.00052763884
1959,3,31,0.00052733051
1959,3,32,0.00052712961
1959,3,33,0.00052700284
1959,3,34,0.00052692643
1959,3,35,0.00052688418
1959,3,36,0.00052686445
1959,3,37,0.00052685921
1959,3,38,0.00052685921
1959,3,39,0.00052685921
1959,3,40,0.00052685921
1960,3,1,2.282748151e-05
1960,3,2,1.019193791e-05
1960,3,3,6.51368842e-06
1960,3,4,2.143589876e-05
1960,3,5,0.0001646158828
1960,3,6,0.001028512219
1960,3,7,0.00353614329
1960,3,8,0.00636674444
1960,3,9,0.00730099808
1960,3,10,0.00676220275
1960,3,11,0.00576291181
1960,3,12,0.00482561064
1960,3,13,0.00409238134
1960,3,14,0.00355596501
1960,3,15,0.00317299308
1960,3,16,0.0029014619
1960,3,17,0.00270896606
1960,3,18,0.00257223307
1960,3,19,0.00247491611
1960,3,20,0.00240557212
1960,3,21,0.00235615466
1960,3,22,0.00232097305
1960,3,23,0.002295977252
1960,3,24,0.002278271683
1960,3,25,0.002265778027
1960,3,26,0.002257008513
1960,3,27,0.002250889484
1960,3,28,0.002246653015
1960,3,29,0.002243750064
1960,3,30,0.002241783712
1960,3,31,0.002240473177
1960,3,32,0.002239620393
1960,3,33,0.002239080905
1960,3,34,0.002238756179
1960,3,35,0.002238577019
1960,3,36,0.002238493195
1960,3,37,0.002238470178
1960,3,38,0.002238470178
1960,3,39,0.002238470178
1960,3,40,0.002238470178
1961,3,1,2.49347962e-05
1961,3,2,1.11328006e-05
1961,3,3,7.1149953e-06
1961,3,4,2.34147397e-05
1961,3,5,0.0001798123
1961,3,6,0.00112345859
1961,3,7,0.0038625798
1961,3,8,0.0069544863
1961,3,9,0.0079749844
1961,3,10,0.0073864499
1961,3,11,0.0062949114
1961,3,12,0.0052710833
1961,3,13,0.004470167
1961,3,14,0.0038842319
1961,3,15,0.0034659057
1961,3,16,0.00316930686
1961,3,17,0.0029590426
1961,3,18,0.00280968769
1961,3,19,0.00270338637
1961,3,20,0.00262764091
1961,3,21,0.00257366148
1961,3,22,0.0025352331
1961,3,23,0.00250792905
1961,3,24,0.00248858799
1961,3,25,0.00247494224
1961,3,26,0.0024653625
1961,3,27,0.00245867843
1961,3,28,0.00245405209
1961,3,29,0.00245087948
1961,3,30,0.00244873281
1961,3,31,0.00244730139
1961,3,32,0.00244636853
1961,3,33,0.00244578035
1961,3,34,0.00244542525
1961,3,35,0.00244523053
1961,3,36,0.00244513755
1961,3,37,0.00244511402
1961,3,38,0.00244511402
1961,3,39,0.00244511402
1961,3,40,0.00244511402
1962,3,1,4.7256487e-05
1962,3,2,2.1098912e-05
1962,3,3,1.3484356e-05
1962,3,4,4.4375669e-05
1962,3,5,0.00034078068
1962,3,6,0.0021291818
1962,3,7,0.0073203697
1962,3,8,0.01318016
1962,3,9,0.015114209
1962,3,10,0.013998819
1962,3,11,0.011930131
1962,3,12,0.00998977
1962,3,13,0.0084718723
1962,3,14,0.0073614069
1962,3,15,0.0065685914
1962,3,16,0.0060064796
1962,3,17,0.0056079846
1962,3,18,0.0053249263
1962,3,19,0.0051234652
1962,3,20,0.0049799109
1962,3,21,0.0048776104
1962,3,22,0.004804779
1962,3,23,0.0047530332
1962,3,24,0.0047163786
1962,3,25,0.0046905168
1962,3,26,0.0046723609
1962,3,27,0.0046596946
1962,3,28,0.0046509259
1962,3,29,0.0046449137
1962,3,30,0.0046408427
1962,3,31,0.0046381315
1962,3,32,0.004636364
1962,3,33,0.0046352486
1962,3,34,0.0046345769
1962,3,35,0.0046342052
1962,3,36,0.0046340314
1962,3,37,0.0046339856
1962,3,38,0.0046339856
1962,3,39,0.0046339856
1962,3,40,0.0046339856
1963,3,1,1.7771949e-05
1963,3,2,7.9347573e-06
1963,3,3,5.0711191e-06
1963,3,4,1.6688547e-05
1963,3,5,0.00012815885
1963,3,6,0.0008007304
1963,3,7,0.0027530021
1963,3,8,0.0049567186
1963,3,9,0.0056840649
1963,3,10,0.0052645966
1963,3,11,0.004486616
1963,3,12,0.0037568953
1963,3,13,0.0031860526
1963,3,14,0.0027684354
1963,3,15,0.0024702782
1963,3,16,0.0022588824
1963,3,17,0.002109019
1963,3,18,0.0020025677
1963,3,19,0.0019268033
1963,3,20,0.0018728165
1963,3,21,0.0018343437
1963,3,22,0.0018069539
1963,3,23,0.0017874936
1963,3,24,0.0017737086
1963,3,25,0.0017639826
1963,3,26,0.0017571546
1963,3,27,0.0017523912
1963,3,28,0.0017490934
1963,3,29,0.0017468326
1963,3,30,0.0017453017
1963,3,31,0.0017442817
1963,3,32,0.0017436172
1963,3,33,0.0017431976
1963,3,34,0.0017429453
1963,3,35,0.0017428054
1963,3,36,0.00174274
1963,3,37,0.0017427226
1963,3,38,0.0017427226
1963,3,39,0.0017427226
1963,3,40,0.0017427226
1964,3,1,1.31260974e-05
1964,3,2,5.86049385e-06
1964,3,3,3.74545293e-06
1964,3,4,1.23259139e-05
1964,3,5,9.4656231e-05
1964,3,6,0.000591407556
1964,3,7,0.0020333269
1964,3,8,0.00366095931
1964,3,9,0.00419816676
1964,3,10,0.00388835255
1964,3,11,0.0033137482
1964,3,12,0.00277478761
1964,3,13,0.0023531714
1964,3,14,0.00204472566
1964,3,15,0.00182451093
1964,3,16,0.00166837707
1964,3,17,0.00155769009
1964,3,18,0.00147906681
1964,3,19,0.00142310822
1964,3,20,0.00138323445
1964,3,21,0.00135481905
1964,3,22,0.00133458938
1964,3,23,0.00132021624
1964,3,24,0.0013100349
1964,3,25,0.00130285142
1964,3,26,0.00129780835
1964,3,27,0.00129429009
1964,3,28,0.00129185447
1964,3,29,0.00129018463
1964,3,30,0.00128905393
1964,3,31,0.00128830056
1964,3,32,0.00128780973
1964,3,33,0.00128749988
1964,3,34,0.00128731345
1964,3,35,0.0012872102
1964,3,36,0.0012871619
1964,3,37,0.00128714904
1964,3,38,0.00128714904
1964,3,39,0.00128714904
1964,3,40,0.00128714904
1965,3,1,1.0411367e-05
1965,3,2,4.6484307e-06
1965,3,3,2.9708215e-06
1965,3,4,9.776676e-06
1965,3,5,7.50795e-05
1965,3,6,0.00046909315
1965,3,7,0.0016127955
1965,3,8,0.0029038025
1965,3,9,0.0033299037
1965,3,10,0.0030841657
1965,3,11,0.0026284006
1965,3,12,0.0022009076
1965,3,13,0.0018664902
1965,3,14,0.0016218367
1965,3,15,0.0014471668
1965,3,16,0.0013233245
1965,3,17,0.0012355297
1965,3,18,0.0011731672
1965,3,19,0.0011287819
1965,3,20,0.0010971548
1965,3,21,0.0010746163
1965,3,22,0.0010585705
1965,3,23,0.00104717
1965,3,24,0.0010390945
1965,3,25,0.0010333965
1965,3,26,0.0010293966
1965,3,27,0.001026606
1965,3,28,0.0010246741
1965,3,29,0.0010233495
1965,3,30,0.0010224527
1965,3,31,0.0010218551
1965,3,32,0.0010214659
1965,3,33,0.0010212201
1965,3,34,0.0010210722
1965,3,35,0.0010209903
1965,3,36,0.0010209519
1965,3,37,0.0010209418
1965,3,38,0.0010209418
1965,3,39,0.0010209418
1965,3,40,0.0010209418
1966,3,1,3.2395854e-05
1966,3,2,1.4463988e-05
1966,3,3,9.243965e-06
1966,3,4,3.0420967e-05
1966,3,5,0.00023361624
1966,3,6,0.0014596233
1966,3,7,0.0050183516
1966,3,8,0.009035427
1966,3,9,0.010361281
1966,3,10,0.009596647
1966,3,11,0.008178492
1966,3,12,0.006848312
1966,3,13,0.005807743
1966,3,14,0.005046483
1966,3,15,0.0045029833
1966,3,16,0.0041176372
1966,3,17,0.003844456
1966,3,18,0.0036504103
1966,3,19,0.0035123019
1966,3,20,0.0034138912
1966,3,21,0.0033437609
1966,3,22,0.0032938321
1966,3,23,0.0032583593
1966,3,24,0.0032332313
1966,3,25,0.0032155011
1966,3,26,0.0032030548
1966,3,27,0.0031943721
1966,3,28,0.0031883607
1966,3,29,0.0031842389
1966,3,30,0.0031814485
1966,3,31,0.0031795893
1966,3,32,0.0031783787
1966,3,33,0.003177613
1966,3,34,0.0031771534
1966,3,35,0.003176898
1966,3,36,0.0031767793
1966,3,37,0.0031767472
1966,3,38,0.0031767472
1966,3,39,0.0031767472
1966,3,40,0.0031767472
1967,3,1,2.10028e-05
1967,3,2,3.9440237e-05
1967,3,3,5.23090293e-05
1967,3,4,0.000100716633
1967,3,5,0.00024552844
1967,3,6,0.0010238851
1967,3,7,0.0033093682
1967,3,8,0.0058970083
1967,3,9,0.0067455383
1967,3,10,0.0062428303
1967,3,11,0.0053190181
1967,3,12,0.0044538201
1967,3,13,0.0037773556
1967,3,14,0.0032825816
1967,3,15,0.0029293786
1967,3,16,0.0026789706
1967,3,17,0.0025014564
1967,3,18,0.0023753678
1967,3,19,0.0022856275
1967,3,20,0.0022216833
1967,3,21,0.002176115
1967,3,22,0.002143674
1967,3,23,0.0021206249
1967,3,24,0.0021042979
1967,3,25,0.0020927783
1967,3,26,0.0020846912
1967,3,27,0.0020790493
1967,3,28,0.0020751433
1967,3,29,0.0020724656
1967,3,30,0.0020706522
1967,3,31,0.0020694442
1967,3,32,0.0020686571
1967,3,33,0.0020681599
1967,3,34,0.002067861
1967,3,35,0.0020676952
1967,3,36,0.0020676176
1967,3,37,0.002067597
1967,3,38,0.002067597
1967,3,39,0.002067597
1967,3,40,0.002067597
1968,3,1,2.6494667e-05
1968,3,2,1.1829246e-05
1968,3,3,7.5600962e-06
1968,3,4,2.4879515e-05
1968,3,5,0.000191061
1968,3,6,0.0011937401
1968,3,7,0.0041042144
1968,3,8,0.0073895459
1968,3,9,0.0084738837
1968,3,10,0.0078485336
1968,3,11,0.0066887088
1968,3,12,0.0056008314
1968,3,13,0.0047498123
1968,3,14,0.0041272228
1968,3,15,0.0036827255
1968,3,16,0.0033675737
1968,3,17,0.0031441549
1968,3,18,0.0029854558
1968,3,19,0.0028725055
1968,3,20,0.002792021
1968,3,21,0.0027346652
1968,3,22,0.0026938321
1968,3,23,0.0026648203
1968,3,24,0.0026442695
1968,3,25,0.0026297698
1968,3,26,0.0026195903
1968,3,27,0.0026124895
1968,3,28,0.0026075732
1968,3,29,0.0026042024
1968,3,30,0.0026019199
1968,3,31,0.0026003997
1968,3,32,0.0025994083
1968,3,33,0.0025987832
1968,3,34,0.0025984072
1968,3,35,0.0025981981
1968,3,36,0.0025981011
1968,3,37,0.0025980746
1968,3,38,0.0025980746
1968,3,39,0.0025980746
1968,3,40,0.0025980746
1969,3,1,7.2388839e-06
1969,3,2,2.09187804e-05
1969,3,3,2.094391e-05
1969,3,4,2.48589248e-05
1969,3,5,6.5592957e-05
1969,3,6,0.00033469031
1969,3,7,0.001126724
1969,3,8,0.0020225203
1969,3,9,0.0023177485
1969,3,10,0.0021462859
1969,3,11,0.0018290315
1969,3,12,0.0015315696
1969,3,13,0.0012989029
1969,3,14,0.0011286976
1969,3,15,0.00100718336
1969,3,16,0.00092102983
1969,3,17,0.00085995402
1969,3,18,0.00081657111
1969,3,19,0.00078569408
1969,3,20,0.00076369246
1969,3,21,0.00074801357
1969,3,22,0.00073685124
1969,3,23,0.00072892048
1969,3,24,0.00072330266
1969,3,25,0.00071933899
1969,3,26,0.00071655642
1969,3,27,0.00071461517
1969,3,28,0.00071327118
1969,3,29,0.00071234979
1969,3,30,0.00071172592
1969,3,31,0.0007113103
1969,3,32,0.0007110395
1969,3,33,0.00071086851
1969,3,34,0.00071076561
1969,3,35,0.00071070861
1969,3,36,0.0007106819
1969,3,37,0.0007106748
1969,3,38,0.0007106748
1969,3,39,0.0007106748
1969,3,40,0.0007106748
1970,3,1,5.0578104e-06
1970,3,2,0.00027594056
1970,3,3,0.00063395441
1970,3,4,0.0014938925
1970,3,5,0.001122016
1970,3,6,0.0006011488
1970,3,7,0.00090012914
1970,3,8,0.0014546495
1970,3,9,0.0016392358
1970,3,10,0.0015113801
1970,3,11,0.00128609654
1970,3,12,0.00107640426
1970,3,13,0.00091279659
1970,3,14,0.00079324963
1970,3,15,0.00070795764
1970,3,16,0.0006475124
1970,3,17,0.00060467624
1970,3,18,0.00057425817
1970,3,19,0.00055261529
1970,3,20,0.00053719819
1970,3,21,0.00052621516
1970,3,22,0.00051839906
1970,3,23,0.00051284822
1970,3,24,0.00050891824
1970,3,25,0.00050614823
1970,3,26,0.00050420367
1970,3,27,0.00050284693
1970,3,28,0.00050190787
1970,3,29,0.00050126386
1970,3,30,0.00050082793
1970,3,31,0.00050053733
1970,3,32,0.00050034811
1970,3,33,0.00050022859
1970,3,34,0.00050015674
1970,3,35,0.00050011683
1970,3,36,0.00050009817
1970,3,37,0.00050009321
1970,3,38,0.00050009321
1970,3,39,0.00050009321
1970,3,40,0.00050009321
1971,3,1,3.3447256e-05
1971,3,2,0.00087506347
1971,3,3,0.0017940424
1971,3,4,0.0039888017
1971,3,5,0.0031281045
1971,3,6,0.002536006
1971,3,7,0.0055277405
1971,3,8,0.0094734245
1971,3,9,0.0107756921
1971,3,10,0.0099590783
1971,3,11,0.0084816459
1971,3,12,0.0071010192
1971,3,13,0.0060223596
1971,3,14,0.0052336908
1971,3,15,0.0046708025
1971,3,16,0.0042717893
1971,3,17,0.003988963
1971,3,18,0.0037880921
1971,3,19,0.0036451437
1971,3,20,0.0035432974
1971,3,21,0.0034707275
1971,3,22,0.0034190722
1971,3,23,0.0033823774
1971,3,24,0.003356389
1971,3,25,0.0033380603
1971,3,26,0.0033251925
1971,3,27,0.0033162156
1971,3,28,0.0033100008
1971,3,29,0.0033057403
1971,3,30,0.0033028553
1971,3,31,0.0033009336
1971,3,32,0.0032996807
1971,3,33,0.0032988901
1971,3,34,0.0032984148
1971,3,35,0.003298151
1971,3,36,0.0032980272
1971,3,37,0.0032979943
1971,3,38,0.0032979943
1971,3,39,0.0032979943
1971,3,40,0.0032979943
1972,3,1,2.25238596e-05
1972,3,2,0.0073786274
1972,3,3,0.017659581
1972,3,4,0.042330485
1972,3,5,0.030998345
1972,3,6,0.011506345
1972,3,7,0.0066909257
1972,3,8,0.0074465542
1972,3,9,0.0077532199
1972,3,10,0.006994957
1972,3,11,0.005907957
1972,3,12,0.0049316751
1972,3,13,0.0041794439
1972,3,14,0.0036330364
1972,3,15,0.0032445139
1972,3,16,0.0029698018
1972,3,17,0.0027754683
1972,3,18,0.0026376913
1972,3,19,0.0025398136
1972,3,20,0.0024702052
1972,3,21,0.0024207061
1972,3,22,0.002385552
1972,3,23,0.0023606456
1972,3,24,0.0023430615
1972,3,25,0.0023307348
1972,3,26,0.0023220812
1972,3,27,0.0023160441
1972,3,28,0.0023118646
1972,3,29,0.0023089992
1972,3,30,0.0023070589
1972,3,31,0.0023057663
1972,3,32,0.0023049241
1972,3,33,0.0023043924
1972,3,34,0.0023040724
1972,3,35,0.0023038952
1972,3,36,0.0023038123
1972,3,37,0.0023037902
1972,3,38,0.0023037902
1972,3,39,0.0023037902
1972,3,40,0.0023037902
1973,3,1,6.2768941e-05
1973,3,2,0.0079860606
1973,3,3,0.016119301
1973,3,4,0.035217106
1973,3,5,0.026444022
1973,3,6,0.012574698
1973,3,7,0.01333056
1973,3,8,0.019186177
1973,3,9,0.021058674
1973,3,10,0.019266487
1973,3,11,0.016356461
1973,3,12,0.013685718
1973,3,13,0.01161221
1973,3,14,0.0101004761
1973,3,15,0.0090231547
1973,3,16,0.008260189
1973,3,17,0.0077197426
1973,3,18,0.0073361075
1973,3,19,0.0070632332
1973,3,20,0.0068689136
1973,3,21,0.0067305271
1973,3,22,0.0066320763
1973,3,23,0.0065621869
1973,3,24,0.0065127236
1973,3,25,0.0064778886
1973,3,26,0.0064534316
1973,3,27,0.006436371
1973,3,28,0.0064245577
1973,3,29,0.0064164589
1973,3,30,0.0064109738
1973,3,31,0.0064073192
1973,3,32,0.0064049369
1973,3,33,0.006403433
1973,3,34,0.0064025269
1973,3,35,0.0064020245
1973,3,36,0.0064017886
1973,3,37,0.0064017258
1973,3,38,0.0064017258
1973,3,39,0.0064017258
1973,3,40,0.0064017258
1974,3,1,2.1036805e-05
1974,3,2,0.0109140943
1974,3,3,0.025781845
1974,3,4,0.061392486
1974,3,5,0.04494876
1974,3,6,0.016324339
1974,3,7,0.0080460775
1974,3,8,0.007663574
1974,3,9,0.007604149
1974,3,10,0.006760319
1974,3,11,0.0056810186
1974,3,12,0.0047349231
1974,3,13,0.0040124267
1974,3,14,0.0034898336
1974,3,15,0.0031191292
1974,3,16,0.0028574272
1974,3,17,0.0026725181
1974,3,18,0.0025415595
1974,3,19,0.0024486193
1974,3,20,0.002382592
1974,3,21,0.0023356934
1974,3,22,0.002302429
1974,3,23,0.0022788969
1974,3,24,0.0022623125
1974,3,25,0.0022507267
1974,3,26,0.0022425931
1974,3,27,0.0022369186
1974,3,28,0.0022329903
1974,3,29,0.0022302969
1974,3,30,0.002228473
1974,3,31,0.0022272578
1974,3,32,0.0022264658
1974,3,33,0.0022259658
1974,3,34,0.0022256649
1974,3,35,0.002225498
1974,3,36,0.0022254199
1974,3,37,0.0022253989
1974,3,38,0.0022253989
1974,3,39,0.0022253989
1974,3,40,0.0022253989
1975,3,1,2.26477465e-05
1975,3,2,0.013241678
1975,3,3,0.03156099
1975,3,4,0.075480121
1975,3,5,0.05520622
1975,3,6,0.019826514
1975,3,7,0.0093028001
1975,3,8,0.0084562748
1975,3,9,0.0082694654
1975,3,10,0.0073197396
1975,3,11,0.0061411479
1975,3,12,0.0051149192
1975,3,13,0.004333177
1975,3,14,0.003768423
1975,3,15,0.0033681052
1975,3,16,0.0030856426
1975,3,17,0.002886149
1975,3,18,0.0027449152
1975,3,19,0.0026447225
1975,3,20,0.00257357066
1975,3,21,0.00252305614
1975,3,22,0.00248724624
1975,3,23,0.00246192874
1975,3,24,0.00244409956
1975,3,25,0.00243166161
1975,3,26,0.00242293063
1975,3,27,0.00241683897
1975,3,28,0.00241262234
1975,3,29,0.00240973058
1975,3,30,0.00240777321
1975,3,31,0.00240646898
1975,3,32,0.00240561882
1975,3,33,0.00240508186
1975,3,34,0.00240475941
1975,3,35,0.00240458031
1975,3,36,0.00240449586
1975,3,37,0.00240447377
1975,3,38,0.00240447377
1975,3,39,0.00240447377
1975,3,40,0.00240447377
1976,3,1,2.3838124e-05
1976,3,2,0.042031194
1976,3,3,0.09019079
1976,3,4,0.20403335
1976,3,5,0.14896096
1976,3,6,0.053473922
1976,3,7,0.02091774
1976,3,8,0.013624317
1976,3,9,0.011288999
1976,3,10,0.0094071378
1976,3,11,0.0077320491
1976,3,12,0.0064116151
1976,3,13,0.0054453939
1976,3,14,0.004760885
1976,3,15,0.0042809855
1976,3,16,0.0039447673
1976,3,17,0.0037085684
1976,3,18,0.0035421134
1976,3,19,0.0034245461
1976,3,20,0.0033414355
1976,3,21,0.0032827219
1976,3,22,0.0032413311
1976,3,23,0.0032122575
1976,3,24,0.0031919394
1976,3,25,0.0031779754
1976,3,26,0.0031681735
1976,3,27,0.0031613336
1976,3,28,0.0031565985
1976,3,29,0.0031533505
1976,3,30,0.0031511503
1976,3,31,0.003149683
1976,3,32,0.0031487257
1976,3,33,0.0031481198
1976,3,34,0.0031477542
1976,3,35,0.0031475508
1976,3,36,0.0031474542
1976,3,37,0.0031474262
1976,3,38,0.0031474262
1976,3,39,0.0031474262
1976,3,40,0.0031474262
1977,3,1,3.2166682e-05
1977,3,2,0.033228784
1977,3,3,0.06087823
1977,3,4,0.12427364
1977,3,5,0.09097738
1977,3,6,0.035508006
1977,3,7,0.017588071
1977,3,8,0.01483054
1977,3,9,0.013722386
1977,3,10,0.011891572
1977,3,11,0.009927607
1977,3,12,0.008287952
1977,3,13,0.007059327
1977,3,14,0.006178263
1977,3,15,0.005555966
1977,3,16,0.005117686
1977,3,17,0.004808467
1977,3,18,0.0045896975
1977,3,19,0.004434572
1977,3,20,0.004324452
1977,3,21,0.0042462908
1977,3,22,0.0041908923
1977,3,23,0.0041517284
1977,3,24,0.0041241475
1977,3,25,0.0041048974
1977,3,26,0.0040913844
1977,3,27,0.0040819549
1977,3,28,0.004075427
1977,3,29,0.0040709493
1977,3,30,0.0040679147
1977,3,31,0.0040658901
1977,3,32,0.0040645696
1977,3,33,0.0040637328
1977,3,34,0.0040632279
1977,3,35,0.0040629463
1977,3,36,0.0040628113
1977,3,37,0.0040627722
1977,3,38,0.0040627722
1977,3,39,0.0040627722
1977,3,40,0.0040627722
1978,3,1,4.637297e-05
1978,3,2,0.024255534
1978,3,3,0.046695042
1978,3,4,0.09875437
1978,3,5,0.07317426
1978,3,6,0.029732276
1978,3,7,0.017618306
1978,3,8,0.017887531
1978,3,9,0.017772097
1978,3,10,0.015767559
1978,3,11,0.013257945
1978,3,12,0.011075972
1978,3,13,0.009415134
1978,3,14,0.008215262
1978,3,15,0.00736435
1978,3,16,0.00676353
1978,3,17,0.00633884
1978,3,18,0.0060379
1978,3,19,0.005824189
1978,3,20,0.005672246
1978,3,21,0.005564222
1978,3,22,0.005487515
1978,3,23,0.005433176
1978,3,24,0.005394812
1978,3,25,0.005367913
1978,3,26,0.005349032
1978,3,27,0.005335857
1978,3,28,0.005326735
1978,3,29,0.005320479
1978,3,30,0.00531624
1978,3,31,0.005313414
1978,3,32,0.005311572
1978,3,33,0.005310405
1978,3,34,0.005309702
1978,3,35,0.00530931
1978,3,36,0.005309125
1978,3,37,0.005309073
1978,3,38,0.005309073
1978,3,39,0.005309073
1978,3,40,0.005309073
1979,3,1,3.2155655e-05
1979,3,2,0.015628081
1979,3,3,0.033969592
1979,3,4,0.07743563
1979,3,5,0.056731498
1979,3,6,0.021316852
1979,3,7,0.011493101
1979,3,8,0.011595814
1979,3,9,0.011659759
1979,3,10,0.010402884
1979,3,11,0.00875726
1979,3,12,0.007308384
1979,3,13,0.0062001605
1979,3,14,0.0053978587
1979,3,15,0.004828387
1979,3,16,0.0044261579
1979,3,17,0.0041418246
1979,3,18,0.0039403594
1979,3,19,0.0037973137
1979,3,20,0.0036956374
1979,3,21,0.0036233743
1979,3,22,0.003572084
1979,3,23,0.0035357695
1979,3,24,0.0035101505
1979,3,25,0.0034922168
1979,3,26,0.0034796273
1979,3,27,0.0034708434
1979,3,28,0.0034647622
1979,3,29,0.0034605928
1979,3,30,0.0034577689
1979,3,31,0.0034558874
1979,3,32,0.0034546611
1979,3,33,0.0034538865
1979,3,34,0.0034534194
1979,3,35,0.0034531606
1979,3,36,0.0034530388
1979,3,37,0.0034530063
1979,3,38,0.0034530063
1979,3,39,0.0034530063
1979,3,40,0.0034530063
1980,3,1,0.00010999674
1980,3,2,0.026919071
1980,3,3,0.048395805
1980,3,4,0.09749369
1980,3,5,0.07212395
1980,3,6,0.032168801
1980,3,7,0.02739129
1980,3,8,0.035625432
1980,3,9,0.038134307
1980,3,10,0.034637073
1980,3,11,0.029347092
1980,3,12,0.024555353
1980,3,13,0.020852348
1980,3,14,0.018158212
1980,3,15,0.016240349
1980,3,16,0.01488299
1980,3,17,0.013921937
1980,3,18,0.013239987
1980,3,19,0.012755086
1980,3,20,0.012409895
1980,3,21,0.012164149
1980,3,22,0.011989389
1980,3,23,0.011865376
1980,3,24,0.011777655
1980,3,25,0.011715925
1980,3,26,0.01167259
1980,3,27,0.011642358
1980,3,28,0.011621425
1980,3,29,0.011607074
1980,3,30,0.011597353
1980,3,31,0.011590875
1980,3,32,0.01158665
1980,3,33,0.011583983
1980,3,34,0.011582376
1980,3,35,0.011581483
1980,3,36,0.011581063
1980,3,37,0.011580948
1980,3,38,0.011580948
1980,3,39,0.011580948
1980,3,40,0.011580948
1981,3,1,0.00011529357
1981,3,2,0.046328908
1981,3,3,0.0752742
1981,3,4,0.13921465
1981,3,5,0.10282057
1981,3,6,0.04623871
1981,3,7,0.03479505
1981,3,8,0.040859116
1981,3,9,0.042316554
1981,3,10,0.03803611
1981,3,11,0.032137071
1981,3,12,0.026897441
1981,3,13,0.02287713
1981,3,14,0.019961463
1981,3,15,0.017889234
1981,3,16,0.016423946
1981,3,17,0.015387077
1981,3,18,0.014651647
1981,3,19,0.01412891
1981,3,20,0.013756911
1981,3,21,0.01349217
1981,3,22,0.013303965
1981,3,23,0.013170459
1981,3,24,0.013076058
1981,3,25,0.013009669
1981,3,26,0.012963064
1981,3,27,0.012930548
1981,3,28,0.012908036
1981,3,29,0.012892596
1981,3,30,0.012882136
1981,3,31,0.012875165
1981,3,32,0.012870616
1981,3,33,0.012867741
1981,3,34,0.012866007
1981,3,35,0.012865041
1981,3,36,0.012864584
1981,3,37,0.012864457
1981,3,38,0.012864457
1981,3,39,0.012864457
1981,3,40,0.012864457
1982,3,1,7.333222e-05
1982,3,2,0.125942815
1982,3,3,0.139975288
1982,3,4,0.148328581
1982,3,5,0.120824243
1982,3,6,0.084270792
1982,3,7,0.064042798
1982,3,8,0.055827435
1982,3,9,0.048590369
1982,3,10,0.040735703
1982,3,11,0.033761397
1982,3,12,0.028363458
1982,3,13,0.024450144
1982,3,14,0.021685394
1982,3,15,0.019745481
1982,3,16,0.018382819
1982,3,17,0.017422103
1982,3,18,0.0167422
1982,3,19,0.016259644
1982,3,20,0.015916585
1982,3,21,0.015672593
1982,3,22,0.015499181
1982,3,23,0.015376143
1982,3,24,0.015289079
1982,3,25,0.015227696
1982,3,26,0.015184606
1982,3,27,0.015154531
1982,3,28,0.015133687
1982,3,29,0.015119369
1982,3,30,0.015109642
1982,3,31,0.015103134
1982,3,32,0.015098863
1982,3,33,0.015096138
1982,3,34,0.015094471
1982,3,35,0.015093516
1982,3,36,0.01509304
1982,3,37,0.01509287
1982,3,38,0.01509287
1982,3,39,0.01509287
1982,3,40,0.01509287
1983,3,1,7.289467e-05
1983,3,2,0.271262034
1983,3,3,0.296462982
1983,3,4,0.3016286
1983,3,5,0.2337042
1983,3,6,0.15429209
1983,3,7,0.10730678
1983,3,8,0.084114218
1983,3,9,0.068512515
1983,3,10,0.055830003
1983,3,11,0.045944843
1983,3,12,0.038718759
1983,3,13,0.033617501
1983,3,14,0.030059969
1983,3,15,0.027580295
1983,3,16,0.025844751
1983,3,17,0.024623805
1983,3,18,0.023761036
1983,3,19,0.023149419
1983,3,20,0.02271505
1983,3,21,0.022406398
1983,3,22,0.022187207
1983,3,23,0.022031798
1983,3,24,0.021921887
1983,3,25,0.021844431
1983,3,26,0.021790068
1983,3,27,0.021752118
1983,3,28,0.021725807
1983,3,29,0.021707719
1983,3,30,0.02169542
1983,3,31,0.021687173
1983,3,32,0.021681748
1983,3,33,0.021678272
1983,3,34,0.021676132
1983,3,35,0.021674894
1983,3,36,0.021674259
1983,3,37,0.021674016
1983,3,38,0.021674016
1983,3,39,0.021674016
1983,3,40,0.021674016
1984,3,1,4.05868e-05
1984,3,2,0.2763369
1984,3,3,0.31725561
1984,3,4,0.36121015
1984,3,5,0.30355745
1984,3,6,0.206888482
1984,3,7,0.140199387
1984,3,8,0.10144881
1984,3,9,0.077011885
1984,3,10,0.060355299
1984,3,11,0.048902951
1984,3,12,0.041094992
1984,3,13,0.035782452
1984,3,14,0.032148986
1984,3,15,0.029642771
1984,3,16,0.027898949
1984,3,17,0.026676505
1984,3,18,0.02581472
1984,3,19,0.025204862
1984,3,20,0.024772361
1984,3,21,0.024465399
1984,3,22,0.024247628
1984,3,23,0.024093357
1984,3,24,0.023984324
1984,3,25,0.023907535
1984,3,26,0.023853634
1984,3,27,0.02381599
1984,3,28,0.023789867
1984,3,29,0.023771885
1984,3,30,0.02375963
1984,3,31,0.023751389
1984,3,32,0.023745943
1984,3,33,0.023742431
1984,3,34,0.023740246
1984,3,35,0.02373896
1984,3,36,0.023738276
1984,3,37,0.023737987
1984,3,38,0.023737987
1984,3,39,0.023737987
1984,3,40,0.023737987
1985,3,1,5.470734e-05
1985,3,2,0.31119477
1985,3,3,0.36710987
1985,3,4,0.44186194
1985,3,5,0.35083831
1985,3,6,0.21515442
1985,3,7,0.13867671
1985,3,8,0.10045614
1985,3,9,0.077409
1985,3,10,0.061313694
1985,3,11,0.049906093
1985,3,12,0.041973157
1985,3,13,0.036515357
1985,3,14,0.032760417
1985,3,15,0.030162457
1985,3,16,0.028351935
1985,3,17,0.02708174
1985,3,18,0.02618595
1985,3,19,0.025551951
1985,3,20,0.025102342
1985,3,21,0.024783303
1985,3,22,0.024557047
1985,3,23,0.024396851
1985,3,24,0.024283718
1985,3,25,0.024204181
1985,3,26,0.024148354
1985,3,27,0.024109373
1985,3,28,0.024082332
1985,3,29,0.024063728
1985,3,30,0.024051059
1985,3,31,0.02404255
1985,3,32,0.024036936
1985,3,33,0.024033326
1985,3,34,0.024031089
1985,3,35,0.024029781
1985,3,36,0.024029094
1985,3,37,0.024028814
1985,3,38,0.024028814
1985,3,39,0.024028814
1985,3,40,0.024028814
1986,3,1,3.3481438e-05
1986,3,2,0.221555407
1986,3,3,0.248551921
1986,3,4,0.26901573
1986,3,5,0.220602011
1986,3,6,0.149864648
1986,3,7,0.101764178
1986,3,8,0.074215732
1986,3,9,0.056801813
1986,3,10,0.044759601
1986,3,11,0.036372747
1986,3,12,0.030608076
1986,3,13,0.026667441
1986,3,14,0.02396522
1986,3,15,0.022098578
1986,3,16,0.020798624
1986,3,17,0.019886863
1986,3,18,0.019243851
1986,3,19,0.0187887
1986,3,20,0.018465841
1986,3,21,0.018236652
1986,3,22,0.018074029
1986,3,23,0.0179588
1986,3,24,0.017877346
1986,3,25,0.017819967
1986,3,26,0.017779697
1986,3,27,0.017751574
1986,3,28,0.017732057
1986,3,29,0.017718628
1986,3,30,0.017709475
1986,3,31,0.017703319
1986,3,32,0.017699266
1986,3,33,0.017696641
1986,3,34,0.017695022
1986,3,35,0.017694067
1986,3,36,0.017693562
1986,3,37,0.017693345
1986,3,38,0.017693345
1986,3,39,0.017693345
1986,3,40,0.017693345
1987,3,1,3.303005009e-06
1987,3,2,0.15364545
1987,3,3,0.17642691
1987,3,4,0.20098868
1987,3,5,0.15995476
1987,3,6,0.10076512
1987,3,7,0.06348662
1987,3,8,0.042522318
1987,3,9,0.03042953
1987,3,10,0.023140199
1987,3,11,0.018590948
1987,3,12,0.015671234
1987,3,13,0.0137513698
1987,3,14,0.0124624997
1987,3,15,0.0115824854
1987,3,16,0.0109737226
1987,3,17,0.0105485408
1987,3,18,0.0102495931
1987,3,19,0.0100384982
1987,3,20,0.0098890844
1987,3,21,0.0097832341
1987,3,22,0.0097082707
1987,3,23,0.0096552539
1987,3,24,0.0096178408
1987,3,25,0.0095915493
1987,3,26,0.0095730959
1987,3,27,0.0095602048
1987,3,28,0.0095512553
1987,3,29,0.0095450867
1987,3,30,0.0095408756
1987,3,31,0.0095380347
1987,3,32,0.0095361503
1987,3,33,0.0095349285
1987,3,34,0.0095341601
1987,3,35,0.0095337012
1987,3,36,0.0095334487
1987,3,37,0.0095333335
1987,3,38,0.0095333335
1987,3,39,0.0095333335
1987,3,40,0.0095333335
1988,3,1,1.5270191e-05
1988,3,2,0.15026799
1988,3,3,0.16779051
1988,3,4,0.17971838
1988,3,5,0.13865108
1988,3,6,0.087144536
1988,3,7,0.056146246
1988,3,8,0.039657573
1988,3,9,0.029872274
1988,3,10,0.023416575
1988,3,11,0.019038225
1988,3,12,0.016069446
1988,3,13,0.014053809
1988,3,14,0.012676347
1988,3,15,0.01172653
1988,3,16,0.0110657627
1988,3,17,0.0106026487
1988,3,18,0.0102762487
1988,3,19,0.0100453439
1988,3,20,0.0098816521
1988,3,21,0.0097655267
1988,3,22,0.0096831854
1988,3,23,0.0096248831
1988,3,24,0.0095837022
1988,3,25,0.0095547262
1988,3,26,0.0095343907
1988,3,27,0.0095201899
1988,3,28,0.0095103389
1988,3,29,0.009503558
1988,3,30,0.0094989375
1988,3,31,0.0094958307
1988,3,32,0.009493778
1988,3,33,0.0094924544
1988,3,34,0.0094916308
1988,3,35,0.0094911462
1988,3,36,0.0094908876
1988,3,37,0.009490779
1988,3,38,0.009490779
1988,3,39,0.009490779
1988,3,40,0.009490779
1989,3,1,1.5767045e-05
1989,3,2,0.6667644
1989,3,3,0.7769772
1989,3,4,0.9119011
1989,3,5,0.80771
1989,3,6,0.57447345
1989,3,7,0.38732253
1989,3,8,0.26643499
1989,3,9,0.19183798
1989,3,10,0.1456063
1989,3,11,0.11648342
1989,3,12,0.09774144
1989,3,13,0.08541046
1989,3,14,0.077132192
1989,3,15,0.071480233
1989,3,16,0.067570124
1989,3,17,0.064838511
1989,3,18,0.062917137
1989,3,19,0.061559685
1989,3,20,0.060598236
1989,3,21,0.059916567
1989,3,22,0.059433355
1989,3,23,0.059091261
1989,3,24,0.058849548
1989,3,25,0.058679322
1989,3,26,0.058559829
1989,3,27,0.058476317
1989,3,28,0.058418326
1989,3,29,0.058378349
1989,3,30,0.058351032
1989,3,31,0.058332623
1989,3,32,0.058320396
1989,3,33,0.05831244
1989,3,34,0.058307458
1989,3,35,0.05830447
1989,3,36,0.058302829
1989,3,37,0.058302071
1989,3,38,0.058302071
1989,3,39,0.058302071
1989,3,40,0.058302071
1990,3,1,1.13600937e-05
1990,3,2,0.5631411
1990,3,3,0.6301664
1990,3,4,0.6780741
1990,3,5,0.5498015
1990,3,6,0.36688303
1990,3,7,0.23887993
1990,3,8,0.16204644
1990,3,9,0.11642676
1990,3,10,0.08863801
1990,3,11,0.07123639
1990,3,12,0.06005463
1990,3,13,0.05269791
1990,3,14,0.047757212
1990,3,15,0.044382685
1990,3,16,0.042047551
1990,3,17,0.04041607
1990,3,18,0.03926856
1990,3,19,0.038457963
1990,3,20,0.037883959
1990,3,21,0.037477112
1990,3,22,0.037188809
1990,3,23,0.036984767
1990,3,24,0.036840652
1990,3,25,0.036739212
1990,3,26,0.03666801
1990,3,27,0.036618275
1990,3,28,0.036583738
1990,3,29,0.03655993
1990,3,30,0.036543677
1990,3,31,0.036532718
1990,3,32,0.036525444
1990,3,33,0.036520719
1990,3,34,0.036517751
1990,3,35,0.036515981
1990,3,36,0.036515001
1990,3,37,0.036514557
1990,3,38,0.036514557
1990,3,39,0.036514557
1990,3,40,0.036514557
1991,3,1,2.5014462e-05
1991,3,2,0.8695554
1991,3,3,1.0090964
1991,3,4,1.1744485
1991,3,5,1.0306026
1991,3,6,0.72807155
1991,3,7,0.48969205
1991,3,8,0.33720421
1991,3,9,0.24330313
1991,3,10,0.18496975
1991,3,11,0.14810572
1991,3,12,0.12432381
1991,3,13,0.10865258
1991,3,14,0.098122372
1991,3,15,0.090929177
1991,3,16,0.085951378
1991,3,17,0.08247327
1991,3,18,0.080026576
1991,3,19,0.078297855
1991,3,20,0.077073391
1991,3,21,0.076205214
1991,3,22,0.075589809
1991,3,23,0.075154097
1991,3,24,0.074846266
1991,3,25,0.074629465
1991,3,26,0.07447726
1991,3,27,0.074370946
1991,3,28,0.074297087
1991,3,29,0.074246173
1991,3,30,0.074211417
1991,3,31,0.074187972
1991,3,32,0.074172403
1991,3,33,0.074162309
1991,3,34,0.074155954
1991,3,35,0.074152149
1991,3,36,0.074150081
1991,3,37,0.074149123
1991,3,38,0.074149123
1991,3,39,0.074149123
1991,3,40,0.074149123
1992,3,1,9.13477159e-06
1992,3,2,0.53881033
1992,3,3,0.6112403
1992,3,4,0.6782408
1992,3,5,0.55166392
1992,3,6,0.36328602
1992,3,7,0.23463002
1992,3,8,0.15838786
1992,3,9,0.11341442
1992,3,10,0.08615908
1992,3,11,0.0691605
1992,3,12,0.05826814
1992,3,13,0.051114357
1992,3,14,0.046315039
1992,3,15,0.043039215
1992,3,16,0.040773345
1992,3,17,0.03919072
1992,3,18,0.038077834
1992,3,19,0.037291849
1992,3,20,0.036735394
1992,3,21,0.036341055
1992,3,22,0.036061675
1992,3,23,0.035863999
1992,3,24,0.035724424
1992,3,25,0.035626212
1992,3,26,0.035557287
1992,3,27,0.03550914
1992,3,28,0.035475706
1992,3,29,0.035452658
1992,3,30,0.035436922
1992,3,31,0.035426306
1992,3,32,0.035419256
1992,3,33,0.035414685
1992,3,34,0.035411804
1992,3,35,0.03541009
1992,3,36,0.035409135
1992,3,37,0.035408703
1992,3,38,0.035408703
1992,3,39,0.035408703
1992,3,40,0.035408703
1993,3,1,4.45375264e-06
1993,3,2,0.34810641
1993,3,3,0.40783356
1993,3,4,0.48400946
1993,3,5,0.40737932
1993,3,6,0.27077717
1993,3,7,0.17572107
1993,3,8,0.11861844
1993,3,9,0.08467079
1993,3,10,0.06407981
1993,3,11,0.051269908
1993,3,12,0.043084408
1993,3,13,0.037719812
1993,3,14,0.034126018
1993,3,15,0.031675333
1993,3,16,0.029981227
1993,3,17,0.028798416
1993,3,18,0.027966881
1993,3,19,0.027379707
1993,3,20,0.026964047
1993,3,21,0.026669519
1993,3,22,0.026460878
1993,3,23,0.026313265
1993,3,24,0.026209058
1993,3,25,0.026135765
1993,3,26,0.026084316
1993,3,27,0.026048372
1993,3,28,0.026023406
1993,3,29,0.026006193
1993,3,30,0.025994437
1993,3,31,0.025986504
1993,3,32,0.025981238
1993,3,33,0.025977815
1993,3,34,0.025975663
1993,3,35,0.025974374
1993,3,36,0.025973664
1993,3,37,0.025973336
1993,3,38,0.025973336
1993,3,39,0.025973336
1993,3,40,0.025973336
1994,3,1,1.80641816e-05
1994,3,2,0.24034245
1994,3,3,0.27941136
1994,3,4,0.32652873
1994,3,5,0.27016176
1994,3,6,0.17748173
1994,3,7,0.11606205
1994,3,8,0.08068649
1994,3,9,0.059367351
1994,3,10,0.045764882
1994,3,11,0.036878475
1994,3,12,0.031006084
1994,3,13,0.027079551
1994,3,14,0.02441933
1994,3,15,0.022593909
1994,3,16,0.021327547
1994,3,17,0.02044147
1994,3,18,0.019817638
1994,3,19,0.019376647
1994,3,20,0.019064194
1994,3,21,0.018842628
1994,3,22,0.018685572
1994,3,23,0.018574398
1994,3,24,0.018495884
1994,3,25,0.018440645
1994,3,26,0.018401871
1994,3,27,0.018374788
1994,3,28,0.018355987
1994,3,29,0.018343037
1994,3,30,0.018334203
1994,3,31,0.018328254
1994,3,32,0.018324314
1994,3,33,0.018321766
1994,3,34,0.018320174
1994,3,35,0.018319229
1994,3,36,0.018318717
1994,3,37,0.018318492
1994,3,38,0.018318492
1994,3,39,0.018318492
1994,3,40,0.018318492
1995,3,1,3.2648719e-05
1995,3,2,0.6451343
1995,3,3,0.7495914
1995,3,4,0.8746877
1995,3,5,0.7634392
1995,3,6,0.53581936
1995,3,7,0.36075568
1995,3,8,0.25049875
1995,3,9,0.1823513
1995,3,10,0.13938053
1995,3,11,0.11182859
1995,3,12,0.09387522
1995,3,13,0.08197369
1995,3,14,0.07394957
1995,3,15,0.068458148
1995,3,16,0.06465401
1995,3,17,0.061994329
1995,3,18,0.060122593
1995,3,19,0.058799715
1995,3,20,0.057862494
1995,3,21,0.057197863
1995,3,22,0.05672665
1995,3,23,0.056392999
1995,3,24,0.056157261
1995,3,25,0.055991252
1995,3,26,0.055874714
1995,3,27,0.055793293
1995,3,28,0.055736757
1995,3,29,0.055697798
1995,3,30,0.0556712
1995,3,31,0.055653267
1995,3,32,0.05564138
1995,3,33,0.05563367
1995,3,34,0.055628841
1995,3,35,0.055625957
1995,3,36,0.055624394
1995,3,37,0.055623678
1995,3,38,0.055623678
1995,3,39,0.055623678
1995,3,40,0.055623678
1996,3,1,2.18742003e-06
1996,3,2,0.6971908
1996,3,3,0.7824221
1996,3,4,0.8474832
1996,3,5,0.6845756
1996,3,6,0.45248569
1996,3,7,0.29173777
1996,3,8,0.19546658
1996,3,9,0.13893382
1996,3,10,0.10513168
1996,3,11,0.08432227
1996,3,12,0.07110787
1996,3,13,0.06247558
1996,3,14,0.05670153
1996,3,15,0.052766663
1996,3,16,0.050047312
1996,3,17,0.048148915
1996,3,18,0.046814442
1996,3,19,0.045872197
1996,3,20,0.045205247
1996,3,21,0.044732681
1996,3,22,0.044397933
1996,3,23,0.044161086
1996,3,24,0.043993863
1996,3,25,0.043876178
1996,3,26,0.043793584
1996,3,27,0.043735889
1996,3,28,0.043695824
1996,3,29,0.043668192
1996,3,30,0.043649317
1996,3,31,0.04363658
1996,3,32,0.043628122
1996,3,33,0.043622623
1996,3,34,0.043619163
1996,3,35,0.043617082
1996,3,36,0.043615934
1996,3,37,0.043615402
1996,3,38,0.043615402
1996,3,39,0.043615402
1996,3,40,0.043615402
1997,3,1,1.4267047e-05
1997,3,2,0.7109955
1997,3,3,0.7841024
1997,3,4,0.8153823
1997,3,5,0.63810796
1997,3,6,0.41471477
1997,3,7,0.26593471
1997,3,8,0.17936022
1997,3,9,0.12883887
1997,3,10,0.09828625
1997,3,11,0.07918822
1997,3,12,0.066915701
1997,3,13,0.058837354
1997,3,14,0.053409361
1997,3,15,0.049700663
1997,3,16,0.0471337
1997,3,17,0.045340035
1997,3,18,0.044078407
1997,3,19,0.043187223
1997,3,20,0.042556214
1997,3,21,0.042109
1997,3,22,0.041792142
1997,3,23,0.041567909
1997,3,24,0.041409568
1997,3,25,0.041298132
1997,3,26,0.041219918
1997,3,27,0.041165291
1997,3,28,0.041127371
1997,3,29,0.041101234
1997,3,30,0.041083384
1997,3,31,0.041071353
1997,3,32,0.041063372
1997,3,33,0.041058193
1997,3,34,0.041054944
1997,3,35,0.041052993
1997,3,36,0.041051934
1997,3,37,0.041051445
1997,3,38,0.041051445
1997,3,39,0.041051445
1997,3,40,0.041051445
1998,3,1,1.4032648e-05
1998,3,2,0.9027811
1998,3,3,1.0034154
1998,3,4,1.0628854
1998,3,5,0.8536536
1998,3,6,0.5676288
1998,3,7,0.36835925
1998,3,8,0.24899489
1998,3,9,0.17845739
1998,3,10,0.13574356
1998,3,11,0.10912034
1998,3,12,0.09206363
1998,3,13,0.08086021
1998,3,14,0.0733426
1998,3,15,0.06821028
1998,3,16,0.0646596
1998,3,17,0.0621792
1998,3,18,0.06043478
1998,3,19,0.05920262
1998,3,20,0.05833017
1998,3,21,0.05771182
1998,3,22,0.05727368
1998,3,23,0.05696359
1998,3,24,0.05674459
1998,3,25,0.05659043
1998,3,26,0.05648222
1998,3,27,0.05640665
1998,3,28,0.05635416
1998,3,29,0.05631798
1998,3,30,0.05629329
1998,3,31,0.05627662
1998,3,32,0.05626556
1998,3,33,0.05625837
1998,3,34,0.05625387
1998,3,35,0.05625117
1998,3,36,0.05624969
1998,3,37,0.056249
1998,3,38,0.056249
1998,3,39,0.056249
1998,3,40,0.056249
1999,3,1,1.0021623e-05
1999,3,2,0.6003642
1999,3,3,0.6611894
1999,3,4,0.685295
1999,3,5,0.53519087
1999,3,6,0.34750063
1999,3,7,0.22248255
1999,3,8,0.14967854
1999,3,9,0.10728441
1999,3,10,0.08175185
1999,3,11,0.06585105
1999,3,12,0.055658783
1999,3,13,0.048959683
1999,3,14,0.044462096
1999,3,15,0.041390425
1999,3,16,0.039264915
1999,3,17,0.037779925
1999,3,18,0.036735525
1999,3,19,0.035997851
1999,3,20,0.035475565
1999,3,21,0.035105434
1999,3,22,0.034843199
1999,3,23,0.034657638
1999,3,24,0.034526615
1999,3,25,0.034434387
1999,3,26,0.034369665
1999,3,27,0.034324471
1999,3,28,0.03429308
1999,3,29,0.034271449
1999,3,30,0.034256684
1999,3,31,0.034246723
1999,3,32,0.034240114
1999,3,33,0.034235819
1999,3,34,0.034233129
1999,3,35,0.034231514
1999,3,36,0.034230626
1999,3,37,0.034230229
1999,3,38,0.034230229
1999,3,39,0.034230229
1999,3,40,0.034230229
2000,3,1,1.4871695e-05
2000,3,2,0.7047973
2000,3,3,0.8023325
2000,3,4,0.8967007
2000,3,5,0.7815722
2000,3,6,0.5580903
2000,3,7,0.37677144
2000,3,8,0.25913828
2000,3,9,0.18663253
2000,3,10,0.14178634
2000,3,11,0.11356922
2000,3,12,0.09541885
2000,3,13,0.08347833
2000,3,14,0.07546169
2000,3,15,0.0699877
2000,3,16,0.06620029
2000,3,17,0.06355415
2000,3,18,0.06169274
2000,3,19,0.06037757
2000,3,20,0.05944601
2000,3,21,0.0587855
2000,3,22,0.05831725
2000,3,23,0.05798569
2000,3,24,0.05775142
2000,3,25,0.05758634
2000,3,26,0.05747047
2000,3,27,0.05738952
2000,3,28,0.05733329
2000,3,29,0.05729452
2000,3,30,0.05726805
2000,3,31,0.05725019
2000,3,32,0.05723833
2000,3,33,0.05723064
2000,3,34,0.0572258
2000,3,35,0.05722291
2000,3,36,0.05722131
2000,3,37,0.05722057
2000,3,38,0.05722057
2000,3,39,0.05722057
2000,3,40,0.05722057
2001,3,1,2.4570533e-05
2001,3,2,0.8599114
2001,3,3,0.9746747
2001,3,4,1.0790765
2001,3,5,0.93233396
2001,3,6,0.6623313
2001,3,7,0.44668614
2001,3,8,0.30803133
2001,3,9,0.22261164
2001,3,10,0.16952762
2001,3,11,0.13594976
2001,3,12,0.11426722
2001,3,13,0.099968599
2001,3,14,0.090355422
2001,3,15,0.083786098
2001,3,16,0.079238788
2001,3,17,0.076060858
2001,3,18,0.073825
2001,3,19,0.072245068
2001,3,20,0.071125853
2001,3,21,0.070332229
2001,3,22,0.069769578
2001,3,23,0.069371172
2001,3,24,0.069089644
2001,3,25,0.06889129
2001,3,26,0.068752047
2001,3,27,0.06865477
2001,3,28,0.068587214
2001,3,29,0.06854065
2001,3,30,0.068508844
2001,3,31,0.068487406
2001,3,32,0.06847318
2001,3,33,0.068463937
2001,3,34,0.068458135
2001,3,35,0.068454676
2001,3,36,0.068452767
2001,3,37,0.068451892
2001,3,38,0.068451892
2001,3,39,0.068451892
2001,3,40,0.068451892
2002,3,1,4.3512768e-05
2002,3,2,0.8910842
2002,3,3,0.9707357
2002,3,4,0.9794362
2002,3,5,0.7634361
2002,3,6,0.50385918
2002,3,7,0.32874737
2002,3,8,0.22688508
2002,3,9,0.16629982
2002,3,10,0.12834207
2002,3,11,0.10384395
2002,3,12,0.08775816
2002,3,13,0.07703377
2002,3,14,0.06977614
2002,3,15,0.06479754
2002,3,16,0.06134367
2002,3,17,0.05892683
2002,3,18,0.057225124
2002,3,19,0.056022114
2002,3,20,0.055169699
2002,3,21,0.054565205
2002,3,22,0.054136625
2002,3,23,0.053833169
2002,3,24,0.053618779
2002,3,25,0.053467759
2002,3,26,0.053361796
2002,3,27,0.053287784
2002,3,28,0.053236413
2002,3,29,0.05320103
2002,3,30,0.0531769
2002,3,31,0.053160634
2002,3,32,0.053149866
2002,3,33,0.053142905
2002,3,34,0.053138539
2002,3,35,0.053135958
2002,3,36,0.053134549
2002,3,37,0.053133929
2002,3,38,0.053133929
2002,3,39,0.053133929
2002,3,40,0.053133929
2003,3,1,5.1948535e-05
2003,3,2,1.5374426
2003,3,3,1.7970049
2003,3,4,2.1215716
2003,3,5,1.9325183
2003,3,6,1.4148913
2003,3,7,0.9693967
2003,3,8,0.6728825
2003,3,9,0.48682803
2003,3,10,0.37018223
2003,3,11,0.29614957
2003,3,12,0.2482919
2003,3,13,0.21672572
2003,3,14,0.19550541
2003,3,15,0.18100643
2003,3,16,0.17097136
2003,3,17,0.1639587
2003,3,18,0.15902486
2003,3,19,0.15553829
2003,3,20,0.15306822
2003,3,21,0.15131653
2003,3,22,0.15007454
2003,3,23,0.14919498
2003,3,24,0.14857337
2003,3,25,0.14813538
2003,3,26,0.14782789
2003,3,27,0.14761305
2003,3,28,0.14746383
2003,3,29,0.14736094
2003,3,30,0.1472907
2003,3,31,0.14724332
2003,3,32,0.14721187
2003,3,33,0.14719146
2003,3,34,0.14717864
2003,3,35,0.14717098
2003,3,36,0.14716677
2003,3,37,0.14716484
2003,3,38,0.14716484
2003,3,39,0.14716484
2003,3,40,0.14716484
2004,3,1,3.6298519e-05
2004,3,2,1.1070707
2004,3,3,1.2283114
2004,3,4,1.295537
2004,3,5,1.0664146
2004,3,6,0.73375193
2004,3,7,0.48727791
2004,3,8,0.33505416
2004,3,9,0.24285168
2004,3,10,0.18568052
2004,3,11,0.14939951
2004,3,12,0.12588749
2004,3,13,0.11034187
2004,3,14,0.09987277
2004,3,15,0.09271119
2004,3,16,0.08775087
2004,3,17,0.0842831
2004,3,18,0.08184287
2004,3,19,0.08011836
2004,3,20,0.07889671
2004,3,21,0.07803045
2004,3,22,0.07741637
2004,3,23,0.07698156
2004,3,24,0.07667433
2004,3,25,0.0764579
2004,3,26,0.07630599
2004,3,27,0.07619988
2004,3,28,0.0761262
2004,3,29,0.07607543
2004,3,30,0.07604078
2004,3,31,0.0760174
2004,3,32,0.07600191
2004,3,33,0.07599186
2004,3,34,0.07598555
2004,3,35,0.07598177
2004,3,36,0.07597971
2004,3,37,0.07597879
2004,3,38,0.07597879
2004,3,39,0.07597879
2004,3,40,0.07597879
2005,3,1,3.6277731e-05
2005,3,2,1.2625661
2005,3,3,1.4149687
2005,3,4,1.5274548
2005,3,5,1.2873284
2005,3,6,0.8997474
2005,3,7,0.6018088
2005,3,8,0.4139454
2005,3,9,0.29927325
2005,3,10,0.22821974
2005,3,11,0.18328018
2005,3,12,0.15424366
2005,3,13,0.13508407
2005,3,14,0.12219711
2005,3,15,0.11338804
2005,3,16,0.10728925
2005,3,17,0.10302665
2005,3,18,0.10002752
2005,3,19,0.09790822
2005,3,20,0.09640697
2005,3,21,0.09534247
2005,3,22,0.09458785
2005,3,23,0.09405351
2005,3,24,0.09367597
2005,3,25,0.09340996
2005,3,26,0.09322326
2005,3,27,0.09309283
2005,3,28,0.09300227
2005,3,29,0.09293983
2005,3,30,0.09289721
2005,3,31,0.09286847
2005,3,32,0.09284939
2005,3,33,0.09283703
2005,3,34,0.09282926
2005,3,35,0.09282461
2005,3,36,0.09282207
2005,3,37,0.0928209
2005,3,38,0.0928209
2005,3,39,0.0928209
2005,3,40,0.0928209
2006,3,1,4.944922e-05
2006,3,2,1.4308876
2006,3,3,1.6025505
2006,3,4,1.7273975
2006,3,5,1.4489683
2006,3,6,1.0081194
2006,3,7,0.67363654
2006,3,8,0.46438281
2006,3,9,0.33669055
2006,3,10,0.25723192
2006,3,11,0.20674484
2006,3,12,0.17401666
2006,3,13,0.152378
2006,3,14,0.13780713
2006,3,15,0.12784073
2006,3,16,0.12093824
2006,3,17,0.11611292
2006,3,18,0.11271741
2006,3,19,0.11031779
2006,3,20,0.10861784
2006,3,21,0.10741242
2006,3,22,0.10655782
2006,3,23,0.1059527
2006,3,24,0.10552515
2006,3,25,0.10522392
2006,3,26,0.1050125
2006,3,27,0.10486481
2006,3,28,0.10476225
2006,3,29,0.10469156
2006,3,30,0.10464332
2006,3,31,0.10461078
2006,3,32,0.1045892
2006,3,33,0.10457521
2006,3,34,0.10456643
2006,3,35,0.1045612
2006,3,36,0.10455832
2006,3,37,0.10455701
2006,3,38,0.10455701
2006,3,39,0.10455701
2006,3,40,0.10455701
2007,3,1,6.3833273e-05
2007,3,2,1.2410032
2007,3,3,1.4209657
2007,3,4,1.6080318
2007,3,5,1.415807
2007,3,6,1.017963
2007,3,7,0.6938142
2007,3,8,0.4841298
2007,3,9,0.35312533
2007,3,10,0.2701548
2007,3,11,0.21684924
2007,3,12,0.18207813
2007,3,13,0.15901413
2007,3,14,0.14345844
2007,3,15,0.13280994
2007,3,16,0.12543191
2007,3,17,0.12027266
2007,3,18,0.11664133
2007,3,19,0.11407448
2007,3,20,0.1122556
2007,3,21,0.11096553
2007,3,22,0.11005072
2007,3,23,0.10940284
2007,3,24,0.10894493
2007,3,25,0.10862228
2007,3,26,0.10839578
2007,3,27,0.10823754
2007,3,28,0.10812767
2007,3,29,0.10805195
2007,3,30,0.10800025
2007,3,31,0.10796541
2007,3,32,0.10794231
2007,3,33,0.10792733
2007,3,34,0.10791794
2007,3,35,0.10791234
2007,3,36,0.10790928
2007,3,37,0.1079079
2007,3,38,0.1079079
2007,3,39,0.1079079
2007,3,40,0.1079079
2008,3,1,9.0360825e-05
2008,3,2,1.423992
2008,3,3,1.6365706
2008,3,4,1.8666081
2008,3,5,1.6610236
2008,3,6,1.2047543
2008,3,7,0.8264221
2008,3,8,0.5801424
2008,3,9,0.42502883
2008,3,10,0.32586187
2008,3,11,0.26168273
2008,3,12,0.21962462
2008,3,13,0.19165342
2008,3,14,0.17276095
2008,3,15,0.15981825
2008,3,16,0.15084669
2008,3,17,0.14457145
2008,3,18,0.14015375
2008,3,19,0.13703053
2008,3,20,0.13481713
2008,3,21,0.133247
2008,3,22,0.13213348
2008,3,23,0.13134475
2008,3,24,0.13078728
2008,3,25,0.13039442
2008,3,26,0.13011864
2008,3,27,0.12992597
2008,3,28,0.12979219
2008,3,29,0.12969999
2008,3,30,0.12963707
2008,3,31,0.12959467
2008,3,32,0.12956656
2008,3,33,0.12954835
2008,3,34,0.12953694
2008,3,35,0.12953014
2008,3,36,0.12952644
2008,3,37,0.12952478
2008,3,38,0.12952478
2008,3,39,0.12952478
2008,3,40,0.12952478
2009,3,1,0.00011853727
2009,3,2,1.667411
2009,3,3,1.8819074
2009,3,4,2.0640048
2009,3,5,1.7754198
2009,3,6,1.263084
2009,3,7,0.8603203
2009,3,8,0.605448
2009,3,9,0.4460518
2009,3,10,0.34354109
2009,3,11,0.27664563
2009,3,12,0.23253351
2009,3,13,0.20308155
2009,3,14,0.18314336
2009,3,15,0.16946629
2009,3,16,0.15997848
2009,3,17,0.15333911
2009,3,18,0.14866378
2009,3,19,0.1453578
2009,3,20,0.14301461
2009,3,21,0.14135228
2009,3,22,0.1401733
2009,3,23,0.13933818
2009,3,24,0.13874792
2009,3,25,0.13833196
2009,3,26,0.13803997
2009,3,27,0.13783601
2009,3,28,0.13769442
2009,3,29,0.13759687
2009,3,30,0.1375303
2009,3,31,0.13748546
2009,3,32,0.13745574
2009,3,33,0.13743652
2009,3,34,0.13742448
2009,3,35,0.13741734
2009,3,36,0.13741347
2009,3,37,0.13741175
2009,3,38,0.13741175
2009,3,39,0.13741175
2009,3,40,0.13741175
2010,3,1,0.0001191291
2010,3,2,1.6293743
2010,3,3,2.0332302
2010,3,4,2.7036025
2010,3,5,2.7085395
2010,3,6,2.0956131
2010,3,7,1.479597
2010,3,8,1.0452411
2010,3,9,0.76284823
2010,3,10,0.58129107
2010,3,11,0.46423873
2010,3,12,0.38789572
2010,3,13,0.33730453
2010,3,14,0.30321426
2010,3,15,0.27989413
2010,3,16,0.26374336
2010,3,17,0.25245219
2010,3,18,0.24450538
2010,3,19,0.2388877
2010,3,20,0.23490654
2010,3,21,0.23208227
2010,3,22,0.2300791
2010,3,23,0.22866003
2010,3,24,0.22765686
2010,3,25,0.22694978
2010,3,26,0.22645331
2010,3,27,0.22610638
2010,3,28,0.22586541
2010,3,29,0.22569931
2010,3,30,0.22558589
2010,3,31,0.22550942
2010,3,32,0.22545868
2010,3,33,0.22542578
2010,3,34,0.22540514
2010,3,35,0.22539281
2010,3,36,0.22538607
2010,3,37,0.22538302
2010,3,38,0.22538302
2010,3,39,0.22538302
2010,3,40,0.22538302
2011,3,1,0.00015930332
2011,3,2,1.8126468
2011,3,3,2.1307406
2011,3,4,2.5440445
2011,3,5,2.348743
2011,3,6,1.7399969
2011,3,7,1.209676
2011,3,8,0.857623
2011,3,9,0.63203501
2011,3,10,0.4855711
2011,3,11,0.38978136
2011,3,12,0.32662096
2011,3,13,0.28447604
2011,3,14,0.25596161
2011,3,15,0.23641002
2011,3,16,0.22285088
2011,3,17,0.21336399
2011,3,18,0.20668382
2011,3,19,0.20196015
2011,3,20,0.19861189
2011,3,21,0.19623632
2011,3,22,0.1945513
2011,3,23,0.1933576
2011,3,24,0.19251378
2011,3,25,0.19191908
2011,3,26,0.19150158
2011,3,27,0.19120989
2011,3,28,0.19100736
2011,3,29,0.19086781
2011,3,30,0.19077257
2011,3,31,0.19070839
2011,3,32,0.19066588
2011,3,33,0.19063835
2011,3,34,0.1906211
2011,3,35,0.19061086
2011,3,36,0.19060529
2011,3,37,0.19060281
2011,3,38,0.19060281
2011,3,39,0.19060281
2011,3,40,0.19060281
2012,3,1,0.00019493859
2012,3,2,1.8858196
2012,3,3,2.2614975
2012,3,4,2.8049416
2012,3,5,2.6682191
2012,3,6,2.0102093
2012,3,7,1.4103257
2012,3,8,1.0048428
2012,3,9,0.7420948
2012,3,10,0.57026815
2012,3,11,0.45744095
2012,3,12,0.38289356
2012,3,13,0.33310077
2012,3,14,0.29939628
2012,3,15,0.27628113
2012,3,16,0.26024884
2012,3,17,0.24903075
2012,3,18,0.24113104
2012,3,19,0.23554459
2012,3,20,0.23158445
2012,3,21,0.22877454
2012,3,22,0.22678127
2012,3,23,0.22536908
2012,3,24,0.22437075
2012,3,25,0.22366712
2012,3,26,0.2231731
2012,3,27,0.22282796
2012,3,28,0.2225883
2012,3,29,0.22242316
2012,3,30,0.22231046
2012,3,31,0.22223452
2012,3,32,0.22218423
2012,3,33,0.22215164
2012,3,34,0.22213125
2012,3,35,0.22211914
2012,3,36,0.22211256
2012,3,37,0.22210965
2012,3,38,0.22210965
2012,3,39,0.22210965
2012,3,40,0.22210965
2013,3,1,8.13209e-05
2013,3,2,1.6930978
2013,3,3,2.0471615
2013,3,4,2.5774925
2013,3,5,2.4789073
2013,3,6,1.8748915
2013,3,7,1.3067876
2013,3,8,0.9150946
2013,3,9,0.6644214
2013,3,10,0.50534806
2013,3,11,0.40370432
2013,3,12,0.33776518
2013,3,13,0.29419708
2013,3,14,0.26488467
2013,3,15,0.24484915
2013,3,16,0.23097939
2013,3,17,0.22128563
2013,3,18,0.21446457
2013,3,19,0.20964363
2013,3,20,0.20622771
2013,3,21,0.20380483
2013,3,22,0.20208664
2013,3,23,0.20086965
2013,3,24,0.20000943
2013,3,25,0.19940319
2013,3,26,0.19897753
2013,3,27,0.19868012
2013,3,28,0.19847353
2013,3,29,0.19833111
2013,3,30,0.19823386
2013,3,31,0.19816826
2013,3,32,0.19812474
2013,3,33,0.19809648
2013,3,34,0.19807875
2013,3,35,0.19806814
2013,3,36,0.19806233
2013,3,37,0.19805968
2013,3,38,0.19805968
2013,3,39,0.19805968
2013,3,40,0.19805968
2014,3,1,3.4215151e-05
2014,3,2,1.0517299
2014,3,3,1.3160508
2014,3,4,1.7579428
2014,3,5,1.7659146
2014,3,6,1.3663983
2014,3,7,0.9599818
2014,3,8,0.6709506
2014,3,9,0.48463285
2014,3,10,0.36698049
2014,3,11,0.29236382
2014,3,12,0.24424112
2014,3,13,0.21256485
2014,3,14,0.19130112
2014,3,15,0.17678592
2014,3,16,0.16674521
2014,3,17,0.15973075
2014,3,18,0.15479631
2014,3,19,0.1513094
2014,3,20,0.14883896
2014,3,21,0.14708684
2014,3,22,0.14584435
2014,3,23,0.1449643
2014,3,24,0.14434225
2014,3,25,0.14390381
2014,3,26,0.14359596
2014,3,27,0.14338083
2014,3,28,0.14323138
2014,3,29,0.14312832
2014,3,30,0.14305791
2014,3,31,0.14301041
2014,3,32,0.14297888
2014,3,33,0.14295839
2014,3,34,0.14294551
2014,3,35,0.1429378
2014,3,36,0.14293355
2014,3,37,0.14293158
2014,3,38,0.14293158
2014,3,39,0.14293158
2014,3,40,0.14293158
2015,3,1,9.3704337e-05
2015,3,2,0.660742
2015,3,3,0.7813355
2015,3,4,0.9437832
2015,3,5,0.8822336
2015,3,6,0.6603408
2015,3,7,0.46505607
2015,3,8,0.3358443
2015,3,9,0.25138007
2015,3,10,0.19476712
2015,3,11,0.15677571
2015,3,12,0.13131547
2015,3,13,0.11416917
2015,3,14,0.10250973
2015,3,15,0.09449322
2015,3,16,0.08892515
2015,3,17,0.08502569
2015,3,18,0.08227815
2015,3,19,0.08033435
2015,3,20,0.07895599
2015,3,21,0.0779777
2015,3,22,0.07728357
2015,3,23,0.07679173
2015,3,24,0.07644397
2015,3,25,0.07619886
2015,3,26,0.07602676
2015,3,27,0.07590656
2015,3,28,0.07582309
2015,3,29,0.07576562
2015,3,30,0.0757264
2015,3,31,0.0757
2015,3,32,0.07568254
2015,3,33,0.07567124
2015,3,34,0.07566418
2015,3,35,0.07566001
2015,3,36,0.07565777
2015,3,37,0.07565679
2015,3,38,0.07565679
2015,3,39,0.07565679
2015,3,40,0.07565679
2016,3,1,7.7402792e-05
2016,3,2,0.8640277
2016,3,3,1.0788462
2016,3,4,1.4360525
2016,3,5,1.4361194
2016,3,6,1.1093396
2016,3,7,0.7842743
2016,3,8,0.5562945
2016,3,9,0.40763324
2016,3,10,0.31136586
2016,3,11,0.24889633
2016,3,12,0.20797441
2016,3,13,0.18078595
2016,3,14,0.16243884
2016,3,15,0.14987811
2016,3,16,0.14117503
2016,3,17,0.13508897
2016,3,18,0.1308048
2016,3,19,0.12777592
2016,3,20,0.12562915
2016,3,21,0.1241061
2016,3,22,0.12302577
2016,3,23,0.12226044
2016,3,24,0.12171938
2016,3,25,0.12133802
2016,3,26,0.12107025
2016,3,27,0.12088315
2016,3,28,0.1207532
2016,3,29,0.12066363
2016,3,30,0.12060249
2016,3,31,0.12056126
2016,3,32,0.12053392
2016,3,33,0.12051621
2016,3,34,0.12050509
2016,3,35,0.12049848
2016,3,36,0.12049486
2016,3,37,0.12049323
2016,3,38,0.12049323
2016,3,39,0.12049323
2016,3,40,0.12049323
2017,3,1,8.0200567e-05
2017,3,2,1.171588
2017,3,3,1.5169851
2017,3,4,2.1385204
2017,3,5,2.2138351
2017,3,6,1.7360925
2017,3,7,1.2315305
2017,3,8,0.8691295
2017,3,9,0.6324003
2017,3,10,0.48058164
2017,3,11,0.38310426
2017,3,12,0.31973577
2017,3,13,0.27783182
2017,3,14,0.24963162
2017,3,15,0.23035529
2017,3,16,0.21701105
2017,3,17,0.20768444
2017,3,18,0.2011214
2017,3,19,0.19648243
2017,3,20,0.19319509
2017,3,21,0.19086312
2017,3,22,0.18920918
2017,3,23,0.18803754
2017,3,24,0.18720929
2017,3,25,0.1866255
2017,3,26,0.18621559
2017,3,27,0.18592913
2017,3,28,0.18573014
2017,3,29,0.18559295
2017,3,30,0.18549926
2017,3,31,0.18543607
2017,3,32,0.18539413
2017,3,33,0.18536692
2017,3,34,0.18534984
2017,3,35,0.18533961
2017,3,36,0.18533403
2017,3,37,0.18533148
2017,3,38,0.18533148
2017,3,39,0.18533148
2017,3,40,0.18533148
2018,3,1,0.00015660604
2018,3,2,0.6913835
2018,3,3,0.8811717
2018,3,4,1.2124722
2018,3,5,1.2396369
2018,3,6,0.9714085
2018,3,7,0.7011478
2018,3,8,0.5133243
2018,3,9,0.38654259
2018,3,10,0.29977196
2018,3,11,0.24088352
2018,3,12,0.20119591
2018,3,13,0.17439587
2018,3,14,0.15614908
2018,3,15,0.14359615
2018,3,16,0.13487463
2018,3,17,0.12876555
2018,3,18,0.1244604
2018,3,19,0.12141408
2018,3,20,0.1192535
2018,3,21,0.11771974
2018,3,22,0.1166313
2018,3,23,0.11585989
2018,3,24,0.11531439
2018,3,25,0.11492984
2018,3,26,0.11465984
2018,3,27,0.1144712
2018,3,28,0.11434024
2018,3,29,0.11425002
2018,3,30,0.11418851
2018,3,31,0.11414708
2018,3,32,0.11411968
2018,3,33,0.11410197
2018,3,34,0.11409092
2018,3,35,0.11408439
2018,3,36,0.11408087
2018,3,37,0.11407936
2018,3,38,0.11407936
2018,3,39,0.11407936
2018,3,40,0.11407936
2019,3,1,0.00011248554
2019,3,2,0.43990009
2019,3,3,0.56935926
2019,3,4,0.8022409
2019,3,5,0.8314388
2019,3,6,0.6556825
2019,3,7,0.47537701
2019,3,8,0.34948799
2019,3,9,0.26393171
2019,3,10,0.2049524
2019,3,11,0.1647254
2019,3,12,0.1375362
2019,3,13,0.11914738
2019,3,14,0.10661711
2019,3,15,0.09799315
2019,3,16,0.09199998
2019,3,17,0.08780139
2019,3,18,0.08484228
2019,3,19,0.08274827
2019,3,20,0.08126299
2019,3,21,0.08020855
2019,3,22,0.07946022
2019,3,23,0.07892983
2019,3,24,0.07855474
2019,3,25,0.07829033
2019,3,26,0.07810468
2019,3,27,0.07797498
2019,3,28,0.07788493
2019,3,29,0.0778229
2019,3,30,0.07778061
2019,3,31,0.07775215
2019,3,32,0.0777333
2019,3,33,0.07772114
2019,3,34,0.07771355
2019,3,35,0.07770907
2019,3,36,0.07770666
2019,3,37,0.07770562
2019,3,38,0.07770562
2019,3,39,0.07770562
2019,3,40,0.07770562
2020,3,1,3.4607459e-05
2020,3,2,0.7312832
2020,3,3,0.9977278
2020,3,4,1.5145678
2020,3,5,1.6374754
2020,3,6,1.3097342
2020,3,7,0.9345781
2020,3,8,0.6575446
2020,3,9,0.47573529
2020,3,10,0.35990049
2020,3,11,0.28614359
2020,3,12,0.23849577
2020,3,13,0.20711273
2020,3,14,0.18604227
2020,3,15,0.17165889
2020,3,16,0.1617096
2020,3,17,0.15475903
2020,3,18,0.14986937
2020,3,19,0.14641387
2020,3,20,0.14396547
2020,3,21,0.1422288
2020,3,22,0.14099715
2020,3,23,0.14012466
2020,3,24,0.13950788
2020,3,25,0.13907316
2020,3,26,0.13876787
2020,3,27,0.13855451
2020,3,28,0.13840627
2020,3,29,0.13830406
2020,3,30,0.13823422
2020,3,31,0.1381871
2020,3,32,0.1381558
2020,3,33,0.13813549
2020,3,34,0.1381227
2020,3,35,0.13811505
2020,3,36,0.13811083
2020,3,37,0.1381089
2020,3,38,0.1381089
2020,3,39,0.1381089
2020,3,40,0.1381089
2021,3,1,6.387707e-05
2021,3,2,0.47748549
2021,3,3,0.60966636
2021,3,4,0.84122751
2021,3,5,0.86157203
2021,3,6,0.67413705
2021,3,7,0.48130624
2021,3,8,0.34496495
2021,3,9,0.25481284
2021,3,10,0.19542934
2021,3,11,0.15637894
2021,3,12,0.13058283
2021,3,13,0.113361882
2021,3,14,0.101710676
2021,3,15,0.093722827
2021,3,16,0.088183839
2021,3,17,0.084308549
2021,3,18,0.081579702
2021,3,19,0.079649909
2021,3,20,0.078281828
2021,3,21,0.077311051
2021,3,22,0.076622325
2021,3,23,0.076134344
2021,3,24,0.075789319
2021,3,25,0.075546121
2021,3,26,0.075375355
2021,3,27,0.07525604
2021,3,28,0.075173174
2021,3,29,0.075116068
2021,3,30,0.075077109
2021,3,31,0.075050836
2021,3,32,0.075033426
2021,3,33,0.075022155
2021,3,34,0.075015103
2021,3,35,0.07501091
2021,3,36,0.075008625
2021,3,37,0.075007601
2021,3,38,0.075007601
2021,3,39,0.075007601
2021,3,40,0.075007601
2022,3,1,0.00012409936
2022,3,2,0.5823566
2022,3,3,0.7466014
2022,3,4,1.0367517
2022,3,5,1.0677015
2022,3,6,0.8398058
2022,3,7,0.60591693
2022,3,8,0.44199859
2022,3,9,0.33160388
2022,3,10,0.25658339
2022,3,11,0.20597857
2022,3,12,0.17200574
2022,3,13,0.14911564
2022,3,14,0.13355003
2022,3,15,0.12284881
2022,3,16,0.11541665
2022,3,17,0.1102119
2022,3,18,0.10654456
2022,3,19,0.10394985
2022,3,20,0.10210969
2022,3,21,0.10080349
2022,3,22,0.09987656
2022,3,23,0.09921965
2022,3,24,0.09875514
2022,3,25,0.09842768
2022,3,26,0.09819774
2022,3,27,0.09803711
2022,3,28,0.09792555
2022,3,29,0.09784873
2022,3,30,0.09779633
2022,3,31,0.09776102
2022,3,32,0.09773767
2022,3,33,0.09772258
2022,3,34,0.09771314
2022,3,35,0.09770757
2022,3,36,0.09770456
2022,3,37,0.09770324
2022,3,38,0.09770324
2022,3,39,0.09770324
2022,3,40,0.09770324
2023,3,1,0.00012321503
2023,3,2,0.7312946
2023,3,3,0.9734992
2023,3,4,1.4289555
2023,3,5,1.5213867
2023,3,6,1.2135246
2023,3,7,0.8748524
2023,3,8,0.6303705
2023,3,9,0.46677172
2023,3,10,0.35817111
2023,3,11,0.2864394
2023,3,12,0.23894315
2023,3,13,0.20719804
2023,3,14,0.18570785
2023,3,15,0.17097042
2023,3,16,0.16074953
2023,3,17,0.15359792
2023,3,18,0.14856157
2023,3,19,0.14499965
2023,3,20,0.14247432
2023,3,21,0.14068216
2023,3,22,0.13941063
2023,3,23,0.13850962
2023,3,24,0.13787254
2023,3,25,0.13742343
2023,3,26,0.13710806
2023,3,27,0.13688771
2023,3,28,0.13673468
2023,3,29,0.13662921
2023,3,30,0.13655725
2023,3,31,0.13650875
2023,3,32,0.1364766
2023,3,33,0.13645579
2023,3,34,0.13644276
2023,3,35,0.13643502
2023,3,36,0.13643082
2023,3,37,0.13642894
2023,3,38,0.13642894
2023,3,39,0.13642894
2023,3,40,0.13642894
2024,3,1,0.00010532846
2024,3,2,0.9873985
2024,3,3,1.3255409
2024,3,4,1.9686066
2024,3,5,2.1097842
2024,3,6,1.6855567
2024,3,7,1.208753
2024,3,8,0.8603417
2024,3,9,0.62960871
2024,3,10,0.47970462
2024,3,11,0.38253692
2024,3,12,0.31899471
2024,3,13,0.27683461
2024,3,14,0.24841044
2024,3,15,0.22896199
2024,3,16,0.21549119
2024,3,17,0.2060729
2024,3,18,0.19944368
2024,3,19,0.19475699
2024,3,20,0.19143521
2024,3,21,0.18907841
2024,3,22,0.1874066
2024,3,23,0.18622213
2024,3,24,0.18538471
2024,3,25,0.1847944
2024,3,26,0.18437988
2024,3,27,0.1840902
2024,3,28,0.18388899
2024,3,29,0.18375027
2024,3,30,0.18365557
2024,3,31,0.18359171
2024,3,32,0.18354934
2024,3,33,0.18352187
2024,3,34,0.18350463
2024,3,35,0.18349435
2024,3,36,0.18348872
2024,3,37,0.18348618
2024,3,38,0.18348618
2024,3,39,0.18348618
2024,3,40,0.18348618
1952,4,1,2.0628788e-12
1952,4,2,2.0628788e-12
1952,4,3,1.40062298e-05
1952,4,4,1.44607447e-05
1952,4,5,2.1881517e-05
1952,4,6,7.1017203e-05
1952,4,7,0.00032164147
1952,4,8,0.0010276071
1952,4,9,0.0020225433
1952,4,10,0.0026695043
1952,4,11,0.0027694475
1952,4,12,0.0025969966
1952,4,13,0.0023628671
1952,4,14,0.0021522258
1952,4,15,0.0019853783
1952,4,16,0.0018596844
1952,4,17,0.0017669703
1952,4,18,0.0016992123
1952,4,19,0.0016499148
1952,4,20,0.0016141487
1952,4,21,0.0015882623
1952,4,22,0.001569575
1952,4,23,0.0015561244
1952,4,24,0.001546476
1952,4,25,0.0015395816
1952,4,26,0.001534677
1952,4,27,0.0015312053
1952,4,28,0.0015287624
1952,4,29,0.001527055
1952,4,30,0.0015258714
1952,4,31,0.0015250592
1952,4,32,0.0015245086
1952,4,33,0.0015241418
1952,4,34,0.0015239026
1952,4,35,0.0015237515
1952,4,36,0.0015236607
1952,4,37,0.0015236103
1952,4,38,0.0015236103
1952,4,39,0.0015236103
1952,4,40,0.0015236103
1953,4,1,2.5915145e-12
1953,4,2,2.5915145e-12
1953,4,3,2.0675907e-05
1953,4,4,2.1331124e-05
1953,4,5,3.1804123e-05
1953,4,6,9.574564e-05
1953,4,7,0.00040289388
1953,4,8,0.0012492055
1953,4,9,0.0024425932
1953,4,10,0.0032402385
1953,4,11,0.0033991545
1953,4,12,0.0032303139
1953,4,13,0.0029779529
1953,4,14,0.0027441021
1953,4,15,0.0025556562
1953,4,16,0.0024119404
1953,4,17,0.0023049384
1953,4,18,0.0022261689
1953,4,19,0.0021685349
1953,4,20,0.0021265353
1953,4,21,0.0020960328
1953,4,22,0.002073954
1953,4,23,0.0020580289
1953,4,24,0.0020465866
1953,4,25,0.0020384002
1953,4,26,0.0020325704
1953,4,27,0.0020284405
1953,4,28,0.0020255325
1953,4,29,0.0020234991
1953,4,30,0.0020220889
1953,4,31,0.0020211207
1953,4,32,0.0020204646
1953,4,33,0.002020027
1953,4,34,0.0020197418
1953,4,35,0.0020195615
1953,4,36,0.0020194531
1953,4,37,0.0020193931
1953,4,38,0.0020193931
1953,4,39,0.0020193931
1953,4,40,0.0020193931
1954,4,1,1.0426475e-12
1954,4,2,1.0426475e-12
1954,4,3,8.3504885e-06
1954,4,4,8.6149757e-06
1954,4,5,1.28405138e-05
1954,4,6,3.8589136e-05
1954,4,7,0.00016208471
1954,4,8,0.00050216201
1954,4,9,0.0009817137
1954,4,10,0.0013024749
1954,4,11,0.0013667574
1954,4,12,0.0012993231
1954,4,13,0.0011982231
1954,4,14,0.0011044565
1954,4,15,0.0010288581
1954,4,16,0.00097118363
1954,4,17,0.00092823156
1954,4,18,0.00089660592
1954,4,19,0.00087346241
1954,4,20,0.00085659512
1954,4,21,0.00084434394
1954,4,22,0.00083547538
1954,4,23,0.00082907833
1954,4,24,0.00082448174
1954,4,25,0.00082119298
1954,4,26,0.00081885095
1954,4,27,0.00081719177
1954,4,28,0.00081602349
1954,4,29,0.00081520655
1954,4,30,0.00081463999
1954,4,31,0.00081425099
1954,4,32,0.00081398737
1954,4,33,0.00081381164
1954,4,34,0.00081369681
1954,4,35,0.00081362451
1954,4,36,0.00081358089
1954,4,37,0.00081355679
1954,4,38,0.00081355679
1954,4,39,0.00081355679
1954,4,40,0.00081355679
1955,4,1,2.9516621e-12
1955,4,2,2.9516621e-12
1955,4,3,2.9182706e-05
1955,4,4,3.0083016e-05
1955,4,5,4.4115607e-05
1955,4,6,0.00012099259
1955,4,7,0.00045674186
1955,4,8,0.0013464815
1955,4,9,0.0026023679
1955,4,10,0.0034832384
1955,4,11,0.0037252477
1955,4,12,0.0036203653
1955,4,13,0.0034093153
1955,4,14,0.0031992366
1955,4,15,0.003023296
1955,4,16,0.0028855558
1955,4,17,0.0027810038
1955,4,18,0.0027029047
1955,4,19,0.0026451182
1955,4,20,0.0026026438
1955,4,21,0.002571591
1955,4,22,0.0025490001
1955,4,23,0.0025326398
1955,4,24,0.0025208489
1955,4,25,0.002512393
1955,4,26,0.0025063588
1955,4,27,0.0025020784
1955,4,28,0.0024990613
1955,4,29,0.0024969493
1955,4,30,0.0024954827
1955,4,31,0.0024944764
1955,4,32,0.0024937929
1955,4,33,0.002493337
1955,4,34,0.0024930401
1955,4,35,0.0024928522
1955,4,36,0.0024927393
1955,4,37,0.0024926773
1955,4,38,0.0024926773
1955,4,39,0.0024926773
1955,4,40,0.0024926773
1956,4,1,2.9108902e-12
1956,4,2,2.9108902e-12
1956,4,3,1.9120356e-05
1956,4,4,1.9744117e-05
1956,4,5,2.9975042e-05
1956,4,6,9.884692e-05
1956,4,7,0.00045410724
1956,4,8,0.0014587579
1956,4,9,0.0028745012
1956,4,10,0.0037905718
1956,4,11,0.0039246296
1956,4,12,0.0036713016
1956,4,13,0.0033321983
1956,4,14,0.0030285372
1956,4,15,0.0027886816
1956,4,16,0.0026083534
1956,4,17,0.0024755469
1956,4,18,0.0023786078
1956,4,19,0.0023081476
1956,4,20,0.002257066
1956,4,21,0.0022201168
1956,4,22,0.0021934554
1956,4,23,0.0021742723
1956,4,24,0.0021605158
1956,4,25,0.0021506881
1956,4,26,0.002143698
1956,4,27,0.0021387509
1956,4,28,0.0021352701
1956,4,29,0.0021328375
1956,4,30,0.0021311513
1956,4,31,0.0021299943
1956,4,32,0.0021292101
1956,4,33,0.0021286875
1956,4,34,0.0021283468
1956,4,35,0.0021281316
1956,4,36,0.0021280022
1956,4,37,0.0021279305
1956,4,38,0.0021279305
1956,4,39,0.0021279305
1956,4,40,0.0021279305
1957,4,1,5.413105e-12
1957,4,2,5.413105e-12
1957,4,3,4.6169597e-05
1957,4,4,4.7619746e-05
1957,4,5,7.060941e-05
1957,4,6,0.00020631282
1957,4,7,0.0008404224
1957,4,8,0.0025689098
1957,4,9,0.005006925
1957,4,10,0.006658407
1957,4,11,0.007022643
1957,4,12,0.006716252
1957,4,13,0.00622956
1957,4,14,0.005770884
1957,4,15,0.005397745
1957,4,16,0.00511129
1957,4,17,0.004896957
1957,4,18,0.004738574
1957,4,19,0.004622348
1957,4,20,0.004537458
1957,4,21,0.0044756993
1957,4,22,0.0044309337
1957,4,23,0.0043986104
1957,4,24,0.0043753678
1957,4,25,0.0043587278
1957,4,26,0.0043468715
1957,4,27,0.0043384688
1957,4,28,0.0043325509
1957,4,29,0.0043284121
1957,4,30,0.0043255394
1957,4,31,0.0043235682
1957,4,32,0.0043222316
1957,4,33,0.0043213409
1957,4,34,0.0043207596
1957,4,35,0.0043203921
1957,4,36,0.0043201713
1957,4,37,0.0043200488
1957,4,38,0.0043200488
1957,4,39,0.0043200488
1957,4,40,0.0043200488
1958,4,1,6.521016e-12
1958,4,2,6.521016e-12
1958,4,3,5.9057207e-05
1958,4,4,6.0898165e-05
1958,4,5,8.9877282e-05
1958,4,6,0.00025582666
1958,4,7,0.0010111257
1958,4,8,0.0030481126
1958,4,9,0.005922049
1958,4,10,0.007894683
1958,4,11,0.008370702
1958,4,12,0.008054954
1958,4,13,0.007515263
1958,4,14,0.00699705
1958,4,15,0.0065711569
1958,4,16,0.0062419074
1958,4,17,0.0059942731
1958,4,18,0.0058105643
1958,4,19,0.0056753463
1958,4,20,0.0055763549
1958,4,21,0.0055042055
1958,4,22,0.0054518375
1958,4,23,0.0054139853
1958,4,24,0.0053867425
1958,4,25,0.0053672256
1958,4,26,0.0053533135
1958,4,27,0.0053434493
1958,4,28,0.0053364998
1958,4,29,0.0053316371
1958,4,30,0.0053282636
1958,4,31,0.0053259476
1958,4,32,0.0053243768
1958,4,33,0.0053233281
1958,4,34,0.0053226463
1958,4,35,0.005322214
1958,4,36,0.0053219546
1958,4,37,0.0053218104
1958,4,38,0.0053218104
1958,4,39,0.0053218104
1958,4,40,0.0053218104
1959,4,1,6.3129367e-12
1959,4,2,6.3129367e-12
1959,4,3,6.5767684e-05
1959,4,4,6.7784905e-05
1959,4,5,9.9049629e-05
1959,4,6,0.00026588185
1959,4,7,0.0009755921
1959,4,8,0.0028343952
1959,4,9,0.0054589491
1959,4,10,0.0073264895
1959,4,11,0.0078804
1959,4,12,0.0077081053
1959,4,13,0.0073021719
1959,4,14,0.0068863498
1959,4,15,0.0065330797
1959,4,16,0.0062539248
1959,4,17,0.0060406208
1959,4,18,0.0058804969
1959,4,19,0.0057615805
1959,4,20,0.0056739286
1959,4,21,0.0056097112
1959,4,22,0.0055629134
1959,4,23,0.0055289818
1959,4,24,0.0055045025
1959,4,25,0.0054869317
1959,4,26,0.0054743889
1959,4,27,0.0054654858
1959,4,28,0.0054592077
1959,4,29,0.0054548108
1959,4,30,0.0054517591
1959,4,31,0.0054496626
1959,4,32,0.0054482403
1959,4,33,0.0054472918
1959,4,34,0.0054466729
1959,4,35,0.005446281
1959,4,36,0.0054460454
1959,4,37,0.0054459154
1959,4,38,0.0054459154
1959,4,39,0.0054459154
1959,4,40,0.0054459154
1960,4,1,8.188284e-12
1960,4,2,8.188284e-12
1960,4,3,7.7622632e-05
1960,4,4,8.0029033e-05
1960,4,5,0.000117711981
1960,4,6,0.00032858195
1960,4,7,0.0012683277
1960,4,8,0.0037804809
1960,4,9,0.00732563
1960,4,10,0.009785625
1960,4,11,0.010420885
1960,4,12,0.01007819
1960,4,13,0.009447507
1960,4,14,0.008831422
1960,4,15,0.008320441
1960,4,16,0.0079229756
1960,4,17,0.0076226856
1960,4,18,0.0073991536
1960,4,19,0.0072341962
1960,4,20,0.0071131942
1960,4,21,0.0070248687
1960,4,22,0.0069606825
1960,4,23,0.0069142469
1960,4,24,0.0068808033
1960,4,25,0.0068568302
1960,4,26,0.0068397327
1960,4,27,0.0068276076
1960,4,28,0.0068190626
1960,4,29,0.0068130825
1960,4,30,0.006808933
1960,4,31,0.0068060831
1960,4,32,0.0068041507
1960,4,33,0.0068028609
1960,4,34,0.0068020205
1960,4,35,0.0068014898
1960,4,36,0.0068011696
1960,4,37,0.0068009917
1960,4,38,0.0068009917
1960,4,39,0.0068009917
1960,4,40,0.0068009917
1961,4,1,9.74612e-12
1961,4,2,9.74612e-12
1961,4,3,7.2771403e-05
1961,4,4,7.509919e-05
1961,4,5,0.00011262345
1961,4,6,0.00034950943
1961,4,7,0.0015170927
1961,4,8,0.0047655476
1961,4,9,0.009345093
1961,4,10,0.012369316
1961,4,11,0.012912963
1961,4,12,0.012200614
1961,4,13,0.011183933
1961,4,14,0.010254666
1961,4,15,0.009511713
1961,4,16,0.008948263
1961,4,17,0.008530521
1961,4,18,0.008224004
1961,4,19,0.0080003
1961,4,20,0.007837605
1961,4,21,0.007719625
1961,4,22,0.007634329
1961,4,23,0.007572864
1961,4,24,0.007528734
1961,4,25,0.007497178
1961,4,26,0.007474716
1961,4,27,0.007458811
1961,4,28,0.007447614
1961,4,29,0.007439785
1961,4,30,0.007434358
1961,4,31,0.007430632
1961,4,32,0.007428109
1961,4,33,0.007426424
1961,4,34,0.007425326
1961,4,35,0.007424634
1961,4,36,0.007424215
1961,4,37,0.007423985
1961,4,38,0.007423985
1961,4,39,0.007423985
1961,4,40,0.007423985
1962,4,1,8.65667e-12
1962,4,2,8.65667e-12
1962,4,3,6.212186e-05
1962,4,4,6.412067e-05
1962,4,5,9.651101e-05
1962,4,6,0.00030510939
1962,4,7,0.0013484644
1962,4,8,0.0042669165
1962,4,9,0.008380685
1962,4,10,0.011079184
1962,4,11,0.011534825
1962,4,12,0.010863077
1962,4,13,0.009925944
1962,4,14,0.00907543
1962,4,15,0.008398254
1962,4,16,0.007886203
1962,4,17,0.007507426
1962,4,18,0.007229986
1962,4,19,0.007027782
1962,4,20,0.006880878
1962,4,21,0.006774439
1962,4,22,0.006697537
1962,4,23,0.00664215
1962,4,24,0.006602398
1962,4,25,0.006573982
1962,4,26,0.00655376
1962,4,27,0.006539443
1962,4,28,0.006529366
1962,4,29,0.006522323
1962,4,30,0.006517439
1962,4,31,0.006514087
1962,4,32,0.006511815
1962,4,33,0.006510302
1962,4,34,0.006509314
1962,4,35,0.006508691
1962,4,36,0.006508316
1962,4,37,0.006508108
1962,4,38,0.006508108
1962,4,39,0.006508108
1962,4,40,0.006508108
1963,4,1,1.110038e-11
1963,4,2,1.110038e-11
1963,4,3,9.557115e-05
1963,4,4,9.856932e-05
1963,4,5,0.00014604677
1963,4,6,0.00042496917
1963,4,7,0.0017230718
1963,4,8,0.005255828
1963,4,9,0.01023895
1963,4,10,0.013621178
1963,4,11,0.014377776
1963,4,12,0.01376334
1963,4,13,0.012777418
1963,4,14,0.011845761
1963,4,15,0.011086723
1963,4,16,0.01050342
1963,4,17,0.01006664
1963,4,18,0.009743697
1963,4,19,0.009506605
1963,4,20,0.009333378
1963,4,21,0.009207314
1963,4,22,0.009115923
1963,4,23,0.009049922
1963,4,24,0.009002456
1963,4,25,0.008968469
1963,4,26,0.008944253
1963,4,27,0.008927089
1963,4,28,0.008915001
1963,4,29,0.008906544
1963,4,30,0.008900677
1963,4,31,0.008896651
1963,4,32,0.00889392
1963,4,33,0.008892099
1963,4,34,0.008890912
1963,4,35,0.008890162
1963,4,36,0.00888971
1963,4,37,0.008889459
1963,4,38,0.008889459
1963,4,39,0.008889459
1963,4,40,0.008889459
1964,4,1,9.341511e-12
1964,4,2,9.341511e-12
1964,4,3,6.909147e-05
1964,4,4,7.13046e-05
1964,4,5,0.00010702496
1964,4,6,0.00033360306
1964,4,7,0.0014543615
1964,4,8,0.0045766343
1964,4,9,0.008978147
1964,4,10,0.01188005
1964,4,11,0.012393991
1964,4,12,0.011700993
1964,4,13,0.010717586
1964,4,14,0.009820316
1964,4,15,0.009103682
1964,4,16,0.008560588
1964,4,17,0.008158163
1964,4,18,0.007863012
1964,4,19,0.007647677
1964,4,20,0.007491107
1964,4,21,0.007377594
1964,4,22,0.007295541
1964,4,23,0.007236421
1964,4,24,0.007193977
1964,4,25,0.007163628
1964,4,26,0.007142029
1964,4,27,0.007126734
1964,4,28,0.007115968
1964,4,29,0.007108441
1964,4,30,0.007103221
1964,4,31,0.00709964
1964,4,32,0.007097212
1964,4,33,0.007095595
1964,4,34,0.007094539
1964,4,35,0.007093873
1964,4,36,0.007093472
1964,4,37,0.007093249
1964,4,38,0.007093249
1964,4,39,0.007093249
1964,4,40,0.007093249
1965,4,1,8.1427345e-12
1965,4,2,8.1427345e-12
1965,4,3,8.4582014e-05
1965,4,4,8.7177129e-05
1965,4,5,0.00012741114
1965,4,6,0.00034242105
1965,4,7,0.0012584608
1965,4,8,0.0036593066
1965,4,9,0.0070491404
1965,4,10,0.009459203
1965,4,11,0.010170974
1965,4,12,0.009944886
1965,4,13,0.009417927
1965,4,14,0.0088790974
1965,4,15,0.0084217262
1965,4,16,0.0080605151
1965,4,17,0.0077846209
1965,4,18,0.007577574
1965,4,19,0.0074238438
1965,4,20,0.0073105497
1965,4,21,0.0072275563
1965,4,22,0.0071670804
1965,4,23,0.007123235
1965,4,24,0.0070916064
1965,4,25,0.0070689062
1965,4,26,0.0070526998
1965,4,27,0.0070411971
1965,4,28,0.0070330853
1965,4,29,0.0070274065
1965,4,30,0.0070234642
1965,4,31,0.0070207549
1965,4,32,0.0070189179
1965,4,33,0.0070176919
1965,4,34,0.0070168925
1965,4,35,0.0070163877
1965,4,36,0.007016083
1965,4,37,0.0070159141
1965,4,38,0.0070159141
1965,4,39,0.0070159141
1965,4,40,0.0070159141
1966,4,1,1.2999072e-11
1966,4,2,1.2999072e-11
1966,4,3,7.828101e-05
1966,4,4,8.087228e-05
1966,4,5,0.00012390671
1966,4,6,0.00042635909
1966,4,7,0.0020305949
1966,4,8,0.0066105848
1966,4,9,0.013063155
1966,4,10,0.017188862
1966,4,11,0.017710584
1966,4,12,0.016469053
1966,4,13,0.014858413
1966,4,14,0.013431402
1966,4,15,0.01231149
1966,4,16,0.011473478
1966,4,17,0.010858568
1966,4,18,0.010411021
1966,4,19,0.010086461
1966,4,20,0.009851584
1966,4,21,0.00968193
1966,4,22,0.009559647
1966,4,23,0.009471737
1966,4,24,0.00940874
1966,4,25,0.009363758
1966,4,26,0.009331778
1966,4,27,0.009309152
1966,4,28,0.009293237
1966,4,29,0.009282117
1966,4,30,0.00927441
1966,4,31,0.009269122
1966,4,32,0.009265539
1966,4,33,0.009263152
1966,4,34,0.009261596
1966,4,35,0.009260611
1966,4,36,0.00926002
1966,4,37,0.009259693
1966,4,38,0.009259693
1966,4,39,0.009259693
1966,4,40,0.009259693
1967,4,1,7.854082e-12
1967,4,2,7.854082e-12
1967,4,3,6.3059e-05
1967,4,4,6.5055602e-05
1967,4,5,9.694418e-05
1967,4,6,0.0002910164
1967,4,7,0.0012208964
1967,4,8,0.003780582
1967,4,9,0.007390096
1967,4,10,0.009805568
1967,4,11,0.010291487
1967,4,12,0.009785942
1967,4,13,0.00902649
1967,4,14,0.008321722
1967,4,15,0.007753326
1967,4,16,0.007319597
1967,4,17,0.006996525
1967,4,18,0.006758617
1967,4,19,0.0065845
1967,4,20,0.006457589
1967,4,21,0.006365405
1967,4,22,0.006298671
1967,4,23,0.0062505329
1967,4,24,0.0062159419
1967,4,25,0.0061911923
1967,4,26,0.0061735665
1967,4,27,0.0061610812
1967,4,28,0.0061522871
1967,4,29,0.0061461397
1967,4,30,0.0061418751
1967,4,31,0.0061389474
1967,4,32,0.006136965
1967,4,33,0.0061356412
1967,4,34,0.0061347782
1967,4,35,0.0061342336
1967,4,36,0.0061339045
1967,4,37,0.0061337236
1967,4,38,0.0061337236
1967,4,39,0.0061337236
1967,4,40,0.0061337236
1968,4,1,1.1028085e-11
1968,4,2,1.833034984379e-05
1968,4,3,0.00011735274
1968,4,4,0.00017109495
1968,4,5,0.00024699005
1968,4,6,0.0004940088
1968,4,7,0.0017723457
1968,4,8,0.0053819065
1968,4,9,0.010487135
1968,4,10,0.013866692
1968,4,11,0.01448314
1968,4,12,0.013697511
1968,4,13,0.012569661
1968,4,14,0.011536853
1968,4,15,0.010710193
1968,4,16,0.010082745
1968,4,17,0.009617266
1968,4,18,0.009275556
1968,4,19,0.009026073
1968,4,20,0.008844575
1968,4,21,0.008712932
1968,4,22,0.008617741
1968,4,23,0.008549136
1968,4,24,0.008499873
1968,4,25,0.008464646
1968,4,26,0.008439568
1968,4,27,0.008421811
1968,4,28,0.008409307
1968,4,29,0.008400567
1968,4,30,0.008394507
1968,4,31,0.008390346
1968,4,32,0.008387527
1968,4,33,0.008385648
1968,4,34,0.008384421
1968,4,35,0.008383648
1968,4,36,0.008383182
1968,4,37,0.008382923
1968,4,38,0.008382923
1968,4,39,0.008382923
1968,4,40,0.008382923
1969,4,1,1.355721e-11
1969,4,2,1.355721e-11
1969,4,3,9.037154e-05
1969,4,4,9.331273e-05
1969,4,5,0.00014145545
1969,4,6,0.00046316902
1969,4,7,0.0021144612
1969,4,8,0.006776144
1969,4,9,0.013345621
1969,4,10,0.017605664
1969,4,11,0.018244326
1969,4,12,0.017084954
1969,4,13,0.015523516
1969,4,14,0.014122431
1969,4,15,0.013014392
1969,4,16,0.012180607
1969,4,17,0.011566134
1969,4,18,0.011117371
1969,4,19,0.010791051
1969,4,20,0.010554399
1969,4,21,0.010383176
1969,4,22,0.010259602
1969,4,23,0.010170677
1969,4,24,0.010106896
1969,4,25,0.010061329
1969,4,26,0.010028914
1969,4,27,0.010005974
1969,4,28,0.00998983
1969,4,29,0.009978549
1969,4,30,0.009970729
1969,4,31,0.009965362
1969,4,32,0.009961725
1969,4,33,0.009959301
1969,4,34,0.009957722
1969,4,35,0.009956722
1969,4,36,0.009956122
1969,4,37,0.00995579
1969,4,38,0.00995579
1969,4,39,0.00995579
1969,4,40,0.00995579
1970,4,1,1.0458879e-11
1970,4,2,4.255968548357e-06
1970,4,3,0.00011102649
1970,4,4,0.00011974859
1970,4,5,0.00016893715
1970,4,6,0.00043681719
1970,4,7,0.0016206459
1970,4,8,0.0047608059
1970,4,9,0.009194851
1970,4,10,0.012309694
1970,4,11,0.013172518
1970,4,12,0.012810252
1970,4,13,0.012071069
1970,4,14,0.011333254
1970,4,15,0.010714463
1970,4,16,0.010229574
1970,4,17,0.009861273
1970,4,18,0.009586018
1970,4,19,0.009382278
1970,4,20,0.009232482
1970,4,21,0.009122946
1970,4,22,0.009043239
1970,4,23,0.008985512
1970,4,24,0.008943902
1970,4,25,0.008914059
1970,4,26,0.008892764
1970,4,27,0.008877656
1970,4,28,0.008867004
1970,4,29,0.008859548
1970,4,30,0.008854374
1970,4,31,0.008850819
1970,4,32,0.008848408
1970,4,33,0.0088468
1970,4,34,0.008845752
1970,4,35,0.008845088
1970,4,36,0.008844689
1970,4,37,0.008844469
1970,4,38,0.008844469
1970,4,39,0.008844469
1970,4,40,0.008844469
1971,4,1,1.0306295e-11
1971,4,2,4.4158045353719e-05
1971,4,3,0.00013874453
1971,4,4,0.00019813086
1971,4,5,0.00022581335
1971,4,6,0.00041694635
1971,4,7,0.0016340334
1971,4,8,0.005166751
1971,4,9,0.01016005
1971,4,10,0.01337623
1971,4,11,0.013818857
1971,4,12,0.01289466
1971,4,13,0.011674978
1971,4,14,0.010587899
1971,4,15,0.009731639
1971,4,16,0.009089185
1971,4,17,0.00861678
1971,4,18,0.008272379
1971,4,19,0.008022294
1971,4,20,0.007841127
1971,4,21,0.00771016
1971,4,22,0.007615703
1971,4,23,0.007547766
1971,4,24,0.00749906
1971,4,25,0.007464274
1971,4,26,0.007439534
1971,4,27,0.007422029
1971,4,28,0.007409714
1971,4,29,0.007401107
1971,4,30,0.007395143
1971,4,31,0.00739105
1971,4,32,0.007388276
1971,4,33,0.007386428
1971,4,34,0.007385223
1971,4,35,0.007384462
1971,4,36,0.007384004
1971,4,37,0.00738375
1971,4,38,0.00738375
1971,4,39,0.00738375
1971,4,40,0.00738375
1972,4,1,1.4596185e-11
1972,4,2,0.00135661917
1972,4,3,0.00307686823
1972,4,4,0.0039996934
1972,4,5,0.00106049301
1972,4,6,0.0006241681
1972,4,7,0.0019717928
1972,4,8,0.0058017991
1972,4,9,0.011226202
1972,4,10,0.014974455
1972,4,11,0.015914502
1972,4,12,0.015357756
1972,4,13,0.014367856
1972,4,14,0.013408342
1972,4,15,0.012615748
1972,4,16,0.012000899
1972,4,17,0.011537292
1972,4,18,0.011192701
1972,4,19,0.010938693
1972,4,20,0.01075253
1972,4,21,0.01061673
1972,4,22,0.010518096
1972,4,23,0.010446764
1972,4,24,0.010395406
1972,4,25,0.010358602
1972,4,26,0.010332359
1972,4,27,0.01031375
1972,4,28,0.010300636
1972,4,29,0.01029146
1972,4,30,0.010285093
1972,4,31,0.01028072
1972,4,32,0.010277756
1972,4,33,0.010275778
1972,4,34,0.010274488
1972,4,35,0.010273673
1972,4,36,0.010273184
1972,4,37,0.010272912
1972,4,38,0.010272912
1972,4,39,0.010272912
1972,4,40,0.010272912
1973,4,1,1.2089532e-11
1973,4,2,0.00115464021
1973,4,3,0.0025321326
1973,4,4,0.0033536125
1973,4,5,0.00095387305
1973,4,6,0.00050217562
1973,4,7,0.0016947411
1973,4,8,0.00550632
1973,4,9,0.01090969
1973,4,10,0.014235899
1973,4,11,0.014433029
1973,4,12,0.013157104
1973,4,13,0.011629952
1973,4,14,0.010316208
1973,4,15,0.009303968
1973,4,16,0.008556832
1973,4,17,0.008014493
1973,4,18,0.007623152
1973,4,19,0.007341296
1973,4,20,0.007138432
1973,4,21,0.006992529
1973,4,22,0.006887721
1973,4,23,0.006812578
1973,4,24,0.00675884
1973,4,25,0.006720535
1973,4,26,0.006693335
1973,4,27,0.006674114
1973,4,28,0.006660603
1973,4,29,0.00665117
1973,4,30,0.006644636
1973,4,31,0.006640155
1973,4,32,0.006637119
1973,4,33,0.006635098
1973,4,34,0.00663378
1973,4,35,0.006632949
1973,4,36,0.006632447
1973,4,37,0.006632171
1973,4,38,0.006632171
1973,4,39,0.006632171
1973,4,40,0.006632171
1974,4,1,9.976606e-12
1974,4,2,0.00143142767
1974,4,3,0.0030594236
1974,4,4,0.00417332
1974,4,5,0.00150317343
1974,4,6,0.00076134179
1974,4,7,0.0014307435
1974,4,8,0.0039240833
1974,4,9,0.007535571
1974,4,10,0.009876007
1974,4,11,0.010203012
1974,4,12,0.009534255
1974,4,13,0.008648292
1974,4,14,0.00785723
1974,4,15,0.007233303
1974,4,16,0.006764666
1974,4,17,0.006419769
1974,4,18,0.006168151
1974,4,19,0.005985336
1974,4,20,0.0058528446
1974,4,21,0.005757034
1974,4,22,0.0056879135
1974,4,23,0.0056381899
1974,4,24,0.0056025364
1974,4,25,0.0055770692
1974,4,26,0.0055589557
1974,4,27,0.005546138
1974,4,28,0.0055371197
1974,4,29,0.0055308183
1974,4,30,0.0055264503
1974,4,31,0.0055234533
1974,4,32,0.0055214233
1974,4,33,0.0055200687
1974,4,34,0.0055191869
1974,4,35,0.0055186289
1974,4,36,0.0055182944
1974,4,37,0.0055181084
1974,4,38,0.0055181084
1974,4,39,0.0055181084
1974,4,40,0.0055181084
1975,4,1,1.1983823e-11
1975,4,2,0.00160869672
1975,4,3,0.0033133902
1975,4,4,0.004746213
1975,4,5,0.002315591
1975,4,6,0.00135294
1975,4,7,0.0019628393
1975,4,8,0.0047698663
1975,4,9,0.008932069
1975,4,10,0.011669961
1975,4,11,0.012098353
1975,4,12,0.011369706
1975,4,13,0.010376026
1975,4,14,0.00947975
1975,4,15,0.008768358
1975,4,16,0.008231514
1975,4,17,0.007834973
1975,4,18,0.007544842
1975,4,19,0.00733357
1975,4,20,0.007180183
1975,4,21,0.007069108
1975,4,22,0.006988892
1975,4,23,0.006931135
1975,4,24,0.006889696
1975,4,25,0.006860081
1975,4,26,0.00683901
1975,4,27,0.006824094
1975,4,28,0.006813597
1975,4,29,0.006806262
1975,4,30,0.006801175
1975,4,31,0.006797685
1975,4,32,0.00679532
1975,4,33,0.006793743
1975,4,34,0.006792717
1975,4,35,0.006792067
1975,4,36,0.006791677
1975,4,37,0.00679146
1975,4,38,0.00679146
1975,4,39,0.00679146
1975,4,40,0.00679146
1976,4,1,2.2589207e-11
1976,4,2,0.0042332935
1976,4,3,0.0087513971
1976,4,4,0.0123891516
1976,4,5,0.0056007495
1976,4,6,0.0029557544
1976,4,7,0.0035834666
1976,4,8,0.007832976
1976,4,9,0.01430276
1976,4,10,0.018705268
1976,4,11,0.019601604
1976,4,12,0.018680653
1976,4,13,0.017288107
1976,4,14,0.015991171
1976,4,15,0.014942181
1976,4,16,0.014139825
1976,4,17,0.013541035
1976,4,18,0.01309942
1976,4,19,0.012775836
1976,4,20,0.01253977
1976,4,21,0.012368182
1976,4,22,0.012243901
1976,4,23,0.012154218
1976,4,24,0.012089755
1976,4,25,0.012043622
1976,4,26,0.012010763
1976,4,27,0.011987483
1976,4,28,0.011971088
1976,4,29,0.011959626
1976,4,30,0.011951674
1976,4,31,0.011946215
1976,4,32,0.011942516
1976,4,33,0.011940049
1976,4,34,0.011938441
1976,4,35,0.011937426
1976,4,36,0.011936815
1976,4,37,0.011936476
1976,4,38,0.011936476
1976,4,39,0.011936476
1976,4,40,0.011936476
1977,4,1,2.822755e-11
1977,4,2,0.0030247177
1977,4,3,0.00625489
1977,4,4,0.008981801
1977,4,5,0.0044805758
1977,4,6,0.0027916389
1977,4,7,0.0046345693
1977,4,8,0.011992857
1977,4,9,0.022760658
1977,4,10,0.02973257
1977,4,11,0.030669633
1977,4,12,0.028628781
1977,4,13,0.025946956
1977,4,14,0.02355844
1977,4,15,0.021677232
1977,4,16,0.020265626
1977,4,17,0.019227513
1977,4,18,0.018470598
1977,4,19,0.017920913
1977,4,20,0.017522679
1977,4,21,0.017234781
1977,4,22,0.017027134
1977,4,23,0.016877782
1977,4,24,0.016770709
1977,4,25,0.016694234
1977,4,26,0.016639849
1977,4,27,0.016601368
1977,4,28,0.016574293
1977,4,29,0.016555375
1977,4,30,0.016542264
1977,4,31,0.016533266
1977,4,32,0.016527171
1977,4,33,0.016523108
1977,4,34,0.01652046
1977,4,35,0.016518787
1977,4,36,0.016517781
1977,4,37,0.016517223
1977,4,38,0.016517223
1977,4,39,0.016517223
1977,4,40,0.016517223
1978,4,1,2.6517176e-11
1978,4,2,0.00278796919
1978,4,3,0.0052882237
1978,4,4,0.0083550045
1978,4,5,0.0059927763
1978,4,6,0.0039311513
1978,4,7,0.005075725
1978,4,8,0.011899259
1978,4,9,0.022173454
1978,4,10,0.028597533
1978,4,11,0.029013992
1978,4,12,0.026577045
1978,4,13,0.023638786
1978,4,14,0.021101
1978,4,15,0.019139493
1978,4,16,0.017687893
1978,4,17,0.016631873
1978,4,18,0.015868498
1978,4,19,0.015317899
1978,4,20,0.014921157
1978,4,21,0.014635557
1978,4,22,0.014430261
1978,4,23,0.014282991
1978,4,24,0.014177631
1978,4,25,0.014102505
1978,4,26,0.014049151
1978,4,27,0.014011437
1978,4,28,0.013984927
1978,4,29,0.013966414
1978,4,30,0.013953591
1978,4,31,0.013944797
1978,4,32,0.01393884
1978,4,33,0.013934872
1978,4,34,0.013932285
1978,4,35,0.013930653
1978,4,36,0.013929671
1978,4,37,0.013929128
1978,4,38,0.013929128
1978,4,39,0.013929128
1978,4,40,0.013929128
1979,4,1,2.9554425e-11
1979,4,2,0.0034026199
1979,4,3,0.0066564867
1979,4,4,0.0105062085
1979,4,5,0.0074824281
1979,4,6,0.005076595
1979,4,7,0.005967315
1979,4,8,0.012366315
1979,4,9,0.022212271
1979,4,10,0.028744558
1979,4,11,0.029773404
1979,4,12,0.028033135
1979,4,13,0.025653927
1979,4,14,0.023504474
1979,4,15,0.021796129
1979,4,16,0.020505501
1979,4,17,0.019551298
1979,4,18,0.018852646
1979,4,19,0.018343599
1979,4,20,0.01797386
1979,4,21,0.017706026
1979,4,22,0.017512553
1979,4,23,0.017373227
1979,4,24,0.01727325
1979,4,25,0.017201792
1979,4,26,0.017150946
1979,4,27,0.017114951
1979,4,28,0.017089621
1979,4,29,0.017071915
1979,4,30,0.017059641
1979,4,31,0.017051218
1979,4,32,0.017045509
1979,4,33,0.017041705
1979,4,34,0.017039226
1979,4,35,0.017037659
1979,4,36,0.017036717
1979,4,37,0.017036196
1979,4,38,0.017036196
1979,4,39,0.017036196
1979,4,40,0.017036196
1980,4,1,4.0167054e-11
1980,4,2,0.005435019
1980,4,3,0.010223941
1980,4,4,0.016414839
1980,4,5,0.01240252
1980,4,6,0.008048247
1980,4,7,0.00834477
1980,4,8,0.015941468
1980,4,9,0.028059817
1980,4,10,0.036261495
1980,4,11,0.037736456
1980,4,12,0.035766722
1980,4,13,0.032951398
1980,4,14,0.030370129
1980,4,15,0.02830002
1980,4,16,0.026725755
1980,4,17,0.025555919
1980,4,18,0.024695976
1980,4,19,0.024067466
1980,4,20,0.023609855
1980,4,21,0.023277748
1980,4,22,0.023037495
1980,4,23,0.02286429
1980,4,24,0.02273989
1980,4,25,0.022650915
1980,4,26,0.022587573
1980,4,27,0.022542713
1980,4,28,0.022511133
1980,4,29,0.022489054
1980,4,30,0.022473746
1980,4,31,0.022463239
1980,4,32,0.022456117
1980,4,33,0.02245137
1980,4,34,0.022448277
1980,4,35,0.022446323
1980,4,36,0.022445148
1980,4,37,0.022444497
1980,4,38,0.022444497
1980,4,39,0.022444497
1980,4,40,0.022444497
1981,4,1,5.5342704e-11
1981,4,2,0.01405152
1981,4,3,0.024185133
1981,4,4,0.043132449
1981,4,5,0.040979133
1981,4,6,0.026391266
1981,4,7,0.018082151
1981,4,8,0.01932934
1981,4,9,0.026202306
1981,4,10,0.03083202
1981,4,11,0.030621354
1981,4,12,0.02810925
1981,4,13,0.025275497
1981,4,14,0.022870483
1981,4,15,0.021023954
1981,4,16,0.019661565
1981,4,17,0.018672044
1981,4,18,0.017957497
1981,4,19,0.017442544
1981,4,20,0.017071769
1981,4,21,0.016805052
1981,4,22,0.016613461
1981,4,23,0.016476112
1981,4,24,0.016377912
1981,4,25,0.016307933
1981,4,26,0.016258261
1981,4,27,0.016223169
1981,4,28,0.016198515
1981,4,29,0.016181309
1981,4,30,0.016169396
1981,4,31,0.016161231
1981,4,32,0.016155705
1981,4,33,0.016152025
1981,4,34,0.01614963
1981,4,35,0.01614812
1981,4,36,0.016147215
1981,4,37,0.016146714
1981,4,38,0.016146714
1981,4,39,0.016146714
1981,4,40,0.016146714
1982,4,1,8.462567e-11
1982,4,2,0.024315481
1982,4,3,0.041704273
1982,4,4,0.07392149
1982,4,5,0.07014495
1982,4,6,0.045274774
1982,4,7,0.029655244
1982,4,8,0.026920507
1982,4,9,0.031803665
1982,4,10,0.035904796
1982,4,11,0.036033989
1982,4,12,0.034085185
1982,4,13,0.031731127
1982,4,14,0.029659512
1982,4,15,0.028025425
1982,4,16,0.026793282
1982,4,17,0.025882446
1982,4,18,0.025215344
1982,4,19,0.024729156
1982,4,20,0.024375989
1982,4,21,0.024120184
1982,4,22,0.023935445
1982,4,23,0.023802459
1982,4,24,0.02370707
1982,4,25,0.023638921
1982,4,26,0.023590457
1982,4,27,0.023556165
1982,4,28,0.023532044
1982,4,29,0.023515194
1982,4,30,0.023503522
1982,4,31,0.023495516
1982,4,32,0.023490094
1982,4,33,0.023486484
1982,4,34,0.023484134
1982,4,35,0.023482654
1982,4,36,0.023481765
1982,4,37,0.023481274
1982,4,38,0.023481274
1982,4,39,0.023481274
1982,4,40,0.023481274
1983,4,1,9.867038e-11
1983,4,2,0.028488932
1983,4,3,0.0482804
1983,4,4,0.08601045
1983,4,5,0.08459298
1983,4,6,0.05716114
1983,4,7,0.038269137
1983,4,8,0.032506943
1983,4,9,0.034844692
1983,4,10,0.037773563
1983,4,11,0.038105415
1983,4,12,0.036941218
1983,4,13,0.035432763
1983,4,14,0.034078175
1983,4,15,0.033001044
1983,4,16,0.032185997
1983,4,17,0.031582429
1983,4,18,0.031139834
1983,4,19,0.03081688
1983,4,20,0.030581963
1983,4,21,0.030411538
1983,4,22,0.030288242
1983,4,23,0.030199321
1983,4,24,0.030135416
1983,4,25,0.030089671
1983,4,26,0.030057074
1983,4,27,0.030033963
1983,4,28,0.030017671
1983,4,29,0.030006266
1983,4,30,0.029998344
1983,4,31,0.029992897
1983,4,32,0.029989195
1983,4,33,0.029986719
1983,4,34,0.029985098
1983,4,35,0.029984068
1983,4,36,0.029983443
1983,4,37,0.02998309
1983,4,38,0.02998309
1983,4,39,0.02998309
1983,4,40,0.02998309
1984,4,1,1.2136073e-10
1984,4,2,0.040582551
1984,4,3,0.06860959
1984,4,4,0.12187046
1984,4,5,0.11655194
1984,4,6,0.07399729
1984,4,7,0.045524348
1984,4,8,0.034993198
1984,4,9,0.034730775
1984,4,10,0.035959185
1984,4,11,0.035083001
1984,4,12,0.033047737
1984,4,13,0.030911804
1984,4,14,0.029104881
1984,4,15,0.02770098
1984,4,16,0.026649588
1984,4,17,0.025875159
1984,4,18,0.025309276
1984,4,19,0.024897607
1984,4,20,0.024599052
1984,4,21,0.024383134
1984,4,22,0.024227427
1984,4,23,0.024115497
1984,4,24,0.024035318
1984,4,25,0.023978108
1984,4,26,0.023937472
1984,4,27,0.023908753
1984,4,28,0.023888575
1984,4,29,0.023874495
1984,4,30,0.023864754
1984,4,31,0.02385808
1984,4,32,0.023853569
1984,4,33,0.023850569
1984,4,34,0.023848621
1984,4,35,0.023847396
1984,4,36,0.023846667
1984,4,37,0.023846267
1984,4,38,0.023846267
1984,4,39,0.023846267
1984,4,40,0.023846267
1985,4,1,7.27879e-11
1985,4,2,0.019619345
1985,4,3,0.034242735
1985,4,4,0.06139585
1985,4,5,0.0588048
1985,4,6,0.038875588
1985,4,7,0.026116127
1985,4,8,0.023997436
1985,4,9,0.028352777
1985,4,10,0.03212056
1985,4,11,0.032519557
1985,4,12,0.031094921
1985,4,13,0.029255773
1985,4,14,0.027600846
1985,4,15,0.026279679
1985,4,16,0.025275651
1985,4,17,0.024529258
1985,4,18,0.023980262
1985,4,19,0.023578813
1985,4,20,0.023286419
1985,4,21,0.02307417
1985,4,22,0.022920608
1985,4,23,0.022809898
1985,4,24,0.022730387
1985,4,25,0.02267352
1985,4,26,0.02263304
1985,4,27,0.022604373
1985,4,28,0.022584195
1985,4,29,0.022570089
1985,4,30,0.022560308
1985,4,31,0.022553597
1985,4,32,0.022549049
1985,4,33,0.022546017
1985,4,34,0.022544042
1985,4,35,0.022542794
1985,4,36,0.022542044
1985,4,37,0.022541629
1985,4,38,0.022541629
1985,4,39,0.022541629
1985,4,40,0.022541629
1986,4,1,1.2581723e-10
1986,4,2,0.041762795
1986,4,3,0.0715183
1986,4,4,0.12890865
1986,4,5,0.12498839
1986,4,6,0.08075828
1986,4,7,0.049857916
1986,4,8,0.0366375
1986,4,9,0.033747455
1986,4,10,0.033555064
1986,4,11,0.032628798
1986,4,12,0.031142289
1986,4,13,0.029635381
1986,4,14,0.0283536
1986,4,15,0.027343883
1986,4,16,0.026576789
1986,4,17,0.026004657
1986,4,18,0.025582331
1986,4,19,0.025272658
1986,4,20,0.025046725
1986,4,21,0.024882594
1986,4,22,0.024763844
1986,4,23,0.024678275
1986,4,24,0.024616875
1986,4,25,0.024573014
1986,4,26,0.024541835
1986,4,27,0.024519787
1986,4,28,0.024504293
1986,4,29,0.024493482
1986,4,30,0.024486001
1986,4,31,0.024480878
1986,4,32,0.024477418
1986,4,33,0.02447512
1986,4,34,0.024473628
1986,4,35,0.024472692
1986,4,36,0.024472136
1986,4,37,0.024471834
1986,4,38,0.024471834
1986,4,39,0.024471834
1986,4,40,0.024471834
1987,4,1,1.8930533e-10
1987,4,2,0.060356571
1987,4,3,0.10261252
1987,4,4,0.18822024
1987,4,5,0.19010174
1987,4,6,0.12742859
1987,4,7,0.08091613
1987,4,8,0.05936543
1987,4,9,0.05295491
1987,4,10,0.05136902
1987,4,11,0.04975073
1987,4,12,0.04788926
1987,4,13,0.046197237
1987,4,14,0.044845054
1987,4,15,0.043827621
1987,4,16,0.043082278
1987,4,17,0.042542271
1987,4,18,0.042152647
1987,4,19,0.041871917
1987,4,20,0.041669758
1987,4,21,0.041524317
1987,4,22,0.041419813
1987,4,23,0.041344861
1987,4,24,0.041291245
1987,4,25,0.041253023
1987,4,26,0.041225869
1987,4,27,0.041206676
1987,4,28,0.041193177
1987,4,29,0.041183746
1987,4,30,0.041177208
1987,4,31,0.041172719
1987,4,32,0.041169682
1987,4,33,0.04116764
1987,4,34,0.04116631
1987,4,35,0.04116547
1987,4,36,0.041164966
1987,4,37,0.041164672
1987,4,38,0.041164672
1987,4,39,0.041164672
1987,4,40,0.041164672
1988,4,1,1.6788464e-10
1988,4,2,0.05605232
1988,4,3,0.09559524
1988,4,4,0.17281434
1988,4,5,0.16825273
1988,4,6,0.10815913
1988,4,7,0.0663654
1988,4,8,0.04889341
1988,4,9,0.04548478
1988,4,10,0.045256302
1988,4,11,0.043554489
1988,4,12,0.040982798
1988,4,13,0.038478915
1988,4,14,0.036415306
1988,4,15,0.034831251
1988,4,16,0.033652971
1988,4,17,0.032788903
1988,4,18,0.032159547
1988,4,19,0.03170284
1988,4,20,0.031372306
1988,4,21,0.031133668
1988,4,22,0.030961834
1988,4,23,0.030838464
1988,4,24,0.030750188
1988,4,25,0.030687266
1988,4,26,0.030642608
1988,4,27,0.03061107
1988,4,28,0.03058893
1988,4,29,0.030573491
1988,4,30,0.030562816
1988,4,31,0.030555507
1988,4,32,0.030550572
1988,4,33,0.030547292
1988,4,34,0.030545165
1988,4,35,0.03054383
1988,4,36,0.030543036
1988,4,37,0.030542603
1988,4,38,0.030542603
1988,4,39,0.030542603
1988,4,40,0.030542603
1989,4,1,1.5415804e-10
1989,4,2,0.050138342
1989,4,3,0.08546166
1989,4,4,0.15632225
1989,4,5,0.15524598
1989,4,6,0.10126909
1989,4,7,0.06285177
1989,4,8,0.046770619
1989,4,9,0.043814816
1989,4,10,0.043610496
1989,4,11,0.041766033
1989,4,12,0.039033027
1989,4,13,0.036407406
1989,4,14,0.034267378
1989,4,15,0.032640655
1989,4,16,0.031440874
1989,4,17,0.030567339
1989,4,18,0.029934847
1989,4,19,0.029478075
1989,4,20,0.029148762
1989,4,21,0.028911734
1989,4,22,0.028741471
1989,4,23,0.028619466
1989,4,24,0.028532298
1989,4,25,0.028470238
1989,4,26,0.028426236
1989,4,27,0.028395186
1989,4,28,0.028373399
1989,4,29,0.028358216
1989,4,30,0.02834772
1989,4,31,0.028340537
1989,4,32,0.028335687
1989,4,33,0.028332465
1989,4,34,0.028330375
1989,4,35,0.028329064
1989,4,36,0.028328284
1989,4,37,0.02832786
1989,4,38,0.02832786
1989,4,39,0.02832786
1989,4,40,0.02832786
1990,4,1,2.6954685e-10
1990,4,2,0.08600531
1990,4,3,0.14634226
1990,4,4,0.26685005
1990,4,5,0.26553094
1990,4,6,0.17571099
1990,4,7,0.11117215
1990,4,8,0.08247549
1990,4,9,0.07507131
1990,4,10,0.07397319
1990,4,11,0.07227639
1990,4,12,0.06998935
1990,4,13,0.06789976
1990,4,14,0.06629979
1990,4,15,0.0651678
1990,4,16,0.06439211
1990,4,17,0.06386495
1990,4,18,0.06350548
1990,4,19,0.06325821
1990,4,20,0.06308651
1990,4,21,0.06296621
1990,4,22,0.06288134
1990,4,23,0.06282118
1990,4,24,0.06277843
1990,4,25,0.06274804
1990,4,26,0.06272642
1990,4,27,0.06271109
1990,4,28,0.06270025
1990,4,29,0.06269264
1990,4,30,0.06268731
1990,4,31,0.0626836
1990,4,32,0.06268104
1990,4,33,0.0626793
1990,4,34,0.06267813
1990,4,35,0.06267737
1990,4,36,0.06267688
1990,4,37,0.06267657
1990,4,38,0.06267657
1990,4,39,0.06267657
1990,4,40,0.06267657
1991,4,1,2.9275848e-10
1991,4,2,0.09646181
1991,4,3,0.16476123
1991,4,4,0.30567098
1991,4,5,0.31103178
1991,4,6,0.20790925
1991,4,7,0.12976783
1991,4,8,0.09115117
1991,4,9,0.07640777
1991,4,10,0.07030748
1991,4,11,0.06564521
1991,4,12,0.06158275
1991,4,13,0.05831843
1991,4,14,0.0558663
1991,4,15,0.05408807
1991,4,16,0.05281799
1991,4,17,0.05191544
1991,4,18,0.0512744
1991,4,19,0.050818719
1991,4,20,0.050494412
1991,4,21,0.05026348
1991,4,22,0.05009906
1991,4,23,0.04998211
1991,4,24,0.049899066
1991,4,25,0.04984024
1991,4,26,0.049798709
1991,4,27,0.049769507
1991,4,28,0.049749074
1991,4,29,0.049734881
1991,4,30,0.049725087
1991,4,31,0.049718402
1991,4,32,0.049713896
1991,4,33,0.049710912
1991,4,34,0.049708982
1991,4,35,0.049707758
1991,4,36,0.049707047
1991,4,37,0.049706655
1991,4,38,0.049706655
1991,4,39,0.049706655
1991,4,40,0.049706655
1992,4,1,5.1427992e-10
1992,4,2,0.15888745
1992,4,3,0.27174262
1992,4,4,0.51215562
1992,4,5,0.53724028
1992,4,6,0.37068171
1992,4,7,0.23830119
1992,4,8,0.17189393
1992,4,9,0.14738841
1992,4,10,0.13832708
1992,4,11,0.13135496
1992,4,12,0.12487637
1992,4,13,0.11942933
1992,4,14,0.11522611
1992,4,15,0.11213052
1992,4,16,0.10989984
1992,4,17,0.10830638
1992,4,18,0.10717102
1992,4,19,0.10636207
1992,4,20,0.10578535
1992,4,21,0.10537405
1992,4,22,0.1050808
1992,4,23,0.1048719
1992,4,24,0.10472335
1992,4,25,0.10461798
1992,4,26,0.10454348
1992,4,27,0.10449103
1992,4,28,0.10445429
1992,4,29,0.10442871
1992,4,30,0.10441104
1992,4,31,0.10439894
1992,4,32,0.10439078
1992,4,33,0.10438535
1992,4,34,0.10438182
1992,4,35,0.10437959
1992,4,36,0.10437827
1992,4,37,0.10437754
1992,4,38,0.10437754
1992,4,39,0.10437754
1992,4,40,0.10437754
1993,4,1,5.103166e-10
1993,4,2,0.13456384
1993,4,3,0.23389269
1993,4,4,0.4663868
1993,4,5,0.5307271
1993,4,6,0.39408677
1993,4,7,0.2676049
1993,4,8,0.1987746
1993,4,9,0.17142849
1993,4,10,0.16123183
1993,4,11,0.15432407
1993,4,12,0.14828667
1993,4,13,0.14329987
1993,4,14,0.13949007
1993,4,15,0.13671464
1993,4,16,0.13473928
1993,4,17,0.13334615
1993,4,18,0.1323655
1993,4,19,0.13167433
1993,4,20,0.1311861
1993,4,21,0.13084052
1993,4,22,0.13059559
1993,4,23,0.13042193
1993,4,24,0.13029887
1993,4,25,0.13021179
1993,4,26,0.13015032
1993,4,27,0.13010711
1993,4,28,0.13007683
1993,4,29,0.13005576
1993,4,30,0.13004119
1993,4,31,0.13003121
1993,4,32,0.13002444
1993,4,33,0.13001992
1993,4,34,0.13001699
1993,4,35,0.13001512
1993,4,36,0.13001398
1993,4,37,0.13001334
1993,4,38,0.13001334
1993,4,39,0.13001334
1993,4,40,0.13001334
1994,4,1,5.054376e-10
1994,4,2,0.13287728
1994,4,3,0.22975978
1994,4,4,0.44766351
1994,4,5,0.49312676
1994,4,6,0.35837
1994,4,7,0.24316302
1994,4,8,0.18501364
1994,4,9,0.166981
1994,4,10,0.16555672
1994,4,11,0.16561109
1994,4,12,0.16426823
1994,4,13,0.16230949
1994,4,14,0.16052592
1994,4,15,0.15918097
1994,4,16,0.15825134
1994,4,17,0.15763266
1994,4,18,0.1572253
1994,4,19,0.15695576
1994,4,20,0.15677504
1994,4,21,0.15665191
1994,4,22,0.15656666
1994,4,23,0.15650684
1994,4,24,0.15646445
1994,4,25,0.15643418
1994,4,26,0.1564125
1994,4,27,0.15639692
1994,4,28,0.15638574
1994,4,29,0.15637772
1994,4,30,0.15637198
1994,4,31,0.1563679
1994,4,32,0.156365
1994,4,33,0.15636294
1994,4,34,0.15636151
1994,4,35,0.15636049
1994,4,36,0.1563598
1994,4,37,0.15635933
1994,4,38,0.15635933
1994,4,39,0.15635933
1994,4,40,0.15635933
1995,4,1,3.1172393e-10
1995,4,2,0.06879792
1995,4,3,0.12339226
1995,4,4,0.25726418
1995,4,5,0.30483225
1995,4,6,0.23365792
1995,4,7,0.16337796
1995,4,8,0.12803796
1995,4,9,0.12080886
1995,4,10,0.1240568
1995,4,11,0.12481183
1995,4,12,0.12176631
1995,4,13,0.11709441
1995,4,14,0.11247427
1995,4,15,0.10858971
1995,4,16,0.10555622
1995,4,17,0.10327139
1995,4,18,0.10158189
1995,4,19,0.10034508
1995,4,20,0.09944512
1995,4,21,0.09879306
1995,4,22,0.09832234
1995,4,23,0.09798371
1995,4,24,0.09774097
1995,4,25,0.09756769
1995,4,26,0.09744453
1995,4,27,0.09735743
1995,4,28,0.0972962
1995,4,29,0.09725344
1995,4,30,0.09722383
1995,4,31,0.09720351
1995,4,32,0.09718978
1995,4,33,0.09718063
1995,4,34,0.09717467
1995,4,35,0.09717091
1995,4,36,0.09716866
1995,4,37,0.09716742
1995,4,38,0.09716742
1995,4,39,0.09716742
1995,4,40,0.09716742
1996,4,1,2.6964487e-10
1996,4,2,0.07838702
1996,4,3,0.13291061
1996,4,4,0.24643532
1996,4,5,0.25577863
1996,4,6,0.17562235
1996,4,7,0.11448349
1996,4,8,0.0877195
1996,4,9,0.08417313
1996,4,10,0.08885576
1996,4,11,0.09143275
1996,4,12,0.09063763
1996,4,13,0.08809154
1996,4,14,0.08518295
1996,4,15,0.08256695
1996,4,16,0.0804371
1996,4,17,0.07878523
1996,4,18,0.07753683
1996,4,19,0.07660757
1996,4,20,0.07592256
1996,4,21,0.07542121
1996,4,22,0.07505637
1996,4,23,0.07479226
1996,4,24,0.07460201
1996,4,25,0.07446566
1996,4,26,0.07436843
1996,4,27,0.07429951
1996,4,28,0.07425095
1996,4,29,0.07421698
1996,4,30,0.07419343
1996,4,31,0.07417726
1996,4,32,0.07416629
1996,4,33,0.074159
1996,4,34,0.07415425
1996,4,35,0.07415124
1996,4,36,0.07414945
1996,4,37,0.07414845
1996,4,38,0.07414845
1996,4,39,0.07414845
1996,4,40,0.07414845
1997,4,1,4.7870036e-10
1997,4,2,0.14140598
1997,4,3,0.2358712
1997,4,4,0.4309705
1997,4,5,0.44899156
1997,4,6,0.31562436
1997,4,7,0.21153248
1997,4,8,0.16109248
1997,4,9,0.14598571
1997,4,10,0.1457356
1997,4,11,0.14768862
1997,4,12,0.14888356
1997,4,13,0.149421
1997,4,14,0.14971599
1997,4,15,0.14996227
1997,4,16,0.15020205
1997,4,17,0.15042678
1997,4,18,0.15062282
1997,4,19,0.1507837
1997,4,20,0.15090967
1997,4,21,0.15100492
1997,4,22,0.15107507
1997,4,23,0.15112572
1997,4,24,0.15116169
1997,4,25,0.15118688
1997,4,26,0.1512043
1997,4,27,0.15121619
1997,4,28,0.1512242
1997,4,29,0.1512295
1997,4,30,0.15123294
1997,4,31,0.1512351
1997,4,32,0.1512364
1997,4,33,0.15123712
1997,4,34,0.15123746
1997,4,35,0.15123757
1997,4,36,0.15123752
1997,4,37,0.15123739
1997,4,38,0.15123739
1997,4,39,0.15123739
1997,4,40,0.15123739
1998,4,1,5.7018321e-10
1998,4,2,0.13973384
1998,4,3,0.23919739
1998,4,4,0.47423918
1998,4,5,0.54939875
1998,4,6,0.41981487
1998,4,7,0.29564229
1998,4,8,0.22840865
1998,4,9,0.204439
1998,4,10,0.19980578
1998,4,11,0.19886514
1998,4,12,0.19795605
1998,4,13,0.19703845
1998,4,14,0.19639459
1998,4,15,0.19606664
1998,4,16,0.19596802
1998,4,17,0.19599848
1998,4,18,0.19608527
1998,4,19,0.19618569
1998,4,20,0.19627877
1998,4,21,0.19635647
1998,4,22,0.19641746
1998,4,23,0.19646347
1998,4,24,0.19649716
1998,4,25,0.19652131
1998,4,26,0.1965383
1998,4,27,0.19655005
1998,4,28,0.19655802
1998,4,29,0.19656335
1998,4,30,0.19656681
1998,4,31,0.19656898
1998,4,32,0.19657027
1998,4,33,0.19657098
1998,4,34,0.1965713
1998,4,35,0.19657139
1998,4,36,0.19657131
1998,4,37,0.19657115
1998,4,38,0.19657115
1998,4,39,0.19657115
1998,4,40,0.19657115
1999,4,1,6.190227e-10
1999,4,2,0.20697877
1999,4,3,0.34465474
1999,4,4,0.6284203
1999,4,5,0.6480881
1999,4,6,0.44377974
1999,4,7,0.28318826
1999,4,8,0.19964787
1999,4,9,0.16523463
1999,4,10,0.15225982
1999,4,11,0.14467202
1999,4,12,0.13834037
1999,4,13,0.13294257
1999,4,14,0.12863063
1999,4,15,0.12535937
1999,4,16,0.12295081
1999,4,17,0.12120475
1999,4,18,0.11994841
1999,4,19,0.11904765
1999,4,20,0.11840298
1999,4,21,0.1179422
1999,4,22,0.11761327
1999,4,23,0.11737889
1999,4,24,0.11721223
1999,4,25,0.11709406
1999,4,26,0.11701058
1999,4,27,0.11695184
1999,4,28,0.11691072
1999,4,29,0.11688212
1999,4,30,0.1168624
1999,4,31,0.11684892
1999,4,32,0.11683983
1999,4,33,0.11683379
1999,4,34,0.11682989
1999,4,35,0.11682744
1999,4,36,0.11682598
1999,4,37,0.11682518
1999,4,38,0.11682518
1999,4,39,0.11682518
1999,4,40,0.11682518
2000,4,1,4.811974e-10
2000,4,2,0.13457404
2000,4,3,0.22728547
2000,4,4,0.43125891
2000,4,5,0.4708795
2000,4,6,0.34030228
2000,4,7,0.22940674
2000,4,8,0.1738879
2000,4,9,0.15723914
2000,4,10,0.15611813
2000,4,11,0.15564563
2000,4,12,0.15322559
2000,4,13,0.14987731
2000,4,14,0.14661803
2000,4,15,0.14388217
2000,4,16,0.14174172
2000,4,17,0.14012504
2000,4,18,0.13892612
2000,4,19,0.13804594
2000,4,20,0.13740377
2000,4,21,0.13693731
2000,4,22,0.13659976
2000,4,23,0.13635638
2000,4,24,0.13618156
2000,4,25,0.13605652
2000,4,26,0.13596746
2000,4,27,0.13590436
2000,4,28,0.1358599
2000,4,29,0.1358288
2000,4,30,0.1358072
2000,4,31,0.13579236
2000,4,32,0.13578229
2000,4,33,0.13577554
2000,4,34,0.13577113
2000,4,35,0.13576834
2000,4,36,0.13576663
2000,4,37,0.13576567
2000,4,38,0.13576567
2000,4,39,0.13576567
2000,4,40,0.13576567
2001,4,1,4.4734446e-10
2001,4,2,0.11412334
2001,4,3,0.19174487
2001,4,4,0.36440488
2001,4,5,0.4045373
2001,4,6,0.30171691
2001,4,7,0.21238569
2001,4,8,0.1679338
2001,4,9,0.15611727
2001,4,10,0.15843272
2001,4,11,0.16229183
2001,4,12,0.16482775
2001,4,13,0.16635132
2001,4,14,0.16742126
2001,4,15,0.16829478
2001,4,16,0.16904024
2001,4,17,0.16966517
2001,4,18,0.1701714
2001,4,19,0.17056807
2001,4,20,0.17087045
2001,4,21,0.17109596
2001,4,22,0.17126124
2001,4,23,0.17138069
2001,4,24,0.17146606
2001,4,25,0.17152644
2001,4,26,0.17156876
2001,4,27,0.17159814
2001,4,28,0.17161834
2001,4,29,0.17163206
2001,4,30,0.17164125
2001,4,31,0.1716473
2001,4,32,0.17165115
2001,4,33,0.17165353
2001,4,34,0.17165493
2001,4,35,0.17165564
2001,4,36,0.17165593
2001,4,37,0.17165593
2001,4,38,0.17165593
2001,4,39,0.17165593
2001,4,40,0.17165593
2002,4,1,5.1991063e-10
2002,4,2,0.15771634
2002,4,3,0.26258754
2002,4,4,0.47750796
2002,4,5,0.492054
2002,4,6,0.34054625
2002,4,7,0.22533236
2002,4,8,0.17121924
2002,4,9,0.15593306
2002,4,10,0.15518005
2002,4,11,0.15564678
2002,4,12,0.15530554
2002,4,13,0.15467515
2002,4,14,0.15417147
2002,4,15,0.15388602
2002,4,16,0.15377052
2002,4,17,0.15375478
2002,4,18,0.1537859
2002,4,19,0.15383236
2002,4,20,0.15387833
2002,4,21,0.15391736
2002,4,22,0.15394789
2002,4,23,0.15397056
2002,4,24,0.15398676
2002,4,25,0.15399802
2002,4,26,0.15400566
2002,4,27,0.1540107
2002,4,28,0.15401392
2002,4,29,0.1540159
2002,4,30,0.15401707
2002,4,31,0.15401767
2002,4,32,0.15401792
2002,4,33,0.15401796
2002,4,34,0.15401786
2002,4,35,0.15401768
2002,4,36,0.15401748
2002,4,37,0.15401726
2002,4,38,0.15401726
2002,4,39,0.15401726
2002,4,40,0.15401726
2003,4,1,4.3164453e-10
2003,4,2,0.12129242
2003,4,3,0.20778883
2003,4,4,0.40292399
2003,4,5,0.44512561
2003,4,6,0.32208088
2003,4,7,0.21489527
2003,4,8,0.15869103
2003,4,9,0.13792833
2003,4,10,0.13153955
2003,4,11,0.12714181
2003,4,12,0.12257031
2003,4,13,0.11828845
2003,4,14,0.11472949
2003,4,15,0.11197295
2003,4,16,0.10991577
2003,4,17,0.10840899
2003,4,18,0.10731556
2003,4,19,0.10652584
2003,4,20,0.10595705
2003,4,21,0.10554823
2003,4,22,0.10525499
2003,4,23,0.10504515
2003,4,24,0.1048954
2003,4,25,0.10478888
2003,4,26,0.10471341
2003,4,27,0.10466016
2003,4,28,0.10462282
2003,4,29,0.1045968
2003,4,30,0.1045788
2003,4,31,0.10456648
2003,4,32,0.10455815
2003,4,33,0.10455261
2003,4,34,0.10454902
2003,4,35,0.10454674
2003,4,36,0.10454538
2003,4,37,0.10454462
2003,4,38,0.10454462
2003,4,39,0.10454462
2003,4,40,0.10454462
2004,4,1,5.669201e-10
2004,4,2,0.19109727
2004,4,3,0.31996162
2004,4,4,0.5788355
2004,4,5,0.5804501
2004,4,6,0.38415351
2004,4,7,0.23956136
2004,4,8,0.16980546
2004,4,9,0.14513756
2004,4,10,0.13798629
2004,4,11,0.1338414
2004,4,12,0.12980433
2004,4,13,0.12597679
2004,4,14,0.12268586
2004,4,15,0.12003724
2004,4,16,0.11798717
2004,4,17,0.11643667
2004,4,18,0.11528081
2004,4,19,0.1144275
2004,4,20,0.11380204
2004,4,21,0.11334623
2004,4,22,0.11301577
2004,4,23,0.11277732
2004,4,24,0.11260606
2004,4,25,0.11248363
2004,4,26,0.11239658
2004,4,27,0.11233501
2004,4,28,0.11229173
2004,4,29,0.11226153
2004,4,30,0.11224064
2004,4,31,0.11222632
2004,4,32,0.11221666
2004,4,33,0.11221022
2004,4,34,0.11220606
2004,4,35,0.11220346
2004,4,36,0.1122019
2004,4,37,0.11220104
2004,4,38,0.11220104
2004,4,39,0.11220104
2004,4,40,0.11220104
2005,4,1,5.736637e-10
2005,4,2,0.16918951
2005,4,3,0.28596606
2005,4,4,0.534331
2005,4,5,0.5627171
2005,4,6,0.39276954
2005,4,7,0.25918724
2005,4,8,0.19648683
2005,4,9,0.17908166
2005,4,10,0.17595425
2005,4,11,0.17199399
2005,4,12,0.16693112
2005,4,13,0.16234115
2005,4,14,0.15882406
2005,4,15,0.15632914
2005,4,16,0.15461508
2005,4,17,0.15344799
2005,4,18,0.15265126
2005,4,19,0.15210321
2005,4,20,0.15172282
2005,4,21,0.15145659
2005,4,22,0.15126907
2005,4,23,0.15113636
2005,4,24,0.1510422
2005,4,25,0.15097534
2005,4,26,0.1509279
2005,4,27,0.15089429
2005,4,28,0.15087058
2005,4,29,0.15085391
2005,4,30,0.15084225
2005,4,31,0.15083415
2005,4,32,0.15082859
2005,4,33,0.1508248
2005,4,34,0.15082226
2005,4,35,0.1508206
2005,4,36,0.15081952
2005,4,37,0.15081887
2005,4,38,0.15081887
2005,4,39,0.15081887
2005,4,40,0.15081887
2006,4,1,4.7584416e-10
2006,4,2,0.14391986
2006,4,3,0.24374045
2006,4,4,0.45798129
2006,4,5,0.48580582
2006,4,6,0.34003664
2006,4,7,0.22215417
2006,4,8,0.16264079
2006,4,9,0.1412282
2006,4,10,0.1346776
2006,4,11,0.13027732
2006,4,12,0.12595172
2006,4,13,0.12208185
2006,4,14,0.11897611
2006,4,15,0.1166364
2006,4,16,0.11492882
2006,4,17,0.11370021
2006,4,18,0.11282096
2006,4,19,0.11219262
2006,4,20,0.11174356
2006,4,21,0.11142257
2006,4,22,0.11119316
2006,4,23,0.11102938
2006,4,24,0.11091265
2006,4,25,0.11082966
2006,4,26,0.11077083
2006,4,27,0.1107293
2006,4,28,0.11070013
2006,4,29,0.11067978
2006,4,30,0.11066567
2006,4,31,0.11065599
2006,4,32,0.11064941
2006,4,33,0.11064502
2006,4,34,0.11064215
2006,4,35,0.11064032
2006,4,36,0.11063921
2006,4,37,0.11063857
2006,4,38,0.11063857
2006,4,39,0.11063857
2006,4,40,0.11063857
2007,4,1,4.3874655e-10
2007,4,2,0.12799387
2007,4,3,0.21742843
2007,4,4,0.41089022
2007,4,5,0.43873489
2007,4,6,0.30945427
2007,4,7,0.2043194
2007,4,8,0.15179219
2007,4,9,0.13422882
2007,4,10,0.13050722
2007,4,11,0.1283419
2007,4,12,0.12561298
2007,4,13,0.1228385
2007,4,14,0.12049819
2007,4,15,0.1187101
2007,4,16,0.11740788
2007,4,17,0.11647901
2007,4,18,0.11582095
2007,4,19,0.1153549
2007,4,20,0.11502407
2007,4,21,0.11478865
2007,4,22,0.11462078
2007,4,23,0.11450098
2007,4,24,0.1144155
2007,4,25,0.1143546
2007,4,26,0.11431131
2007,4,27,0.11428066
2007,4,28,0.11425901
2007,4,29,0.11424385
2007,4,30,0.11423327
2007,4,31,0.11422596
2007,4,32,0.11422095
2007,4,33,0.11421758
2007,4,34,0.11421535
2007,4,35,0.11421388
2007,4,36,0.11421298
2007,4,37,0.11421244
2007,4,38,0.11421244
2007,4,39,0.11421244
2007,4,40,0.11421244
2008,4,1,4.2542812e-10
2008,4,2,0.11332223
2008,4,3,0.1921079
2008,4,4,0.36580874
2008,4,5,0.39928562
2008,4,6,0.2911716
2008,4,7,0.20037634
2008,4,8,0.15473065
2008,4,9,0.14032332
2008,4,10,0.13934099
2008,4,11,0.14070222
2008,4,12,0.14186583
2008,4,13,0.14280848
2008,4,14,0.14371243
2008,4,15,0.14460083
2008,4,16,0.14542535
2008,4,17,0.14614218
2008,4,18,0.14673294
2008,4,19,0.14720046
2008,4,20,0.14755943
2008,4,21,0.14782882
2008,4,22,0.14802752
2008,4,23,0.14817207
2008,4,24,0.14827604
2008,4,25,0.14835008
2008,4,26,0.14840235
2008,4,27,0.14843893
2008,4,28,0.14846428
2008,4,29,0.14848167
2008,4,30,0.14849345
2008,4,31,0.14850129
2008,4,32,0.1485064
2008,4,33,0.14850963
2008,4,34,0.14851159
2008,4,35,0.14851268
2008,4,36,0.1485132
2008,4,37,0.14851337
2008,4,38,0.14851337
2008,4,39,0.14851337
2008,4,40,0.14851337
2009,4,1,4.1452759e-10
2009,4,2,0.13531543
2009,4,3,0.22502458
2009,4,4,0.40711195
2009,4,5,0.41457414
2009,4,6,0.28109401
2009,4,7,0.17988271
2009,4,8,0.13055003
2009,4,9,0.11440109
2009,4,10,0.11183966
2009,4,11,0.11057116
2009,4,12,0.10808474
2009,4,13,0.10506583
2009,4,14,0.10228285
2009,4,15,0.10003403
2009,4,16,0.09832903
2009,4,17,0.09707505
2009,4,18,0.09616549
2009,4,19,0.09550968
2009,4,20,0.09503802
2009,4,21,0.09469921
2009,4,22,0.0944561
2009,4,23,0.09428195
2009,4,24,0.09415744
2009,4,25,0.09406867
2009,4,26,0.09400561
2009,4,27,0.093961
2009,4,28,0.09392961
2009,4,29,0.09390765
2009,4,30,0.09389241
2009,4,31,0.09388191
2009,4,32,0.09387478
2009,4,33,0.09387001
2009,4,34,0.09386688
2009,4,35,0.09386489
2009,4,36,0.09386366
2009,4,37,0.09386298
2009,4,38,0.09386298
2009,4,39,0.09386298
2009,4,40,0.09386298
2010,4,1,3.937063e-10
2010,4,2,0.095811336
2010,4,3,0.165232887
2010,4,4,0.33286489
2010,4,5,0.39046109
2010,4,6,0.29875979
2010,4,7,0.2090383
2010,4,8,0.16006759
2010,4,9,0.14217762
2010,4,10,0.13766323
2010,4,11,0.13536931
2010,4,12,0.13304666
2010,4,13,0.1308727
2010,4,14,0.12912009
2010,4,15,0.12782874
2010,4,16,0.12691938
2010,4,17,0.12629099
2010,4,18,0.12585851
2010,4,19,0.12555987
2010,4,20,0.1253523
2010,4,21,0.12520701
2010,4,22,0.12510469
2010,4,23,0.12503234
2010,4,24,0.12498101
2010,4,25,0.12494457
2010,4,26,0.1249187
2010,4,27,0.12490036
2010,4,28,0.12488739
2010,4,29,0.12487827
2010,4,30,0.12487187
2010,4,31,0.12486742
2010,4,32,0.12486435
2010,4,33,0.12486225
2010,4,34,0.12486083
2010,4,35,0.12485988
2010,4,36,0.12485927
2010,4,37,0.1248589
2010,4,38,0.1248589
2010,4,39,0.1248589
2010,4,40,0.1248589
2011,4,1,4.3614554e-10
2011,4,2,0.128948062
2011,4,3,0.217121671
2011,4,4,0.40734731
2011,4,5,0.43694092
2011,4,6,0.31075194
2011,4,7,0.2059149
2011,4,8,0.15193654
2011,4,9,0.13313592
2011,4,10,0.12989263
2011,4,11,0.12879945
2011,4,12,0.1265663
2011,4,13,0.12365525
2011,4,14,0.12085726
2011,4,15,0.11853244
2011,4,16,0.11673368
2011,4,17,0.1153902
2011,4,18,0.1144042
2011,4,19,0.11368687
2011,4,20,0.11316747
2011,4,21,0.11279253
2011,4,22,0.11252253
2011,4,23,0.11232862
2011,4,24,0.11218974
2011,4,25,0.11209061
2011,4,26,0.11202015
2011,4,27,0.11197029
2011,4,28,0.11193518
2011,4,29,0.11191064
2011,4,30,0.11189361
2011,4,31,0.11188189
2011,4,32,0.11187395
2011,4,33,0.11186863
2011,4,34,0.11186515
2011,4,35,0.11186292
2011,4,36,0.11186158
2011,4,37,0.11186081
2011,4,38,0.11186081
2011,4,39,0.11186081
2011,4,40,0.11186081
2012,4,1,4.3741681e-10
2012,4,2,0.101047958
2012,4,3,0.16854041
2012,4,4,0.3166346
2012,4,5,0.35116717
2012,4,6,0.26722877
2012,4,7,0.19632182
2012,4,8,0.16453213
2012,4,9,0.16235643
2012,4,10,0.17348689
2012,4,11,0.18478003
2012,4,12,0.19297278
2012,4,13,0.19871004
2012,4,14,0.20297304
2012,4,15,0.20629961
2012,4,16,0.20892997
2012,4,17,0.21099083
2012,4,18,0.21257809
2012,4,19,0.21377897
2012,4,20,0.21467319
2012,4,21,0.21533018
2012,4,22,0.21580752
2012,4,23,0.21615106
2012,4,24,0.21639631
2012,4,25,0.2165701
2012,4,26,0.21669235
2012,4,27,0.21677772
2012,4,28,0.21683683
2012,4,29,0.21687739
2012,4,30,0.21690489
2012,4,31,0.21692326
2012,4,32,0.21693529
2012,4,33,0.21694295
2012,4,34,0.21694765
2012,4,35,0.21695031
2012,4,36,0.21695166
2012,4,37,0.21695213
2012,4,38,0.21695213
2012,4,39,0.21695213
2012,4,40,0.21695213
2013,4,1,3.7678351e-10
2013,4,2,0.109813301
2013,4,3,0.185059227
2013,4,4,0.34683689
2013,4,5,0.37029181
2013,4,6,0.26220925
2013,4,7,0.1738909
2013,4,8,0.12993547
2013,4,9,0.11696539
2013,4,10,0.11732891
2013,4,11,0.11814627
2013,4,12,0.1166562
2013,4,13,0.11392293
2013,4,14,0.11111147
2013,4,15,0.10873891
2013,4,16,0.10690399
2013,4,17,0.10554116
2013,4,18,0.10454753
2013,4,19,0.10382896
2013,4,20,0.10331109
2013,4,21,0.10293846
2013,4,22,0.1026707
2013,4,23,0.10247856
2013,4,24,0.10234103
2013,4,25,0.10224281
2013,4,26,0.10217294
2013,4,27,0.10212345
2013,4,28,0.10208855
2013,4,29,0.10206411
2013,4,30,0.10204714
2013,4,31,0.10203542
2013,4,32,0.10202744
2013,4,33,0.10202209
2013,4,34,0.10201857
2013,4,35,0.10201631
2013,4,36,0.10201492
2013,4,37,0.10201413
2013,4,38,0.10201413
2013,4,39,0.10201413
2013,4,40,0.10201413
2014,4,1,3.9620099e-10
2014,4,2,0.095854056
2014,4,3,0.158810727
2014,4,4,0.29070279
2014,4,5,0.31052965
2014,4,6,0.22910367
2014,4,7,0.16626955
2014,4,8,0.14195331
2014,4,9,0.14555119
2014,4,10,0.15967662
2014,4,11,0.17111299
2014,4,12,0.17789524
2014,4,13,0.18176176
2014,4,14,0.18424261
2014,4,15,0.18606811
2014,4,16,0.18750622
2014,4,17,0.18865015
2014,4,18,0.18954601
2014,4,19,0.1902325
2014,4,20,0.19074782
2014,4,21,0.19112791
2014,4,22,0.19140424
2014,4,23,0.19160274
2014,4,24,0.19174389
2014,4,25,0.19184338
2014,4,26,0.19191291
2014,4,27,0.19196107
2014,4,28,0.19199415
2014,4,29,0.19201659
2014,4,30,0.1920316
2014,4,31,0.19204149
2014,4,32,0.19204781
2014,4,33,0.19205172
2014,4,34,0.19205401
2014,4,35,0.19205521
2014,4,36,0.1920557
2014,4,37,0.19205573
2014,4,38,0.19205573
2014,4,39,0.19205573
2014,4,40,0.19205573
2015,4,1,3.8386837e-10
2015,4,2,0.079046228
2015,4,3,0.13412758
2015,4,4,0.26848499
2015,4,5,0.32354299
2015,4,6,0.25888121
2015,4,7,0.19264327
2015,4,8,0.16135201
2015,4,9,0.15962139
2015,4,10,0.16926781
2015,4,11,0.17621772
2015,4,12,0.17872981
2015,4,13,0.17883108
2015,4,14,0.17817284
2015,4,15,0.17748101
2015,4,16,0.17695604
2015,4,17,0.17660091
2015,4,18,0.17637039
2015,4,19,0.17622127
2015,4,20,0.17612299
2015,4,21,0.17605628
2015,4,22,0.17600956
2015,4,23,0.17597594
2015,4,24,0.17595129
2015,4,25,0.17593297
2015,4,26,0.17591928
2015,4,27,0.17590901
2015,4,28,0.17590131
2015,4,29,0.17589556
2015,4,30,0.17589126
2015,4,31,0.17588807
2015,4,32,0.17588568
2015,4,33,0.17588391
2015,4,34,0.17588259
2015,4,35,0.17588163
2015,4,36,0.17588088
2015,4,37,0.17588034
2015,4,38,0.17588034
2015,4,39,0.17588034
2015,4,40,0.17588034
2016,4,1,4.2171296e-10
2016,4,2,0.094188965
2016,4,3,0.16238626
2016,4,4,0.32975758
2016,4,5,0.39463414
2016,4,6,0.30889899
2016,4,7,0.22124545
2016,4,8,0.1734918
2016,4,9,0.15915909
2016,4,10,0.16149926
2016,4,11,0.16570187
2016,4,12,0.16741094
2016,4,13,0.16718469
2016,4,14,0.16622249
2016,4,15,0.16519421
2016,4,16,0.16433511
2016,4,17,0.1636807
2016,4,18,0.16320073
2016,4,19,0.16285359
2016,4,20,0.16260337
2016,4,21,0.16242287
2016,4,22,0.16229244
2016,4,23,0.16219811
2016,4,24,0.1621299
2016,4,25,0.16208062
2016,4,26,0.16204511
2016,4,27,0.16201961
2016,4,28,0.16200138
2016,4,29,0.16198839
2016,4,30,0.1619792
2016,4,31,0.16197275
2016,4,32,0.16196826
2016,4,33,0.16196513
2016,4,34,0.16196301
2016,4,35,0.16196157
2016,4,36,0.16196064
2016,4,37,0.16196003
2016,4,38,0.16196003
2016,4,39,0.16196003
2016,4,40,0.16196003
2017,4,1,4.3293097e-10
2017,4,2,0.10146956
2017,4,3,0.17093692
2017,4,4,0.329301
2017,4,5,0.3744042
2017,4,6,0.28627144
2017,4,7,0.20612721
2017,4,8,0.16607261
2017,4,9,0.15825845
2017,4,10,0.16673767
2017,4,11,0.17618444
2017,4,12,0.18192808
2017,4,13,0.18476683
2017,4,14,0.18618665
2017,4,15,0.18703253
2017,4,16,0.18764136
2017,4,17,0.18812138
2017,4,18,0.18850452
2017,4,19,0.18880447
2017,4,20,0.18903325
2017,4,21,0.18920353
2017,4,22,0.18932771
2017,4,23,0.1894167
2017,4,24,0.1894796
2017,4,25,0.18952347
2017,4,26,0.18955372
2017,4,27,0.18957435
2017,4,28,0.18958823
2017,4,29,0.1895974
2017,4,30,0.18960335
2017,4,31,0.18960711
2017,4,32,0.18960936
2017,4,33,0.18961062
2017,4,34,0.18961125
2017,4,35,0.18961145
2017,4,36,0.1896114
2017,4,37,0.18961118
2017,4,38,0.18961118
2017,4,39,0.18961118
2017,4,40,0.18961118
2018,4,1,4.1462646e-10
2018,4,2,0.099075968
2018,4,3,0.16823297
2018,4,4,0.32956481
2018,4,5,0.37951561
2018,4,6,0.28975834
2018,4,7,0.20526633
2018,4,8,0.16137444
2018,4,9,0.15070675
2018,4,10,0.15668845
2018,4,11,0.16325751
2018,4,12,0.16582391
2018,4,13,0.16559748
2018,4,14,0.16434808
2018,4,15,0.16301452
2018,4,16,0.1619135
2018,4,17,0.16108645
2018,4,18,0.16048813
2018,4,19,0.16006068
2018,4,20,0.15975574
2018,4,21,0.15953755
2018,4,22,0.15938086
2018,4,23,0.15926801
2018,4,24,0.15918665
2018,4,25,0.15912798
2018,4,26,0.15908576
2018,4,27,0.15905545
2018,4,28,0.15903376
2018,4,29,0.15901832
2018,4,30,0.15900739
2018,4,31,0.15899969
2018,4,32,0.15899432
2018,4,33,0.15899061
2018,4,34,0.15898805
2018,4,35,0.15898634
2018,4,36,0.15898522
2018,4,37,0.15898448
2018,4,38,0.15898448
2018,4,39,0.15898448
2018,4,40,0.15898448
2019,4,1,3.8461188e-10
2019,4,2,0.079303073
2019,4,3,0.13276443
2019,4,4,0.25546591
2019,4,5,0.29626783
2019,4,6,0.23346144
2019,4,7,0.17529673
2019,4,8,0.15118701
2019,4,9,0.15682574
2019,4,10,0.17577271
2019,4,11,0.19077334
2019,4,12,0.1981891
2019,4,13,0.20069544
2019,4,14,0.20107332
2019,4,15,0.20078791
2019,4,16,0.20040451
2019,4,17,0.20008513
2019,4,18,0.19985018
2019,4,19,0.19968285
2019,4,20,0.19956321
2019,4,21,0.19947617
2019,4,22,0.19941167
2019,4,23,0.19936326
2019,4,24,0.19932662
2019,4,25,0.19929882
2019,4,26,0.19927777
2019,4,27,0.1992619
2019,4,28,0.19924994
2019,4,29,0.19924101
2019,4,30,0.19923437
2019,4,31,0.19922945
2019,4,32,0.19922581
2019,4,33,0.19922314
2019,4,34,0.19922118
2019,4,35,0.19921974
2019,4,36,0.19921869
2019,4,37,0.19921793
2019,4,38,0.19921793
2019,4,39,0.19921793
2019,4,40,0.19921793
2020,4,1,4.3975509e-10
2020,4,2,0.12809139
2020,4,3,0.21343611
2020,4,4,0.39530558
2020,4,5,0.42298397
2020,4,6,0.30297272
2020,4,7,0.20393392
2020,4,8,0.15372886
2020,4,9,0.13746502
2020,4,10,0.13642384
2020,4,11,0.13760311
2020,4,12,0.13756617
2020,4,13,0.13656246
2020,4,14,0.1353015
2020,4,15,0.13416206
2020,4,16,0.13325469
2020,4,17,0.13257149
2020,4,18,0.13206969
2020,4,19,0.13170489
2020,4,20,0.13144066
2020,4,21,0.1312495
2020,4,22,0.1311113
2020,4,23,0.1310115
2020,4,24,0.13093955
2020,4,25,0.13088782
2020,4,26,0.13085074
2020,4,27,0.13082427
2020,4,28,0.13080546
2020,4,29,0.13079219
2020,4,30,0.13078286
2020,4,31,0.13077636
2020,4,32,0.13077188
2020,4,33,0.13076884
2020,4,34,0.13076678
2020,4,35,0.13076544
2020,4,36,0.13076457
2020,4,37,0.13076404
2020,4,38,0.13076404
2020,4,39,0.13076404
2020,4,40,0.13076404
2021,4,1,3.811412e-10
2021,4,2,0.09567668
2021,4,3,0.16232143
2021,4,4,0.31342086
2021,4,5,0.35235137
2021,4,6,0.26349781
2021,4,7,0.18419942
2021,4,8,0.14412082
2021,4,9,0.13364652
2021,4,10,0.1365535
2021,4,11,0.14033178
2021,4,12,0.14188358
2021,4,13,0.14186556
2021,4,14,0.14126671
2021,4,15,0.14060663
2021,4,16,0.14005994
2021,4,17,0.13965042
2021,4,18,0.13935503
2021,4,19,0.1391442
2021,4,20,0.13899351
2021,4,21,0.13888516
2021,4,22,0.13880683
2021,4,23,0.13874992
2021,4,24,0.1387085
2021,4,25,0.13867835
2021,4,26,0.13865642
2021,4,27,0.13864053
2021,4,28,0.13862904
2021,4,29,0.13862078
2021,4,30,0.13861487
2021,4,31,0.13861065
2021,4,32,0.13860767
2021,4,33,0.13860557
2021,4,34,0.1386041
2021,4,35,0.1386031
2021,4,36,0.1386024
2021,4,37,0.13860196
2021,4,38,0.13860196
2021,4,39,0.13860196
2021,4,40,0.13860196
2022,4,1,3.1042529e-10
2022,4,2,0.081075501
2022,4,3,0.13772514
2022,4,4,0.26361849
2022,4,5,0.29040489
2022,4,6,0.21162733
2022,4,7,0.14433319
2022,4,8,0.11199795
2022,4,9,0.10617158
2022,4,10,0.11197176
2022,4,11,0.11650069
2022,4,12,0.11695915
2022,4,13,0.11495323
2022,4,14,0.1122228
2022,4,15,0.10965529
2022,4,16,0.1075415
2022,4,17,0.10590273
2022,4,18,0.10466945
2022,4,19,0.1037558
2022,4,20,0.10308506
2022,4,21,0.10259562
2022,4,22,0.10224015
2022,4,23,0.10198305
2022,4,24,0.1017979
2022,4,25,0.10166515
2022,4,26,0.10157041
2022,4,27,0.10150315
2022,4,28,0.1014557
2022,4,29,0.10142244
2022,4,30,0.1013993
2022,4,31,0.10138338
2022,4,32,0.10137256
2022,4,33,0.10136531
2022,4,34,0.10136056
2022,4,35,0.10135753
2022,4,36,0.10135568
2022,4,37,0.10135464
2022,4,38,0.10135464
2022,4,39,0.10135464
2022,4,40,0.10135464
2023,4,1,3.3528298e-10
2023,4,2,0.06551485
2023,4,3,0.10850365
2023,4,4,0.20422716
2023,4,5,0.23313352
2023,4,6,0.18636339
2023,4,7,0.14585434
2023,4,8,0.13085016
2023,4,9,0.13698206
2023,4,10,0.15277671
2023,4,11,0.16731343
2023,4,12,0.17786893
2023,4,13,0.18531023
2023,4,14,0.19079235
2023,4,15,0.19498982
2023,4,16,0.19824282
2023,4,17,0.20074916
2023,4,18,0.20265506
2023,4,19,0.20408363
2023,4,20,0.20514032
2023,4,21,0.20591299
2023,4,22,0.20647253
2023,4,23,0.20687435
2023,4,24,0.20716078
2023,4,25,0.20736355
2023,4,26,0.20750615
2023,4,27,0.20760572
2023,4,28,0.20767471
2023,4,29,0.20772206
2023,4,30,0.2077542
2023,4,31,0.20777572
2023,4,32,0.20778983
2023,4,33,0.20779886
2023,4,34,0.20780441
2023,4,35,0.2078076
2023,4,36,0.20780923
2023,4,37,0.20780985
2023,4,38,0.20780985
2023,4,39,0.20780985
2023,4,40,0.20780985
2024,4,1,2.8975298e-10
2024,4,2,0.052820837
2024,4,3,0.09208193
2024,4,4,0.18648141
2024,4,5,0.22340606
2024,4,6,0.17536498
2024,4,7,0.12989785
2024,4,8,0.11508147
2024,4,9,0.12719987
2024,4,10,0.14834841
2024,4,11,0.16168993
2024,4,12,0.16540803
2024,4,13,0.16348676
2024,4,14,0.15947615
2024,4,15,0.1552512
2024,4,16,0.15154754
2024,4,17,0.14854892
2024,4,18,0.14621837
2024,4,19,0.14444926
2024,4,20,0.14312642
2024,4,21,0.14214778
2024,4,22,0.1414297
2024,4,23,0.14090652
2024,4,24,0.14052769
2024,4,25,0.14025505
2024,4,26,0.14006001
2024,4,27,0.13992134
2024,4,28,0.13982342
2024,4,29,0.13975477
2024,4,30,0.13970708
2024,4,31,0.13967429
2024,4,32,0.13965204
2024,4,33,0.13963719
2024,4,34,0.1396275
2024,4,35,0.13962137
2024,4,36,0.13961767
2024,4,37,0.13961564
2024,4,38,0.13961564
2024,4,39,0.13961564
2024,4,40,0.13961564
1952,5,1,2.1760409e-13
1952,5,2,2.1760409e-13
1952,5,3,7.792761e-06
1952,5,4,1.2540561e-05
1952,5,5,2.9701739e-05
1952,5,6,6.487117e-05
1952,5,7,0.00011493694
1952,5,8,0.00016633016
1952,5,9,0.00020332874
1952,5,10,0.00021862087
1952,5,11,0.00021754768
1952,5,12,0.00020939282
1952,5,13,0.00019954125
1952,5,14,0.00019038035
1952,5,15,0.00018271105
1952,5,16,0.00017662308
1952,5,17,0.00017193553
1952,5,18,0.00016839502
1952,5,19,0.00016575568
1952,5,20,0.00016380713
1952,5,21,0.00016237975
1952,5,22,0.00016134085
1952,5,23,0.00016058897
1952,5,24,0.00016004795
1952,5,25,0.00015966054
1952,5,26,0.00015938469
1952,5,27,0.00015918936
1952,5,28,0.00015905192
1952,5,29,0.00015895583
1952,5,30,0.00015888938
1952,5,31,0.00015884371
1952,5,32,0.0001588128
1952,5,33,0.0001587922
1952,5,34,0.00015877878
1952,5,35,0.00015877026
1952,5,36,0.00015876523
1952,5,37,0.00015876239
1952,5,38,0.00015876239
1952,5,39,0.00015876239
1952,5,40,0.00015876239
1953,5,1,1.57330656e-12
1953,5,2,1.57330656e-12
1953,5,3,5.6342689e-05
1953,5,4,9.0669899e-05
1953,5,5,0.00021474747
1953,5,6,0.00046902714
1953,5,7,0.00083100923
1953,5,8,0.00120258891
1953,5,9,0.00147009355
1953,5,10,0.00158065769
1953,5,11,0.00157289826
1953,5,12,0.00151393749
1953,5,13,0.00144270924
1953,5,14,0.00137647525
1953,5,15,0.00132102516
1953,5,16,0.00127700812
1953,5,17,0.00124311659
1953,5,18,0.00121751783
1953,5,19,0.00119843516
1953,5,20,0.00118434747
1953,5,21,0.00117402701
1953,5,22,0.00116651538
1953,5,23,0.00116107957
1953,5,24,0.00115716732
1953,5,25,0.00115436659
1953,5,26,0.00115237209
1953,5,27,0.00115095994
1953,5,28,0.00114996612
1953,5,29,0.00114927193
1953,5,30,0.00114879077
1953,5,31,0.00114846081
1953,5,32,0.00114823734
1953,5,33,0.00114808848
1953,5,34,0.00114799147
1953,5,35,0.00114793032
1953,5,36,0.0011478934
1953,5,37,0.00114787302
1953,5,38,0.00114787302
1953,5,39,0.00114787302
1953,5,40,0.00114787302
1954,5,1,5.0611177e-12
1954,5,2,5.0611177e-12
1954,5,3,0.00018124693
1954,5,4,0.00029167307
1954,5,5,0.00069081403
1954,5,6,0.0015087978
1954,5,7,0.0026732467
1954,5,8,0.0038685684
1954,5,9,0.0047290955
1954,5,10,0.0050847658
1954,5,11,0.0050598042
1954,5,12,0.0048701349
1954,5,13,0.0046410039
1954,5,14,0.004427938
1954,5,15,0.0042495625
1954,5,16,0.0041079648
1954,5,17,0.0039989407
1954,5,18,0.0039165931
1954,5,19,0.0038552065
1954,5,20,0.0038098886
1954,5,21,0.0037766883
1954,5,22,0.0037525249
1954,5,23,0.0037350391
1954,5,24,0.003722454
1954,5,25,0.0037134438
1954,5,26,0.0037070275
1954,5,27,0.003702485
1954,5,28,0.0036992885
1954,5,29,0.0036970544
1954,5,30,0.0036955076
1954,5,31,0.0036944461
1954,5,32,0.0036937272
1954,5,33,0.0036932485
1954,5,34,0.0036929361
1954,5,35,0.0036927385
1954,5,36,0.0036926202
1954,5,37,0.0036925554
1954,5,38,0.0036925554
1954,5,39,0.0036925554
1954,5,40,0.0036925554
1955,5,1,2.3612148e-12
1955,5,2,2.3612148e-12
1955,5,3,8.4558978e-05
1955,5,4,0.000136077186
1955,5,5,0.00032229247
1955,5,6,0.00070391472
1955,5,7,0.0012471768
1955,5,8,0.0018048425
1955,5,9,0.0022063128
1955,5,10,0.0023722475
1955,5,11,0.0023606021
1955,5,12,0.0022721138
1955,5,13,0.0021652145
1955,5,14,0.002065811
1955,5,15,0.0019825915
1955,5,16,0.0019165308
1955,5,17,0.0018656664
1955,5,18,0.0018272478
1955,5,19,0.0017986088
1955,5,20,0.00177746583
1955,5,21,0.001761977
1955,5,22,0.00175070353
1955,5,23,0.00174254571
1955,5,24,0.00173667408
1955,5,25,0.00173247048
1955,5,26,0.00172947709
1955,5,27,0.00172735775
1955,5,28,0.00172586641
1955,5,29,0.00172482453
1955,5,30,0.00172410259
1955,5,31,0.00172360734
1955,5,32,0.00172327196
1955,5,33,0.00172304844
1955,5,34,0.00172290288
1955,5,35,0.00172281093
1955,5,36,0.00172275584
1955,5,37,0.00172272512
1955,5,38,0.00172272512
1955,5,39,0.00172272512
1955,5,40,0.00172272512
1956,5,1,1.8433699e-12
1956,5,2,1.8433699e-12
1956,5,3,6.6014083e-05
1956,5,4,0.00010623368
1956,5,5,0.00025160958
1956,5,6,0.00054953712
1956,5,7,0.0009736546
1956,5,8,0.001409017
1956,5,9,0.0017224392
1956,5,10,0.0018519826
1956,5,11,0.0018428913
1956,5,12,0.0017738102
1956,5,13,0.001690355
1956,5,14,0.0016127516
1956,5,15,0.0015477834
1956,5,16,0.0014962104
1956,5,17,0.0014565014
1956,5,18,0.0014265086
1956,5,19,0.0014041503
1956,5,20,0.0013876444
1956,5,21,0.0013755525
1956,5,22,0.0013667514
1956,5,23,0.0013603826
1956,5,24,0.0013557988
1956,5,25,0.0013525171
1956,5,26,0.0013501803
1956,5,27,0.0013485257
1956,5,28,0.0013473615
1956,5,29,0.001346548
1956,5,30,0.0013459844
1956,5,31,0.0013455978
1956,5,32,0.0013453359
1956,5,33,0.0013451614
1956,5,34,0.0013450478
1956,5,35,0.0013449761
1956,5,36,0.0013449329
1956,5,37,0.0013449091
1956,5,38,0.0013449091
1956,5,39,0.0013449091
1956,5,40,0.0013449091
1957,5,1,4.7221003e-12
1957,5,2,4.7221003e-12
1957,5,3,0.000169106198
1957,5,4,0.000272135421
1957,5,5,0.00064454006
1957,5,6,0.00140773143
1957,5,7,0.00249417915
1957,5,8,0.0036094334
1957,5,9,0.00441231787
1957,5,10,0.0047441641
1957,5,11,0.0047208749
1957,5,12,0.0045439107
1957,5,13,0.00433012686
1957,5,14,0.00413133382
1957,5,15,0.00396490636
1957,5,16,0.00383279457
1957,5,17,0.00373107286
1957,5,18,0.00365424133
1957,5,19,0.00359696618
1957,5,20,0.00355468426
1957,5,21,0.003523708
1957,5,22,0.00350116318
1957,5,23,0.00348484832
1957,5,24,0.00347310645
1957,5,25,0.00346469921
1957,5,26,0.00345871291
1957,5,27,0.00345447462
1957,5,28,0.0034514927
1957,5,29,0.00344940824
1957,5,30,0.00344796516
1957,5,31,0.00344697481
1957,5,32,0.00344630354
1957,5,33,0.00344585637
1957,5,34,0.0034455658
1957,5,35,0.00344538208
1957,5,36,0.00344527126
1957,5,37,0.00344521043
1957,5,38,0.00344521043
1957,5,39,0.00344521043
1957,5,40,0.00344521043
1958,5,1,4.89462358e-12
1958,5,2,4.89462358e-12
1958,5,3,0.0001752844809
1958,5,4,0.000282077986
1958,5,5,0.000668088588
1958,5,6,0.001459163285
1958,5,7,0.00258530488
1958,5,8,0.00374130581
1958,5,9,0.0045735231
1958,5,10,0.00491749436
1958,5,11,0.00489335357
1958,5,12,0.0047099232
1958,5,13,0.00448832987
1958,5,14,0.0042822734
1958,5,15,0.00410976581
1958,5,16,0.00397282617
1958,5,17,0.00386738831
1958,5,18,0.0037877497
1958,5,19,0.00372838386
1958,5,20,0.00368455589
1958,5,21,0.00365244872
1958,5,22,0.0036290799
1958,5,23,0.00361216798
1958,5,24,0.003599997
1958,5,25,0.00359128368
1958,5,26,0.00358507901
1958,5,27,0.00358068581
1958,5,28,0.00357759388
1958,5,29,0.00357543437
1958,5,30,0.00357393737
1958,5,31,0.00357291015
1958,5,32,0.00357221527
1958,5,33,0.00357175273
1958,5,34,0.00357145063
1958,5,35,0.00357126003
1958,5,36,0.00357114542
1958,5,37,0.00357108189
1958,5,38,0.00357108189
1958,5,39,0.00357108189
1958,5,40,0.00357108189
1959,5,1,2.9076616e-12
1959,5,2,2.9076616e-12
1959,5,3,0.000104128124
1959,5,4,0.00016756897
1959,5,5,0.00039687937
1959,5,6,0.00086681883
1959,5,7,0.0015358058
1959,5,8,0.0022225298
1959,5,9,0.0027169114
1959,5,10,0.002921247
1959,5,11,0.0029069072
1959,5,12,0.0027979398
1959,5,13,0.0026663013
1959,5,14,0.0025438935
1959,5,15,0.0024414152
1959,5,16,0.0023600657
1959,5,17,0.0022974303
1959,5,18,0.0022501208
1959,5,19,0.0022148534
1959,5,20,0.0021888176
1959,5,21,0.0021697441
1959,5,22,0.0021558618
1959,5,23,0.0021458164
1959,5,24,0.0021385854
1959,5,25,0.0021334096
1959,5,26,0.0021297229
1959,5,27,0.0021271132
1959,5,28,0.0021252766
1959,5,29,0.0021239942
1959,5,30,0.0021231051
1959,5,31,0.0021224947
1959,5,32,0.0021220816
1959,5,33,0.0021218069
1959,5,34,0.0021216279
1959,5,35,0.0021215141
1959,5,36,0.0021214459
1959,5,37,0.0021214084
1959,5,38,0.0021214084
1959,5,39,0.0021214084
1959,5,40,0.0021214084
1960,5,1,4.4844973e-12
1960,5,2,4.4844973e-12
1960,5,3,0.00016059721
1960,5,4,0.0002584423
1960,5,5,0.00061210855
1960,5,6,0.00133689829
1960,5,7,0.00236867909
1960,5,8,0.0034278162
1960,5,9,0.004190302
1960,5,10,0.004505451
1960,5,11,0.0044833333
1960,5,12,0.0043152743
1960,5,13,0.0041122472
1960,5,14,0.0039234563
1960,5,15,0.0037654027
1960,5,16,0.0036399384
1960,5,17,0.0035433349
1960,5,18,0.0034703695
1960,5,19,0.003415977
1960,5,20,0.0033758217
1960,5,21,0.0033464049
1960,5,22,0.0033249937
1960,5,23,0.0033094994
1960,5,24,0.0032983495
1960,5,25,0.0032903646
1960,5,26,0.00328468
1960,5,27,0.0032806547
1960,5,28,0.0032778222
1960,5,29,0.0032758444
1960,5,30,0.0032744725
1960,5,31,0.0032735325
1960,5,32,0.0032728948
1960,5,33,0.0032724708
1960,5,34,0.0032721939
1960,5,35,0.0032720193
1960,5,36,0.0032719146
1960,5,37,0.0032718561
1960,5,38,0.0032718561
1960,5,39,0.0032718561
1960,5,40,0.0032718561
1961,5,1,5.0564669e-12
1961,5,2,5.0564669e-12
1961,5,3,0.00018108036
1961,5,4,0.00029140495
1961,5,5,0.00069017906
1961,5,6,0.0015074111
1961,5,7,0.0026707897
1961,5,8,0.0038650131
1961,5,9,0.0047247489
1961,5,10,0.0050800929
1961,5,11,0.0050551547
1961,5,12,0.00486566
1961,5,13,0.0046367377
1961,5,14,0.0044238684
1961,5,15,0.0042456574
1961,5,16,0.0041041899
1961,5,17,0.0039952647
1961,5,18,0.0039129933
1961,5,19,0.0038516637
1961,5,20,0.0038063872
1961,5,21,0.0037732174
1961,5,22,0.0037490765
1961,5,23,0.0037316066
1961,5,24,0.0037190327
1961,5,25,0.0037100306
1961,5,26,0.0037036206
1961,5,27,0.0036990817
1961,5,28,0.0036958888
1961,5,29,0.0036936568
1961,5,30,0.0036921101
1961,5,31,0.0036910505
1961,5,32,0.0036903323
1961,5,33,0.003689854
1961,5,34,0.0036895425
1961,5,35,0.0036893448
1961,5,36,0.0036892272
1961,5,37,0.003689161
1961,5,38,0.003689161
1961,5,39,0.003689161
1961,5,40,0.003689161
1962,5,1,7.1292957e-12
1962,5,2,7.1292957e-12
1962,5,3,0.00025531173
1962,5,4,0.00041086239
1962,5,5,0.0009731086
1962,5,6,0.0021253533
1962,5,7,0.0037656425
1962,5,8,0.005449422
1962,5,9,0.006661594
1962,5,10,0.0071626062
1962,5,11,0.0071274455
1962,5,12,0.00686027
1962,5,13,0.0065375061
1962,5,14,0.0062373717
1962,5,15,0.0059861052
1962,5,16,0.0057866462
1962,5,17,0.0056330695
1962,5,18,0.0055170709
1962,5,19,0.0054305994
1962,5,20,0.0053667632
1962,5,21,0.0053199963
1962,5,22,0.0052859581
1962,5,23,0.0052613265
1962,5,24,0.0052435987
1962,5,25,0.005230907
1962,5,26,0.0052218691
1962,5,27,0.00521547
1962,5,28,0.0052109665
1962,5,29,0.0052078208
1962,5,30,0.0052056409
1962,5,31,0.0052041458
1962,5,32,0.0052031338
1962,5,33,0.0052024581
1962,5,34,0.005202019
1962,5,35,0.0052017414
1962,5,36,0.0052015744
1962,5,37,0.0052014822
1962,5,38,0.0052014822
1962,5,39,0.0052014822
1962,5,40,0.0052014822
1963,5,1,7.0876305e-12
1963,5,2,7.0876305e-12
1963,5,3,0.00025381974
1963,5,4,0.00040846127
1963,5,5,0.00096742166
1963,5,6,0.0021129328
1963,5,7,0.0037436354
1963,5,8,0.0054175745
1963,5,9,0.0066226638
1963,5,10,0.0071207477
1963,5,11,0.0070857914
1963,5,12,0.0068201779
1963,5,13,0.0064992999
1963,5,14,0.0062009215
1963,5,15,0.0059511218
1963,5,16,0.0057528278
1963,5,17,0.0056001484
1963,5,18,0.0054848289
1963,5,19,0.0053988632
1963,5,20,0.0053353986
1963,5,21,0.0052889054
1963,5,22,0.0052550664
1963,5,23,0.0052305786
1963,5,24,0.0052129541
1963,5,25,0.005200336
1963,5,26,0.0051913524
1963,5,27,0.0051849899
1963,5,28,0.0051805137
1963,5,29,0.005177386
1963,5,30,0.0051752183
1963,5,31,0.0051737319
1963,5,32,0.0051727253
1963,5,33,0.0051720554
1963,5,34,0.0051716171
1963,5,35,0.005171341
1963,5,36,0.0051711757
1963,5,37,0.005171084
1963,5,38,0.005171084
1963,5,39,0.005171084
1963,5,40,0.005171084
1964,5,1,5.5940258e-12
1964,5,2,5.5940258e-12
1964,5,3,0.00020033121
1964,5,4,0.00032238458
1964,5,5,0.0007635529
1964,5,6,0.0016676656
1964,5,7,0.002954724
1964,5,8,0.0042759071
1964,5,9,0.0052270413
1964,5,10,0.0056201633
1964,5,11,0.0055925736
1964,5,12,0.0053829329
1964,5,13,0.005129675
1964,5,14,0.0048941745
1964,5,15,0.0046970174
1964,5,16,0.0045405113
1964,5,17,0.0044200066
1964,5,18,0.0043289881
1964,5,19,0.0042611378
1964,5,20,0.0042110485
1964,5,21,0.0041743523
1964,5,22,0.004147644
1964,5,23,0.0041283173
1964,5,24,0.0041144067
1964,5,25,0.0041044476
1964,5,26,0.0040973559
1964,5,27,0.0040923356
1964,5,28,0.0040888018
1964,5,29,0.0040863341
1964,5,30,0.004084623
1964,5,31,0.0040834504
1964,5,32,0.0040826561
1964,5,33,0.004082126
1964,5,34,0.0040817816
1964,5,35,0.0040815634
1964,5,36,0.0040814329
1964,5,37,0.0040813598
1964,5,38,0.0040813598
1964,5,39,0.0040813598
1964,5,40,0.0040813598
1965,5,1,6.401613e-12
1965,5,2,6.401613e-12
1965,5,3,0.00022925223
1965,5,4,0.00036892591
1965,5,5,0.00087378398
1965,5,6,0.00190842004
1965,5,7,0.0033812854
1965,5,8,0.0048932034
1965,5,9,0.0059816495
1965,5,10,0.0064315238
1965,5,11,0.0063999513
1965,5,12,0.0061600457
1965,5,13,0.0058702258
1965,5,14,0.0056007268
1965,5,15,0.0053751081
1965,5,16,0.0051960058
1965,5,17,0.0050581057
1965,5,18,0.004953947
1965,5,19,0.0048763014
1965,5,20,0.0048189807
1965,5,21,0.0047769874
1965,5,22,0.0047464228
1965,5,23,0.0047243061
1965,5,24,0.0047083868
1965,5,25,0.0046969906
1965,5,26,0.0046888758
1965,5,27,0.00468313
1965,5,28,0.0046790868
1965,5,29,0.0046762621
1965,5,30,0.0046743039
1965,5,31,0.0046729617
1965,5,32,0.0046720523
1965,5,33,0.0046714467
1965,5,34,0.0046710517
1965,5,35,0.0046708033
1965,5,36,0.0046706535
1965,5,37,0.0046705697
1965,5,38,0.0046705697
1965,5,39,0.0046705697
1965,5,40,0.0046705697
1966,5,1,9.9500584e-12
1966,5,2,9.9500584e-12
1966,5,3,0.00035632792
1966,5,4,0.00057342346
1966,5,5,0.0013581268
1966,5,6,0.0029662668
1966,5,7,0.0052555493
1966,5,8,0.0076055295
1966,5,9,0.0092973083
1966,5,10,0.0099965486
1966,5,11,0.0099474757
1966,5,12,0.0095745909
1966,5,13,0.0091241221
1966,5,14,0.0087052389
1966,5,15,0.0083545564
1966,5,16,0.0080761787
1966,5,17,0.0078618385
1966,5,18,0.0076999445
1966,5,19,0.0075792613
1966,5,20,0.0074901661
1966,5,21,0.0074248963
1966,5,22,0.0073773898
1966,5,23,0.0073430134
1966,5,24,0.0073182701
1966,5,25,0.0073005572
1966,5,26,0.007287943
1966,5,27,0.007279012
1966,5,28,0.0072727284
1966,5,29,0.0072683374
1966,5,30,0.0072652948
1966,5,31,0.0072632083
1966,5,32,0.0072617943
1966,5,33,0.0072608524
1966,5,34,0.007260239
1966,5,35,0.0072598513
1966,5,36,0.0072596191
1966,5,37,0.0072594909
1966,5,38,0.0072594909
1966,5,39,0.0072594909
1966,5,40,0.0072594909
1967,5,1,5.058919e-12
1967,5,2,5.058919e-12
1967,5,3,0.00018116819
1967,5,4,0.00029154635
1967,5,5,0.00069051397
1967,5,6,0.0015081423
1967,5,7,0.0026720849
1967,5,8,0.0038668877
1967,5,9,0.0047270407
1967,5,10,0.0050825574
1967,5,11,0.0050576062
1967,5,12,0.0048680199
1967,5,13,0.0046389869
1967,5,14,0.0044260143
1967,5,15,0.0042477159
1967,5,16,0.0041061807
1967,5,17,0.0039972031
1967,5,18,0.0039148916
1967,5,19,0.0038535316
1967,5,20,0.0038082332
1967,5,21,0.0037750489
1967,5,22,0.0037508949
1967,5,23,0.0037334161
1967,5,24,0.0037208361
1967,5,25,0.0037118303
1967,5,26,0.0037054169
1967,5,27,0.0037008758
1967,5,28,0.003697681
1967,5,29,0.0036954485
1967,5,30,0.0036939018
1967,5,31,0.0036928407
1967,5,32,0.0036921224
1967,5,33,0.0036916435
1967,5,34,0.0036913318
1967,5,35,0.0036911342
1967,5,36,0.0036910165
1967,5,37,0.0036909503
1967,5,38,0.0036909503
1967,5,39,0.0036909503
1967,5,40,0.0036909503
1968,5,1,4.092459e-12
1968,5,2,4.092459e-12
1968,5,3,0.00014655765
1968,5,4,0.00023584904
1968,5,5,0.0005585975
1968,5,6,0.0012200254
1968,5,7,0.0021616072
1968,5,8,0.0031281539
1968,5,9,0.0038239833
1968,5,10,0.0041115806
1968,5,11,0.0040913965
1968,5,12,0.0039380297
1968,5,13,0.003752751
1968,5,14,0.0035804639
1968,5,15,0.0034362294
1968,5,16,0.0033217319
1968,5,17,0.0032335743
1968,5,18,0.0031669868
1968,5,19,0.0031173495
1968,5,20,0.0030807043
1968,5,21,0.003053859
1968,5,22,0.0030343205
1968,5,23,0.003020181
1968,5,24,0.0030100041
1968,5,25,0.0030027187
1968,5,26,0.0029975308
1968,5,27,0.0029938574
1968,5,28,0.0029912726
1968,5,29,0.0029894666
1968,5,30,0.0029882154
1968,5,31,0.002987357
1968,5,32,0.0029867757
1968,5,33,0.0029863885
1968,5,34,0.0029861362
1968,5,35,0.0029859769
1968,5,36,0.0029858811
1968,5,37,0.0029858281
1968,5,38,0.0029858281
1968,5,39,0.0029858281
1968,5,40,0.0029858281
1969,5,1,6.633076e-12
1969,5,2,6.633076e-12
1969,5,3,0.00023754133
1969,5,4,0.0003822652
1969,5,5,0.0009053774
1969,5,6,0.001977423
1969,5,7,0.0035035433
1969,5,8,0.0050701267
1969,5,9,0.006197929
1969,5,10,0.006664069
1969,5,11,0.006631354
1969,5,12,0.006382776
1969,5,13,0.006082477
1969,5,14,0.005803234
1969,5,15,0.005569456
1969,5,16,0.005383878
1969,5,17,0.005240991
1969,5,18,0.0051330674
1969,5,19,0.0050526155
1969,5,20,0.0049932203
1969,5,21,0.0049497091
1969,5,22,0.0049180402
1969,5,23,0.0048951232
1969,5,24,0.004878629
1969,5,25,0.0048668209
1969,5,26,0.0048584118
1969,5,27,0.0048524575
1969,5,28,0.0048482687
1969,5,29,0.004845342
1969,5,30,0.0048433137
1969,5,31,0.0048419224
1969,5,32,0.0048409798
1969,5,33,0.0048403525
1969,5,34,0.0048399434
1969,5,35,0.0048396847
1969,5,36,0.0048395294
1969,5,37,0.0048394442
1969,5,38,0.0048394442
1969,5,39,0.0048394442
1969,5,40,0.0048394442
1970,5,1,6.7111564e-12
1970,5,2,6.7111564e-12
1970,5,3,0.00024033753
1970,5,4,0.00038676495
1970,5,5,0.00091603507
1970,5,6,0.0020006999
1970,5,7,0.0035447851
1970,5,8,0.0051298099
1970,5,9,0.0062708868
1970,5,10,0.0067425148
1970,5,11,0.0067094149
1970,5,12,0.0064579107
1970,5,13,0.006154075
1970,5,14,0.0058715458
1970,5,15,0.0056350157
1970,5,16,0.0054472542
1970,5,17,0.0053026852
1970,5,18,0.005193491
1970,5,19,0.005112091
1970,5,20,0.0050519985
1970,5,21,0.0050079749
1970,5,22,0.0049759321
1970,5,23,0.0049527457
1970,5,24,0.0049360571
1970,5,25,0.0049241104
1970,5,26,0.0049156013
1970,5,27,0.0049095781
1970,5,28,0.0049053391
1970,5,29,0.004902378
1970,5,30,0.0049003254
1970,5,31,0.0048989187
1970,5,32,0.0048979647
1970,5,33,0.0048973302
1970,5,34,0.004896916
1970,5,35,0.0048966552
1970,5,36,0.0048964979
1970,5,37,0.0048964112
1970,5,38,0.0048964112
1970,5,39,0.0048964112
1970,5,40,0.0048964112
1971,5,1,7.998377e-12
1971,5,2,7.998377e-12
1971,5,3,0.00028643502
1971,5,4,0.00046094771
1971,5,5,0.0010917333
1971,5,6,0.0023844404
1971,5,7,0.0042246859
1971,5,8,0.0061137225
1971,5,9,0.007473662
1971,5,10,0.008035749
1971,5,11,0.007996301
1971,5,12,0.007696557
1971,5,13,0.007334445
1971,5,14,0.006997727
1971,5,15,0.0067158294
1971,5,16,0.0064920546
1971,5,17,0.0063197557
1971,5,18,0.006189619
1971,5,19,0.0060926061
1971,5,20,0.006020987
1971,5,21,0.0059685204
1971,5,22,0.0059303324
1971,5,23,0.0059026974
1971,5,24,0.005882809
1971,5,25,0.0058685693
1971,5,26,0.0058584293
1971,5,27,0.0058512508
1971,5,28,0.0058461989
1971,5,29,0.0058426688
1971,5,30,0.0058402241
1971,5,31,0.0058385467
1971,5,32,0.0058374099
1971,5,33,0.0058366531
1971,5,34,0.0058361595
1971,5,35,0.0058358484
1971,5,36,0.0058356612
1971,5,37,0.0058355582
1971,5,38,0.0058355582
1971,5,39,0.0058355582
1971,5,40,0.0058355582
1972,5,1,7.004017e-12
1972,5,2,7.004017e-12
1972,5,3,0.00025082531
1972,5,4,0.00040364256
1972,5,5,0.0009560086
1972,5,6,0.002088006
1972,5,7,0.0036994706
1972,5,8,0.005353662
1972,5,9,0.006544534
1972,5,10,0.007036743
1972,5,11,0.007002199
1972,5,12,0.006739717
1972,5,13,0.006422625
1972,5,14,0.006127766
1972,5,15,0.005880916
1972,5,16,0.00568496
1972,5,17,0.005534082
1972,5,18,0.005420123
1972,5,19,0.005335171
1972,5,20,0.005272456
1972,5,21,0.005226511
1972,5,22,0.00519307
1972,5,23,0.005168871
1972,5,24,0.005151457
1972,5,25,0.005138987
1972,5,26,0.005130108
1972,5,27,0.005123822
1972,5,28,0.005119398
1972,5,29,0.005116307
1972,5,30,0.005114165
1972,5,31,0.005112696
1972,5,32,0.005111702
1972,5,33,0.005111039
1972,5,34,0.005110607
1972,5,35,0.005110335
1972,5,36,0.00511017
1972,5,37,0.00511008
1972,5,38,0.00511008
1972,5,39,0.00511008
1972,5,40,0.00511008
1973,5,1,1.321546e-11
1973,5,2,1.321546e-11
1973,5,3,0.00047326721
1973,5,4,0.00076160902
1973,5,5,0.0018038357
1973,5,6,0.0039397338
1973,5,7,0.0069803121
1973,5,8,0.010101507
1973,5,9,0.012348491
1973,5,10,0.01327721
1973,5,11,0.013212031
1973,5,12,0.012716772
1973,5,13,0.012118469
1973,5,14,0.011562117
1973,5,15,0.011096348
1973,5,16,0.010726612
1973,5,17,0.01044193
1973,5,18,0.010226906
1973,5,19,0.010066616
1973,5,20,0.009948282
1973,5,21,0.009861592
1973,5,22,0.009798496
1973,5,23,0.009752836
1973,5,24,0.009719974
1973,5,25,0.009696448
1973,5,26,0.009679694
1973,5,27,0.009667833
1973,5,28,0.009659485
1973,5,29,0.009653653
1973,5,30,0.009649613
1973,5,31,0.009646841
1973,5,32,0.009644964
1973,5,33,0.009643713
1973,5,34,0.009642898
1973,5,35,0.009642385
1973,5,36,0.009642076
1973,5,37,0.009641904
1973,5,38,0.009641904
1973,5,39,0.009641904
1973,5,40,0.009641904
1974,5,1,8.230955e-12
1974,5,2,8.230955e-12
1974,5,3,0.000294764
1974,5,4,0.0004743513
1974,5,5,0.0011234789
1974,5,6,0.0024537755
1974,5,7,0.004347532
1974,5,8,0.006291498
1974,5,9,0.007690982
1974,5,10,0.008269413
1974,5,11,0.008228818
1974,5,12,0.007920358
1974,5,13,0.007547717
1974,5,14,0.007201209
1974,5,15,0.006911112
1974,5,16,0.006680831
1974,5,17,0.006503523
1974,5,18,0.006369601
1974,5,19,0.006269767
1974,5,20,0.006196066
1974,5,21,0.006142073
1974,5,22,0.006102775
1974,5,23,0.006074337
1974,5,24,0.00605387
1974,5,25,0.006039217
1974,5,26,0.006028781
1974,5,27,0.006021395
1974,5,28,0.006016195
1974,5,29,0.006012562
1974,5,30,0.006010045
1974,5,31,0.00600832
1974,5,32,0.00600715
1974,5,33,0.006006373
1974,5,34,0.006005865
1974,5,35,0.006005544
1974,5,36,0.006005352
1974,5,37,0.006005244
1974,5,38,0.006005244
1974,5,39,0.006005244
1974,5,40,0.006005244
1975,5,1,3.4221596e-12
1975,5,2,3.4221596e-12
1975,5,3,0.00012255317
1975,5,4,0.00019721962
1975,5,5,0.00046710558
1975,5,6,0.001020199
1975,5,7,0.0018075604
1975,5,8,0.0026157977
1975,5,9,0.0031976569
1975,5,10,0.0034381506
1975,5,11,0.0034212718
1975,5,12,0.003293024
1975,5,13,0.003138093
1975,5,14,0.0029940257
1975,5,15,0.0028734131
1975,5,16,0.0027776697
1975,5,17,0.0027039509
1975,5,18,0.0026482701
1975,5,19,0.0026067629
1975,5,20,0.0025761202
1975,5,21,0.0025536716
1975,5,22,0.0025373328
1975,5,23,0.0025255094
1975,5,24,0.0025169997
1975,5,25,0.0025109074
1975,5,26,0.002506569
1975,5,27,0.0025034972
1975,5,28,0.002501336
1975,5,29,0.0024998258
1975,5,30,0.0024987794
1975,5,31,0.0024980617
1975,5,32,0.0024975755
1975,5,33,0.0024972518
1975,5,34,0.0024970408
1975,5,35,0.0024969076
1975,5,36,0.0024968275
1975,5,37,0.0024967831
1975,5,38,0.0024967831
1975,5,39,0.0024967831
1975,5,40,0.0024967831
1976,5,1,5.6186912e-12
1976,5,2,5.6186912e-12
1976,5,3,0.00020121454
1976,5,4,0.00032380608
1976,5,5,0.00076691957
1976,5,6,0.001675019
1976,5,7,0.0029677519
1976,5,8,0.0042947612
1976,5,9,0.0052500893
1976,5,10,0.0056449444
1976,5,11,0.0056172328
1976,5,12,0.0054066689
1976,5,13,0.0051522943
1976,5,14,0.0049157554
1976,5,15,0.0047177281
1976,5,16,0.0045605312
1976,5,17,0.0044394954
1976,5,18,0.0043480751
1976,5,19,0.0042799274
1976,5,20,0.0042296167
1976,5,21,0.0041927591
1976,5,22,0.0041659334
1976,5,23,0.0041465203
1976,5,24,0.0041325494
1976,5,25,0.0041225465
1976,5,26,0.0041154235
1976,5,27,0.0041103807
1976,5,28,0.0041068308
1976,5,29,0.0041043519
1976,5,30,0.0041026334
1976,5,31,0.0041014545
1976,5,32,0.0041006571
1976,5,33,0.0041001254
1976,5,34,0.0040997798
1976,5,35,0.0040995595
1976,5,36,0.0040994286
1976,5,37,0.0040993561
1976,5,38,0.0040993561
1976,5,39,0.0040993561
1976,5,40,0.0040993561
1977,5,1,4.1900876e-12
1977,5,2,4.1900876e-12
1977,5,3,0.0001500539
1977,5,4,0.00024147544
1977,5,5,0.00057192333
1977,5,6,0.0012491301
1977,5,7,0.0022131742
1977,5,8,0.0032027792
1977,5,9,0.0039152071
1977,5,10,0.0042096664
1977,5,11,0.0041890005
1977,5,12,0.0040319735
1977,5,13,0.0038422757
1977,5,14,0.0036658789
1977,5,15,0.0035182028
1977,5,16,0.0034009742
1977,5,17,0.0033107135
1977,5,18,0.0032425382
1977,5,19,0.0031917164
1977,5,20,0.0031541977
1977,5,21,0.0031267121
1977,5,22,0.0031067069
1977,5,23,0.0030922302
1977,5,24,0.003081811
1977,5,25,0.0030743516
1977,5,26,0.0030690398
1977,5,27,0.0030652782
1977,5,28,0.0030626322
1977,5,29,0.0030607829
1977,5,30,0.0030595014
1977,5,31,0.0030586232
1977,5,32,0.0030580279
1977,5,33,0.0030576307
1977,5,34,0.0030573725
1977,5,35,0.0030572094
1977,5,36,0.0030571115
1977,5,37,0.0030570575
1977,5,38,0.0030570575
1977,5,39,0.0030570575
1977,5,40,0.0030570575
1978,5,1,5.57793e-12
1978,5,2,5.57793e-12
1978,5,3,0.00019975482
1978,5,4,0.00032145695
1978,5,5,0.00076135586
1978,5,6,0.0016628675
1978,5,7,0.0029462228
1978,5,8,0.0042636045
1978,5,9,0.0052120034
1978,5,10,0.0056039926
1978,5,11,0.0055764825
1978,5,12,0.0053674446
1978,5,13,0.0051149152
1978,5,14,0.0048800938
1978,5,15,0.0046835031
1978,5,16,0.0045274461
1978,5,17,0.004407289
1978,5,18,0.0043165327
1978,5,19,0.0042488773
1978,5,20,0.0041989318
1978,5,21,0.0041623422
1978,5,22,0.0041357099
1978,5,23,0.0041164389
1978,5,24,0.0041025686
1978,5,25,0.0040926382
1978,5,26,0.0040855674
1978,5,27,0.0040805607
1978,5,28,0.0040770381
1978,5,29,0.0040745763
1978,5,30,0.0040728713
1978,5,31,0.0040717011
1978,5,32,0.0040709083
1978,5,33,0.0040703808
1978,5,34,0.0040700369
1978,5,35,0.0040698193
1978,5,36,0.0040696896
1978,5,37,0.0040696175
1978,5,38,0.0040696175
1978,5,39,0.0040696175
1978,5,40,0.0040696175
1979,5,1,8.4891879e-12
1979,5,2,8.4891879e-12
1979,5,3,0.00030401171
1979,5,4,0.00048923322
1979,5,5,0.0011587263
1979,5,6,0.0025307589
1979,5,7,0.0044839282
1979,5,8,0.0064888845
1979,5,9,0.0079322748
1979,5,10,0.0085288541
1979,5,11,0.0084869855
1979,5,12,0.0081688475
1979,5,13,0.0077845153
1979,5,14,0.0074271336
1979,5,15,0.0071279381
1979,5,16,0.0068904326
1979,5,17,0.0067075611
1979,5,18,0.0065694368
1979,5,19,0.0064664719
1979,5,20,0.0063904573
1979,5,21,0.0063347712
1979,5,22,0.0062942396
1979,5,23,0.0062649097
1979,5,24,0.0062438008
1979,5,25,0.0062286865
1979,5,26,0.0062179257
1979,5,27,0.0062103053
1979,5,28,0.0062049434
1979,5,29,0.0062011987
1979,5,30,0.0061986027
1979,5,31,0.0061968222
1979,5,32,0.0061956159
1979,5,33,0.0061948125
1979,5,34,0.0061942895
1979,5,35,0.0061939589
1979,5,36,0.0061937601
1979,5,37,0.0061936505
1979,5,38,0.0061936505
1979,5,39,0.0061936505
1979,5,40,0.0061936505
1980,5,1,9.759456e-12
1980,5,2,9.759456e-12
1980,5,3,0.00034950217
1980,5,4,0.000562439
1980,5,5,0.0013321107
1980,5,6,0.0029094457
1980,5,7,0.0051548751
1980,5,8,0.0074598392
1980,5,9,0.00911921
1980,5,10,0.009805057
1980,5,11,0.009756923
1980,5,12,0.009391181
1980,5,13,0.00894934
1980,5,14,0.0085384822
1980,5,15,0.0081945163
1980,5,16,0.0079214716
1980,5,17,0.0077112383
1980,5,18,0.0075524463
1980,5,19,0.0074340727
1980,5,20,0.0073466851
1980,5,21,0.0072826653
1980,5,22,0.0072360697
1980,5,23,0.0072023508
1980,5,24,0.0071780825
1980,5,25,0.0071607077
1980,5,26,0.0071483363
1980,5,27,0.0071395763
1980,5,28,0.0071334122
1980,5,29,0.0071291053
1980,5,30,0.007126122
1980,5,31,0.0071240747
1980,5,32,0.0071226883
1980,5,33,0.0071217649
1980,5,34,0.0071211624
1980,5,35,0.0071207831
1980,5,36,0.0071205553
1980,5,37,0.0071204279
1980,5,38,0.0071204279
1980,5,39,0.0071204279
1980,5,40,0.0071204279
1981,5,1,1.2497702e-11
1981,5,2,1.2497702e-11
1981,5,3,0.00044756319
1981,5,4,0.00072024462
1981,5,5,0.0017058658
1981,5,6,0.003725759
1981,5,7,0.0066011977
1981,5,8,0.009552874
1981,5,9,0.01167782
1981,5,10,0.012556097
1981,5,11,0.012494459
1981,5,12,0.0120261
1981,5,13,0.011460291
1981,5,14,0.010934156
1981,5,15,0.010493683
1981,5,16,0.010144029
1981,5,17,0.009874808
1981,5,18,0.009671461
1981,5,19,0.009519877
1981,5,20,0.009407971
1981,5,21,0.009325989
1981,5,22,0.009266319
1981,5,23,0.00922314
1981,5,24,0.009192063
1981,5,25,0.009169814
1981,5,26,0.009153971
1981,5,27,0.009142753
1981,5,28,0.00913486
1981,5,29,0.009129345
1981,5,30,0.009125523
1981,5,31,0.009122903
1981,5,32,0.009121127
1981,5,33,0.009119945
1981,5,34,0.009119174
1981,5,35,0.009118687
1981,5,36,0.009118395
1981,5,37,0.009118232
1981,5,38,0.009118232
1981,5,39,0.009118232
1981,5,40,0.009118232
1982,5,1,6.563985e-12
1982,5,2,6.563985e-12
1982,5,3,0.00023506706
1982,5,4,0.00037828346
1982,5,5,0.000895947
1982,5,6,0.0019568258
1982,5,7,0.0034670499
1982,5,8,0.0050173156
1982,5,9,0.0061333698
1982,5,10,0.006594656
1982,5,11,0.006562281
1982,5,12,0.0063162918
1982,5,13,0.0060191211
1982,5,14,0.0057427861
1982,5,15,0.0055114436
1982,5,16,0.0053277986
1982,5,17,0.0051864004
1982,5,18,0.0050796005
1982,5,19,0.0049999854
1982,5,20,0.0049412101
1982,5,21,0.0048981528
1982,5,22,0.0048668127
1982,5,23,0.0048441344
1982,5,24,0.0048278124
1982,5,25,0.0048161275
1982,5,26,0.0048078052
1982,5,27,0.0048019133
1982,5,28,0.0047977678
1982,5,29,0.0047948719
1982,5,30,0.0047928644
1982,5,31,0.0047914877
1982,5,32,0.0047905556
1982,5,33,0.004789935
1982,5,34,0.0047895301
1982,5,35,0.0047892748
1982,5,36,0.0047891217
1982,5,37,0.0047890352
1982,5,38,0.0047890352
1982,5,39,0.0047890352
1982,5,40,0.0047890352
1983,5,1,8.7382957e-12
1983,5,2,8.7382957e-12
1983,5,3,0.00031293272
1983,5,4,0.00050358943
1983,5,5,0.00119272806
1983,5,6,0.0026050215
1983,5,7,0.0046155051
1983,5,8,0.0066792949
1983,5,9,0.0081650405
1983,5,10,0.0087791265
1983,5,11,0.0087360278
1983,5,12,0.0084085551
1983,5,13,0.0080129462
1983,5,14,0.0076450766
1983,5,15,0.0073371014
1983,5,16,0.0070926251
1983,5,17,0.0069043894
1983,5,18,0.0067622107
1983,5,19,0.0066562255
1983,5,20,0.0065779798
1983,5,21,0.0065206587
1983,5,22,0.0064789381
1983,5,23,0.0064487488
1983,5,24,0.0064270195
1983,5,25,0.0064114626
1983,5,26,0.0064003858
1983,5,27,0.006392541
1983,5,28,0.0063870227
1983,5,29,0.0063831662
1983,5,30,0.0063804949
1983,5,31,0.006378661
1983,5,32,0.0063774212
1983,5,33,0.0063765947
1983,5,34,0.006376055
1983,5,35,0.0063757149
1983,5,36,0.0063755109
1983,5,37,0.0063753975
1983,5,38,0.0063753975
1983,5,39,0.0063753975
1983,5,40,0.0063753975
1984,5,1,4.476374e-12
1984,5,2,4.476374e-12
1984,5,3,0.00016030633
1984,5,4,0.00025797419
1984,5,5,0.0006109999
1984,5,6,0.0013344767
1984,5,7,0.0023643889
1984,5,8,0.0034216081
1984,5,9,0.0041827127
1984,5,10,0.0044972898
1984,5,11,0.0044752134
1984,5,12,0.0043074583
1984,5,13,0.0041047989
1984,5,14,0.0039163504
1984,5,15,0.0037585829
1984,5,16,0.0036333453
1984,5,17,0.0035369172
1984,5,18,0.0034640842
1984,5,19,0.0034097899
1984,5,20,0.0033697075
1984,5,21,0.0033403437
1984,5,22,0.0033189716
1984,5,23,0.0033035058
1984,5,24,0.0032923747
1984,5,25,0.0032844056
1984,5,26,0.0032787308
1984,5,27,0.003274713
1984,5,28,0.0032718856
1984,5,29,0.0032699103
1984,5,30,0.0032685417
1984,5,31,0.0032676028
1984,5,32,0.0032669669
1984,5,33,0.0032665434
1984,5,34,0.0032662673
1984,5,35,0.0032660932
1984,5,36,0.0032659883
1984,5,37,0.0032659303
1984,5,38,0.0032659303
1984,5,39,0.0032659303
1984,5,40,0.0032659303
1985,5,1,3.1282027096e-09
1985,5,2,9.0055937096e-09
1985,5,3,0.0003767238
1985,5,4,0.00060638246
1985,5,5,0.0014362456
1985,5,6,0.0031367906
1985,5,7,0.0055576441
1985,5,8,0.0080430004
1985,5,9,0.0098329128
1985,5,10,0.0105738372
1985,5,11,0.0105237716
1985,5,12,0.0101313118
1985,5,13,0.0096566449
1985,5,14,0.0092151239
1985,5,15,0.0088454543
1985,5,16,0.0085519916
1985,5,17,0.0083260339
1985,5,18,0.0081553625
1985,5,19,0.0080281323
1985,5,20,0.0079342033
1985,5,21,0.0078653891
1985,5,22,0.0078153037
1985,5,23,0.0077790573
1985,5,24,0.0077529694
1985,5,25,0.0077342915
1985,5,26,0.0077209912
1985,5,27,0.007711573
1985,5,28,0.007704946
1985,5,29,0.0077003153
1985,5,30,0.0076971071
1985,5,31,0.0076949059
1985,5,32,0.0076934139
1985,5,33,0.0076924223
1985,5,34,0.007691774
1985,5,35,0.0076913649
1985,5,36,0.00769112
1985,5,37,0.0076909833
1985,5,38,0.0076909833
1985,5,39,0.0076909833
1985,5,40,0.0076909833
1986,5,1,4.046235489e-09
1986,5,2,1.1662886489e-08
1986,5,3,0.00021326916
1986,5,4,0.00034338225
1986,5,5,0.00081335879
1986,5,6,0.0017763234
1986,5,7,0.0031471969
1986,5,8,0.0045548272
1986,5,9,0.0055690711
1986,5,10,0.0059897289
1986,5,11,0.0059627134
1986,5,12,0.0057418283
1986,5,13,0.0054742672
1986,5,14,0.0052252945
1986,5,15,0.0050168095
1986,5,16,0.004851296
1986,5,17,0.0047238544
1986,5,18,0.0046275906
1986,5,19,0.0045558282
1986,5,20,0.0045028464
1986,5,21,0.0044640312
1986,5,22,0.0044357769
1986,5,23,0.0044153308
1986,5,24,0.0044006136
1986,5,25,0.0043900757
1986,5,26,0.0043825713
1986,5,27,0.0043772577
1986,5,28,0.0043735183
1986,5,29,0.0043709052
1986,5,30,0.0043690938
1986,5,31,0.0043678514
1986,5,32,0.0043670102
1986,5,33,0.0043664504
1986,5,34,0.0043660846
1986,5,35,0.0043658535
1986,5,36,0.0043657141
1986,5,37,0.0043656373
1986,5,38,0.0043656373
1986,5,39,0.0043656373
1986,5,40,0.0043656373
1987,5,1,5.07710814e-07
1987,5,2,1.46482528e-06
1987,5,3,0.00020918815
1987,5,4,0.00035891165
1987,5,5,0.00085933388
1987,5,6,0.001861443
1987,5,7,0.0032924823
1987,5,8,0.0048129889
1987,5,9,0.006017642
1987,5,10,0.0066980935
1987,5,11,0.0069653448
1987,5,12,0.0070345382
1987,5,13,0.0070282617
1987,5,14,0.0070005298
1987,5,15,0.0069712798
1987,5,16,0.0069463244
1987,5,17,0.0069264572
1987,5,18,0.0069110213
1987,5,19,0.0068991302
1987,5,20,0.0068900027
1987,5,21,0.006883018
1987,5,22,0.0068776951
1987,5,23,0.0068736576
1987,5,24,0.0068706115
1987,5,25,0.0068683233
1987,5,26,0.0068666146
1987,5,27,0.0068653443
1987,5,28,0.0068644015
1987,5,29,0.0068637069
1987,5,30,0.0068631936
1987,5,31,0.0068628174
1987,5,32,0.0068625409
1987,5,33,0.0068623386
1987,5,34,0.0068621893
1987,5,35,0.0068620801
1987,5,36,0.0068619996
1987,5,37,0.0068619405
1987,5,38,0.0068619405
1987,5,39,0.0068619405
1987,5,40,0.0068619405
1988,5,1,4.2707843e-07
1988,5,2,1.23216952e-06
1988,5,3,0.00053454485
1988,5,4,0.0008789565
1988,5,5,0.0020895638
1988,5,6,0.00455082
1988,5,7,0.008058332
1988,5,8,0.011702181
1988,5,9,0.01441798
1988,5,10,0.015694018
1988,5,11,0.015869434
1988,5,12,0.015552394
1988,5,13,0.015093796
1988,5,14,0.014648934
1988,5,15,0.014271426
1988,5,16,0.013970295
1988,5,17,0.013737888
1988,5,18,0.013561986
1988,5,19,0.013430535
1988,5,20,0.013333198
1988,5,21,0.013261639
1988,5,22,0.013209355
1988,5,23,0.013171366
1988,5,24,0.013143904
1988,5,25,0.013124154
1988,5,26,0.013110022
1988,5,27,0.013099967
1988,5,28,0.013092849
1988,5,29,0.013087846
1988,5,30,0.013084354
1988,5,31,0.013081937
1988,5,32,0.013080281
1988,5,33,0.013079164
1988,5,34,0.013078423
1988,5,35,0.01307794
1988,5,36,0.013077638
1988,5,37,0.013077458
1988,5,38,0.013077458
1988,5,39,0.013077458
1988,5,40,0.013077458
1989,5,1,2.0372863e-07
1989,5,2,5.8777995e-07
1989,5,3,0.00025744998
1989,5,4,0.00042324101
1989,5,5,0.0010061457
1989,5,6,0.0021913233
1989,5,7,0.0038802916
1989,5,8,0.005634714
1989,5,9,0.006941893
1989,5,10,0.00755542
1989,5,11,0.007638761
1989,5,12,0.007484952
1989,5,13,0.00726308
1989,5,14,0.007047981
1989,5,15,0.006865482
1989,5,16,0.0067199128
1989,5,17,0.0066075708
1989,5,18,0.006522544
1989,5,19,0.0064590063
1989,5,20,0.0064119598
1989,5,21,0.006377374
1989,5,22,0.0063521055
1989,5,23,0.0063337461
1989,5,24,0.0063204762
1989,5,25,0.0063109329
1989,5,26,0.006304105
1989,5,27,0.0062992451
1989,5,28,0.0062958076
1989,5,29,0.0062933909
1989,5,30,0.0062917032
1989,5,31,0.0062905362
1989,5,32,0.0062897366
1989,5,33,0.0062891975
1989,5,34,0.0062888384
1989,5,35,0.0062886059
1989,5,36,0.0062884611
1989,5,37,0.0062883744
1989,5,38,0.0062883744
1989,5,39,0.0062883744
1989,5,40,0.0062883744
1990,5,1,3.1609847e-07
1990,5,2,9.1198126e-07
1990,5,3,0.00036540263
1990,5,4,0.00060189451
1990,5,5,0.0014313295
1990,5,6,0.0031165501
1990,5,7,0.0055183497
1990,5,8,0.0080159062
1990,5,9,0.009882425
1990,5,10,0.010767542
1990,5,11,0.01090154
1990,5,12,0.010698525
1990,5,13,0.010397321
1990,5,14,0.010103606
1990,5,15,0.009853954
1990,5,16,0.009654696
1990,5,17,0.00950087
1990,5,18,0.009384415
1990,5,19,0.009297364
1990,5,20,0.009232881
1990,5,21,0.009185456
1990,5,22,0.00915079
1990,5,23,0.009125589
1990,5,24,0.009107364
1990,5,25,0.009094248
1990,5,26,0.00908486
1990,5,27,0.009078174
1990,5,28,0.00907344
1990,5,29,0.009070109
1990,5,30,0.009067782
1990,5,31,0.009066171
1990,5,32,0.009065066
1990,5,33,0.009064319
1990,5,34,0.009063821
1990,5,35,0.009063497
1990,5,36,0.009063293
1990,5,37,0.009063171
1990,5,38,0.009063171
1990,5,39,0.009063171
1990,5,40,0.009063171
1991,5,1,4.1002799e-07
1991,5,2,1.18299233e-06
1991,5,3,0.0002216216
1991,5,4,0.00037463473
1991,5,5,0.0008947899
1991,5,6,0.0019418484
1991,5,7,0.0034360149
1991,5,8,0.0050114078
1991,5,9,0.0062344066
1991,5,10,0.0068873178
1991,5,11,0.0070958935
1991,5,12,0.0070966452
1991,5,13,0.0070249769
1991,5,14,0.0069406508
1991,5,15,0.0068651799
1991,5,16,0.00680387
1991,5,17,0.0067561358
1991,5,18,0.0067197347
1991,5,19,0.0066922875
1991,5,20,0.0066717456
1991,5,21,0.0066564542
1991,5,22,0.0066451329
1991,5,23,0.0066367888
1991,5,24,0.0066306711
1991,5,25,0.0066262039
1991,5,26,0.006622959
1991,5,27,0.0066206125
1991,5,28,0.0066189225
1991,5,29,0.0066177123
1991,5,30,0.006616848
1991,5,31,0.0066162356
1991,5,32,0.0066158038
1991,5,33,0.0066155014
1991,5,34,0.0066152893
1991,5,35,0.0066151447
1991,5,36,0.0066150452
1991,5,37,0.0066149778
1991,5,38,0.0066149778
1991,5,39,0.0066149778
1991,5,40,0.0066149778
1992,5,1,5.7394387e-07
1992,5,2,1.6559188e-06
1992,5,3,0.00022233013
1992,5,4,0.00038296632
1992,5,5,0.00091751525
1992,5,6,0.0019865051
1992,5,7,0.0035133374
1992,5,8,0.0051388977
1992,5,9,0.006433533
1992,5,10,0.007174991
1992,5,11,0.0074790545
1992,5,12,0.0075720797
1992,5,13,0.0075828699
1992,5,14,0.0075681523
1992,5,15,0.0075490089
1992,5,16,0.0075318501
1992,5,17,0.0075179024
1992,5,18,0.007506881
1992,5,19,0.0074982292
1992,5,20,0.0074914485
1992,5,21,0.0074861445
1992,5,22,0.0074820131
1992,5,23,0.0074788141
1992,5,24,0.0074763525
1992,5,25,0.0074744692
1992,5,26,0.0074730386
1992,5,27,0.0074719561
1992,5,28,0.0074711407
1992,5,29,0.0074705301
1992,5,30,0.0074700711
1992,5,31,0.0074697282
1992,5,32,0.0074694716
1992,5,33,0.0074692797
1992,5,34,0.0074691358
1992,5,35,0.0074690276
1992,5,36,0.0074689464
1992,5,37,0.0074688845
1992,5,38,0.0074688845
1992,5,39,0.0074688845
1992,5,40,0.0074688845
1993,5,1,4.3376884e-07
1993,5,2,1.2514775e-06
1993,5,3,0.00043906941
1993,5,4,0.00072560561
1993,5,5,0.0017264815
1993,5,6,0.0037576142
1993,5,7,0.0066528783
1993,5,8,0.0096689255
1993,5,9,0.0119342117
1993,5,10,0.013026453
1993,5,11,0.013218922
1993,5,12,0.013005592
1993,5,13,0.012671095
1993,5,14,0.012341347
1993,5,15,0.012060131
1993,5,16,0.011835414
1993,5,17,0.011661834
1993,5,18,0.011530359
1993,5,19,0.011432022
1993,5,20,0.011359127
1993,5,21,0.011305471
1993,5,22,0.011266214
1993,5,23,0.011237647
1993,5,24,0.011216965
1993,5,25,0.011202069
1993,5,26,0.011191394
1993,5,27,0.011183781
1993,5,28,0.011178385
1993,5,29,0.011174583
1993,5,30,0.011171922
1993,5,31,0.011170076
1993,5,32,0.011168808
1993,5,33,0.011167946
1993,5,34,0.011167371
1993,5,35,0.011166995
1993,5,36,0.011166755
1993,5,37,0.011166611
1993,5,38,0.011166611
1993,5,39,0.011166611
1993,5,40,0.011166611
1994,5,1,6.395659e-07
1994,5,2,1.8452332e-06
1994,5,3,0.00054566053
1994,5,4,0.0009061668
1994,5,5,0.0021578889
1994,5,6,0.004693596
1994,5,7,0.008308968
1994,5,8,0.0120851
1994,5,9,0.014942177
1994,5,10,0.01635301
1994,5,11,0.016650805
1994,5,12,0.01644271
1994,5,13,0.016078111
1994,5,14,0.015711498
1994,5,15,0.015396971
1994,5,16,0.01514511
1994,5,17,0.014950365
1994,5,18,0.01480273
1994,5,19,0.014692189
1994,5,20,0.014610144
1994,5,21,0.014549664
1994,5,22,0.014505343
1994,5,23,0.014473036
1994,5,24,0.014449607
1994,5,25,0.0144327
1994,5,26,0.014420558
1994,5,27,0.014411886
1994,5,28,0.014405723
1994,5,29,0.014401371
1994,5,30,0.014398316
1994,5,31,0.01439619
1994,5,32,0.014394722
1994,5,33,0.014393722
1994,5,34,0.014393048
1994,5,35,0.014392604
1994,5,36,0.014392319
1994,5,37,0.014392142
1994,5,38,0.014392142
1994,5,39,0.014392142
1994,5,40,0.014392142
1995,5,1,8.789104e-07
1995,5,2,2.5357797e-06
1995,5,3,0.0006469469
1995,5,4,0.0010796632
1995,5,5,0.0025731762
1995,5,6,0.005593353
1995,5,7,0.009900503
1995,5,8,0.014411047
1995,5,9,0.017848703
1995,5,10,0.019585556
1995,5,11,0.02000897
1995,5,12,0.019830698
1995,5,13,0.019459764
1995,5,14,0.019076938
1995,5,15,0.018745993
1995,5,16,0.01848028
1995,5,17,0.018274562
1995,5,18,0.018118438
1995,5,19,0.018001386
1995,5,20,0.017914371
1995,5,21,0.017850108
1995,5,22,0.017802922
1995,5,23,0.017768454
1995,5,24,0.017743403
1995,5,25,0.017725284
1995,5,26,0.017712243
1995,5,27,0.017702905
1995,5,28,0.017696251
1995,5,29,0.017691537
1995,5,30,0.01768822
1995,5,31,0.017685899
1995,5,32,0.01768429
1995,5,33,0.017683186
1995,5,34,0.017682439
1995,5,35,0.01768194
1995,5,36,0.017681615
1995,5,37,0.017681409
1995,5,38,0.017681409
1995,5,39,0.017681409
1995,5,40,0.017681409
1996,5,1,1.2269017e-06
1996,5,2,3.5397982e-06
1996,5,3,0.00061286728
1996,5,4,0.0010400873
1996,5,5,0.0024857952
1996,5,6,0.005391937
1996,5,7,0.009539825
1996,5,8,0.013922198
1996,5,9,0.017342994
1996,5,10,0.019198001
1996,5,11,0.019829033
1996,5,12,0.019883897
1996,5,13,0.019733009
1996,5,14,0.019539788
1996,5,15,0.019363446
1996,5,16,0.019219267
1996,5,17,0.019106681
1996,5,18,0.019020604
1996,5,19,0.018955506
1996,5,20,0.018906605
1996,5,21,0.018870063
1996,5,22,0.018842888
1996,5,23,0.018822774
1996,5,24,0.018807956
1996,5,25,0.018797092
1996,5,26,0.018789162
1996,5,27,0.0187834
1996,5,28,0.018779231
1996,5,29,0.018776227
1996,5,30,0.018774073
1996,5,31,0.018772534
1996,5,32,0.01877144
1996,5,33,0.018770666
1996,5,34,0.018770121
1996,5,35,0.018769741
1996,5,36,0.018769476
1996,5,37,0.018769294
1996,5,38,0.018769294
1996,5,39,0.018769294
1996,5,40,0.018769294
1997,5,1,8.441843e-07
1997,5,2,2.4355959e-06
1997,5,3,0.00051043292
1997,5,4,0.0008584536
1997,5,5,0.0020486179
1997,5,6,0.0044487247
1997,5,7,0.007872866
1997,5,8,0.011473465
1997,5,9,0.014248515
1997,5,10,0.015699018
1997,5,11,0.016120985
1997,5,12,0.016065868
1997,5,13,0.015849857
1997,5,14,0.015612588
1997,5,15,0.015403915
1997,5,16,0.015235383
1997,5,17,0.015104534
1997,5,18,0.015004988
1997,5,19,0.014930141
1997,5,20,0.014874305
1997,5,21,0.014832907
1997,5,22,0.014802377
1997,5,23,0.014779975
1997,5,24,0.014763618
1997,5,25,0.014751731
1997,5,26,0.014743132
1997,5,27,0.014736943
1997,5,28,0.01473251
1997,5,29,0.01472935
1997,5,30,0.01472711
1997,5,31,0.014725532
1997,5,32,0.014724427
1997,5,33,0.014723661
1997,5,34,0.014723133
1997,5,35,0.014722774
1997,5,36,0.014722534
1997,5,37,0.014722378
1997,5,38,0.014722378
1997,5,39,0.014722378
1997,5,40,0.014722378
1998,5,1,1.1823099e-06
1998,5,2,3.41115e-06
1998,5,3,0.00047163732
1998,5,4,0.0008108556
1998,5,5,0.0019420569
1998,5,6,0.00420572
1998,5,7,0.007438606
1998,5,8,0.010877194
1998,5,9,0.013608883
1998,5,10,0.01516304
1998,5,11,0.015787523
1998,5,12,0.015964877
1998,5,13,0.015969857
1998,5,14,0.015923499
1998,5,15,0.015870637
1998,5,16,0.015824633
1998,5,17,0.015787693
1998,5,18,0.015758791
1998,5,19,0.015736349
1998,5,20,0.015718969
1998,5,21,0.015705544
1998,5,22,0.015695216
1998,5,23,0.015687309
1998,5,24,0.01568129
1998,5,25,0.015676735
1998,5,26,0.015673303
1998,5,27,0.015670731
1998,5,28,0.015668813
1998,5,29,0.015667384
1998,5,30,0.015666324
1998,5,31,0.015665538
1998,5,32,0.015664955
1998,5,33,0.015664524
1998,5,34,0.015664203
1998,5,35,0.015663966
1998,5,36,0.015663789
1998,5,37,0.015663657
1998,5,38,0.015663657
1998,5,39,0.015663657
1998,5,40,0.015663657
1999,5,1,8.655598e-07
1999,5,2,2.4972728e-06
1999,5,3,0.00042084529
1999,5,4,0.0007152218
1999,5,5,0.0017097704
1999,5,6,0.0037080042
1999,5,7,0.006560242
1999,5,8,0.009575946
1999,5,9,0.011934554
1999,5,10,0.013220619
1999,5,11,0.013667392
1999,5,12,0.013718156
1999,5,13,0.013626273
1999,5,14,0.013503506
1999,5,15,0.013390439
1999,5,16,0.013297726
1999,5,17,0.013225229
1999,5,18,0.013169738
1999,5,19,0.013127716
1999,5,20,0.013096098
1999,5,21,0.013072429
1999,5,22,0.013054793
1999,5,23,0.013041714
1999,5,24,0.013032062
1999,5,25,0.013024969
1999,5,26,0.013019782
1999,5,27,0.013016006
1999,5,28,0.013013269
1999,5,29,0.013011292
1999,5,30,0.01300987
1999,5,31,0.013008852
1999,5,32,0.013008126
1999,5,33,0.013007611
1999,5,34,0.013007246
1999,5,35,0.013006989
1999,5,36,0.013006812
1999,5,37,0.013006687
1999,5,38,0.013006687
1999,5,39,0.013006687
1999,5,40,0.013006687
2000,5,1,1.1471031e-06
2000,5,2,3.3095636e-06
2000,5,3,0.0006447352
2000,5,4,0.00108787
2000,5,5,0.0025975098
2000,5,6,0.005638356
2000,5,7,0.009977298
2000,5,8,0.014547691
2000,5,9,0.018086552
2000,5,10,0.019961664
2000,5,11,0.020541775
2000,5,12,0.020518008
2000,5,13,0.020286251
2000,5,14,0.020021277
2000,5,15,0.01978581
2000,5,16,0.01959497
2000,5,17,0.019446559
2000,5,18,0.019333491
2000,5,19,0.019248332
2000,5,20,0.019184677
2000,5,21,0.019137373
2000,5,22,0.019102402
2000,5,23,0.019076676
2000,5,24,0.019057841
2000,5,25,0.019044117
2000,5,26,0.019034164
2000,5,27,0.019026979
2000,5,28,0.019021816
2000,5,29,0.019018124
2000,5,30,0.019015496
2000,5,31,0.019013639
2000,5,32,0.01901233
2000,5,33,0.019011418
2000,5,34,0.019010785
2000,5,35,0.019010351
2000,5,36,0.019010057
2000,5,37,0.019009861
2000,5,38,0.019009861
2000,5,39,0.019009861
2000,5,40,0.019009861
2001,5,1,1.6262858e-06
2001,5,2,4.6920918e-06
2001,5,3,0.0006280802
2001,5,4,0.0010820906
2001,5,5,0.0025925688
2001,5,6,0.005613012
2001,5,7,0.009927139
2001,5,8,0.014520689
2001,5,9,0.018180063
2001,5,10,0.020277276
2001,5,11,0.02113911
2001,5,12,0.021404687
2001,5,13,0.021437662
2001,5,14,0.021398189
2001,5,15,0.021345813
2001,5,16,0.021298677
2001,5,17,0.021260296
2001,5,18,0.02122993
2001,5,19,0.02120606
2001,5,20,0.02118732
2001,5,21,0.021172639
2001,5,22,0.021161186
2001,5,23,0.021152305
2001,5,24,0.02114546
2001,5,25,0.021140221
2001,5,26,0.021136234
2001,5,27,0.021133215
2001,5,28,0.021130939
2001,5,29,0.021129228
2001,5,30,0.021127947
2001,5,31,0.021126986
2001,5,32,0.021126267
2001,5,33,0.021125729
2001,5,34,0.021125322
2001,5,35,0.021125019
2001,5,36,0.021124789
2001,5,37,0.021124615
2001,5,38,0.021124615
2001,5,39,0.021124615
2001,5,40,0.021124615
2002,5,1,2.5064843e-06
2002,5,2,7.2316087e-06
2002,5,3,0.0009070258
2002,5,4,0.001569602
2002,5,5,0.0037632849
2002,5,6,0.008143231
2002,5,7,0.014400452
2002,5,8,0.021077941
2002,5,9,0.026428309
2002,5,10,0.029540919
2002,5,11,0.030877605
2002,5,12,0.03135075
2002,5,13,0.031478676
2002,5,14,0.031489541
2002,5,15,0.031468838
2002,5,16,0.031443844
2002,5,17,0.031421383
2002,5,18,0.031402287
2002,5,19,0.031386153
2002,5,20,0.031372527
2002,5,21,0.031361067
2002,5,22,0.031351548
2002,5,23,0.031343748
2002,5,24,0.031337433
2002,5,25,0.031332393
2002,5,26,0.031328403
2002,5,27,0.031325274
2002,5,28,0.031322847
2002,5,29,0.031320962
2002,5,30,0.031319506
2002,5,31,0.031318388
2002,5,32,0.031317513
2002,5,33,0.031316847
2002,5,34,0.031316328
2002,5,35,0.031315924
2002,5,36,0.031315612
2002,5,37,0.03131537
2002,5,38,0.03131537
2002,5,39,0.03131537
2002,5,40,0.03131537
2003,5,1,2.7711734e-06
2003,5,2,7.995248e-06
2003,5,3,0.0015694663
2003,5,4,0.0026472507
2003,5,5,0.0063204791
2003,5,6,0.013720326
2003,5,7,0.024278894
2003,5,8,0.035398633
2003,5,9,0.044004375
2003,5,10,0.048557657
2003,5,11,0.049957446
2003,5,12,0.049887569
2003,5,13,0.04931262
2003,5,14,0.048658497
2003,5,15,0.048077919
2003,5,16,0.047607592
2003,5,17,0.047241881
2003,5,18,0.046963326
2003,5,19,0.046753563
2003,5,20,0.046596813
2003,5,21,0.046480354
2003,5,22,0.046394282
2003,5,23,0.046330981
2003,5,24,0.046284645
2003,5,25,0.046250902
2003,5,26,0.046226445
2003,5,27,0.046208786
2003,5,28,0.046196097
2003,5,29,0.046187027
2003,5,30,0.046180583
2003,5,31,0.046176023
2003,5,32,0.046172822
2003,5,33,0.046170583
2003,5,34,0.046169032
2003,5,35,0.04616797
2003,5,36,0.046167253
2003,5,37,0.046166773
2003,5,38,0.046166773
2003,5,39,0.046166773
2003,5,40,0.046166773
2004,5,1,1.8734045e-06
2004,5,2,5.4050188e-06
2004,5,3,0.0016652578
2004,5,4,0.0027620174
2004,5,5,0.0065759074
2004,5,6,0.014305467
2004,5,7,0.025325478
2004,5,8,0.036827783
2004,5,9,0.045514399
2004,5,10,0.049778301
2004,5,11,0.050641384
2004,5,12,0.049961803
2004,5,13,0.048809233
2004,5,14,0.047656682
2004,5,15,0.046669518
2004,5,16,0.04587949
2004,5,17,0.045268796
2004,5,18,0.044805936
2004,5,19,0.044459474
2004,5,20,0.044202419
2004,5,21,0.044013018
2004,5,22,0.043874263
2004,5,23,0.043773175
2004,5,24,0.043699902
2004,5,25,0.043647046
2004,5,26,0.043609117
2004,5,27,0.043582033
2004,5,28,0.043562804
2004,5,29,0.043549225
2004,5,30,0.04353971
2004,5,31,0.043533083
2004,5,32,0.043528516
2004,5,33,0.04352541
2004,5,34,0.043523324
2004,5,35,0.043521961
2004,5,36,0.043521067
2004,5,37,0.043520532
2004,5,38,0.043520532
2004,5,39,0.043520532
2004,5,40,0.043520532
2005,5,1,1.1987689e-06
2005,5,2,3.4586057e-06
2005,5,3,0.0010764691
2005,5,4,0.0017849072
2005,5,5,0.0042493529
2005,5,6,0.009244554
2005,5,7,0.016366096
2005,5,8,0.023798108
2005,5,9,0.029408277
2005,5,10,0.032158061
2005,5,11,0.032708835
2005,5,12,0.032262586
2005,5,13,0.031511297
2005,5,14,0.030761001
2005,5,15,0.030118611
2005,5,16,0.029604563
2005,5,17,0.029207235
2005,5,18,0.028906115
2005,5,19,0.028680734
2005,5,20,0.028513521
2005,5,21,0.028390322
2005,5,22,0.028300086
2005,5,23,0.028234352
2005,5,24,0.028186707
2005,5,25,0.028152348
2005,5,26,0.028127689
2005,5,27,0.028110088
2005,5,28,0.028097591
2005,5,29,0.028088771
2005,5,30,0.028082586
2005,5,31,0.028078285
2005,5,32,0.028075322
2005,5,33,0.028073304
2005,5,34,0.028071949
2005,5,35,0.028071057
2005,5,36,0.028070489
2005,5,37,0.028070137
2005,5,38,0.028070137
2005,5,39,0.028070137
2005,5,40,0.028070137
2006,5,1,1.5760391e-06
2006,5,2,4.547087e-06
2006,5,3,0.0012704397
2006,5,4,0.0021136073
2006,5,5,0.0050347507
2006,5,6,0.010948478
2006,5,7,0.019380917
2006,5,8,0.028196873
2006,5,9,0.034885118
2006,5,10,0.03821614
2006,5,11,0.038960202
2006,5,12,0.03852504
2006,5,13,0.03772038
2006,5,14,0.036904185
2006,5,15,0.036202132
2006,5,16,0.035639455
2006,5,17,0.035204192
2006,5,18,0.034874089
2006,5,19,0.034626822
2006,5,20,0.034443191
2006,5,21,0.034307755
2006,5,22,0.03420843
2006,5,23,0.034135975
2006,5,24,0.034083387
2006,5,25,0.034045406
2006,5,26,0.034018123
2006,5,27,0.033998603
2006,5,28,0.033984729
2006,5,29,0.03397492
2006,5,30,0.033968028
2006,5,31,0.033963222
2006,5,32,0.033959895
2006,5,33,0.033957629
2006,5,34,0.033956097
2006,5,35,0.033955079
2006,5,36,0.033954425
2006,5,37,0.033954019
2006,5,38,0.033954019
2006,5,39,0.033954019
2006,5,40,0.033954019
2007,5,1,9.497958e-07
2007,5,2,2.7402501e-06
2007,5,3,0.0015241366
2007,5,4,0.0024943962
2007,5,5,0.0059251996
2007,5,6,0.012912309
2007,5,7,0.022867253
2007,5,8,0.033182518
2007,5,9,0.04081443
2007,5,10,0.04431031
2007,5,11,0.044654248
2007,5,12,0.043598225
2007,5,13,0.042154398
2007,5,14,0.040770833
2007,5,15,0.039601243
2007,5,16,0.038669561
2007,5,17,0.037950988
2007,5,18,0.037407424
2007,5,19,0.037001512
2007,5,20,0.036701184
2007,5,21,0.036480625
2007,5,22,0.036319643
2007,5,23,0.0362028
2007,5,24,0.036118445
2007,5,25,0.036057847
2007,5,26,0.03601455
2007,5,27,0.035983775
2007,5,28,0.035962041
2007,5,29,0.035946779
2007,5,30,0.035936144
2007,5,31,0.035928814
2007,5,32,0.035923799
2007,5,33,0.035920422
2007,5,34,0.035918196
2007,5,35,0.035916759
2007,5,36,0.035915866
2007,5,37,0.035915353
2007,5,38,0.035915353
2007,5,39,0.035915353
2007,5,40,0.035915353
2008,5,1,1.2481152e-06
2008,5,2,3.6009521e-06
2008,5,3,0.0015741295
2008,5,4,0.0025879356
2008,5,5,0.0061521894
2008,5,6,0.013399016
2008,5,7,0.023726314
2008,5,8,0.034454086
2008,5,9,0.0424476
2008,5,10,0.046200212
2008,5,11,0.046711206
2008,5,12,0.045772167
2008,5,13,0.044416828
2008,5,14,0.043102696
2008,5,15,0.041987689
2008,5,16,0.041098321
2008,5,17,0.040411924
2008,5,18,0.039892428
2008,5,19,0.039504222
2008,5,20,0.039216775
2008,5,21,0.039005465
2008,5,22,0.038851075
2008,5,23,0.038738897
2008,5,24,0.038657803
2008,5,25,0.038599505
2008,5,26,0.038557781
2008,5,27,0.038528087
2008,5,28,0.038507076
2008,5,29,0.038492301
2008,5,30,0.038481996
2008,5,31,0.038474862
2008,5,32,0.038469989
2008,5,33,0.03846668
2008,5,34,0.038464491
2008,5,35,0.038463072
2008,5,36,0.038462185
2008,5,37,0.038461654
2008,5,38,0.038461654
2008,5,39,0.038461654
2008,5,40,0.038461654
2009,5,1,8.381054e-07
2009,5,2,2.4179952e-06
2009,5,3,0.0016859943
2009,5,4,0.0027499663
2009,5,5,0.0065284668
2009,5,6,0.014233291
2009,5,7,0.025208956
2009,5,8,0.036560673
2009,5,9,0.044914531
2009,5,10,0.048668655
2009,5,11,0.048925153
2009,5,12,0.047636377
2009,5,13,0.045931124
2009,5,14,0.044309286
2009,5,15,0.042941557
2009,5,16,0.041852948
2009,5,17,0.041013697
2009,5,18,0.0403791
2009,5,19,0.03990538
2009,5,20,0.039555098
2009,5,21,0.039297996
2009,5,22,0.039110466
2009,5,23,0.038974456
2009,5,24,0.038876334
2009,5,25,0.038805912
2009,5,26,0.038755627
2009,5,27,0.038719923
2009,5,28,0.038694726
2009,5,29,0.038677056
2009,5,30,0.03866477
2009,5,31,0.038656292
2009,5,32,0.038650518
2009,5,33,0.038646646
2009,5,34,0.03864409
2009,5,35,0.038642456
2009,5,36,0.038641439
2009,5,37,0.038640855
2009,5,38,0.038640855
2009,5,39,0.038640855
2009,5,40,0.038640855
2010,5,1,8.885613e-07
2010,5,2,2.5635439e-06
2010,5,3,0.0021673011
2010,5,4,0.0035267262
2010,5,5,0.008369107
2010,5,6,0.018251876
2010,5,7,0.032328429
2010,5,8,0.046868358
2010,5,9,0.057528369
2010,5,10,0.062253802
2010,5,11,0.062473438
2010,5,12,0.060709613
2010,5,13,0.058421547
2010,5,14,0.056255593
2010,5,15,0.054431717
2010,5,16,0.052980864
2010,5,17,0.051862623
2010,5,18,0.051017249
2010,5,19,0.050386385
2010,5,20,0.049920042
2010,5,21,0.049577881
2010,5,22,0.049328435
2010,5,23,0.049147594
2010,5,24,0.049017189
2010,5,25,0.048923643
2010,5,26,0.048856883
2010,5,27,0.048809521
2010,5,28,0.048776104
2010,5,29,0.048752693
2010,5,30,0.048736412
2010,5,31,0.048725216
2010,5,32,0.048717581
2010,5,33,0.048712464
2010,5,34,0.048709107
2010,5,35,0.048706958
2010,5,36,0.048705639
2010,5,37,0.048704881
2010,5,38,0.048704881
2010,5,39,0.048704881
2010,5,40,0.048704881
2011,5,1,1.120677e-06
2011,5,2,3.2332487e-06
2011,5,3,0.0019891182
2011,5,4,0.0032501682
2011,5,5,0.007718329
2011,5,6,0.016823473
2011,5,7,0.02979507
2011,5,8,0.043224314
2011,5,9,0.05313504
2011,5,10,0.05763422
2011,5,11,0.05801375
2011,5,12,0.05656813
2011,5,13,0.05462334
2011,5,14,0.0527666
2011,5,15,0.05119885
2011,5,16,0.0499505
2011,5,17,0.048987886
2011,5,18,0.048259862
2011,5,19,0.047716299
2011,5,20,0.04731425
2011,5,21,0.047019058
2011,5,22,0.04680368
2011,5,23,0.046647402
2011,5,24,0.046534623
2011,5,25,0.046453652
2011,5,26,0.046395809
2011,5,27,0.046354723
2011,5,28,0.046325712
2011,5,29,0.046305351
2011,5,30,0.046291174
2011,5,31,0.046281394
2011,5,32,0.046274735
2011,5,33,0.046270252
2011,5,34,0.046267289
2011,5,35,0.046265393
2011,5,36,0.04626422
2011,5,37,0.046263523
2011,5,38,0.046263523
2011,5,39,0.046263523
2011,5,40,0.046263523
2012,5,1,8.5744853e-07
2012,5,2,2.4738048e-06
2012,5,3,0.0016688732
2012,5,4,0.002723263
2012,5,5,0.006465574
2012,5,6,0.014095339
2012,5,7,0.024964325
2012,5,8,0.036208498
2012,5,9,0.044489116
2012,5,10,0.048219922
2012,5,11,0.048490068
2012,5,12,0.047230196
2012,5,13,0.045556416
2012,5,14,0.043963023
2012,5,15,0.042618861
2012,5,16,0.04154892
2012,5,17,0.040724001
2012,5,18,0.040100204
2012,5,19,0.039634551
2012,5,20,0.039290179
2012,5,21,0.03903741
2012,5,22,0.038853009
2012,5,23,0.038719279
2012,5,24,0.038622771
2012,5,25,0.038553517
2012,5,26,0.038504059
2012,5,27,0.038468934
2012,5,28,0.03844414
2012,5,29,0.038426765
2012,5,30,0.038414658
2012,5,31,0.038406313
2012,5,32,0.038400636
2012,5,33,0.038396809
2012,5,34,0.038394302
2012,5,35,0.038392684
2012,5,36,0.038391688
2012,5,37,0.03839111
2012,5,38,0.03839111
2012,5,39,0.03839111
2012,5,40,0.03839111
2013,5,1,7.638769e-07
2013,5,2,2.2038585e-06
2013,5,3,0.0011931076
2013,5,4,0.0019535291
2013,5,5,0.004640786
2013,5,6,0.010112686
2013,5,7,0.017908998
2013,5,8,0.025989537
2013,5,9,0.031972343
2013,5,10,0.034719787
2013,5,11,0.035000889
2013,5,12,0.034185791
2013,5,13,0.033065903
2013,5,14,0.031991591
2013,5,15,0.031083115
2013,5,16,0.03035934
2013,5,17,0.029801082
2013,5,18,0.029378774
2013,5,19,0.029063384
2013,5,20,0.028830025
2013,5,21,0.028658621
2013,5,22,0.028533505
2013,5,23,0.028442688
2013,5,24,0.028377113
2013,5,25,0.028330006
2013,5,26,0.028296341
2013,5,27,0.028272412
2013,5,28,0.028255504
2013,5,29,0.028243633
2013,5,30,0.028235363
2013,5,31,0.028229652
2013,5,32,0.028225753
2013,5,33,0.028223126
2013,5,34,0.02822139
2013,5,35,0.02822027
2013,5,36,0.028219576
2013,5,37,0.028219169
2013,5,38,0.028219169
2013,5,39,0.028219169
2013,5,40,0.028219169
2014,5,1,1.0428263e-06
2014,5,2,3.0086293e-06
2014,5,3,0.002096049
2014,5,4,0.0034188312
2014,5,5,0.008116378
2014,5,6,0.017695213
2014,5,7,0.031340447
2014,5,8,0.04545329
2014,5,9,0.055839267
2014,5,10,0.06050691
2014,5,11,0.060826308
2014,5,12,0.059224598
2014,5,13,0.057105047
2014,5,14,0.055089147
2014,5,15,0.053389059
2014,5,16,0.052035955
2014,5,17,0.050992757
2014,5,18,0.05020395
2014,5,19,0.049615137
2014,5,20,0.049179725
2014,5,21,0.048860143
2014,5,22,0.048627046
2014,5,23,0.048457984
2014,5,24,0.048336018
2014,5,25,0.048248476
2014,5,26,0.048185981
2014,5,27,0.048141603
2014,5,28,0.048110275
2014,5,29,0.048088315
2014,5,30,0.048073038
2014,5,31,0.048062506
2014,5,32,0.048055327
2014,5,33,0.048050513
2014,5,34,0.048047338
2014,5,35,0.048045294
2014,5,36,0.048044049
2014,5,37,0.048043318
2014,5,38,0.048043318
2014,5,39,0.048043318
2014,5,40,0.048043318
2015,5,1,1.1703386e-06
2015,5,2,3.3765313e-06
2015,5,3,0.0019795523
2015,5,4,0.0032369527
2015,5,5,0.0076879358
2015,5,6,0.016755581
2015,5,7,0.029674237
2015,5,8,0.043054175
2015,5,9,0.052940154
2015,5,10,0.057446999
2015,5,11,0.057856805
2015,5,12,0.056449353
2015,5,13,0.054541925
2015,5,14,0.052717769
2015,5,15,0.051176703
2015,5,16,0.049949376
2015,5,17,0.04900289
2015,5,18,0.048286988
2015,5,19,0.047752443
2015,5,20,0.047357008
2015,5,21,0.047066629
2015,5,22,0.046854733
2015,5,23,0.046700968
2015,5,24,0.046589959
2015,5,25,0.046510251
2015,5,26,0.046453315
2015,5,27,0.046412845
2015,5,28,0.04638428
2015,5,29,0.046364226
2015,5,30,0.046350257
2015,5,31,0.046340628
2015,5,32,0.046334046
2015,5,33,0.046329623
2015,5,34,0.046326691
2015,5,35,0.046324822
2015,5,36,0.04632365
2015,5,37,0.04632298
2015,5,38,0.04632298
2015,5,39,0.04632298
2015,5,40,0.04632298
2016,5,1,7.4023418e-07
2016,5,2,2.1356335e-06
2016,5,3,0.0014137121
2016,5,4,0.0023075009
2016,5,5,0.005478722
2016,5,6,0.011943526
2016,5,7,0.021153088
2016,5,8,0.030681945
2016,5,9,0.037702293
2016,5,10,0.040870056
2016,5,11,0.041106994
2016,5,12,0.040047622
2016,5,13,0.038636814
2016,5,14,0.037293012
2016,5,15,0.0361592
2016,5,16,0.035256633
2016,5,17,0.034560743
2016,5,18,0.034034493
2016,5,19,0.03364164
2016,5,20,0.033351115
2016,5,21,0.033137834
2016,5,22,0.032982261
2016,5,23,0.032869413
2016,5,24,0.032787981
2016,5,25,0.032729524
2016,5,26,0.032687789
2016,5,27,0.032658151
2016,5,28,0.032637222
2016,5,29,0.032622546
2016,5,30,0.032612332
2016,5,31,0.032605286
2016,5,32,0.032600484
2016,5,33,0.032597267
2016,5,34,0.03259514
2016,5,35,0.032593774
2016,5,36,0.032592933
2016,5,37,0.032592443
2016,5,38,0.032592443
2016,5,39,0.032592443
2016,5,40,0.032592443
2017,5,1,9.102469e-07
2017,5,2,2.6261141e-06
2017,5,3,0.0021021644
2017,5,4,0.0034228561
2017,5,5,0.008123491
2017,5,6,0.017714772
2017,5,7,0.031376559
2017,5,8,0.045492932
2017,5,9,0.055852731
2017,5,10,0.060461874
2017,5,11,0.06070312
2017,5,12,0.059019784
2017,5,13,0.056825077
2017,5,14,0.054745011
2017,5,15,0.052992786
2017,5,16,0.051598728
2017,5,17,0.050524199
2017,5,18,0.04971181
2017,5,19,0.04910554
2017,5,20,0.048657324
2017,5,21,0.04832844
2017,5,22,0.048088631
2017,5,23,0.047914764
2017,5,24,0.047789382
2017,5,25,0.047699418
2017,5,26,0.047635213
2017,5,27,0.04758964
2017,5,28,0.04755749
2017,5,29,0.047534966
2017,5,30,0.0475193
2017,5,31,0.047508506
2017,5,32,0.047501167
2017,5,33,0.04749624
2017,5,34,0.047492999
2017,5,35,0.047490931
2017,5,36,0.047489654
2017,5,37,0.047488918
2017,5,38,0.047488918
2017,5,39,0.047488918
2017,5,40,0.047488918
2018,5,1,7.128655e-07
2018,5,2,2.0566708e-06
2018,5,3,0.001397784
2018,5,4,0.0022806678
2018,5,5,0.005414669
2018,5,6,0.01180446
2018,5,7,0.020906997
2018,5,8,0.030323215
2018,5,9,0.037256534
2018,5,10,0.040378507
2018,5,11,0.040601668
2018,5,12,0.039543437
2018,5,13,0.038138841
2018,5,14,0.036802008
2018,5,15,0.035674341
2018,5,16,0.034776754
2018,5,17,0.03408473
2018,5,18,0.03356143
2018,5,19,0.033170798
2018,5,20,0.032881918
2018,5,21,0.03266988
2018,5,22,0.032515205
2018,5,23,0.032403025
2018,5,24,0.032322079
2018,5,25,0.032263986
2018,5,26,0.032222498
2018,5,27,0.032193042
2018,5,28,0.032172251
2018,5,29,0.032157667
2018,5,30,0.032147526
2018,5,31,0.032140529
2018,5,32,0.032135763
2018,5,33,0.032132557
2018,5,34,0.032130447
2018,5,35,0.032129095
2018,5,36,0.032128256
2018,5,37,0.032127778
2018,5,38,0.032127778
2018,5,39,0.032127778
2018,5,40,0.032127778
2019,5,1,1.187239e-06
2019,5,2,3.4253083e-06
2019,5,3,0.0016784663
2019,5,4,0.0027531696
2019,5,5,0.006542426
2019,5,6,0.014253177
2019,5,7,0.025240361
2019,5,8,0.036639333
2019,5,9,0.04510286
2019,5,10,0.049027851
2019,5,11,0.049488978
2019,5,12,0.048406207
2019,5,13,0.046888005
2019,5,14,0.045425063
2019,5,15,0.044186193
2019,5,16,0.043198706
2019,5,17,0.042436848
2019,5,18,0.041860404
2019,5,19,0.041429787
2019,5,20,0.041111061
2019,5,21,0.040876885
2019,5,22,0.04070588
2019,5,23,0.040581697
2019,5,24,0.040491999
2019,5,25,0.040427522
2019,5,26,0.040381419
2019,5,27,0.040348653
2019,5,28,0.040325468
2019,5,29,0.040309188
2019,5,30,0.040297832
2019,5,31,0.040289987
2019,5,32,0.040284623
2019,5,33,0.040281015
2019,5,34,0.040278611
2019,5,35,0.040277066
2019,5,36,0.040276095
2019,5,37,0.040275538
2019,5,38,0.040275538
2019,5,39,0.040275538
2019,5,40,0.040275538
2020,5,1,1.1361131e-06
2020,5,2,3.2777965e-06
2020,5,3,0.0017707902
2020,5,4,0.0028994999
2020,5,5,0.006888069
2020,5,6,0.015009641
2020,5,7,0.026581204
2020,5,8,0.038574868
2020,5,9,0.047455428
2020,5,10,0.051534404
2020,5,11,0.05195301
2020,5,12,0.050744611
2020,5,13,0.049083691
2020,5,14,0.047490244
2020,5,15,0.046142723
2020,5,16,0.045069152
2020,5,17,0.044241092
2020,5,18,0.043614681
2020,5,19,0.043146863
2020,5,20,0.042800718
2020,5,21,0.042546481
2020,5,22,0.042360887
2020,5,23,0.042226177
2020,5,24,0.042128898
2020,5,25,0.042059015
2020,5,26,0.042009084
2020,5,27,0.04197359
2020,5,28,0.041948502
2020,5,29,0.04193089
2020,5,30,0.041918625
2020,5,31,0.041910159
2020,5,32,0.041904369
2020,5,33,0.041900475
2020,5,34,0.041897899
2020,5,35,0.04189623
2020,5,36,0.041895208
2020,5,37,0.041894601
2020,5,38,0.041894601
2020,5,39,0.041894601
2020,5,40,0.041894601
2021,5,1,8.1252e-07
2021,5,2,2.3442013e-06
2021,5,3,0.0012122307
2021,5,4,0.0019864371
2021,5,5,0.0047196156
2021,5,6,0.010283379
2021,5,7,0.018210893
2021,5,8,0.026431049
2021,5,9,0.032524908
2021,5,10,0.035335746
2021,5,11,0.035642577
2021,5,12,0.034835075
2021,5,13,0.033715735
2021,5,14,0.032639852
2021,5,15,0.031729476
2021,5,16,0.031004034
2021,5,17,0.030444418
2021,5,18,0.030021055
2021,5,19,0.02970484
2021,5,20,0.029470823
2021,5,21,0.029298922
2021,5,22,0.029173423
2021,5,23,0.029082313
2021,5,24,0.029016503
2021,5,25,0.028969218
2021,5,26,0.028935423
2021,5,27,0.028911399
2021,5,28,0.028894417
2021,5,29,0.028882484
2021,5,30,0.028874177
2021,5,31,0.028868443
2021,5,32,0.028864518
2021,5,33,0.028861879
2021,5,34,0.028860122
2021,5,35,0.028859
2021,5,36,0.028858295
2021,5,37,0.028857883
2021,5,38,0.028857883
2021,5,39,0.028857883
2021,5,40,0.028857883
2022,5,1,7.117053e-07
2022,5,2,2.0533303e-06
2022,5,3,0.0012691734
2022,5,4,0.0020736496
2022,5,5,0.0049243338
2022,5,6,0.010733563
2022,5,7,0.019009622
2022,5,8,0.027577335
2022,5,9,0.03389956
2022,5,10,0.036768518
2022,5,11,0.037008736
2022,5,12,0.036084431
2022,5,13,0.034841844
2022,5,14,0.033655692
2022,5,15,0.032654202
2022,5,16,0.031856773
2022,5,17,0.031241868
2022,5,18,0.030776821
2022,5,19,0.03042961
2022,5,20,0.030172793
2022,5,21,0.029984236
2022,5,22,0.029846661
2022,5,23,0.029746846
2022,5,24,0.02967481
2022,5,25,0.029623088
2022,5,26,0.029586143
2022,5,27,0.029559899
2022,5,28,0.029541369
2022,5,29,0.029528366
2022,5,30,0.029519317
2022,5,31,0.029513075
2022,5,32,0.029508815
2022,5,33,0.029505952
2022,5,34,0.029504063
2022,5,35,0.029502848
2022,5,36,0.029502097
2022,5,37,0.029501662
2022,5,38,0.029501662
2022,5,39,0.029501662
2022,5,40,0.029501662
2023,5,1,8.835761e-07
2023,5,2,2.5492001e-06
2023,5,3,0.0014218015
2023,5,4,0.0023268075
2023,5,5,0.0055270651
2023,5,6,0.012044759
2023,5,7,0.021330878
2023,5,8,0.030952873
2023,5,9,0.038071325
2023,5,10,0.041331186
2023,5,11,0.041650601
2023,5,12,0.040664098
2023,5,13,0.039315954
2023,5,14,0.038024247
2023,5,15,0.036932329
2023,5,16,0.036062535
2023,5,17,0.035391703
2023,5,18,0.034884254
2023,5,19,0.034505311
2023,5,20,0.034224943
2023,5,21,0.034019035
2023,5,22,0.033868749
2023,5,23,0.033759683
2023,5,24,0.033680928
2023,5,25,0.033624366
2023,5,26,0.033583947
2023,5,27,0.033555226
2023,5,28,0.033534926
2023,5,29,0.033520685
2023,5,30,0.033510762
2023,5,31,0.033503913
2023,5,32,0.03349924
2023,5,33,0.033496089
2023,5,34,0.033494011
2023,5,35,0.033492668
2023,5,36,0.033491842
2023,5,37,0.033491352
2023,5,38,0.033491352
2023,5,39,0.033491352
2023,5,40,0.033491352
2024,5,1,1.485745e-06
2024,5,2,4.286557e-06
2024,5,3,0.0015785436
2024,5,4,0.0026054644
2024,5,5,0.006198043
2024,5,6,0.013491949
2024,5,7,0.023888362
2024,5,8,0.034711196
2024,5,9,0.042824643
2024,5,10,0.04671227
2024,5,11,0.047361226
2024,5,12,0.046552417
2024,5,13,0.045312333
2024,5,14,0.044095134
2024,5,15,0.043058459
2024,5,16,0.042230424
2024,5,17,0.041590992
2024,5,18,0.041106752
2024,5,19,0.040744639
2024,5,20,0.040476299
2024,5,21,0.040278838
2024,5,22,0.040134419
2024,5,23,0.040029381
2024,5,24,0.039953363
2024,5,25,0.039898622
2024,5,26,0.039859411
2024,5,27,0.039831477
2024,5,28,0.039811667
2024,5,29,0.039797729
2024,5,30,0.039787973
2024,5,31,0.039781223
2024,5,32,0.039776579
2024,5,33,0.039773437
2024,5,34,0.039771324
2024,5,35,0.039769956
2024,5,36,0.039769092
2024,5,37,0.039768565
2024,5,38,0.039768565
2024,5,39,0.039768565
2024,5,40,0.039768565
1952,all,1,9.84360651e-07
1952,all,2,1.1042268e-05
1952,all,3,0.000122120695
1952,all,4,0.000548879467
1952,all,5,0.00058714924
1952,all,6,0.00053023057
1952,all,7,0.0008309338
1952,all,8,0.0015312271
1952,all,9,0.0020372707
1952,all,10,0.0020744054
1952,all,11,0.0019419519
1952,all,12,0.0019082955
1952,all,13,0.0018328975
1952,all,14,0.0016635577
1952,all,15,0.0015250902
1952,all,16,0.0014960665
1952,all,17,0.0014785518
1952,all,18,0.0014184343
1952,all,19,0.0013690531
1952,all,20,0.00137523
1952,all,21,0.0013845775
1952,all,22,0.0013641913
1952,all,23,0.0013461816
1952,all,24,0.0013595714
1952,all,25,0.0013730904
1952,all,26,0.0013661209
1952,all,27,0.0013594531
1952,all,28,0.0013718848
1952,all,29,0.0013835954
1952,all,30,0.0013816151
1952,all,31,0.0013796255
1952,all,32,0.0013896246
1952,all,33,0.0013987212
1952,all,34,0.0013988638
1952,all,35,0.0013990801
1952,all,36,0.0014068782
1952,all,37,0.0014137614
1952,all,38,0.0014148959
1952,all,39,0.0014162159
1952,all,40,0.0015631729
1953,all,1,4.9980958e-07
1953,all,2,4.45297987e-05
1953,all,3,0.000253375287
1953,all,4,0.001136284824
1953,all,5,0.00118364058
1953,all,6,0.00088675481
1953,all,7,0.0013704162
1953,all,8,0.0023536079
1953,all,9,0.002710712
1953,all,10,0.0026131408
1953,all,11,0.0025181216
1953,all,12,0.0023588177
1953,all,13,0.0021735744
1953,all,14,0.002008706
1953,all,15,0.0019262893
1953,all,16,0.0018506441
1953,all,17,0.0017832419
1953,all,18,0.0017343889
1953,all,19,0.0017287451
1953,all,20,0.0017136638
1953,all,21,0.0016934577
1953,all,22,0.0016826021
1953,all,23,0.0016970851
1953,all,24,0.0016988484
1953,all,25,0.0016924108
1953,all,26,0.001691798
1953,all,27,0.0017081635
1953,all,28,0.0017134189
1953,all,29,0.0017107859
1953,all,30,0.0017122688
1953,all,31,0.0017260172
1953,all,32,0.0017313164
1953,all,33,0.0017298822
1953,all,34,0.0017313872
1953,all,35,0.0017420658
1953,all,36,0.0017467218
1953,all,37,0.0017458115
1953,all,38,0.0017469404
1953,all,39,0.0017550429
1953,all,40,0.0017749931
1954,all,1,1.60091099e-07
1954,all,2,7.63011455e-05
1954,all,3,0.000459374265
1954,all,4,0.00104447438
1954,all,5,0.00233847951
1954,all,6,0.00135073464
1954,all,7,0.0016888901
1954,all,8,0.0024647401
1954,all,9,0.0027052664
1954,all,10,0.002571979
1954,all,11,0.0023313205
1954,all,12,0.0021366154
1954,all,13,0.0020832293
1954,all,14,0.002014755
1954,all,15,0.0018778897
1954,all,16,0.0017994037
1954,all,17,0.0018186807
1954,all,18,0.0018301453
1954,all,19,0.0017820924
1954,all,20,0.0017597581
1954,all,21,0.0017983645
1954,all,22,0.0018300783
1954,all,23,0.0018148898
1954,all,24,0.0018113572
1954,all,25,0.0018476419
1954,all,26,0.0018782967
1954,all,27,0.0018745398
1954,all,28,0.0018770478
1954,all,29,0.0019059279
1954,all,30,0.0019301512
1954,all,31,0.0019303282
1954,all,32,0.0019347739
1954,all,33,0.0019565745
1954,all,34,0.0019743105
1954,all,35,0.0019758245
1954,all,36,0.0019808402
1954,all,37,0.0019970339
1954,all,38,0.0020095487
1954,all,39,0.0020114403
1954,all,40,0.0020580721
1955,all,1,1.08289367e-07
1955,all,2,8.79283583e-05
1955,all,3,0.000426477975
1955,all,4,0.000843056776
1955,all,5,0.0019978143
1955,all,6,0.00114163207
1955,all,7,0.0013037811
1955,all,8,0.0022041563
1955,all,9,0.0030799727
1955,all,10,0.0025716538
1955,all,11,0.0025133044
1955,all,12,0.0024035833
1955,all,13,0.0022961847
1955,all,14,0.0021508287
1955,all,15,0.0020488787
1955,all,16,0.0020121736
1955,all,17,0.0019955154
1955,all,18,0.001958861
1955,all,19,0.0019312813
1955,all,20,0.0019309592
1955,all,21,0.0019447433
1955,all,22,0.0019448885
1955,all,23,0.0019421325
1955,all,24,0.001949968
1955,all,25,0.0019679183
1955,all,26,0.0019771001
1955,all,27,0.0019811047
1955,all,28,0.0019891466
1955,all,29,0.0020043109
1955,all,30,0.0020140185
1955,all,31,0.0020193162
1955,all,32,0.0020261586
1955,all,33,0.0020377481
1955,all,34,0.0020458749
1955,all,35,0.0020509706
1955,all,36,0.0020567176
1955,all,37,0.0020653454
1955,all,38,0.0020716791
1955,all,39,0.0020762252
1955,all,40,0.002111724
1956,all,1,3.147521639e-07
1956,all,2,0.0001424778092
1956,all,3,0.00047889597
1956,all,4,0.000742359948
1956,all,5,0.00174498746
1956,all,6,0.00106160076
1956,all,7,0.0012876252
1956,all,8,0.0022583227
1956,all,9,0.0033602713
1956,all,10,0.00312961
1956,all,11,0.0026480734
1956,all,12,0.0026898953
1956,all,13,0.0025331468
1956,all,14,0.0021381937
1956,all,15,0.0020668213
1956,all,16,0.0019070024
1956,all,17,0.0018411875
1956,all,18,0.0018136619
1956,all,19,0.0017742887
1956,all,20,0.0017313918
1956,all,21,0.0017260437
1956,all,22,0.0017346848
1956,all,23,0.0017259597
1956,all,24,0.0017103733
1956,all,25,0.0017166534
1956,all,26,0.0017319222
1956,all,27,0.0017316384
1956,all,28,0.0017236879
1956,all,29,0.0017305866
1956,all,30,0.0017440748
1956,all,31,0.0017458546
1956,all,32,0.0017411099
1956,all,33,0.0017464404
1956,all,34,0.0017567084
1956,all,35,0.0017588503
1956,all,36,0.00175594
1956,all,37,0.0017596765
1956,all,38,0.0017670832
1956,all,39,0.0017691485
1956,all,40,0.0017802182
1957,all,1,2.1948093678e-06
1957,all,2,0.0001394375743
1957,all,3,0.00038209361
1957,all,4,0.00044693925
1957,all,5,0.00111291375
1957,all,6,0.0008371365
1957,all,7,0.0016779112
1957,all,8,0.0028527991
1957,all,9,0.0055990824
1957,all,10,0.0047282156
1957,all,11,0.0048356881
1957,all,12,0.0045049159
1957,all,13,0.0049255571
1957,all,14,0.003899355
1957,all,15,0.003778403
1957,all,16,0.0035410382
1957,all,17,0.0038466625
1957,all,18,0.0032992354
1957,all,19,0.0034039887
1957,all,20,0.0032048743
1957,all,21,0.003240231
1957,all,22,0.0032838223
1957,all,23,0.0032246804
1957,all,24,0.0031755315
1957,all,25,0.0032221885
1957,all,26,0.003262662
1957,all,27,0.0032291378
1957,all,28,0.0032097634
1957,all,29,0.0032463077
1957,all,30,0.0032770237
1957,all,31,0.0032557953
1957,all,32,0.0032446325
1957,all,33,0.0032706164
1957,all,34,0.0032911799
1957,all,35,0.003276887
1957,all,36,0.0032705329
1957,all,37,0.003288468
1957,all,38,0.0033012516
1957,all,39,0.0032912865
1957,all,40,0.0033042686
1958,all,1,3.3481726767e-06
1958,all,2,0.0003643231484
1958,all,3,0.00094066227
1958,all,4,0.0007887755
1958,all,5,0.0014818995
1958,all,6,0.0012177134
1958,all,7,0.001996172
1958,all,8,0.0034504804
1958,all,9,0.0052934556
1958,all,10,0.005595424
1958,all,11,0.0050398029
1958,all,12,0.005291838
1958,all,13,0.0052396874
1958,all,14,0.004772069
1958,all,15,0.0043275603
1958,all,16,0.0044574673
1958,all,17,0.0045423957
1958,all,18,0.0043408388
1958,all,19,0.0041980224
1958,all,20,0.0042955551
1958,all,21,0.0043966577
1958,all,22,0.0042962245
1958,all,23,0.004327698
1958,all,24,0.0042455854
1958,all,25,0.0042921946
1958,all,26,0.0043348153
1958,all,27,0.0042986571
1958,all,28,0.0042657688
1958,all,29,0.0042996302
1958,all,30,0.0043288588
1958,all,31,0.0043034272
1958,all,32,0.0042821279
1958,all,33,0.0043053012
1958,all,34,0.0043269004
1958,all,35,0.004310259
1958,all,36,0.0042955007
1958,all,37,0.0043112117
1958,all,38,0.0043266028
1958,all,39,0.0043159225
1958,all,40,0.0043244476
1959,all,1,2.224558092e-06
1959,all,2,0.000640085493
1959,all,3,0.0018986701
1959,all,4,0.00128683723
1959,all,5,0.00140458178
1959,all,6,0.001554036
1959,all,7,0.0024547535
1959,all,8,0.0035501589
1959,all,9,0.0045243519
1959,all,10,0.0049453088
1959,all,11,0.0049344209
1959,all,12,0.005398996
1959,all,13,0.0047953282
1959,all,14,0.0045886666
1959,all,15,0.0043858772
1959,all,16,0.004723947
1959,all,17,0.0043967086
1959,all,18,0.0043416163
1959,all,19,0.0043008885
1959,all,20,0.0045752769
1959,all,21,0.0043679225
1959,all,22,0.0043559844
1959,all,23,0.0043588108
1959,all,24,0.0045458172
1959,all,25,0.004403045
1959,all,26,0.0044824854
1959,all,27,0.0044761223
1959,all,28,0.0044807893
1959,all,29,0.0044929406
1959,all,30,0.0044987123
1959,all,31,0.0045197626
1959,all,32,0.0045414442
1959,all,33,0.0045532476
1959,all,34,0.0045605018
1959,all,35,0.0045795956
1959,all,36,0.0045960551
1959,all,37,0.004604305
1959,all,38,0.0046107741
1959,all,39,0.0046275688
1959,all,40,0.0046958695
1960,all,1,8.79407921e-06
1960,all,2,0.000389433951
1960,all,3,0.00130030849
1960,all,4,0.00095097647
1960,all,5,0.0009644492
1960,all,6,0.0013785393
1960,all,7,0.0029208423
1960,all,8,0.0042575248
1960,all,9,0.0054545356
1960,all,10,0.006221799
1960,all,11,0.0064788629
1960,all,12,0.006446249
1960,all,13,0.0060711364
1960,all,14,0.0054847205
1960,all,15,0.005274852
1960,all,16,0.0053649224
1960,all,17,0.0052894108
1960,all,18,0.0049769003
1960,all,19,0.0049278615
1960,all,20,0.0050837773
1960,all,21,0.0050697583
1960,all,22,0.004890503
1960,all,23,0.0048892479
1960,all,24,0.0050227892
1960,all,25,0.0050039518
1960,all,26,0.0048916634
1960,all,27,0.0049034469
1960,all,28,0.005001363
1960,all,29,0.0049845082
1960,all,30,0.0049529631
1960,all,31,0.0049751393
1960,all,32,0.0049504904
1960,all,33,0.0049690498
1960,all,34,0.0049828746
1960,all,35,0.0049767079
1960,all,36,0.0049724401
1960,all,37,0.0049850602
1960,all,38,0.0049929989
1960,all,39,0.0049899014
1960,all,40,0.0050097753
1961,all,1,7.62139665e-06
1961,all,2,0.0007788715
1961,all,3,0.00237374268
1961,all,4,0.00166052202
1961,all,5,0.0014179997
1961,all,6,0.0023031432
1961,all,7,0.0043066736
1961,all,8,0.00540622
1961,all,9,0.006448734
1961,all,10,0.008001314
1961,all,11,0.007765458
1961,all,12,0.00754114
1961,all,13,0.006722183
1961,all,14,0.006601982
1961,all,15,0.006079182
1961,all,16,0.006148906
1961,all,17,0.005823024
1961,all,18,0.005772477
1961,all,19,0.005565893
1961,all,20,0.005764586
1961,all,21,0.005606932
1961,all,22,0.005580644
1961,all,23,0.005483451
1961,all,24,0.005661258
1961,all,25,0.005553317
1961,all,26,0.005535108
1961,all,27,0.005487604
1961,all,28,0.005627158
1961,all,29,0.00554542
1961,all,30,0.005530569
1961,all,31,0.005508796
1961,all,32,0.005608683
1961,all,33,0.005551015
1961,all,34,0.005564317
1961,all,35,0.00555835
1961,all,36,0.005569784
1961,all,37,0.005572405
1961,all,38,0.005569691
1961,all,39,0.005575763
1961,all,40,0.005599384
1962,all,1,1.49601935e-05
1962,all,2,0.00074356511
1962,all,3,0.00218276242
1962,all,4,0.0016608707
1962,all,5,0.0016305517
1962,all,6,0.0031260033
1962,all,7,0.0049162864
1962,all,8,0.0072378
1962,all,9,0.008384185
1962,all,10,0.010216309
1962,all,11,0.00889773
1962,all,12,0.008790661
1962,all,13,0.007858021
1962,all,14,0.008142732
1962,all,15,0.007126779
1962,all,16,0.007269989
1962,all,17,0.006777079
1962,all,18,0.007065682
1962,all,19,0.006648182
1962,all,20,0.006992451
1962,all,21,0.006643881
1962,all,22,0.006847089
1962,all,23,0.006674559
1962,all,24,0.006971114
1962,all,25,0.006699577
1962,all,26,0.006833139
1962,all,27,0.006765206
1962,all,28,0.006991523
1962,all,29,0.006782415
1962,all,30,0.006869363
1962,all,31,0.006851865
1962,all,32,0.007021863
1962,all,33,0.006863128
1962,all,34,0.006919587
1962,all,35,0.006928234
1962,all,36,0.007042697
1962,all,37,0.006932299
1962,all,38,0.006982246
1962,all,39,0.007004481
1962,all,40,0.007078957
1963,all,1,3.30572166e-06
1963,all,2,0.000223522247
1963,all,3,0.00088136721
1963,all,4,0.00069258258
1963,all,5,0.00076917789
1963,all,6,0.0016355887
1963,all,7,0.0031515709
1963,all,8,0.0045308669
1963,all,9,0.00658903
1963,all,10,0.00844684
1963,all,11,0.008391239
1963,all,12,0.007728548
1963,all,13,0.00740399
1963,all,14,0.007449412
1963,all,15,0.006955808
1963,all,16,0.006641194
1963,all,17,0.006486301
1963,all,18,0.006596878
1963,all,19,0.006409872
1963,all,20,0.006408756
1963,all,21,0.00631052
1963,all,22,0.006375632
1963,all,23,0.006290435
1963,all,24,0.006392559
1963,all,25,0.006291585
1963,all,26,0.006309742
1963,all,27,0.006271204
1963,all,28,0.006380328
1963,all,29,0.006288839
1963,all,30,0.006285278
1963,all,31,0.006274428
1963,all,32,0.00636509
1963,all,33,0.006290338
1963,all,34,0.006277839
1963,all,35,0.006282279
1963,all,36,0.006353034
1963,all,37,0.006293814
1963,all,38,0.006279025
1963,all,39,0.006289368
1963,all,40,0.006312562
1964,all,1,1.40033155e-06
1964,all,2,0.00030172326
1964,all,3,0.00136467196
1964,all,4,0.00106836935
1964,all,5,0.0012002011
1964,all,6,0.0020384324
1964,all,7,0.0033033148
1964,all,8,0.0043332547
1964,all,9,0.005772026
1964,all,10,0.007230074
1964,all,11,0.007517525
1964,all,12,0.006663099
1964,all,13,0.00628057
1964,all,14,0.006313831
1964,all,15,0.006161648
1964,all,16,0.005810579
1964,all,17,0.005709632
1964,all,18,0.005800736
1964,all,19,0.005829604
1964,all,20,0.005732895
1964,all,21,0.005743342
1964,all,22,0.005751495
1964,all,23,0.00579266
1964,all,24,0.005784973
1964,all,25,0.005824726
1964,all,26,0.005780768
1964,all,27,0.005822895
1964,all,28,0.005838693
1964,all,29,0.005874169
1964,all,30,0.005816612
1964,all,31,0.005869337
1964,all,32,0.005868853
1964,all,33,0.005892492
1964,all,34,0.005845603
1964,all,35,0.005894539
1964,all,36,0.005891023
1964,all,37,0.00590313
1964,all,38,0.005871748
1964,all,39,0.005910789
1964,all,40,0.005941273
1965,all,1,2.29230279e-06
1965,all,2,0.00018623809
1965,all,3,0.00093352847
1965,all,4,0.00074212472
1965,all,5,0.001052324
1965,all,6,0.0017602197
1965,all,7,0.0027434769
1965,all,8,0.0034482508
1965,all,9,0.005652429
1965,all,10,0.007194904
1965,all,11,0.006864929
1965,all,12,0.006029069
1965,all,13,0.006316116
1965,all,14,0.006519469
1965,all,15,0.006157818
1965,all,16,0.005744483
1965,all,17,0.005908647
1965,all,18,0.006101506
1965,all,19,0.006014507
1965,all,20,0.005840729
1965,all,21,0.005949853
1965,all,22,0.006040768
1965,all,23,0.006006758
1965,all,24,0.005927342
1965,all,25,0.006003929
1965,all,26,0.006015821
1965,all,27,0.006007508
1965,all,28,0.006001934
1965,all,29,0.006033094
1965,all,30,0.006013036
1965,all,31,0.006031433
1965,all,32,0.00605899
1965,all,33,0.006046562
1965,all,34,0.006020857
1965,all,35,0.006059209
1965,all,36,0.006078255
1965,all,37,0.006052193
1965,all,38,0.006030383
1965,all,39,0.006072854
1965,all,40,0.00608944
1966,all,1,7.5160293e-06
1966,all,2,0.000188287356
1966,all,3,0.00093165134
1966,all,4,0.00071980789
1966,all,5,0.0011623921
1966,all,6,0.0020617058
1966,all,7,0.0037670655
1966,all,8,0.005625169
1966,all,9,0.009236679
1966,all,10,0.01189591
1966,all,11,0.011272694
1966,all,12,0.009882907
1966,all,13,0.00969595
1966,all,14,0.009618447
1966,all,15,0.008991825
1966,all,16,0.008348799
1966,all,17,0.008338341
1966,all,18,0.008447174
1966,all,19,0.008362601
1966,all,20,0.008122473
1966,all,21,0.008154647
1966,all,22,0.008233307
1966,all,23,0.008257728
1966,all,24,0.008129808
1966,all,25,0.008176706
1966,all,26,0.008196773
1966,all,27,0.00824275
1966,all,28,0.008171103
1966,all,29,0.008230777
1966,all,30,0.008200929
1966,all,31,0.008252438
1966,all,32,0.008224122
1966,all,33,0.008273948
1966,all,34,0.008226951
1966,all,35,0.008277025
1966,all,36,0.008270259
1966,all,37,0.00829777
1966,all,38,0.008257645
1966,all,39,0.008304438
1966,all,40,0.008328106
1967,all,1,3.40464045e-06
1967,all,2,0.000210767615
1967,all,3,0.00133010546
1967,all,4,0.00093414497
1967,all,5,0.0013343667
1967,all,6,0.0019190726
1967,all,7,0.0031009431
1967,all,8,0.0042964004
1967,all,9,0.00617951
1967,all,10,0.007547757
1967,all,11,0.0072555
1967,all,12,0.006540699
1967,all,13,0.00642324
1967,all,14,0.006453629
1967,all,15,0.006112179
1967,all,16,0.005746234
1967,all,17,0.005759012
1967,all,18,0.005919185
1967,all,19,0.00586424
1967,all,20,0.00571158
1967,all,21,0.005706085
1967,all,22,0.005835949
1967,all,23,0.005829452
1967,all,24,0.00573838
1967,all,25,0.00572066
1967,all,26,0.005819819
1967,all,27,0.005810916
1967,all,28,0.005759967
1967,all,29,0.005749087
1967,all,30,0.005825774
1967,all,31,0.005804877
1967,all,32,0.005791638
1967,all,33,0.005784338
1967,all,34,0.005832986
1967,all,35,0.005807866
1967,all,36,0.005835928
1967,all,37,0.005820504
1967,all,38,0.005842197
1967,all,39,0.00582607
1967,all,40,0.005896491
1968,all,1,2.229261e-06
1968,all,2,0.000239249573
1968,all,3,0.00114888916
1968,all,4,0.00081982942
1968,all,5,0.00120567884
1968,all,6,0.0018687205
1968,all,7,0.0033328402
1968,all,8,0.0051457767
1968,all,9,0.007375476
1968,all,10,0.009237694
1968,all,11,0.009370321
1968,all,12,0.008503623
1968,all,13,0.008056737
1968,all,14,0.00805155
1968,all,15,0.00786849
1968,all,16,0.007581478
1968,all,17,0.00743665
1968,all,18,0.007529379
1968,all,19,0.007627415
1968,all,20,0.007597297
1968,all,21,0.00746501
1968,all,22,0.007484277
1968,all,23,0.007595966
1968,all,24,0.007596685
1968,all,25,0.007475319
1968,all,26,0.007470396
1968,all,27,0.00755953
1968,all,28,0.007565769
1968,all,29,0.007483916
1968,all,30,0.007480537
1968,all,31,0.007538932
1968,all,32,0.007547865
1968,all,33,0.007507377
1968,all,34,0.007508986
1968,all,35,0.007538558
1968,all,36,0.007553439
1968,all,37,0.007541871
1968,all,38,0.007539812
1968,all,39,0.007549472
1968,all,40,0.007654588
1969,all,1,1.30127332e-06
1969,all,2,0.000423411244
1969,all,3,0.00132261278
1969,all,4,0.00122147904
1969,all,5,0.0015602685
1969,all,6,0.0020101657
1969,all,7,0.0034384826
1969,all,8,0.005146091
1969,all,9,0.007851823
1969,all,10,0.010490913
1969,all,11,0.010162125
1969,all,12,0.009219192
1969,all,13,0.00878123
1969,all,14,0.008718769
1969,all,15,0.00833582
1969,all,16,0.00797605
1969,all,17,0.007868132
1969,all,18,0.007900536
1969,all,19,0.007927021
1969,all,20,0.007848367
1969,all,21,0.007755929
1969,all,22,0.00774812
1969,all,23,0.007823682
1969,all,24,0.007783296
1969,all,25,0.007684394
1969,all,26,0.007666703
1969,all,27,0.007739489
1969,all,28,0.007717681
1969,all,29,0.00764007
1969,all,30,0.007626573
1969,all,31,0.007681558
1969,all,32,0.007672284
1969,all,33,0.007623768
1969,all,34,0.007613503
1969,all,35,0.007645883
1969,all,36,0.007645832
1969,all,37,0.007623565
1969,all,38,0.007614537
1969,all,39,0.007627497
1969,all,40,0.007682554
1970,all,1,0.008247239607
1970,all,2,0.336069729
1970,all,3,0.06800716
1970,all,4,0.00336079729
1970,all,5,0.0029641601
1970,all,6,0.0027237175
1970,all,7,0.0036857915
1970,all,8,0.004928881
1970,all,9,0.007127741
1970,all,10,0.008454972
1970,all,11,0.009008363
1970,all,12,0.009029371
1970,all,13,0.009018342
1970,all,14,0.008775951
1970,all,15,0.008823836
1970,all,16,0.009169049
1970,all,17,0.009337132
1970,all,18,0.009378762
1970,all,19,0.009705816
1970,all,20,0.010114474
1970,all,21,0.010119078
1970,all,22,0.010062624
1970,all,23,0.01028013
1970,all,24,0.010448152
1970,all,25,0.010320227
1970,all,26,0.010224066
1970,all,27,0.010372005
1970,all,28,0.010408106
1970,all,29,0.01027085
1970,all,30,0.010208168
1970,all,31,0.010330109
1970,all,32,0.010320412
1970,all,33,0.010218736
1970,all,34,0.010192228
1970,all,35,0.01029035
1970,all,36,0.010263353
1970,all,37,0.010208458
1970,all,38,0.010200549
1970,all,39,0.010270905
1970,all,40,0.010382301
1971,all,1,0.00517094369
1971,all,2,0.262746427
1971,all,3,0.1028506
1971,all,4,0.0064444098
1971,all,5,0.0046841501
1971,all,6,0.0034295301
1971,all,7,0.0046249771
1971,all,8,0.005895961
1971,all,9,0.007812647
1971,all,10,0.009516581
1971,all,11,0.009528343
1971,all,12,0.008920304
1971,all,13,0.008455254
1971,all,14,0.008369558
1971,all,15,0.008083371
1971,all,16,0.008095513
1971,all,17,0.008147506
1971,all,18,0.008373577
1971,all,19,0.008510231
1971,all,20,0.008769871
1971,all,21,0.00880532
1971,all,22,0.008912476
1971,all,23,0.008994215
1971,all,24,0.009099264
1971,all,25,0.009029998
1971,all,26,0.009031547
1971,all,27,0.009068855
1971,all,28,0.009064556
1971,all,29,0.008986763
1971,all,30,0.008966909
1971,all,31,0.009009752
1971,all,32,0.008968396
1971,all,33,0.008909852
1971,all,34,0.008894855
1971,all,35,0.008946256
1971,all,36,0.00890103
1971,all,37,0.008860902
1971,all,38,0.008852899
1971,all,39,0.00890276
1971,all,40,0.008917178
1972,all,1,0.00312131928
1972,all,2,0.185457121
1972,all,3,0.09053304
1972,all,4,0.0132713
1972,all,5,0.006718246
1972,all,6,0.0047997552
1972,all,7,0.005464505
1972,all,8,0.006287752
1972,all,9,0.008808809
1972,all,10,0.010017036
1972,all,11,0.009914158
1972,all,12,0.009209756
1972,all,13,0.009161861
1972,all,14,0.008847325
1972,all,15,0.00865773
1972,all,16,0.008492306
1972,all,17,0.008619893
1972,all,18,0.008750935
1972,all,19,0.00896047
1972,all,20,0.009093283
1972,all,21,0.009160464
1972,all,22,0.009242292
1972,all,23,0.009396535
1972,all,24,0.009442282
1972,all,25,0.009384423
1972,all,26,0.009372032
1972,all,27,0.009461654
1972,all,28,0.009438294
1972,all,29,0.009357136
1972,all,30,0.009316924
1972,all,31,0.009394829
1972,all,32,0.009351095
1972,all,33,0.009286014
1972,all,34,0.00923802
1972,all,35,0.0093184
1972,all,36,0.00928244
1972,all,37,0.009235779
1972,all,38,0.009184903
1972,all,39,0.00925974
1972,all,40,0.009265522
1973,all,1,0.00544887965
1973,all,2,0.338264337
1973,all,3,0.16438352
1973,all,4,0.011339946
1973,all,5,0.006989373
1973,all,6,0.0049478491
1973,all,7,0.006196569
1973,all,8,0.008750143
1973,all,9,0.011091768
1973,all,10,0.013437551
1973,all,11,0.01303218
1973,all,12,0.012065098
1973,all,13,0.011296681
1973,all,14,0.01131672
1973,all,15,0.010936758
1973,all,16,0.010973527
1973,all,17,0.011024825
1973,all,18,0.011369113
1973,all,19,0.01154273
1973,all,20,0.011956929
1973,all,21,0.011998036
1973,all,22,0.012103289
1973,all,23,0.01217526
1973,all,24,0.01241133
1973,all,25,0.012306731
1973,all,26,0.012268967
1973,all,27,0.012277436
1973,all,28,0.012377477
1973,all,29,0.01225507
1973,all,30,0.012192197
1973,all,31,0.01220392
1973,all,32,0.012239918
1973,all,33,0.01214421
1973,all,34,0.012086174
1973,all,35,0.012121272
1973,all,36,0.012128882
1973,all,37,0.012059618
1973,all,38,0.012003957
1973,all,39,0.012061053
1973,all,40,0.01210064
1974,all,1,0.0040948521
1974,all,2,0.30372714
1974,all,3,0.21766602
1974,all,4,0.014742148
1974,all,5,0.008809826
1974,all,6,0.005995279
1974,all,7,0.006090115
1974,all,8,0.007393753
1974,all,9,0.009259513
1974,all,10,0.011044716
1974,all,11,0.010992313
1974,all,12,0.010079639
1974,all,13,0.009909171
1974,all,14,0.010240386
1974,all,15,0.010034685
1974,all,16,0.009969566
1974,all,17,0.010291173
1974,all,18,0.010799825
1974,all,19,0.011047965
1974,all,20,0.011472673
1974,all,21,0.011626334
1974,all,22,0.011906943
1974,all,23,0.011956374
1974,all,24,0.012058864
1974,all,25,0.011995653
1974,all,26,0.012079168
1974,all,27,0.012043422
1974,all,28,0.012045489
1974,all,29,0.011944664
1974,all,30,0.011981914
1974,all,31,0.011945719
1974,all,32,0.011917342
1974,all,33,0.011835613
1974,all,34,0.011866293
1974,all,35,0.011850632
1974,all,36,0.011810148
1974,all,37,0.011749798
1974,all,38,0.011781222
1974,all,39,0.011790595
1974,all,40,0.011876774
1975,all,1,0.0028086753
1975,all,2,0.23152141
1975,all,3,0.19067918
1975,all,4,0.01741588
1975,all,5,0.009375136
1975,all,6,0.006064331
1975,all,7,0.006302762
1975,all,8,0.007970743
1975,all,9,0.009649653
1975,all,10,0.010107333
1975,all,11,0.010964241
1975,all,12,0.010563362
1975,all,13,0.010187981
1975,all,14,0.009849353
1975,all,15,0.010487543
1975,all,16,0.010968314
1975,all,17,0.011145601
1975,all,18,0.01137496
1975,all,19,0.012108807
1975,all,20,0.012649985
1975,all,21,0.012555381
1975,all,22,0.012545485
1975,all,23,0.012960956
1975,all,24,0.013395673
1975,all,25,0.013135622
1975,all,26,0.012983122
1975,all,27,0.013072506
1975,all,28,0.013164178
1975,all,29,0.012893108
1975,all,30,0.012756683
1975,all,31,0.012793791
1975,all,32,0.012828287
1975,all,33,0.012625323
1975,all,34,0.012538674
1975,all,35,0.012563955
1975,all,36,0.012574838
1975,all,37,0.012432714
1975,all,38,0.01238317
1975,all,39,0.012405974
1975,all,40,0.012431675
1976,all,1,0.0017838377
1976,all,2,0.15699093
1976,all,3,0.14608085
1976,all,4,0.024501002
1976,all,5,0.012989819
1976,all,6,0.008392922
1976,all,7,0.007619244
1976,all,8,0.009910916
1976,all,9,0.012440153
1976,all,10,0.013853708
1976,all,11,0.014241087
1976,all,12,0.014192238
1976,all,13,0.013483735
1976,all,14,0.013339131
1976,all,15,0.013557572
1976,all,16,0.01421744
1976,all,17,0.014249837
1976,all,18,0.01459713
1976,all,19,0.01510807
1976,all,20,0.015691327
1976,all,21,0.015475802
1976,all,22,0.015504971
1976,all,23,0.015752045
1976,all,24,0.015967306
1976,all,25,0.015593084
1976,all,26,0.015487117
1976,all,27,0.015661562
1976,all,28,0.015869396
1976,all,29,0.015565122
1976,all,30,0.015456939
1976,all,31,0.015513627
1976,all,32,0.015549377
1976,all,33,0.015321656
1976,all,34,0.015247726
1976,all,35,0.015300669
1976,all,36,0.015313929
1976,all,37,0.015159542
1976,all,38,0.015115461
1976,all,39,0.015164107
1976,all,40,0.01518727
1977,all,1,0.0038174691
1977,all,2,0.34715056
1977,all,3,0.32060524
1977,all,4,0.020331167
1977,all,5,0.012201971
1977,all,6,0.006966149
1977,all,7,0.006930132
1977,all,8,0.010331467
1977,all,9,0.014351552
1977,all,10,0.016337266
1977,all,11,0.017224941
1977,all,12,0.016880531
1977,all,13,0.016283687
1977,all,14,0.015987815
1977,all,15,0.016454117
1977,all,16,0.017200451
1977,all,17,0.01742927
1977,all,18,0.017817796
1977,all,19,0.018602044
1977,all,20,0.019600702
1977,all,21,0.019456523
1977,all,22,0.019376415
1977,all,23,0.019604478
1977,all,24,0.019966159
1977,all,25,0.019496618
1977,all,26,0.019204071
1977,all,27,0.019275649
1977,all,28,0.019407351
1977,all,29,0.018978113
1977,all,30,0.018743595
1977,all,31,0.018850863
1977,all,32,0.019047303
1977,all,33,0.018749491
1977,all,34,0.018598345
1977,all,35,0.018616362
1977,all,36,0.018670182
1977,all,37,0.018456832
1977,all,38,0.01836285
1977,all,39,0.01838684
1977,all,40,0.018387077
1978,all,1,0.0022601461
1978,all,2,0.21278048
1978,all,3,0.20805767
1978,all,4,0.021514409
1978,all,5,0.016296462
1978,all,6,0.009822792
1978,all,7,0.009398134
1978,all,8,0.012800217
1978,all,9,0.016759031
1978,all,10,0.018672013
1978,all,11,0.019341461
1978,all,12,0.018918512
1978,all,13,0.018369304
1978,all,14,0.018294058
1978,all,15,0.018993167
1978,all,16,0.020209278
1978,all,17,0.020749819
1978,all,18,0.021260599
1978,all,19,0.021887077
1978,all,20,0.022919772
1978,all,21,0.022663288
1978,all,22,0.022366827
1978,all,23,0.022405049
1978,all,24,0.023050656
1978,all,25,0.022568629
1978,all,26,0.022070199
1978,all,27,0.021889991
1978,all,28,0.022115355
1978,all,29,0.021663373
1978,all,30,0.02126009
1978,all,31,0.021173116
1978,all,32,0.021302185
1978,all,33,0.02097702
1978,all,34,0.020717325
1978,all,35,0.020739017
1978,all,36,0.020928509
1978,all,37,0.020728319
1978,all,38,0.020574862
1978,all,39,0.020553695
1978,all,40,0.020592814
1979,all,1,0.0032186351
1979,all,2,0.30254148
1979,all,3,0.30295567
1979,all,4,0.027395514
1979,all,5,0.019029226
1979,all,6,0.012166886
1979,all,7,0.010700231
1979,all,8,0.014110975
1979,all,9,0.017386865
1979,all,10,0.019325551
1979,all,11,0.020394082
1979,all,12,0.020539011
1979,all,13,0.02019192
1979,all,14,0.020853547
1979,all,15,0.022319346
1979,all,16,0.024051805
1979,all,17,0.024901002
1979,all,18,0.026107711
1979,all,19,0.027254928
1979,all,20,0.02836774
1979,all,21,0.027984242
1979,all,22,0.027987755
1979,all,23,0.028170148
1979,all,24,0.028499145
1979,all,25,0.027629546
1979,all,26,0.02724183
1979,all,27,0.027237147
1979,all,28,0.027472339
1979,all,29,0.02679073
1979,all,30,0.026471141
1979,all,31,0.026423473
1979,all,32,0.026432067
1979,all,33,0.025923762
1979,all,34,0.025738192
1979,all,35,0.025777371
1979,all,36,0.025754068
1979,all,37,0.025401882
1979,all,38,0.02532242
1979,all,39,0.025425797
1979,all,40,0.025472331
1980,all,1,0.0027249959
1980,all,2,0.22873684
1980,all,3,0.24598597
1980,all,4,0.028364302
1980,all,5,0.019372075
1980,all,6,0.012499023
1980,all,7,0.012433254
1980,all,8,0.017219657
1980,all,9,0.021829162
1980,all,10,0.02390827
1980,all,11,0.025321647
1980,all,12,0.024964226
1980,all,13,0.023836601
1980,all,14,0.02330518
1980,all,15,0.024163182
1980,all,16,0.024953276
1980,all,17,0.025580075
1980,all,18,0.026430791
1980,all,19,0.027440901
1980,all,20,0.027880998
1980,all,21,0.027807348
1980,all,22,0.027977864
1980,all,23,0.028163629
1980,all,24,0.028019577
1980,all,25,0.027567603
1980,all,26,0.027426921
1980,all,27,0.027364324
1980,all,28,0.02710049
1980,all,29,0.026721545
1980,all,30,0.026612533
1980,all,31,0.026556758
1980,all,32,0.026401096
1980,all,33,0.02616918
1980,all,34,0.026147513
1980,all,35,0.026100033
1980,all,36,0.025910296
1980,all,37,0.02575568
1980,all,38,0.025790392
1980,all,39,0.02578288
1980,all,40,0.025740571
1981,all,1,0.0028842925
1981,all,2,0.24072458
1981,all,3,0.26731005
1981,all,4,0.041165321
1981,all,5,0.032490661
1981,all,6,0.020287855
1981,all,7,0.016594991
1981,all,8,0.018660818
1981,all,9,0.021426016
1981,all,10,0.02191709
1981,all,11,0.022188284
1981,all,12,0.021651783
1981,all,13,0.020858856
1981,all,14,0.02068141
1981,all,15,0.021780153
1981,all,16,0.022933084
1981,all,17,0.023770572
1981,all,18,0.024884427
1981,all,19,0.026158607
1981,all,20,0.027066787
1981,all,21,0.027287374
1981,all,22,0.027629835
1981,all,23,0.027919176
1981,all,24,0.027789875
1981,all,25,0.027183606
1981,all,26,0.02704834
1981,all,27,0.027031967
1981,all,28,0.026708176
1981,all,29,0.026076029
1981,all,30,0.025916961
1981,all,31,0.025911345
1981,all,32,0.025629416
1981,all,33,0.025170556
1981,all,34,0.025099731
1981,all,35,0.025143363
1981,all,36,0.024988776
1981,all,37,0.024702359
1981,all,38,0.024685598
1981,all,39,0.024719168
1981,all,40,0.024464067
1982,all,1,0.0026412243
1982,all,2,0.21621404
1982,all,3,0.2457931
1982,all,4,0.05194279
1982,all,5,0.042416259
1982,all,6,0.027631887
1982,all,7,0.020918582
1982,all,8,0.020067635
1982,all,9,0.021047012
1982,all,10,0.021177241
1982,all,11,0.021558862
1982,all,12,0.021119612
1982,all,13,0.020683281
1982,all,14,0.020798376
1982,all,15,0.021712821
1982,all,16,0.022800938
1982,all,17,0.023937461
1982,all,18,0.025166813
1982,all,19,0.026044963
1982,all,20,0.026627487
1982,all,21,0.026855189
1982,all,22,0.027187646
1982,all,23,0.027307521
1982,all,24,0.027537663
1982,all,25,0.027387112
1982,all,26,0.027259066
1982,all,27,0.02702387
1982,all,28,0.026895735
1982,all,29,0.026463494
1982,all,30,0.026166077
1982,all,31,0.025936941
1982,all,32,0.02586807
1982,all,33,0.025508678
1982,all,34,0.025237871
1982,all,35,0.025091951
1982,all,36,0.025085246
1982,all,37,0.024838655
1982,all,38,0.024641243
1982,all,39,0.024573554
1982,all,40,0.024421868
1983,all,1,0.0038899736
1983,all,2,0.29998469
1983,all,3,0.35356104
1983,all,4,0.06625661
1983,all,5,0.05575487
1983,all,6,0.037781827
1983,all,7,0.028202647
1983,all,8,0.025602269
1983,all,9,0.025137477
1983,all,10,0.024773519
1983,all,11,0.024893199
1983,all,12,0.024864005
1983,all,13,0.024751801
1983,all,14,0.025348709
1983,all,15,0.026553756
1983,all,16,0.028048099
1983,all,17,0.029261194
1983,all,18,0.030659361
1983,all,19,0.031680071
1983,all,20,0.03265363
1983,all,21,0.03307175
1983,all,22,0.033593706
1983,all,23,0.033621685
1983,all,24,0.033628013
1983,all,25,0.033213027
1983,all,26,0.033176036
1983,all,27,0.032985274
1983,all,28,0.033045825
1983,all,29,0.032664148
1983,all,30,0.032505743
1983,all,31,0.032249612
1983,all,32,0.032143607
1983,all,33,0.031685026
1983,all,34,0.031499402
1983,all,35,0.031312734
1983,all,36,0.031268116
1983,all,37,0.030907686
1983,all,38,0.030766605
1983,all,39,0.03066082
1983,all,40,0.030322642
1984,all,1,0.002838418
1984,all,2,0.24732733
1984,all,3,0.27714654
1984,all,4,0.08198042
1984,all,5,0.0739811
1984,all,6,0.04958275
1984,all,7,0.034736126
1984,all,8,0.027878204
1984,all,9,0.025739028
1984,all,10,0.02402256
1984,all,11,0.023379555
1984,all,12,0.02309972
1984,all,13,0.02319981
1984,all,14,0.023800698
1984,all,15,0.025012054
1984,all,16,0.026564092
1984,all,17,0.0278719
1984,all,18,0.029064139
1984,all,19,0.029898252
1984,all,20,0.030643373
1984,all,21,0.030943867
1984,all,22,0.031249326
1984,all,23,0.031258303
1984,all,24,0.03142419
1984,all,25,0.031239419
1984,all,26,0.031149506
1984,all,27,0.030870848
1984,all,28,0.030718798
1984,all,29,0.030297696
1984,all,30,0.030131926
1984,all,31,0.029944475
1984,all,32,0.029971397
1984,all,33,0.029688273
1984,all,34,0.029537506
1984,all,35,0.029374085
1984,all,36,0.029325204
1984,all,37,0.029020141
1984,all,38,0.028889766
1984,all,39,0.028788322
1984,all,40,0.028439518
1985,all,1,0.0028843368
1985,all,2,0.23364936
1985,all,3,0.27527239
1985,all,4,0.06129632
1985,all,5,0.05060955
1985,all,6,0.033260179
1985,all,7,0.025430482
1985,all,8,0.024854186
1985,all,9,0.024216503
1985,all,10,0.023327367
1985,all,11,0.023437761
1985,all,12,0.023797753
1985,all,13,0.023722699
1985,all,14,0.024109037
1985,all,15,0.025563051
1985,all,16,0.027250077
1985,all,17,0.028263787
1985,all,18,0.029209326
1985,all,19,0.030315449
1985,all,20,0.03126666
1985,all,21,0.031492228
1985,all,22,0.031654563
1985,all,23,0.031821945
1985,all,24,0.031944002
1985,all,25,0.03161051
1985,all,26,0.031418028
1985,all,27,0.031339447
1985,all,28,0.031378578
1985,all,29,0.031053479
1985,all,30,0.030853055
1985,all,31,0.030737652
1985,all,32,0.030687039
1985,all,33,0.030372395
1985,all,34,0.030205816
1985,all,35,0.030149447
1985,all,36,0.030212638
1985,all,37,0.030012118
1985,all,38,0.029890421
1985,all,39,0.029851378
1985,all,40,0.029593673
1986,all,1,0.0033245371
1986,all,2,0.2910237
1986,all,3,0.33204817
1986,all,4,0.07437747
1986,all,5,0.06459474
1986,all,6,0.040379658
1986,all,7,0.029782862
1986,all,8,0.023675563
1986,all,9,0.021405448
1986,all,10,0.019530809
1986,all,11,0.020016531
1986,all,12,0.020216342
1986,all,13,0.020715713
1986,all,14,0.02140987
1986,all,15,0.023137923
1986,all,16,0.024648727
1986,all,17,0.025932637
1986,all,18,0.026982536
1986,all,19,0.028075862
1986,all,20,0.028686428
1986,all,21,0.028971458
1986,all,22,0.02913488
1986,all,23,0.029264738
1986,all,24,0.029170785
1986,all,25,0.02895811
1986,all,26,0.02877717
1986,all,27,0.028611786
1986,all,28,0.028345604
1986,all,29,0.028046131
1986,all,30,0.027843176
1986,all,31,0.027728487
1986,all,32,0.02759852
1986,all,33,0.027407099
1986,all,34,0.027259681
1986,all,35,0.027181301
1986,all,36,0.027067003
1986,all,37,0.026888799
1986,all,38,0.026754778
1986,all,39,0.026731675
1986,all,40,0.026466577
1987,all,1,0.0029005008
1987,all,2,0.27786142
1987,all,3,0.31974604
1987,all,4,0.09921806
1987,all,5,0.08356285
1987,all,6,0.05501076
1987,all,7,0.039228155
1987,all,8,0.031073094
1987,all,9,0.026419325
1987,all,10,0.024579667
1987,all,11,0.025041086
1987,all,12,0.025600785
1987,all,13,0.026256335
1987,all,14,0.027702394
1987,all,15,0.029867767
1987,all,16,0.031727125
1987,all,17,0.032964868
1987,all,18,0.034225377
1987,all,19,0.03549023
1987,all,20,0.036297103
1987,all,21,0.036491232
1987,all,22,0.036566675
1987,all,23,0.036599845
1987,all,24,0.036416377
1987,all,25,0.036006189
1987,all,26,0.035699966
1987,all,27,0.035459892
1987,all,28,0.035168063
1987,all,29,0.034776592
1987,all,30,0.034502242
1987,all,31,0.034289197
1987,all,32,0.034028399
1987,all,33,0.03371312
1987,all,34,0.033529754
1987,all,35,0.033433747
1987,all,36,0.033312301
1987,all,37,0.033118506
1987,all,38,0.033004818
1987,all,39,0.032947933
1987,all,40,0.032432263
1988,all,1,0.0038089085
1988,all,2,0.36475954
1988,all,3,0.40260989
1988,all,4,0.10783447
1988,all,5,0.08357073
1988,all,6,0.05422929
1988,all,7,0.037242489
1988,all,8,0.0296989
1988,all,9,0.025501177
1988,all,10,0.024181548
1988,all,11,0.024694855
1988,all,12,0.024877338
1988,all,13,0.024934806
1988,all,14,0.026189798
1988,all,15,0.028316171
1988,all,16,0.030145837
1988,all,17,0.03128661
1988,all,18,0.032639421
1988,all,19,0.033920077
1988,all,20,0.034520778
1988,all,21,0.034473368
1988,all,22,0.034651646
1988,all,23,0.034873206
1988,all,24,0.034780672
1988,all,25,0.034368318
1988,all,26,0.034097471
1988,all,27,0.033902128
1988,all,28,0.03355202
1988,all,29,0.033119005
1988,all,30,0.032865925
1988,all,31,0.032705786
1988,all,32,0.032448757
1988,all,33,0.032153307
1988,all,34,0.031989465
1988,all,35,0.031897755
1988,all,36,0.031706031
1988,all,37,0.031492778
1988,all,38,0.031393003
1988,all,39,0.031377664
1988,all,40,0.030931856
1989,all,1,0.0042546315
1989,all,2,0.44945572
1989,all,3,0.48580502
1989,all,4,0.15239861
1989,all,5,0.13335457
1989,all,6,0.08645132
1989,all,7,0.06674651
1989,all,8,0.045167494
1989,all,9,0.038683715
1989,all,10,0.033349472
1989,all,11,0.032937609
1989,all,12,0.030675653
1989,all,13,0.030417213
1989,all,14,0.030777877
1989,all,15,0.032901224
1989,all,16,0.034108432
1989,all,17,0.035146666
1989,all,18,0.036292918
1989,all,19,0.037889176
1989,all,20,0.038584967
1989,all,21,0.038663758
1989,all,22,0.038717098
1989,all,23,0.038998543
1989,all,24,0.038766245
1989,all,25,0.038246383
1989,all,26,0.037926708
1989,all,27,0.037901843
1989,all,28,0.037651299
1989,all,29,0.037240086
1989,all,30,0.03693078
1989,all,31,0.036822763
1989,all,32,0.036568947
1989,all,33,0.036247598
1989,all,34,0.036039339
1989,all,35,0.035992251
1989,all,36,0.035828899
1989,all,37,0.035613481
1989,all,38,0.035483541
1989,all,39,0.035479256
1989,all,40,0.034948679
1990,all,1,0.0072862007
1990,all,2,0.64650655
1990,all,3,0.65707699
1990,all,4,0.15956239
1990,all,5,0.1280724
1990,all,6,0.08694535
1990,all,7,0.06026923
1990,all,8,0.04750643
1990,all,9,0.04165668
1990,all,10,0.038795091
1990,all,11,0.038123641
1990,all,12,0.037943172
1990,all,13,0.03865455
1990,all,14,0.039901054
1990,all,15,0.042007439
1990,all,16,0.044178773
1990,all,17,0.04594877
1990,all,18,0.047622874
1990,all,19,0.049312726
1990,all,20,0.05046547
1990,all,21,0.05082555
1990,all,22,0.051083808
1990,all,23,0.05146433
1990,all,24,0.05148376
1990,all,25,0.05102396
1990,all,26,0.050577015
1990,all,27,0.050280149
1990,all,28,0.049834127
1990,all,29,0.049241122
1990,all,30,0.048830202
1990,all,31,0.048575449
1990,all,32,0.048302802
1990,all,33,0.047929222
1990,all,34,0.047644856
1990,all,35,0.047398371
1990,all,36,0.047152793
1990,all,37,0.046880674
1990,all,38,0.046715217
1990,all,39,0.046543491
1990,all,40,0.045727196
1991,all,1,0.010465673
1991,all,2,0.9163423
1991,all,3,0.8920969
1991,all,4,0.23528528
1991,all,5,0.21384318
1991,all,6,0.130831
1991,all,7,0.10483369
1991,all,8,0.069219479
1991,all,9,0.058624269
1991,all,10,0.047102479
1991,all,11,0.047801865
1991,all,12,0.044338164
1991,all,13,0.044187401
1991,all,14,0.043429345
1991,all,15,0.046752142
1991,all,16,0.04787404
1991,all,17,0.0494829
1991,all,18,0.05054988
1991,all,19,0.05312213
1991,all,20,0.05397854
1991,all,21,0.05417176
1991,all,22,0.05411197
1991,all,23,0.05500195
1991,all,24,0.0549381
1991,all,25,0.05429839
1991,all,26,0.05366707
1991,all,27,0.0537918
1991,all,28,0.05348268
1991,all,29,0.05284667
1991,all,30,0.05222257
1991,all,31,0.05203415
1991,all,32,0.05165311
1991,all,33,0.05114593
1991,all,34,0.05072358
1991,all,35,0.05060444
1991,all,36,0.05040574
1991,all,37,0.05013213
1991,all,38,0.04986054
1991,all,39,0.0497353
1991,all,40,0.04884135
1992,all,1,0.0053023482
1992,all,2,0.54603012
1992,all,3,0.5673828
1992,all,4,0.25610954
1992,all,5,0.23684616
1992,all,6,0.16882501
1992,all,7,0.11503745
1992,all,8,0.08085424
1992,all,9,0.07008849
1992,all,10,0.0644155
1992,all,11,0.06199938
1992,all,12,0.05837308
1992,all,13,0.05938514
1992,all,14,0.06055817
1992,all,15,0.06248647
1992,all,16,0.06399575
1992,all,17,0.0661195
1992,all,18,0.06790973
1992,all,19,0.06919805
1992,all,20,0.07004626
1992,all,21,0.07050782
1992,all,22,0.0707936
1992,all,23,0.07086242
1992,all,24,0.07052914
1992,all,25,0.06996987
1992,all,26,0.06949755
1992,all,27,0.06920936
1992,all,28,0.06868111
1992,all,29,0.06806621
1992,all,30,0.0675111
1992,all,31,0.06721991
1992,all,32,0.06679907
1992,all,33,0.0663132
1992,all,34,0.06582062
1992,all,35,0.06548568
1992,all,36,0.06509702
1992,all,37,0.06472018
1992,all,38,0.06440303
1992,all,39,0.06420779
1992,all,40,0.06302246
1993,all,1,0.0041891464
1993,all,2,0.40331918
1993,all,3,0.43651203
1993,all,4,0.20333353
1993,all,5,0.19858044
1993,all,6,0.14047002
1993,all,7,0.10056316
1993,all,8,0.07662093
1993,all,9,0.0692604
1993,all,10,0.064739
1993,all,11,0.06403216
1993,all,12,0.06093817
1993,all,13,0.06268094
1993,all,14,0.06459572
1993,all,15,0.06704618
1993,all,16,0.06824215
1993,all,17,0.07119254
1993,all,18,0.07353847
1993,all,19,0.0751188
1993,all,20,0.07544427
1993,all,21,0.07613155
1993,all,22,0.0769186
1993,all,23,0.07726945
1993,all,24,0.07689706
1993,all,25,0.07656043
1993,all,26,0.07647826
1993,all,27,0.07630874
1993,all,28,0.07561374
1993,all,29,0.07494417
1993,all,30,0.07462459
1993,all,31,0.07440428
1993,all,32,0.07383727
1993,all,33,0.07328424
1993,all,34,0.0729791
1993,all,35,0.07279713
1993,all,36,0.07240159
1993,all,37,0.07199578
1993,all,38,0.07172748
1993,all,39,0.0715126
1993,all,40,0.07003225
1994,all,1,0.0058452642
1994,all,2,0.49515849
1994,all,3,0.5133363
1994,all,4,0.18933791
1994,all,5,0.17362912
1994,all,6,0.12299932
1994,all,7,0.08603277
1994,all,8,0.06804291
1994,all,9,0.06121658
1994,all,10,0.06129732
1994,all,11,0.06292707
1994,all,12,0.06247074
1994,all,13,0.06536887
1994,all,14,0.06939652
1994,all,15,0.0724885
1994,all,16,0.07384134
1994,all,17,0.07755728
1994,all,18,0.08249687
1994,all,19,0.08552768
1994,all,20,0.0865272
1994,all,21,0.08824715
1994,all,22,0.0897087
1994,all,23,0.09024175
1994,all,24,0.08902118
1994,all,25,0.08866638
1994,all,26,0.08875851
1994,all,27,0.08889068
1994,all,28,0.08778248
1994,all,29,0.08714432
1994,all,30,0.08677306
1994,all,31,0.08669847
1994,all,32,0.08566535
1994,all,33,0.08493683
1994,all,34,0.08449573
1994,all,35,0.08442418
1994,all,36,0.08369386
1994,all,37,0.08313131
1994,all,38,0.08277087
1994,all,39,0.08270992
1994,all,40,0.08078283
1995,all,1,0.0063489517
1995,all,2,0.52780079
1995,all,3,0.5475518
1995,all,4,0.17689577
1995,all,5,0.17231039
1995,all,6,0.11510586
1995,all,7,0.09459882
1995,all,8,0.07386892
1995,all,9,0.06416604
1995,all,10,0.05997259
1995,all,11,0.06321148
1995,all,12,0.06313586
1995,all,13,0.06312931
1995,all,14,0.06520325
1995,all,15,0.06984775
1995,all,16,0.07309036
1995,all,17,0.07419526
1995,all,18,0.0763081
1995,all,19,0.0790668
1995,all,20,0.08111848
1995,all,21,0.08098152
1995,all,22,0.08318455
1995,all,23,0.08452602
1995,all,24,0.08544109
1995,all,25,0.08423565
1995,all,26,0.08411501
1995,all,27,0.08386907
1995,all,28,0.08335356
1995,all,29,0.08180328
1995,all,30,0.081373
1995,all,31,0.0812571
1995,all,32,0.08098995
1995,all,33,0.07991577
1995,all,34,0.07939775
1995,all,35,0.07927258
1995,all,36,0.07900508
1995,all,37,0.07817681
1995,all,38,0.07768175
1995,all,39,0.0776266
1995,all,40,0.07593744
1996,all,1,0.008832572
1996,all,2,0.7385699
1996,all,3,0.7652656
1996,all,4,0.20562381
1996,all,5,0.18070468
1996,all,6,0.10348621
1996,all,7,0.07370506
1996,all,8,0.05509637
1996,all,9,0.05236664
1996,all,10,0.04566955
1996,all,11,0.049822617
1996,all,12,0.05078222
1996,all,13,0.05492178
1996,all,14,0.05861148
1996,all,15,0.06504583
1996,all,16,0.0700924
1996,all,17,0.07391303
1996,all,18,0.07713343
1996,all,19,0.07928686
1996,all,20,0.08080923
1996,all,21,0.08010214
1996,all,22,0.0794388
1996,all,23,0.07902106
1996,all,24,0.07945379
1996,all,25,0.07843045
1996,all,26,0.07883046
1996,all,27,0.07865632
1996,all,28,0.07896985
1996,all,29,0.07786247
1996,all,30,0.07710156
1996,all,31,0.0763861
1996,all,32,0.07595386
1996,all,33,0.07490135
1996,all,34,0.07426664
1996,all,35,0.07392128
1996,all,36,0.0737798
1996,all,37,0.07313448
1996,all,38,0.07257263
1996,all,39,0.07230875
1996,all,40,0.07041558
1997,all,1,0.009424444
1997,all,2,0.7730336
1997,all,3,0.8065665
1997,all,4,0.23238691
1997,all,5,0.20900377
1997,all,6,0.14091514
1997,all,7,0.09780563
1997,all,8,0.07665285
1997,all,9,0.06729357
1997,all,10,0.06407463
1997,all,11,0.06754173
1997,all,12,0.06739816
1997,all,13,0.07019209
1997,all,14,0.07503241
1997,all,15,0.08141498
1997,all,16,0.08419548
1997,all,17,0.0876335
1997,all,18,0.09247035
1997,all,19,0.09567197
1997,all,20,0.0960263
1997,all,21,0.09610466
1997,all,22,0.09752305
1997,all,23,0.09775078
1997,all,24,0.09591937
1997,all,25,0.09404526
1997,all,26,0.09352409
1997,all,27,0.09342313
1997,all,28,0.09218262
1997,all,29,0.09089781
1997,all,30,0.09162022
1997,all,31,0.09212589
1997,all,32,0.09165064
1997,all,33,0.09068198
1997,all,34,0.09045215
1997,all,35,0.09059497
1997,all,36,0.08996873
1997,all,37,0.08903366
1997,all,38,0.08874382
1997,all,39,0.08900721
1997,all,40,0.0870086
1998,all,1,0.009642245
1998,all,2,0.8246264
1998,all,3,0.8949835
1998,all,4,0.26945355
1998,all,5,0.24469534
1998,all,6,0.17181186
1998,all,7,0.12188167
1998,all,8,0.09647219
1998,all,9,0.08755465
1998,all,10,0.08104653
1998,all,11,0.08373722
1998,all,12,0.08414089
1998,all,13,0.08897002
1998,all,14,0.09342608
1998,all,15,0.10005067
1998,all,16,0.10442002
1998,all,17,0.10933212
1998,all,18,0.1131131
1998,all,19,0.11574419
1998,all,20,0.11757769
1998,all,21,0.11873147
1998,all,22,0.11991897
1998,all,23,0.11914419
1998,all,24,0.11815107
1998,all,25,0.11691911
1998,all,26,0.11634503
1998,all,27,0.11492306
1998,all,28,0.11322865
1998,all,29,0.11167924
1998,all,30,0.11049906
1998,all,31,0.1097941
1998,all,32,0.10895289
1998,all,33,0.10834999
1998,all,34,0.10875601
1998,all,35,0.10862615
1998,all,36,0.1084058
1998,all,37,0.1078528
1998,all,38,0.10768747
1998,all,39,0.10735652
1998,all,40,0.10516617
1999,all,1,0.00829904
1999,all,2,0.7237798
1999,all,3,0.8103146
1999,all,4,0.26357047
1999,all,5,0.23517429
1999,all,6,0.16311819
1999,all,7,0.1091113
1999,all,8,0.08129391
1999,all,9,0.06919736
1999,all,10,0.06312782
1999,all,11,0.06347711
1999,all,12,0.0633113
1999,all,13,0.06607114
1999,all,14,0.07054674
1999,all,15,0.07657498
1999,all,16,0.0810951
1999,all,17,0.08484569
1999,all,18,0.08897988
1999,all,19,0.09181341
1999,all,20,0.09379592
1999,all,21,0.09373441
1999,all,22,0.09398666
1999,all,23,0.09352592
1999,all,24,0.09291295
1999,all,25,0.0911343
1999,all,26,0.09042796
1999,all,27,0.08958038
1999,all,28,0.08817949
1999,all,29,0.0861946
1999,all,30,0.08518098
1999,all,31,0.08479551
1999,all,32,0.0836713
1999,all,33,0.08200071
1999,all,34,0.08096017
1999,all,35,0.08112711
1999,all,36,0.08080593
1999,all,37,0.0797832
1999,all,38,0.07966744
1999,all,39,0.08003332
1999,all,40,0.07853015
2000,all,1,0.009415904
2000,all,2,0.8084192
2000,all,3,0.9311999
2000,all,4,0.22747136
2000,all,5,0.19994103
2000,all,6,0.14716973
2000,all,7,0.10067867
2000,all,8,0.07802121
2000,all,9,0.07112562
2000,all,10,0.07013952
2000,all,11,0.07138168
2000,all,12,0.0730246
2000,all,13,0.07839429
2000,all,14,0.08648302
2000,all,15,0.09349601
2000,all,16,0.1000485
2000,all,17,0.10424603
2000,all,18,0.10953141
2000,all,19,0.11122733
2000,all,20,0.11391152
2000,all,21,0.11331451
2000,all,22,0.11502852
2000,all,23,0.11335078
2000,all,24,0.11321593
2000,all,25,0.11023981
2000,all,26,0.10991963
2000,all,27,0.10764513
2000,all,28,0.10687371
2000,all,29,0.10430436
2000,all,30,0.10420494
2000,all,31,0.10260365
2000,all,32,0.10166313
2000,all,33,0.09967456
2000,all,34,0.09951128
2000,all,35,0.09861207
2000,all,36,0.09783669
2000,all,37,0.0963897
2000,all,38,0.09611986
2000,all,39,0.09583816
2000,all,40,0.09422368
2001,all,1,0.008794553
2001,all,2,0.7826572
2001,all,3,0.8808558
2001,all,4,0.22665665
2001,all,5,0.20185786
2001,all,6,0.1402796
2001,all,7,0.10129691
2001,all,8,0.08461048
2001,all,9,0.07281197
2001,all,10,0.07020294
2001,all,11,0.07388705
2001,all,12,0.08123363
2001,all,13,0.08855085
2001,all,14,0.09908494
2001,all,15,0.10993126
2001,all,16,0.12175426
2001,all,17,0.12823843
2001,all,18,0.13449433
2001,all,19,0.13688252
2001,all,20,0.14065304
2001,all,21,0.13886801
2001,all,22,0.13835548
2001,all,23,0.13506974
2001,all,24,0.1349716
2001,all,25,0.13177036
2001,all,26,0.13115876
2001,all,27,0.12804009
2001,all,28,0.12714674
2001,all,29,0.12404328
2001,all,30,0.12343478
2001,all,31,0.12105294
2001,all,32,0.12026524
2001,all,33,0.11806583
2001,all,34,0.11824383
2001,all,35,0.11669981
2001,all,36,0.11582975
2001,all,37,0.1141021
2001,all,38,0.11439533
2001,all,39,0.11351962
2001,all,40,0.11041531
2002,all,1,0.008896362
2002,all,2,0.7893796
2002,all,3,0.9165755
2002,all,4,0.24214749
2002,all,5,0.20095993
2002,all,6,0.13645066
2002,all,7,0.09447753
2002,all,8,0.07836578
2002,all,9,0.07284743
2002,all,10,0.06961924
2002,all,11,0.07183305
2002,all,12,0.07625656
2002,all,13,0.08491864
2002,all,14,0.09483665
2002,all,15,0.10626796
2002,all,16,0.1162996
2002,all,17,0.1234614
2002,all,18,0.12878115
2002,all,19,0.13213199
2002,all,20,0.13413671
2002,all,21,0.13305839
2002,all,22,0.13208997
2002,all,23,0.12972709
2002,all,24,0.1272552
2002,all,25,0.1235932
2002,all,26,0.12150773
2002,all,27,0.11901613
2002,all,28,0.11673086
2002,all,29,0.11446019
2002,all,30,0.1138465
2002,all,31,0.11249785
2002,all,32,0.11074692
2002,all,33,0.10909316
2002,all,34,0.10875098
2002,all,35,0.10803554
2002,all,36,0.10664411
2002,all,37,0.10562077
2002,all,38,0.10574744
2002,all,39,0.10541487
2002,all,40,0.10217063
2003,all,1,0.010681034
2003,all,2,0.9455978
2003,all,3,1.0516988
2003,all,4,0.28093462
2003,all,5,0.25419066
2003,all,6,0.18464729
2003,all,7,0.12257567
2003,all,8,0.10146653
2003,all,9,0.09215914
2003,all,10,0.08358321
2003,all,11,0.08191461
2003,all,12,0.08501066
2003,all,13,0.09213
2003,all,14,0.09863472
2003,all,15,0.10816427
2003,all,16,0.11847283
2003,all,17,0.12675133
2003,all,18,0.13158469
2003,all,19,0.1358204
2003,all,20,0.13913383
2003,all,21,0.13799039
2003,all,22,0.13475907
2003,all,23,0.13279986
2003,all,24,0.13178685
2003,all,25,0.12823741
2003,all,26,0.12433731
2003,all,27,0.12258979
2003,all,28,0.12145146
2003,all,29,0.1185056
2003,all,30,0.11563922
2003,all,31,0.11513065
2003,all,32,0.1147259
2003,all,33,0.11294387
2003,all,34,0.11140132
2003,all,35,0.11158887
2003,all,36,0.11147361
2003,all,37,0.11022185
2003,all,38,0.10899112
2003,all,39,0.10946445
2003,all,40,0.10757152
2004,all,1,0.01253605
2004,all,2,1.0927369
2004,all,3,1.2786448
2004,all,4,0.32935853
2004,all,5,0.26007694
2004,all,6,0.17681586
2004,all,7,0.11433082
2004,all,8,0.09094886
2004,all,9,0.07923402
2004,all,10,0.07387204
2004,all,11,0.07371553
2004,all,12,0.07748265
2004,all,13,0.0843656
2004,all,14,0.09385074
2004,all,15,0.10446502
2004,all,16,0.11354189
2004,all,17,0.11955717
2004,all,18,0.12533865
2004,all,19,0.13025229
2004,all,20,0.13307408
2004,all,21,0.13194413
2004,all,22,0.13064364
2004,all,23,0.12918142
2004,all,24,0.12628145
2004,all,25,0.12138564
2004,all,26,0.1181147
2004,all,27,0.11623209
2004,all,28,0.11317555
2004,all,29,0.1097248
2004,all,30,0.1079902
2004,all,31,0.10755286
2004,all,32,0.10514849
2004,all,33,0.10287549
2004,all,34,0.10215286
2004,all,35,0.1025893
2004,all,36,0.10080222
2004,all,37,0.09948643
2004,all,38,0.0995198
2004,all,39,0.10024316
2004,all,40,0.09761623
2005,all,1,0.012125983
2005,all,2,0.8939603
2005,all,3,1.1217676
2005,all,4,0.28416146
2005,all,5,0.25833188
2005,all,6,0.1821512
2005,all,7,0.11928407
2005,all,8,0.09828238
2005,all,9,0.08888584
2005,all,10,0.08460403
2005,all,11,0.08389748
2005,all,12,0.08607485
2005,all,13,0.09027789
2005,all,14,0.09652987
2005,all,15,0.10438436
2005,all,16,0.11229738
2005,all,17,0.1189387
2005,all,18,0.12496487
2005,all,19,0.1293337
2005,all,20,0.1313619
2005,all,21,0.1307177
2005,all,22,0.13075387
2005,all,23,0.13016334
2005,all,24,0.12855672
2005,all,25,0.12560712
2005,all,26,0.12384174
2005,all,27,0.12198981
2005,all,28,0.11912895
2005,all,29,0.11595175
2005,all,30,0.1146428
2005,all,31,0.11353197
2005,all,32,0.11113352
2005,all,33,0.1090261
2005,all,34,0.10891486
2005,all,35,0.10872942
2005,all,36,0.10678643
2005,all,37,0.10526416
2005,all,38,0.10571564
2005,all,39,0.10598646
2005,all,40,0.10336951
2006,all,1,0.01054287
2006,all,2,0.7999321
2006,all,3,0.9892965
2006,all,4,0.24025848
2006,all,5,0.22311279
2006,all,6,0.15759214
2006,all,7,0.10894116
2006,all,8,0.09424432
2006,all,9,0.08502144
2006,all,10,0.07639736
2006,all,11,0.07399902
2006,all,12,0.07484727
2006,all,13,0.07879102
2006,all,14,0.08439291
2006,all,15,0.092375
2006,all,16,0.10047985
2006,all,17,0.10768257
2006,all,18,0.11407099
2006,all,19,0.11972901
2006,all,20,0.12341501
2006,all,21,0.12406491
2006,all,22,0.12368006
2006,all,23,0.12257378
2006,all,24,0.12085259
2006,all,25,0.11736048
2006,all,26,0.11515452
2006,all,27,0.113433
2006,all,28,0.11197248
2006,all,29,0.10903751
2006,all,30,0.1072719
2006,all,31,0.10599953
2006,all,32,0.10475291
2006,all,33,0.10221832
2006,all,34,0.10115799
2006,all,35,0.10067707
2006,all,36,0.10000462
2006,all,37,0.09806841
2006,all,38,0.09781365
2006,all,39,0.09791837
2006,all,40,0.09567287
2007,all,1,0.012044166
2007,all,2,0.8969814
2007,all,3,1.1104824
2007,all,4,0.24705979
2007,all,5,0.21425168
2007,all,6,0.1522939
2007,all,7,0.10240446
2007,all,8,0.08958398
2007,all,9,0.07958562
2007,all,10,0.07451935
2007,all,11,0.07305224
2007,all,12,0.07685656
2007,all,13,0.08109868
2007,all,14,0.08717993
2007,all,15,0.0947889
2007,all,16,0.10426474
2007,all,17,0.11281015
2007,all,18,0.11975314
2007,all,19,0.12500591
2007,all,20,0.12880605
2007,all,21,0.13007772
2007,all,22,0.13031409
2007,all,23,0.12967914
2007,all,24,0.12833223
2007,all,25,0.1256336
2007,all,26,0.12259138
2007,all,27,0.11964378
2007,all,28,0.11716735
2007,all,29,0.11428571
2007,all,30,0.111851
2007,all,31,0.11002698
2007,all,32,0.10885828
2007,all,33,0.10718681
2007,all,34,0.10544421
2007,all,35,0.10419329
2007,all,36,0.10348594
2007,all,37,0.1022424
2007,all,38,0.10094766
2007,all,39,0.10022319
2007,all,40,0.0977746
2008,all,1,0.013232039
2008,all,2,0.9867864
2008,all,3,1.1907437
2008,all,4,0.24295904
2008,all,5,0.23400811
2008,all,6,0.16270701
2008,all,7,0.11202394
2008,all,8,0.09877203
2008,all,9,0.09346099
2008,all,10,0.08410781
2008,all,11,0.08195106
2008,all,12,0.08712286
2008,all,13,0.09513036
2008,all,14,0.10242411
2008,all,15,0.11213957
2008,all,16,0.12250965
2008,all,17,0.13172477
2008,all,18,0.13882714
2008,all,19,0.14622742
2008,all,20,0.15116787
2008,all,21,0.15308489
2008,all,22,0.15269656
2008,all,23,0.15217305
2008,all,24,0.15033285
2008,all,25,0.147168
2008,all,26,0.14469153
2008,all,27,0.14299195
2008,all,28,0.14058296
2008,all,29,0.13745036
2008,all,30,0.13510163
2008,all,31,0.13337242
2008,all,32,0.13124763
2008,all,33,0.12870648
2008,all,34,0.12746176
2008,all,35,0.12674039
2008,all,36,0.12553168
2008,all,37,0.12383025
2008,all,38,0.12335614
2008,all,39,0.12309964
2008,all,40,0.1193914
2009,all,1,0.01042419
2009,all,2,0.8663369
2009,all,3,1.0312315
2009,all,4,0.311042
2009,all,5,0.24944083
2009,all,6,0.1744234
2009,all,7,0.11275517
2009,all,8,0.0977625
2009,all,9,0.08316195
2009,all,10,0.07631609
2009,all,11,0.07487239
2009,all,12,0.08015205
2009,all,13,0.08749723
2009,all,14,0.09752579
2009,all,15,0.10928744
2009,all,16,0.12002862
2009,all,17,0.1279843
2009,all,18,0.13353584
2009,all,19,0.13727185
2009,all,20,0.13778676
2009,all,21,0.13651468
2009,all,22,0.13478941
2009,all,23,0.13394319
2009,all,24,0.13193616
2009,all,25,0.12894354
2009,all,26,0.12540024
2009,all,27,0.12258905
2009,all,28,0.11986254
2009,all,29,0.11701807
2009,all,30,0.11469448
2009,all,31,0.11305595
2009,all,32,0.11142149
2009,all,33,0.10955229
2009,all,34,0.10787389
2009,all,35,0.10667256
2009,all,36,0.10559054
2009,all,37,0.10428626
2009,all,38,0.10331132
2009,all,39,0.10278872
2009,all,40,0.10002805
2010,all,1,0.008806432
2010,all,2,0.716769
2010,all,3,0.8421487
2010,all,4,0.28746548
2010,all,5,0.2526295
2010,all,6,0.19694276
2010,all,7,0.13929751
2010,all,8,0.1305062
2010,all,9,0.1088244
2010,all,10,0.10267167
2010,all,11,0.09936451
2010,all,12,0.1019066
2010,all,13,0.10466664
2010,all,14,0.11342952
2010,all,15,0.12334862
2010,all,16,0.1327025
2010,all,17,0.14017871
2010,all,18,0.14798131
2010,all,19,0.15375226
2010,all,20,0.15596975
2010,all,21,0.15600939
2010,all,22,0.1554505
2010,all,23,0.1540138
2010,all,24,0.15095029
2010,all,25,0.14755006
2010,all,26,0.14498393
2010,all,27,0.14369724
2010,all,28,0.14174137
2010,all,29,0.13935517
2010,all,30,0.13683479
2010,all,31,0.13523381
2010,all,32,0.13365443
2010,all,33,0.13189432
2010,all,34,0.13023803
2010,all,35,0.12949938
2010,all,36,0.12867403
2010,all,37,0.12749475
2010,all,38,0.12613904
2010,all,39,0.12562233
2010,all,40,0.12214295
2011,all,1,0.0059304279
2011,all,2,0.51452078
2011,all,3,0.7117578
2011,all,4,0.32482037
2011,all,5,0.26101845
2011,all,6,0.19503997
2011,all,7,0.12784817
2011,all,8,0.11373502
2011,all,9,0.10002941
2011,all,10,0.09367639
2011,all,11,0.09040865
2011,all,12,0.09619548
2011,all,13,0.10248162
2011,all,14,0.11158605
2011,all,15,0.12114049
2011,all,16,0.1320469
2011,all,17,0.14071554
2011,all,18,0.14776609
2011,all,19,0.15269676
2011,all,20,0.15542046
2011,all,21,0.15577124
2011,all,22,0.15495711
2011,all,23,0.15383429
2011,all,24,0.15120897
2011,all,25,0.14783192
2011,all,26,0.14406168
2011,all,27,0.14133446
2011,all,28,0.13831639
2011,all,29,0.13539951
2011,all,30,0.13262587
2011,all,31,0.13153611
2011,all,32,0.13018846
2011,all,33,0.12861397
2011,all,34,0.12662863
2011,all,35,0.12571433
2011,all,36,0.12477315
2011,all,37,0.12364403
2011,all,38,0.12238863
2011,all,39,0.12204894
2011,all,40,0.11886033
2012,all,1,0.0047332432
2012,all,2,0.5700685
2012,all,3,0.6852241
2012,all,4,0.31769447
2012,all,5,0.25064263
2012,all,6,0.18930277
2012,all,7,0.13373405
2012,all,8,0.12170687
2012,all,9,0.11241368
2012,all,10,0.11028304
2012,all,11,0.11366553
2012,all,12,0.1234942
2012,all,13,0.13489262
2012,all,14,0.14945115
2012,all,15,0.1651167
2012,all,16,0.17813693
2012,all,17,0.18789348
2012,all,18,0.19752456
2012,all,19,0.20470462
2012,all,20,0.20728514
2012,all,21,0.20734392
2012,all,22,0.20758807
2012,all,23,0.20629514
2012,all,24,0.20246247
2012,all,25,0.19846407
2012,all,26,0.19556034
2012,all,27,0.19275788
2012,all,28,0.18888385
2012,all,29,0.18528691
2012,all,30,0.18210014
2012,all,31,0.17939526
2012,all,32,0.17660053
2012,all,33,0.17424598
2012,all,34,0.17221733
2012,all,35,0.17111155
2012,all,36,0.16991727
2012,all,37,0.16871476
2012,all,38,0.16715705
2012,all,39,0.16611582
2012,all,40,0.16154521
2013,all,1,0.0040290498
2013,all,2,0.623964
2013,all,3,0.6637555
2013,all,4,0.31911797
2013,all,5,0.25824287
2013,all,6,0.18455878
2013,all,7,0.12150816
2013,all,8,0.10361151
2013,all,9,0.08873098
2013,all,10,0.08400239
2013,all,11,0.0840115
2013,all,12,0.09128422
2013,all,13,0.10115718
2013,all,14,0.11643259
2013,all,15,0.13004091
2013,all,16,0.14296238
2013,all,17,0.15447644
2013,all,18,0.16458393
2013,all,19,0.167696
2013,all,20,0.16729957
2013,all,21,0.16583349
2013,all,22,0.16417081
2013,all,23,0.16019475
2013,all,24,0.15590168
2013,all,25,0.15177036
2013,all,26,0.14828038
2013,all,27,0.14447668
2013,all,28,0.14080956
2013,all,29,0.13740438
2013,all,30,0.1348777
2013,all,31,0.13274222
2013,all,32,0.13051593
2013,all,33,0.12818436
2013,all,34,0.12630766
2013,all,35,0.1249333
2013,all,36,0.12367138
2013,all,37,0.1221608
2013,all,38,0.12105318
2013,all,39,0.12067175
2013,all,40,0.11741302
2014,all,1,0.0044972367
2014,all,2,0.5045923
2014,all,3,0.5923841
2014,all,4,0.24649249
2014,all,5,0.20766534
2014,all,6,0.15476137
2014,all,7,0.11213501
2014,all,8,0.10795165
2014,all,9,0.10059982
2014,all,10,0.09840961
2014,all,11,0.1035938
2014,all,12,0.11765634
2014,all,13,0.13495878
2014,all,14,0.15871431
2014,all,15,0.18124004
2014,all,16,0.20114426
2014,all,17,0.21663017
2014,all,18,0.22972687
2014,all,19,0.23500196
2014,all,20,0.23376228
2014,all,21,0.23021555
2014,all,22,0.22723482
2014,all,23,0.22063946
2014,all,24,0.21123959
2014,all,25,0.20294596
2014,all,26,0.19716156
2014,all,27,0.19196312
2014,all,28,0.18633575
2014,all,29,0.1816685
2014,all,30,0.17821204
2014,all,31,0.17531087
2014,all,32,0.17187018
2014,all,33,0.16910357
2014,all,34,0.1670697
2014,all,35,0.16563416
2014,all,36,0.16357541
2014,all,37,0.16185774
2014,all,38,0.16036179
2014,all,39,0.15936513
2014,all,40,0.15411856
2015,all,1,0.006510235
2015,all,2,0.5885356
2015,all,3,0.7511134
2015,all,4,0.23788796
2015,all,5,0.19831819
2015,all,6,0.14967541
2015,all,7,0.10929651
2015,all,8,0.10046198
2015,all,9,0.0941339
2015,all,10,0.09241361
2015,all,11,0.09754041
2015,all,12,0.10795752
2015,all,13,0.12438918
2015,all,14,0.14495742
2015,all,15,0.16347519
2015,all,16,0.17935322
2015,all,17,0.19285463
2015,all,18,0.20153484
2015,all,19,0.20158519
2015,all,20,0.19825922
2015,all,21,0.19454326
2015,all,22,0.18870261
2015,all,23,0.17947204
2015,all,24,0.17058334
2015,all,25,0.16424835
2015,all,26,0.15918288
2015,all,27,0.1533574
2015,all,28,0.14793492
2015,all,29,0.1440951
2015,all,30,0.1414976
2015,all,31,0.13895992
2015,all,32,0.1365964
2015,all,33,0.13477847
2015,all,34,0.13359998
2015,all,35,0.13235963
2015,all,36,0.13103861
2015,all,37,0.12993288
2015,all,38,0.12931782
2015,all,39,0.12869
2015,all,40,0.12537466
2016,all,1,0.005838014
2016,all,2,0.8172339
2016,all,3,0.8604913
2016,all,4,0.31274729
2016,all,5,0.28428828
2016,all,6,0.20843439
2016,all,7,0.14727644
2016,all,8,0.11849221
2016,all,9,0.10525708
2016,all,10,0.09671547
2016,all,11,0.09932328
2016,all,12,0.10467147
2016,all,13,0.11552028
2016,all,14,0.12809576
2016,all,15,0.14209463
2016,all,16,0.15402481
2016,all,17,0.16492977
2016,all,18,0.17209607
2016,all,19,0.1745204
2016,all,20,0.17355358
2016,all,21,0.17193654
2016,all,22,0.16866408
2016,all,23,0.16276485
2016,all,24,0.15571969
2016,all,25,0.15013027
2016,all,26,0.14559146
2016,all,27,0.14134673
2016,all,28,0.13690554
2016,all,29,0.13354893
2016,all,30,0.13131991
2016,all,31,0.12963589
2016,all,32,0.12759435
2016,all,33,0.12580435
2016,all,34,0.12469144
2016,all,35,0.12416655
2016,all,36,0.12335369
2016,all,37,0.12244428
2016,all,38,0.12186237
2016,all,39,0.12167573
2016,all,40,0.11967112
2017,all,1,0.0066808102
2017,all,2,0.9138479
2017,all,3,0.9807259
2017,all,4,0.35034668
2017,all,5,0.2989573
2017,all,6,0.21712437
2017,all,7,0.15184696
2017,all,8,0.13330255
2017,all,9,0.11979081
2017,all,10,0.11261019
2017,all,11,0.1136205
2017,all,12,0.11812097
2017,all,13,0.12362712
2017,all,14,0.13070084
2017,all,15,0.13997276
2017,all,16,0.14987737
2017,all,17,0.15905169
2017,all,18,0.16658977
2017,all,19,0.17090365
2017,all,20,0.17420663
2017,all,21,0.17595674
2017,all,22,0.17583021
2017,all,23,0.17229815
2017,all,24,0.16864633
2017,all,25,0.16554987
2017,all,26,0.1632979
2017,all,27,0.15937658
2017,all,28,0.15558725
2017,all,29,0.15275687
2017,all,30,0.15158017
2017,all,31,0.14934637
2017,all,32,0.14713619
2017,all,33,0.1455628
2017,all,34,0.14545385
2017,all,35,0.14428144
2017,all,36,0.14309013
2017,all,37,0.14219917
2017,all,38,0.14245487
2017,all,39,0.14171831
2017,all,40,0.13980935
2018,all,1,0.0046732372
2018,all,2,0.8209815
2018,all,3,0.8170267
2018,all,4,0.31974427
2018,all,5,0.28406804
2018,all,6,0.20450731
2018,all,7,0.13846495
2018,all,8,0.11676709
2018,all,9,0.1043626
2018,all,10,0.09871159
2018,all,11,0.09925818
2018,all,12,0.1056435
2018,all,13,0.11548915
2018,all,14,0.12953051
2018,all,15,0.14347548
2018,all,16,0.15722287
2018,all,17,0.16861992
2018,all,18,0.17950181
2018,all,19,0.18521965
2018,all,20,0.18891403
2018,all,21,0.18901053
2018,all,22,0.18682879
2018,all,23,0.18143846
2018,all,24,0.17627552
2018,all,25,0.17083135
2018,all,26,0.1654251
2018,all,27,0.15961475
2018,all,28,0.1545364
2018,all,29,0.15010619
2018,all,30,0.14657895
2018,all,31,0.143408
2018,all,32,0.14051532
2018,all,33,0.13794037
2018,all,34,0.13613357
2018,all,35,0.13485791
2018,all,36,0.13358917
2018,all,37,0.13228702
2018,all,38,0.1315215
2018,all,39,0.13113472
2018,all,40,0.12890374
2019,all,1,0.0047207877
2019,all,2,1.0378848
2019,all,3,0.9090482
2019,all,4,0.32023043
2019,all,5,0.25090958
2019,all,6,0.18281991
2019,all,7,0.12457319
2019,all,8,0.10728295
2019,all,9,0.09823838
2019,all,10,0.1007865
2019,all,11,0.10662657
2019,all,12,0.11373278
2019,all,13,0.12528067
2019,all,14,0.14096575
2019,all,15,0.15623313
2019,all,16,0.16900815
2019,all,17,0.17941079
2019,all,18,0.18827827
2019,all,19,0.1927108
2019,all,20,0.19530014
2019,all,21,0.19491457
2019,all,22,0.19342324
2019,all,23,0.18854435
2019,all,24,0.18414063
2019,all,25,0.17896205
2019,all,26,0.17360298
2019,all,27,0.16764399
2019,all,28,0.16337852
2019,all,29,0.159407
2019,all,30,0.15562563
2019,all,31,0.1518648
2019,all,32,0.14933777
2019,all,33,0.14697298
2019,all,34,0.14485809
2019,all,35,0.14283369
2019,all,36,0.141664
2019,all,37,0.1403363
2019,all,38,0.13917724
2019,all,39,0.13819295
2019,all,40,0.13560499
2020,all,1,0.00910234
2020,all,2,1.2216884
2020,all,3,1.0630355
2020,all,4,0.45082544
2020,all,5,0.36208102
2020,all,6,0.24565952
2020,all,7,0.15836391
2020,all,8,0.12989346
2020,all,9,0.10141764
2020,all,10,0.0936583
2020,all,11,0.09065278
2020,all,12,0.09623397
2020,all,13,0.10477448
2020,all,14,0.11661797
2020,all,15,0.12696551
2020,all,16,0.13679369
2020,all,17,0.14414862
2020,all,18,0.14965267
2020,all,19,0.15258446
2020,all,20,0.15441481
2020,all,21,0.15291803
2020,all,22,0.15080682
2020,all,23,0.14695511
2020,all,24,0.14395727
2020,all,25,0.14021641
2020,all,26,0.1368437
2020,all,27,0.13307323
2020,all,28,0.13023584
2020,all,29,0.12752421
2020,all,30,0.12476783
2020,all,31,0.1222538
2020,all,32,0.12051425
2020,all,33,0.11900235
2020,all,34,0.1173566
2020,all,35,0.11599703
2020,all,36,0.11505874
2020,all,37,0.11423024
2020,all,38,0.11326746
2020,all,39,0.11253639
2020,all,40,0.11012216
2021,all,1,0.0062686779
2021,all,2,1.1014849
2021,all,3,0.9180051
2021,all,4,0.35605254
2021,all,5,0.27084468
2021,all,6,0.19600632
2021,all,7,0.13644585
2021,all,8,0.10592133
2021,all,9,0.09257404
2021,all,10,0.08383197
2021,all,11,0.08323776
2021,all,12,0.08673173
2021,all,13,0.09868174
2021,all,14,0.11103079
2021,all,15,0.12422128
2021,all,16,0.13339219
2021,all,17,0.14316611
2021,all,18,0.14809539
2021,all,19,0.15181578
2021,all,20,0.15255293
2021,all,21,0.1526205
2021,all,22,0.15139146
2021,all,23,0.14896038
2021,all,24,0.14495133
2021,all,25,0.14054335
2021,all,26,0.1369888
2021,all,27,0.13324113
2021,all,28,0.12955878
2021,all,29,0.12647492
2021,all,30,0.1241568
2021,all,31,0.12204741
2021,all,32,0.11965686
2021,all,33,0.1178936
2021,all,34,0.11638531
2021,all,35,0.11534053
2021,all,36,0.11378607
2021,all,37,0.1128252
2021,all,38,0.11199459
2021,all,39,0.11168054
2021,all,40,0.10908165
2022,all,1,0.0071924303
2022,all,2,1.3086727
2022,all,3,1.0613391
2022,all,4,0.33970097
2022,all,5,0.29234488
2022,all,6,0.19833973
2022,all,7,0.13184673
2022,all,8,0.09848522
2022,all,9,0.08684577
2022,all,10,0.08140152
2022,all,11,0.08186779
2022,all,12,0.08069558
2022,all,13,0.08744491
2022,all,14,0.09511967
2022,all,15,0.10827361
2022,all,16,0.11628525
2022,all,17,0.12876334
2022,all,18,0.1305791
2022,all,19,0.13731338
2022,all,20,0.1374153
2022,all,21,0.13882941
2022,all,22,0.13325496
2022,all,23,0.13199314
2022,all,24,0.12853669
2022,all,25,0.125058
2022,all,26,0.12096061
2022,all,27,0.11855326
2022,all,28,0.11560997
2022,all,29,0.1122901
2022,all,30,0.10992498
2022,all,31,0.10790027
2022,all,32,0.10628205
2022,all,33,0.10448763
2022,all,34,0.10330717
2022,all,35,0.10214833
2022,all,36,0.10127545
2022,all,37,0.10031162
2022,all,38,0.09950839
2022,all,39,0.09886396
2022,all,40,0.09679898
2023,all,1,0.0058874905
2023,all,2,1.041219
2023,all,3,0.8294228
2023,all,4,0.31043795
2023,all,5,0.27563366
2023,all,6,0.19445436
2023,all,7,0.14089963
2023,all,8,0.13092519
2023,all,9,0.11800016
2023,all,10,0.10957083
2023,all,11,0.10994054
2023,all,12,0.11735721
2023,all,13,0.12205133
2023,all,14,0.1271068
2023,all,15,0.13639628
2023,all,16,0.14775966
2023,all,17,0.15780789
2023,all,18,0.16284341
2023,all,19,0.17016843
2023,all,20,0.17551593
2023,all,21,0.18034303
2023,all,22,0.17796772
2023,all,23,0.17526625
2023,all,24,0.17192195
2023,all,25,0.17032476
2023,all,26,0.16664489
2023,all,27,0.16263306
2023,all,28,0.15904686
2023,all,29,0.15726614
2023,all,30,0.15559859
2023,all,31,0.15310483
2023,all,32,0.15069864
2023,all,33,0.14941572
2023,all,34,0.14856161
2023,all,35,0.14693856
2023,all,36,0.14543414
2023,all,37,0.1447337
2023,all,38,0.14445541
2023,all,39,0.1435029
2023,all,40,0.14059858
2024,all,1,0.0026095704
2024,all,2,0.39508402
2024,all,3,0.41728117
2024,all,4,0.20337991
2024,all,5,0.1827468
2024,all,6,0.1428884
2024,all,7,0.11279208
2024,all,8,0.1287533
2024,all,9,0.11967359
2024,all,10,0.11762688
2024,all,11,0.12055639
2024,all,12,0.13242107
2024,all,13,0.14916691
2024,all,14,0.17079913
2024,all,15,0.18861482
2024,all,16,0.19670772
2024,all,17,0.20662852
2024,all,18,0.20879478
2024,all,19,0.20613617
2024,all,20,0.19896483
2024,all,21,0.20258833
2024,all,22,0.20387542
2024,all,23,0.20360796
2024,all,24,0.19654646
2024,all,25,0.19560978
2024,all,26,0.19178186
2024,all,27,0.18730958
2024,all,28,0.17999447
2024,all,29,0.17674981
2024,all,30,0.17448435
2024,all,31,0.1720658
2024,all,32,0.16782954
2024,all,33,0.16542185
2024,all,34,0.16488998
2024,all,35,0.16418234
2024,all,36,0.16182641
2024,all,37,0.16013627
2024,all,38,0.16003128
2024,all,39,0.1599197
2024,all,40,0.15686228
